outer_fold,feature_index,feature,document_frequency,treated_count,control_count,raw_moment,standard_error,z_score,tail_score,source_sign_agreement,subsample_sign_agreement,subsample_top_pool_frequency,tail_sign_agreement,eligible,ranking_score,rank
1,1738,0.9 cm,335,189,146,0.00022473167639304893,5.1990439460520866e-05,4.3225577380183475,0.45182702,1.0,1.0,1.0,1.0,True,4.3225577380183475,1
1,20347,nsclc . ---,178,100,78,-0.00010753969285359562,2.746505716542648e-05,-3.9155095220034193,-0.33762488,1.0,1.0,1.0,1.0,True,3.9155095220034193,2
1,2071,10 mg daily.,264,136,128,-0.0001158503364197609,3.045266877973349e-05,-3.8042753250204555,-0.33118418,1.0,1.0,0.9666666666666667,1.0,True,3.709168441894944,3
1,29157,was negative,289,155,134,-0.00010969545428191653,2.892241983712619e-05,-3.7927481483104066,-0.38602766,1.0,1.0,0.9666666666666667,1.0,True,3.6979294446026465,4
1,22559,perilesional,118,63,55,0.0001928087134137592,5.270800439233575e-05,3.658053755527793,0.46865737,1.0,1.0,1.0,1.0,True,3.658053755527793,5
1,17896,mg daily. -,235,117,118,-0.00012042796785656222,3.2373831921980865e-05,-3.7199170041651826,-0.37073156,1.0,1.0,0.9333333333333333,1.0,True,3.533921153956923,6
1,21563,oral morphine,141,62,79,-0.00011577529112328845,3.183447764064204e-05,-3.6367894089608654,-0.316759,1.0,1.0,0.9333333333333333,1.0,True,3.454949938512822,7
1,26115,squamous nsclc. -,66,28,38,0.00011037589175399417,3.126892233813085e-05,3.5298911347320856,0.33581653,1.0,1.0,0.9666666666666667,1.0,True,3.4416438563637834,8
1,24869,reviewed potential benefits,75,35,40,-9.475506813704091e-05,2.7578801039164314e-05,-3.435793601124299,-0.3206084,1.0,1.0,0.9666666666666667,1.0,True,3.3498987610961914,9
1,25505,she reports persistent,83,47,36,0.00013336055245447752,3.817439717097868e-05,3.4934553611199446,0.4925963,1.0,1.0,0.9333333333333333,1.0,True,3.3187825930639474,10
1,3340,5 .,50,21,29,-0.0001267988682163656,3.64027248039912e-05,-3.4832246459326406,-0.32157424,1.0,1.0,0.9333333333333333,1.0,True,3.309063413636008,11
1,9994,denies nausea,79,43,36,-0.00010216008425224404,2.863504244712864e-05,-3.5676596059136654,-0.46726403,1.0,1.0,0.9,1.0,True,3.3000851354701406,12
1,17895,mg daily.,281,143,138,-0.00012013766518888136,3.389089037431004e-05,-3.544836499189412,-0.32377365,1.0,1.0,0.9,1.0,True,3.278973761750206,13
1,8628,cognitive function 60,136,63,73,0.00012998856864235322,3.733868361511432e-05,3.481337745654621,0.3370179,1.0,1.0,0.9,1.0,True,3.2202374147305246,14
1,3914,75 100,306,183,123,-9.477657970538312e-05,2.7965569832172717e-05,-3.389045182134938,-0.30320853,1.0,1.0,0.9333333333333333,1.0,True,3.2195929230281912,15
1,15441,is dominated,149,73,76,-9.353222902612701e-05,2.6195475056759446e-05,-3.570549067098979,-0.35782054,1.0,1.0,0.8666666666666667,1.0,True,3.213494160389081,16
1,15442,is dominated by,149,73,76,-9.353222902612701e-05,2.6195475056759446e-05,-3.570549067098979,-0.35782054,1.0,1.0,0.8666666666666667,1.0,True,3.213494160389081,17
1,10565,dizziness or,386,203,183,-0.00010910210917570741,3.059720072856637e-05,-3.565754597735039,-0.33875608,1.0,1.0,0.8666666666666667,1.0,True,3.209179137961535,18
1,16172,left occipital,33,17,16,0.0001556411992929298,4.765604319651281e-05,3.2659278625196206,0.32305643,1.0,1.0,0.9666666666666667,1.0,True,3.18427966595663,19
1,26713,surrounding edema. -,77,43,34,0.00012549316716500876,3.6978685280070154e-05,3.393662219587994,0.42085448,1.0,1.0,0.9,1.0,True,3.1391375531188945,20
1,742,- neurologic cranial,286,146,140,0.00012593742800740524,3.649271429692691e-05,3.4510293474665046,0.3467475,1.0,1.0,0.8666666666666667,1.0,True,3.105926412719854,21
1,19923,nodes >1,77,40,37,-9.030954603296505e-05,2.6235974539139717e-05,-3.442202838634342,-0.2633674,1.0,1.0,0.8666666666666667,1.0,True,3.097982554770908,22
1,1100,- specimens,82,46,36,-8.411718992448102e-05,2.5123233769245453e-05,-3.3481832274097165,-0.32157335,1.0,1.0,0.9,1.0,True,3.097069485353988,23
1,10383,discussion and,83,35,48,0.00011555861381099604,3.369436958725869e-05,3.4296119864101504,0.39203456,1.0,1.0,0.8666666666666667,1.0,True,3.0866507877691354,24
1,9995,denies nausea vomiting,76,42,34,-9.832947081034072e-05,2.881845333862232e-05,-3.412031508247535,-0.456065,1.0,1.0,0.8666666666666667,1.0,True,3.0708283574227817,25
1,26058,spouse in a,87,32,55,-7.805156153414424e-05,2.3542852314003597e-05,-3.315297589821695,-0.23661695,1.0,1.0,0.9,1.0,True,3.0666502705850682,26
1,1769,1 000,56,27,29,-9.902332210231657e-05,2.831250609451868e-05,-3.497511727564363,-0.25986585,1.0,1.0,0.8333333333333334,1.0,True,3.0603227616188176,27
1,27330,the lung. 2.,83,41,42,0.00010886458452153212,3.171198938157927e-05,3.432915646243529,0.3117924,1.0,1.0,0.8333333333333334,1.0,True,3.0038011904630877,28
1,7445,by a kras,108,56,52,-8.401040884169665e-05,2.5239046591473684e-05,-3.328588840993592,-0.27411172,1.0,1.0,0.8666666666666667,1.0,True,2.995729956894233,29
1,26057,spouse in,95,36,59,-7.87010810716793e-05,2.405302354147101e-05,-3.2719828730050033,-0.23510385,1.0,1.0,0.8666666666666667,1.0,True,2.944784585704503,30
1,10928,e.g. capmatinib,99,52,47,-0.00011366849090476814,3.377599207376126e-05,-3.3653635001019273,-0.26908293,1.0,1.0,0.8333333333333334,1.0,True,2.9446930625891863,31
1,27695,thorax -,209,107,102,-0.00010408168599005788,3.0157156035141967e-05,-3.451309727905777,-0.35969633,1.0,1.0,0.8,1.0,True,2.933613268719911,32
1,10296,diffusion-weighted imaging,378,208,170,0.00010169786068224612,3.033543199998915e-05,3.352444780818763,0.3390737,1.0,1.0,0.8333333333333334,1.0,True,2.9333891832164176,33
1,26316,status 2,241,101,140,0.0001619278949196145,4.737923124386693e-05,3.417697811223467,0.35924318,1.0,1.0,0.8,1.0,True,2.905043139539947,34
1,6073,and right,336,171,165,0.00014845815962492934,4.5092385398106354e-05,3.2923110701338905,0.32879677,1.0,1.0,0.8333333333333334,1.0,True,2.880772186367154,35
1,29794,with spouse in,88,34,54,-7.684861983926301e-05,2.3657967799550915e-05,-3.248318726713365,-0.21801065,1.0,1.0,0.8333333333333334,1.0,True,2.8422788858741943,36
1,4039,88,178,76,102,0.00011882623255293278,3.871646994182176e-05,3.0691391217094406,0.28487298,1.0,1.0,0.9,1.0,True,2.838953687581233,37
1,23462,profile is dominated,143,68,75,-8.812079544846769e-05,2.6400318268781597e-05,-3.3378686783738747,-0.36421525,1.0,1.0,0.8,1.0,True,2.8371883766177937,38
1,10715,dominated by a,125,63,62,-8.248296326534864e-05,2.551076955193549e-05,-3.233260490140357,-0.28665105,1.0,1.0,0.8333333333333334,1.0,True,2.8291029288728127,39
1,1758,000 mg m,49,21,28,-8.857396545839604e-05,2.6751379443676293e-05,-3.311005536925083,-0.25357467,1.0,1.0,0.8,1.0,True,2.814354706386321,40
1,1770,1 000 mg,50,22,28,-8.798848836695442e-05,2.6617629720030708e-05,-3.30564702013042,-0.25229457,1.0,1.0,0.8,1.0,True,2.809799967110857,41
1,11407,enhancing lesions left,48,18,30,0.0001038676845593806,3.241272690358882e-05,3.2045339742112255,0.38839704,1.0,1.0,0.8333333333333334,1.0,True,2.803967227434822,42
1,13226,glands and,363,186,177,-0.00010450071876701949,3.093205777814668e-05,-3.3783953048493474,-0.39544433,1.0,1.0,0.7666666666666667,1.0,True,2.787176126500712,43
1,16648,loss 20 100,104,57,47,-8.998196222090234e-05,2.6867744641906047e-05,-3.3490701739272914,-0.23384121,1.0,1.0,0.7666666666666667,1.0,True,2.762982893490016,44
1,22487,performance status 2,239,99,140,0.00015808400325675303,4.7562344690717364e-05,3.323721828364907,0.34494588,1.0,1.0,0.7666666666666667,1.0,True,2.7420705084010484,45
1,3847,7.5 k l,79,36,43,-9.445521798013945e-05,3.0329752020192182e-05,-3.1142759728881204,-0.3543866,1.0,1.0,0.8333333333333334,1.0,True,2.7249914762771055,46
1,21483,or recurrent,222,122,100,-0.0001263482648411259,3.941748123548357e-05,-3.205386566592371,-0.36404273,1.0,1.0,0.8,1.0,True,2.7245785816035157,47
1,16986,lung. 2.,86,43,43,0.00010390590572304678,3.1555224866864257e-05,3.292827294416053,0.28765643,1.0,1.0,0.7666666666666667,1.0,True,2.7165825178932437,48
1,24611,residual or,236,129,107,-0.0001438952614106546,4.2983255702006727e-05,-3.3477050321233968,-0.37342268,1.0,1.0,0.7333333333333333,1.0,True,2.678164025698717,49
1,13877,histology.,181,105,76,0.00011201476520865382,3.370162364367079e-05,3.3237201386198003,0.42878985,1.0,1.0,0.7333333333333333,1.0,True,2.65897611089584,50
1,28028,to radiation oncology,201,102,99,9.679740409446786e-05,3.0998861288903076e-05,3.1226116079663626,0.26524213,1.0,1.0,0.8,1.0,True,2.6542198667714083,51
1,8731,complaint follow-up after,365,200,165,-9.702817009212706e-05,3.0391331665633045e-05,-3.1926264751948303,-0.2617746,1.0,1.0,0.7666666666666667,1.0,True,2.633916842035735,52
1,10185,diagnosis non-small,143,82,61,-9.539650632727693e-05,2.919535243621341e-05,-3.2675237106899506,-0.30273762,1.0,1.0,0.7333333333333333,1.0,True,2.61401896855196,53
1,10186,diagnosis non-small cell,143,82,61,-9.539650632727693e-05,2.919535243621341e-05,-3.2675237106899506,-0.30273762,1.0,1.0,0.7333333333333333,1.0,True,2.61401896855196,54
1,27305,the lesion shows,79,36,43,8.395779511115501e-05,2.671987750180433e-05,3.142147455784015,0.36935902,1.0,1.0,0.7666666666666667,1.0,True,2.5922716510218127,55
1,3468,5.5 k ul,79,49,30,-9.702020301299486e-05,2.905846661680826e-05,-3.338792933997266,-0.29219627,1.0,1.0,0.7,1.0,True,2.5875645238478806,56
1,3603,6. documentation,201,100,101,-0.00010004183170617518,3.0257419534181912e-05,-3.306357027345229,-0.31133935,1.0,1.0,0.7,1.0,True,2.5624266961925524,57
1,10929,e.g. capmatinib tepotinib,96,51,45,-0.00010211755623716658,3.2112370007532846e-05,-3.180006838897661,-0.24712348,1.0,1.0,0.7333333333333333,1.0,True,2.5440054711181284,58
1,10562,dizziness,573,303,270,-8.676427523386352e-05,2.741530208795546e-05,-3.164811934426293,-0.27122623,1.0,1.0,0.7333333333333333,1.0,True,2.531849547541034,59
1,20502,obtained for attenuation,288,147,141,-8.797025097406606e-05,2.7919565373826472e-05,-3.1508460033742076,-0.18021789,1.0,1.0,0.7333333333333333,1.0,True,2.520676802699366,60
1,24651,respiratory cough dyspnea,133,72,61,0.00010629108644156211,3.2796424425604995e-05,3.2409352026368454,0.2670296,1.0,1.0,0.7,1.0,True,2.511724782043555,61
1,23997,rashes psychiatric,96,45,51,8.233993447724576e-05,2.5493717407077806e-05,3.229812787302089,0.3243742,1.0,1.0,0.7,1.0,True,2.5031049101591187,62
1,1757,000 mg,50,22,28,-8.677382486811782e-05,2.6874080721907857e-05,-3.2289039303725637,-0.24075998,1.0,1.0,0.7,1.0,True,2.5024005460387366,63
1,16785,low-dose ct obtained,116,54,62,-8.993450406631375e-05,2.876341788619265e-05,-3.126697405091248,-0.21924277,1.0,1.0,0.7333333333333333,1.0,True,2.501357924072998,64
1,19895,node,667,352,315,-0.00013473123008307043,4.3163636955281034e-05,-3.121405877420767,-0.3966985,1.0,1.0,0.7333333333333333,1.0,True,2.497124701936613,65
1,24677,response after,76,46,30,-8.590589119102519e-05,2.6759260676855267e-05,-3.210323791394105,-0.3237219,1.0,1.0,0.7,1.0,True,2.488000938330431,66
1,29599,with brain,138,69,69,0.00015148242122295876,4.74252028825366e-05,3.194133330291755,0.3259622,1.0,1.0,0.7,1.0,True,2.47545333097611,67
1,27175,that resolved,61,29,32,9.276992099190879e-05,2.9135189973999522e-05,3.184119309834513,0.35695732,1.0,1.0,0.7,1.0,True,2.4676924651217473,68
1,1584,. he,394,185,209,-0.00014938252906965586,4.721493012966731e-05,-3.163883302578308,-0.33736187,1.0,1.0,0.7,1.0,True,2.4520095594981886,69
1,28620,unknown.,80,44,36,0.00010025531555022803,3.379534131891465e-05,2.966542477087424,0.31412366,1.0,1.0,0.7666666666666667,1.0,True,2.4473975435971247,70
1,11674,exertion hemoptysis wheezing,90,48,42,9.317939157441998e-05,2.9579067139161177e-05,3.1501801979094606,0.33270612,1.0,1.0,0.7,1.0,True,2.4413896533798316,71
1,885,- palliative,215,111,104,0.00010941316744040681,3.7083956252575574e-05,2.950417876000158,0.29581586,1.0,1.0,0.7666666666666667,1.0,True,2.4340947477001307,72
1,20084,none rashes psychiatric,62,29,33,7.899806454994645e-05,2.5295303266454972e-05,3.123032909224246,0.28996578,1.0,1.0,0.7,1.0,True,2.4203505046487903,73
1,5548,ambulatory capable,261,119,142,0.00011688215386844897,3.745379289399704e-05,3.1207027336123923,0.32672486,1.0,1.0,0.7,1.0,True,2.418544618549604,74
1,5549,ambulatory capable of,261,119,142,0.00011688215386844897,3.745379289399704e-05,3.1207027336123923,0.32672486,1.0,1.0,0.7,1.0,True,2.418544618549604,75
1,6289,appetite loss 20,109,60,49,-0.00010776720559552772,3.3614064453768664e-05,-3.206015319681025,-0.23786542,1.0,1.0,0.6666666666666666,1.0,True,2.4045114897607687,76
1,16647,loss 20,110,61,49,-0.00010728597235871285,3.351170565473208e-05,-3.201447681119846,-0.2373044,1.0,1.0,0.6666666666666666,1.0,True,2.4010857608398846,77
1,2839,3 months for,154,84,70,-8.999304842644186e-05,2.9168795068339195e-05,-3.085250803661869,-0.27484915,1.0,1.0,0.7,1.0,True,2.391069372837948,78
1,17723,met amplification egfr,39,22,17,-0.00011167238424567357,3.621618584934406e-05,-3.0834937922568715,-0.34136596,1.0,1.0,0.7,1.0,True,2.389707688999075,79
1,27876,to brain metastases,50,21,29,0.00012762719100106303,4.1395481093440346e-05,3.0831189209511862,0.41415358,1.0,1.0,0.7,1.0,True,2.389417163737169,80
1,19809,no residual or,195,105,90,-0.00011524431961892174,3.51408398074576e-05,-3.2794981636854494,-0.32249826,1.0,1.0,0.6333333333333333,1.0,True,2.377636168671951,81
1,16801,low-dose oral morphine,133,57,76,-9.770132994658113e-05,3.096570460368806e-05,-3.1551463529412076,-0.2826208,1.0,1.0,0.6666666666666666,1.0,True,2.366359764705906,82
1,1739,0.9 cm .,55,30,25,0.00010246899174542308,3.376462924865774e-05,3.034802810680842,0.32295287,1.0,1.0,0.7,1.0,True,2.351972178277652,83
1,11786,extracted,358,178,180,8.208506225645064e-05,2.61774799587673e-05,3.1357129252221587,0.30313855,1.0,1.0,0.6666666666666666,1.0,True,2.351784693916619,84
1,24613,residual or recurrent,217,118,99,-0.00012345713656945252,3.951852909204673e-05,-3.1240316733928943,-0.3639527,1.0,1.0,0.6666666666666666,1.0,True,2.343023755044671,85
1,10714,dominated by,153,74,79,-8.382911382723332e-05,2.691746881265624e-05,-3.114301512177028,-0.3187275,1.0,1.0,0.6666666666666666,1.0,True,2.335726134132771,86
1,10713,dominated,153,74,79,-8.382911382723332e-05,2.691746881265624e-05,-3.114301512177028,-0.3187275,1.0,1.0,0.6666666666666666,1.0,True,2.335726134132771,87
1,28027,to radiation,229,117,112,0.00010514878174824866,3.383293571930455e-05,3.1078822902220806,0.2802795,1.0,1.0,0.6666666666666666,1.0,True,2.3309117176665604,88
1,12276,flair diffusion-weighted imaging,345,189,156,9.717464538085525e-05,3.130780502137216e-05,3.1038472775245447,0.35272276,1.0,1.0,0.6666666666666666,1.0,True,2.3278854581434087,89
1,712,- mother died,155,62,93,0.00011347339745627537,3.4478243635087776e-05,3.291159452820732,0.2223127,1.0,1.0,0.6,1.0,True,2.3038116169745124,90
1,26481,studies -,276,150,126,-9.478660754116356e-05,3.023504909217897e-05,-3.1349910248924457,-0.3623909,1.0,1.0,0.6333333333333333,1.0,True,2.272868493047023,91
1,18427,morphine,210,89,121,-0.00010655792251202299,3.518698253321711e-05,-3.028333629103618,-0.23831445,1.0,1.0,0.6666666666666666,1.0,True,2.2712502218277137,92
1,19343,nightly. -,170,74,96,-0.00010759899661023219,3.332779557840108e-05,-3.228506258600687,-0.34926572,1.0,1.0,0.6,1.0,True,2.2599543810204805,93
1,11782,extra-axial structures,149,83,66,9.567334102833983e-05,3.101782167261401e-05,3.084463571882965,0.2899534,1.0,1.0,0.6333333333333333,1.0,True,2.2362360896151494,94
1,23035,post-operative changes,167,85,82,-0.00013707639096815802,4.298542859315914e-05,-3.1889036693232566,-0.37028253,1.0,1.0,0.6,1.0,True,2.2322325685262796,95
1,22722,plan and,224,121,103,-9.616758265836958e-05,3.2322984278291135e-05,-2.9752074199088714,-0.26144004,1.0,1.0,0.6666666666666666,1.0,True,2.2314055649316535,96
1,26018,spirometry,347,177,170,-9.371814076895103e-05,3.271610835519481e-05,-2.8645870637016047,-0.3009028,1.0,1.0,0.7,1.0,True,2.220054974368743,97
1,26727,surveillance for,120,67,53,-8.962628728927113e-05,2.841326191679083e-05,-3.154382187858073,-0.3951475,1.0,1.0,0.6,1.0,True,2.208067531500651,98
1,26810,swi.,62,33,29,7.793004614618623e-05,2.5659347904032304e-05,3.037101583315752,0.47100562,1.0,1.0,0.6333333333333333,1.0,True,2.20189864790392,99
1,21072,on swi.,62,33,29,7.793004614618623e-05,2.5659347904032304e-05,3.037101583315752,0.47100562,1.0,1.0,0.6333333333333333,1.0,True,2.20189864790392,100
1,16345,levetiracetam,37,21,16,0.00020665885211258866,6.812011051079814e-05,3.0337421733898964,0.36388522,1.0,1.0,0.6333333333333333,1.0,True,2.199463075707675,101
1,19433,no brain,107,58,49,-0.00010457367793826034,3.449253429487095e-05,-3.031777167901823,-0.3527166,1.0,1.0,0.6333333333333333,1.0,True,2.1980384467288214,102
1,23849,ra,231,135,96,-8.989111468366457e-05,2.970517167857035e-05,-3.0261099197252928,-0.24027611,1.0,1.0,0.6333333333333333,1.0,True,2.1939296918008373,103
1,27603,thickening or effusion.,78,40,38,-8.083324538145755e-05,2.581923683292399e-05,-3.1307372059262875,-0.33952674,1.0,1.0,0.6,1.0,True,2.191516044148401,104
1,29661,with imaging,105,55,50,-8.347127744885073e-05,2.7856381310971173e-05,-2.9964867481181328,-0.34264123,1.0,1.0,0.6333333333333333,1.0,True,2.172452892385646,105
1,19644,no lymphadenopathy. -,404,204,200,9.178526074217479e-05,2.9617879101797615e-05,3.0989815451236686,0.2720794,1.0,1.0,0.6,1.0,True,2.169287081586568,106
1,9493,ct obtained for,114,52,62,-8.686386493950768e-05,2.90735172781595e-05,-2.987731553373531,-0.21848908,1.0,1.0,0.6333333333333333,1.0,True,2.16610537619581,107
1,24105,recent imaging.,70,34,36,8.075917609377628e-05,2.613892076998308e-05,3.08961402058026,0.30375725,1.0,1.0,0.6,1.0,True,2.1627298144061817,108
1,13552,health 40,60,26,34,-8.108196094417924e-05,2.7186653192297926e-05,-2.982417893466565,-0.26573384,1.0,1.0,0.6333333333333333,1.0,True,2.16225297276326,109
1,13268,global health 40,60,26,34,-8.108196094417924e-05,2.7186653192297926e-05,-2.982417893466565,-0.26573384,1.0,1.0,0.6333333333333333,1.0,True,2.16225297276326,110
1,26990,t2-weighted,438,222,216,8.164921613282394e-05,2.7471144297307967e-05,2.972181109354995,0.2816049,1.0,1.0,0.6333333333333333,1.0,True,2.154831304282371,111
1,21136,oncology dr.,41,24,17,0.00012408353739717847,4.046829445160153e-05,3.0661914241426076,0.30914947,1.0,1.0,0.6,1.0,True,2.146333996899825,112
1,23759,q6 h prn,164,76,88,0.0001174999795713007,3.6969843909101025e-05,3.17826550364134,0.31430882,1.0,1.0,0.5666666666666667,1.0,True,2.1453292149579046,113
1,25295,seizure,43,23,20,0.00022301790796422114,7.291349741362967e-05,3.05866425113401,0.35498536,1.0,1.0,0.6,1.0,True,2.1410649757938067,114
1,1176,- ttf-1 positive,86,45,41,-7.765516975914572e-05,2.6319254437603887e-05,-2.950507961509546,-0.29327843,1.0,1.0,0.6333333333333333,1.0,True,2.139118272094421,115
1,886,- palliative care,142,71,71,9.692322386504448e-05,3.400546760745542e-05,2.8502247045647113,0.34497884,1.0,1.0,0.6666666666666666,1.0,True,2.1376685284235335,116
1,19525,no extra-axial,270,153,117,8.915263754890287e-05,2.9333465829411823e-05,3.0392807337315078,0.22904243,1.0,1.0,0.6,1.0,True,2.1274965136120554,117
1,13511,he underwent,160,75,85,-0.00013671574178495674,4.498536699254085e-05,-3.0391158486630987,-0.36431786,1.0,1.0,0.6,1.0,True,2.127381094064169,118
1,29600,with brain metastases,67,33,34,0.00011323347322450883,3.726995357112571e-05,3.0381973245127574,0.29860064,1.0,1.0,0.6,1.0,True,2.12673812715893,119
1,26317,status 2 -,161,64,97,0.0001231243328978943,4.19978364897936e-05,2.931682752939338,0.3501016,1.0,1.0,0.6333333333333333,1.0,True,2.1254699958810197,120
1,6849,back to,59,30,29,-7.412760541947676e-05,2.5419196580542424e-05,-2.9162056788301114,-0.24250545,1.0,1.0,0.6333333333333333,1.0,True,2.1142491171518305,121
1,25440,sex age,512,269,243,-8.453893032776571e-05,2.8047472265607623e-05,-3.014137228738044,-0.26880416,1.0,1.0,0.6,1.0,True,2.109896060116631,122
1,10659,dlco,159,73,86,-8.427646982150979e-05,2.90643328732728e-05,-2.8996526494853554,-0.25298515,1.0,1.0,0.6333333333333333,1.0,True,2.1022481708768828,123
1,16232,lesion shows,131,65,66,9.504995624321668e-05,3.168112991112542e-05,3.0002072688019283,0.3262894,1.0,1.0,0.6,1.0,True,2.1001450881613497,124
1,23812,r.,91,51,40,9.608403791528733e-05,3.227441894123942e-05,2.9770958259612113,0.40138847,1.0,1.0,0.6,1.0,True,2.0839670781728477,125
1,11685,exertional,363,178,185,-0.00010821640659253737,3.6404971446588386e-05,-2.9725722145204054,-0.29601926,1.0,1.0,0.6,1.0,True,2.080800550164284,126
1,29894,woman with stage,205,107,98,0.00014054729851718074,4.898608614164384e-05,2.8691269212810058,0.34897575,1.0,1.0,0.6333333333333333,1.0,True,2.080117017928729,127
1,9958,demonstrated activity in,84,40,44,-6.895355666425309e-05,2.4871954240338808e-05,-2.7723417306879785,-0.20143972,1.0,1.0,0.6666666666666666,1.0,True,2.079256298015984,128
1,968,- provided,353,185,168,9.760612597774618e-05,3.0592264313295054e-05,3.190549250560955,0.275898,1.0,1.0,0.5333333333333333,1.0,True,2.0738570128646208,129
1,1744,0.9 k ul,87,52,35,-7.692527822708852e-05,2.5984492129263357e-05,-2.9604303152978075,-0.21237445,1.0,1.0,0.6,1.0,True,2.0723012207084652,130
1,9492,ct obtained,135,66,69,-9.012146468266497e-05,3.0515308940647822e-05,-2.9533197536341818,-0.21323274,1.0,1.0,0.6,1.0,True,2.067323827543927,131
1,11777,extra-axial fluid,291,160,131,8.787299269706514e-05,2.8918004104342432e-05,3.038694938281367,0.20031221,1.0,1.0,0.5666666666666667,1.0,True,2.051119083339923,132
1,6503,as tolerated. -,184,100,84,8.482413015945502e-05,3.0047620341610578e-05,2.822989947126987,0.3428202,1.0,1.0,0.6333333333333333,1.0,True,2.0466677116670655,133
1,24068,received,724,367,357,6.41806519170894e-05,2.1460755247654605e-05,2.9906054645538886,0.3368605,1.0,1.0,0.5666666666666667,1.0,True,2.018658688573875,134
1,9840,declined,157,76,81,-0.00010256220481369186,3.431992114227484e-05,-2.988416097709416,-0.2392789,1.0,1.0,0.5666666666666667,1.0,True,2.017180865953856,135
1,28594,underwent a left,50,23,27,-8.948059916003827e-05,2.9957025170246612e-05,-2.9869654497239804,-0.34962964,1.0,1.0,0.5666666666666667,1.0,True,2.0162016785636867,136
1,11413,enlarged hyperchromatic,98,49,49,-8.138824629006343e-05,2.828563092669014e-05,-2.8773707222937004,-0.32710278,1.0,1.0,0.6,1.0,True,2.01415950560559,137
1,17228,man who presents,100,52,48,-7.40554764747606e-05,2.482185578358404e-05,-2.983478637553654,-0.23223698,1.0,1.0,0.5666666666666667,1.0,True,2.013848080348717,138
1,1531,. --- findings,123,59,64,-8.052906485522238e-05,2.7014093042454833e-05,-2.9810019802872683,-0.26535112,1.0,1.0,0.5666666666666667,1.0,True,2.0121763366939063,139
1,8232,ck5 6 diffuse,154,78,76,8.751856453382951e-05,2.9421154302521913e-05,2.974681538117885,0.3068593,1.0,1.0,0.5666666666666667,1.0,True,2.0079100382295723,140
1,19908,node dissection performed,63,28,35,-8.505473904182026e-05,2.864519686825509e-05,-2.9692495894862856,-0.3064436,1.0,1.0,0.5666666666666667,1.0,True,2.004243472903243,141
1,7531,calcification.,330,167,163,-8.301215639040769e-05,2.904538573537852e-05,-2.8580152849991363,-0.32569295,1.0,1.0,0.6,1.0,True,2.0006106994993953,142
1,18977,neoantigen,72,37,35,7.677171352655437e-05,2.591022943512812e-05,2.9629885647585255,0.33777666,1.0,1.0,0.5666666666666667,1.0,True,2.000017281212005,143
1,11776,extra-axial,443,240,203,0.00010664716432380466,3.4706460514894376e-05,3.0728332057380707,0.22334199,1.0,1.0,0.5333333333333333,1.0,True,1.9973415837297461,144
1,9957,demonstrated activity,85,40,45,-6.755459197884203e-05,2.481604424913778e-05,-2.722214358607504,-0.20047957,1.0,1.0,0.6333333333333333,1.0,True,1.9736054099904403,145
1,13373,gy,461,237,224,0.00015637602862616056,4.9591948556427754e-05,3.1532543724961624,0.20352685,1.0,1.0,0.5,1.0,True,1.9707839828101015,146
1,27875,to brain,95,42,53,0.00014037014609920268,4.8088334406234926e-05,2.919006196251266,0.32468137,1.0,1.0,0.5666666666666667,1.0,True,1.9703291824696045,147
1,21825,pain - vitamin,79,40,39,7.26439041183105e-05,2.493812767294322e-05,2.9129654427555907,0.26248106,1.0,1.0,0.5666666666666667,1.0,True,1.9662516738600238,148
1,9919,deletion egfr,97,49,48,0.00013084810650473665,4.501224755977354e-05,2.906944522842995,0.2543896,1.0,1.0,0.5666666666666667,1.0,True,1.9621875529190216,149
1,6220,anxiety about diagnosis,70,38,32,9.526467044955033e-05,3.0562098297122506e-05,3.1170854017742533,0.32365304,1.0,1.0,0.5,1.0,True,1.9481783761089084,150
1,21702,out work activities,165,66,99,0.00013223135253404068,4.322006189365185e-05,3.0594901242717283,0.40213108,1.0,1.0,0.5,1.0,True,1.9121813276698303,151
1,3846,7.5 k,106,46,60,-0.00011251442563656292,3.844671092535276e-05,-2.9265032802160453,-0.3557591,1.0,1.0,0.5333333333333333,1.0,True,1.9022271321404296,152
1,11979,fdg uptake. -,102,49,53,-8.676258555635799e-05,3.0840147032683916e-05,-2.8132999970592985,-0.21912244,1.0,1.0,0.5666666666666667,1.0,True,1.8989774980150267,153
1,12274,flair diffusion-weighted,480,244,236,7.366851021848652e-05,2.5273306729347657e-05,2.9148742191674426,0.3136211,1.0,1.0,0.5333333333333333,1.0,True,1.8946682424588377,154
1,14153,identified right,88,51,37,-7.58653035035296e-05,2.606076824332804e-05,-2.9110923667015185,-0.1479132,1.0,1.0,0.5333333333333333,1.0,True,1.892210038355987,155
1,6382,are identified,200,110,90,0.00011507671492231439,3.9620352617255846e-05,2.9044848750840004,0.31150246,1.0,1.0,0.5333333333333333,1.0,True,1.8879151688046003,156
1,4390,a newly,65,37,28,-6.349185957057157e-05,2.2873338034950257e-05,-2.7758020920932736,-0.15965293,1.0,1.0,0.5666666666666667,1.0,True,1.8736664121629598,157
1,18841,nausea 5,52,33,19,7.946681203669486e-05,2.8636448036894763e-05,2.775023352557937,0.26671004,1.0,1.0,0.5666666666666667,1.0,True,1.8731407629766077,158
1,11607,evidence of metastatic,186,87,99,-9.22910291350737e-05,3.210472178553415e-05,-2.8746870865786005,-0.35957742,1.0,1.0,0.5333333333333333,1.0,True,1.8685466062760905,159
1,23045,post-surgical,255,138,117,-0.00012575005525838038,4.3763631888416016e-05,-2.8733916686577765,-0.36930624,1.0,1.0,0.5333333333333333,1.0,True,1.8677045846275548,160
1,20501,obtained for,347,172,175,-8.05959939155424e-05,2.8068835516579964e-05,-2.8713693472582857,-0.13093571,1.0,1.0,0.5333333333333333,1.0,True,1.8663900757178857,161
1,27548,therapy initiation. -,86,48,38,8.583008918193843e-05,3.0133991653943725e-05,2.8482814413571256,0.2257032,1.0,1.0,0.5333333333333333,1.0,True,1.8513829368821317,162
1,26981,t1-weighted t2-weighted,392,200,192,8.307992145502721e-05,2.811547023542745e-05,2.9549540078593712,0.30989927,1.0,1.0,0.5,1.0,True,1.846846254912107,163
1,4441,a single dose,64,32,32,-7.92151824752037e-05,2.7929374610547033e-05,-2.8362676780198828,-0.31020832,1.0,1.0,0.5333333333333333,1.0,True,1.8435739907129238,164
1,5237,ago a,69,33,36,7.744413106451085e-05,2.7524539575082032e-05,2.813639474449957,0.29465732,1.0,1.0,0.5333333333333333,1.0,True,1.828865658392472,165
1,25330,self-care,430,197,233,0.00010520642274031863,3.479143677541224e-05,3.0239171615548224,0.35112938,1.0,1.0,0.4666666666666667,1.0,True,1.8143502969328933,166
1,25125,safety,68,34,34,7.377229042190228e-05,2.5448457460209874e-05,2.8988904548438543,0.24427637,1.0,1.0,0.5,1.0,True,1.811806534277409,167
1,13451,have demonstrated activity,82,38,44,-6.697407554450251e-05,2.4956880893258344e-05,-2.6835915846596983,-0.20385252,1.0,1.0,0.5666666666666667,1.0,True,1.8114243196452964,168
1,13628,hemithorax,122,65,57,-8.156386380438164e-05,2.8205791042929123e-05,-2.8917417589969983,-0.28060886,1.0,1.0,0.5,1.0,True,1.807338599373124,169
1,6678,at initial,104,56,48,-7.985930959167158e-05,2.7621538878243333e-05,-2.8911969729019837,-0.1343899,1.0,1.0,0.5,1.0,True,1.8069981080637398,170
1,24908,right frontal lobe,72,38,34,0.00017948573414825882,6.223160517591445e-05,2.8841572323402858,0.21350427,1.0,1.0,0.5,1.0,True,1.8025982702126786,171
1,2065,10 mci,589,304,285,-5.0214384596182874e-05,1.8107799285839342e-05,-2.7730804723162312,-0.2484567,1.0,1.0,0.5333333333333333,1.0,True,1.8025023070055504,172
1,25528,short axis <=,79,43,36,-8.900376505658772e-05,3.092062787311784e-05,-2.8784591768903542,-0.35086882,1.0,1.0,0.5,1.0,True,1.7990369855564714,173
1,6835,axis <=,79,43,36,-8.900376505658772e-05,3.092062787311784e-05,-2.8784591768903542,-0.35086882,1.0,1.0,0.5,1.0,True,1.7990369855564714,174
1,18024,mild exertional,307,153,154,-0.0001024177745363981,3.57399184613256e-05,-2.8656409680180173,-0.27980652,1.0,1.0,0.5,1.0,True,1.7910256050112607,175
1,28742,uptake. -,220,115,105,-8.84566453363148e-05,3.334560348806268e-05,-2.652722880483516,-0.22750501,1.0,1.0,0.5666666666666667,1.0,True,1.7905879443263735,176
1,9057,continue lisinopril,98,53,45,-7.094546175952808e-05,2.58025373152096e-05,-2.7495536928342497,-0.2832493,1.0,1.0,0.5333333333333333,1.0,True,1.7872099003422623,177
1,13483,he has been,246,111,135,-0.00010582666287642598,3.553964947009889e-05,-2.977706996391811,-0.28570533,1.0,1.0,0.4666666666666667,1.0,True,1.7866241978350865,178
1,1607,. microscopic,64,37,27,6.066787929746962e-05,2.2073156299218726e-05,2.7484913564272158,0.12815522,1.0,1.0,0.5333333333333333,1.0,True,1.7865193816776903,179
1,1608,. microscopic description,64,37,27,6.066787929746962e-05,2.2073156299218726e-05,2.7484913564272158,0.12815522,1.0,1.0,0.5333333333333333,1.0,True,1.7865193816776903,180
1,18810,napsin a positive,369,179,190,-8.610296098231535e-05,3.0293889874288334e-05,-2.8422550335932417,-0.29674727,1.0,1.0,0.5,1.0,True,1.776409395995776,181
1,4415,a positive,369,179,190,-8.606388714489454e-05,3.0293786304175172e-05,-2.8409749207557122,-0.29606238,1.0,1.0,0.5,1.0,True,1.7756093254723202,182
1,8152,chills chest,134,58,76,-8.63776594083163e-05,3.0445852993172044e-05,-2.8370911279013216,-0.22174981,1.0,1.0,0.5,1.0,True,1.7731819549383259,183
1,8153,chills chest pain,134,58,76,-8.63776594083163e-05,3.0445852993172044e-05,-2.8370911279013216,-0.22174981,1.0,1.0,0.5,1.0,True,1.7731819549383259,184
1,12212,findings thorax -,144,75,69,-8.815003598583766e-05,2.8619793962243124e-05,-3.0800374070522745,-0.32846552,1.0,1.0,0.43333333333333335,1.0,True,1.7710215090550576,185
1,1586,. he denies,168,77,91,-8.923164738161358e-05,3.1736394987962005e-05,-2.8116503911506086,-0.3016491,1.0,1.0,0.5,1.0,True,1.7572814944691304,186
1,25166,scanner.,316,169,147,9.234768842118073e-05,3.163708000006273e-05,2.9189700320319583,0.27153492,1.0,1.0,0.4666666666666667,1.0,True,1.751382019219175,187
1,7516,c.818c>t p.r273c missense,74,40,34,7.582026406575416e-05,2.7071729790362634e-05,2.800717377607163,0.29522872,1.0,1.0,0.5,1.0,True,1.750448361004477,188
1,17487,mbq,615,321,294,-5.039972042339711e-05,1.731108449415561e-05,-2.911413230084605,-0.21403447,1.0,1.0,0.4666666666666667,1.0,True,1.746847938050763,189
1,14898,infiltrative,205,99,106,-8.066577829549435e-05,2.8966839958482156e-05,-2.784762798120599,-0.32165268,1.0,1.0,0.5,1.0,True,1.7404767488253745,190
1,26175,stable postoperative,54,29,25,-7.534112819010435e-05,2.8224004424784733e-05,-2.669398964660876,-0.3228647,1.0,1.0,0.5333333333333333,1.0,True,1.7351093270295692,191
1,16956,lung or,103,58,45,-7.188324308207787e-05,2.59473443339911e-05,-2.7703506823976047,-0.2458675,1.0,1.0,0.5,1.0,True,1.731469176498503,192
1,5332,albumin 3.9 g,290,137,153,-0.00015642085906537032,5.426536233331709e-05,-2.882517545991455,-0.19644287,1.0,1.0,0.4666666666666667,1.0,True,1.729510527594873,193
1,5331,albumin 3.9,290,137,153,-0.00015642085906537032,5.426536233331709e-05,-2.882517545991455,-0.19644287,1.0,1.0,0.4666666666666667,1.0,True,1.729510527594873,194
1,21701,out work,174,75,99,0.00012303215422313488,4.279025518247283e-05,2.875237684339159,0.39155096,1.0,1.0,0.4666666666666667,1.0,True,1.7251426106034953,195
1,7746,carry out work,174,75,99,0.00012303215422313488,4.279025518247283e-05,2.875237684339159,0.39155096,1.0,1.0,0.4666666666666667,1.0,True,1.7251426106034953,196
1,16190,length of stay,784,402,382,1.6065145254662552e-05,5.6123404497354975e-06,2.862468055625471,0.32333708,1.0,1.0,0.4666666666666667,1.0,True,1.7174808333752827,197
1,20853,of stay,784,402,382,1.6065145254662552e-05,5.6123404497354975e-06,2.862468055625471,0.32333708,1.0,1.0,0.4666666666666667,1.0,True,1.7174808333752827,198
1,16346,levetiracetam 500,35,20,15,0.00014373579429854963,5.0214822365407255e-05,2.8624176593238038,0.30583727,1.0,1.0,0.4666666666666667,1.0,True,1.7174505955942823,199
1,16347,levetiracetam 500 mg,35,20,15,0.00014373579429854963,5.0214822365407255e-05,2.8624176593238038,0.30583727,1.0,1.0,0.4666666666666667,1.0,True,1.7174505955942823,200
1,18380,monitoring of,97,37,60,7.94375298108351e-05,2.7844305862628942e-05,2.8529183023180216,0.25172925,1.0,1.0,0.4666666666666667,1.0,True,1.711750981390813,201
1,23426,pro-ctcae fatigue,534,268,266,-9.142807824406122e-05,3.205155639576964e-05,-2.852531624833309,-0.35967827,1.0,1.0,0.4666666666666667,1.0,True,1.7115189748999853,202
1,10522,dissection performed,72,33,39,-8.460107729201771e-05,2.9673571672991316e-05,-2.8510581140800464,-0.30250323,1.0,1.0,0.4666666666666667,1.0,True,1.7106348684480277,203
1,26712,surrounding edema.,128,67,61,0.00013226962864466144,4.6434660426221695e-05,2.848510733804541,0.32306755,1.0,1.0,0.4666666666666667,1.0,True,1.7091064402827245,204
1,16595,lobe. -,198,109,89,8.999710791155785e-05,3.1625283311533755e-05,2.8457328595293836,0.36116913,1.0,1.0,0.4666666666666667,1.0,True,1.7074397157176302,205
1,17898,mg dl 0.6-1.2,237,129,108,0.0001103917922432169,3.883042569369061e-05,2.842919959570621,0.3333089,1.0,1.0,0.4666666666666667,1.0,True,1.7057519757423725,206
1,10573,dl 0.6-1.2,237,129,108,0.0001103917922432169,3.883042569369061e-05,2.842919959570621,0.3333089,1.0,1.0,0.4666666666666667,1.0,True,1.7057519757423725,207
1,24460,repeat chest,131,63,68,0.00011253941182364195,4.125220439685856e-05,2.728082376907161,0.28445637,1.0,1.0,0.5,1.0,True,1.7050514855669756,208
1,10426,disease of,88,42,46,-8.351078912425783e-05,3.075298943697385e-05,-2.7155340229738476,-0.26644298,1.0,1.0,0.5,1.0,True,1.6972087643586549,209
1,10493,disease. overall,101,59,42,-8.812734060547399e-05,2.9968204791660594e-05,-2.9406946868568395,-0.24404648,1.0,1.0,0.43333333333333335,1.0,True,1.6908994449426826,210
1,21342,or focal deficits.,564,291,273,-8.026454633779831e-05,2.8496055732766214e-05,-2.8166896882331,-0.28336892,1.0,1.0,0.4666666666666667,1.0,True,1.69001381293986,211
1,26664,supports pulmonary,458,235,223,-7.119204809966611e-05,2.5298023360379102e-05,-2.814134807510877,-0.34536964,1.0,1.0,0.4666666666666667,1.0,True,1.6884808845065262,212
1,2995,3.9 g dl,279,134,145,-0.00014148419946030061,5.038692831410297e-05,-2.807954447596285,-0.21202356,1.0,1.0,0.4666666666666667,1.0,True,1.6847726685577709,213
1,26976,t1-weighted,510,259,251,0.00010339404993133891,3.693562815432938e-05,2.7993039538768385,0.27592957,1.0,1.0,0.4666666666666667,1.0,True,1.679582372326103,214
1,29284,weeks for pre-cycle,114,58,56,-7.777733404963684e-05,2.7790713227518996e-05,-2.798680746797817,-0.2060776,1.0,1.0,0.4666666666666667,1.0,True,1.6792084480786902,215
1,1084,- sex age,114,56,58,-7.684822984630866e-05,2.751714113017189e-05,-2.792740331663539,-0.26814276,1.0,1.0,0.4666666666666667,1.0,True,1.6756441989981234,216
1,18463,mother died,163,63,100,0.00010042163958828885,3.453916997164007e-05,2.9074711312039208,0.17519091,1.0,1.0,0.43333333333333335,1.0,True,1.6717959004422542,217
1,20338,now stage iv,65,37,28,-6.96642822613098e-05,2.5003411927434787e-05,-2.7861910391865856,-0.27222863,1.0,1.0,0.4666666666666667,1.0,True,1.6717146235119513,218
1,24420,remains ecog 1,62,30,32,-7.990567162709944e-05,2.991597799499668e-05,-2.6710031555867344,-0.2779095,1.0,1.0,0.5,1.0,True,1.6693769722417091,219
1,22079,partial response per,108,60,48,9.363655577422178e-05,3.379984983447035e-05,2.770324608919644,0.34851336,1.0,1.0,0.4666666666666667,1.0,True,1.6621947653517863,220
1,12982,g12c driver with,115,60,55,-7.19330960147169e-05,2.597781217693967e-05,-2.7690205597287147,-0.24867937,1.0,1.0,0.4666666666666667,1.0,True,1.6614123358372288,221
1,19891,nodal metastasis.,132,61,71,-8.097108463559493e-05,2.9264978860541668e-05,-2.766825324612458,-0.30583492,1.0,1.0,0.4666666666666667,1.0,True,1.660095194767475,222
1,6250,apparent diffusion coefficient,235,130,105,9.417329797533769e-05,3.410366135443929e-05,2.761383799721525,0.306065,1.0,1.0,0.4666666666666667,1.0,True,1.6568302798329149,223
1,6249,apparent diffusion,235,130,105,9.417329797533769e-05,3.410366135443929e-05,2.761383799721525,0.306065,1.0,1.0,0.4666666666666667,1.0,True,1.6568302798329149,224
1,8621,coefficient,235,130,105,9.417329797533769e-05,3.410366135443929e-05,2.761383799721525,0.306065,1.0,1.0,0.4666666666666667,1.0,True,1.6568302798329149,225
1,10282,diffusion coefficient,235,130,105,9.417329797533769e-05,3.410366135443929e-05,2.761383799721525,0.306065,1.0,1.0,0.4666666666666667,1.0,True,1.6568302798329149,226
1,12264,five,56,22,34,8.420690978926709e-05,2.925511709291966e-05,2.8783651599072524,0.21941589,1.0,1.0,0.43333333333333335,1.0,True,1.65505996694667,227
1,16162,left lower lobectomy,59,31,28,-0.00019070958202410275,6.914448172577222e-05,-2.7581316290786453,-0.26970023,1.0,1.0,0.4666666666666667,1.0,True,1.654878977447187,228
1,9959,demonstrated kras,246,126,120,9.270666320774368e-05,3.363440094380988e-05,2.7563048725803316,0.3047415,1.0,1.0,0.4666666666666667,1.0,True,1.653782923548199,229
1,9960,demonstrated kras g12c,246,126,120,9.270666320774368e-05,3.363440094380988e-05,2.7563048725803316,0.3047415,1.0,1.0,0.4666666666666667,1.0,True,1.653782923548199,230
1,2994,3.9 g,290,137,153,-0.00015702269535661424,5.461554556928203e-05,-2.875054963195865,-0.19879778,1.0,1.0,0.43333333333333335,1.0,True,1.6531566038376222,231
1,612,- limited,169,70,99,0.00010543112978282625,3.9989075858792636e-05,2.636498281558674,0.27319714,1.0,1.0,0.5,1.0,True,1.6478114259741714,232
1,2475,2 - functional,79,31,48,0.00011812283709170631,3.979272372338335e-05,2.96845317532999,0.30309507,1.0,1.0,0.4,1.0,True,1.6326492464314946,233
1,9968,demonstrates heterogeneous enhancement,180,96,84,-7.820500230014045e-05,2.877479966208981e-05,-2.717829601544503,-0.34001568,1.0,1.0,0.4666666666666667,1.0,True,1.630697760926702,234
1,19526,no extra-axial fluid,250,145,105,8.56699375767293e-05,3.0234858006541696e-05,2.8334823850733324,0.20450215,1.0,1.0,0.43333333333333335,1.0,True,1.629252371417166,235
1,3567,6 diffuse,154,78,76,8.45207585232242e-05,2.9920498600250664e-05,2.824844587399894,0.29647657,1.0,1.0,0.43333333333333335,1.0,True,1.624285637754939,236
1,3568,6 diffuse cytoplasmic,154,78,76,8.45207585232242e-05,2.9920498600250664e-05,2.824844587399894,0.29647657,1.0,1.0,0.43333333333333335,1.0,True,1.624285637754939,237
1,10566,dizziness or focal,344,179,165,-8.917741806845558e-05,3.1712648058478535e-05,-2.8120457775714995,-0.2701094,1.0,1.0,0.43333333333333335,1.0,True,1.616926322103612,238
1,17862,metastatic nsclc.,116,61,55,-9.231507149587687e-05,3.4342749575686884e-05,-2.688051266612379,-0.29111165,1.0,1.0,0.4666666666666667,1.0,True,1.6128307599674274,239
1,7642,capmatinib,116,64,52,-0.0001272954052710522,4.7505894439680606e-05,-2.679570751639721,-0.16532272,1.0,1.0,0.4666666666666667,1.0,True,1.6077424509838327,240
1,23854,radiation,714,373,341,0.00010214425732497996,3.49481032280242e-05,2.922741090082179,0.22778822,1.0,1.0,0.4,1.0,True,1.6075075995451984,241
1,22564,period of,71,36,35,-6.319272797840458e-05,2.266256667058708e-05,-2.7884188449148666,-0.22322059,1.0,1.0,0.43333333333333335,1.0,True,1.6033408358260481,242
1,14397,imaging dwi,309,171,138,9.123079315882707e-05,3.2795649778485006e-05,2.7817955666387615,0.30276304,1.0,1.0,0.43333333333333335,1.0,True,1.5995324508172877,243
1,10298,diffusion-weighted imaging dwi,309,171,138,9.123079315882707e-05,3.2795649778485006e-05,2.7817955666387615,0.30276304,1.0,1.0,0.43333333333333335,1.0,True,1.5995324508172877,244
1,6942,be considered in,119,61,58,8.691162346960894e-05,2.9926651816184734e-05,2.9041545978292826,0.31056136,1.0,1.0,0.4,1.0,True,1.5972850288061056,245
1,19342,nightly.,225,107,118,-9.79339640143871e-05,3.389500966866375e-05,-2.889332824263153,-0.27456394,1.0,1.0,0.4,1.0,True,1.589133053344734,246
1,18464,mother died of,163,63,100,9.929915999282235e-05,3.448576243188938e-05,2.879424811585412,0.17590113,1.0,1.0,0.4,1.0,True,1.5836836463719768,247
1,3082,370,591,306,285,-4.902253276374103e-05,1.7871808669165843e-05,-2.74300904129079,-0.24449147,1.0,1.0,0.43333333333333335,1.0,True,1.5772301987422042,248
1,41,% pathogenic,345,176,169,0.0001050389751331455,3.833049055142632e-05,2.7403504004786834,0.3148978,1.0,1.0,0.43333333333333335,1.0,True,1.575701480275243,249
1,10516,dissection followed,120,61,59,-0.0001275063233018132,4.4577505450476826e-05,-2.8603288141250025,-0.35935065,1.0,1.0,0.4,1.0,True,1.5731808477687514,250
1,10517,dissection followed by,120,61,59,-0.0001275063233018132,4.4577505450476826e-05,-2.8603288141250025,-0.35935065,1.0,1.0,0.4,1.0,True,1.5731808477687514,251
1,2876,3. cdkn2a,157,77,80,8.02239871517872e-05,3.060450190723683e-05,2.621313275901321,0.33875254,1.0,1.0,0.4666666666666667,1.0,True,1.5727879655407926,252
1,19804,no residual,363,198,165,-0.00014419204499885766,5.2743850155507746e-05,-2.7338172047305593,-0.32191768,1.0,1.0,0.43333333333333335,1.0,True,1.5719448927200714,253
1,19515,no enhancing intracranial,127,69,58,-7.728453078356517e-05,2.8557355961473684e-05,-2.7062915379080827,-0.2781344,0.8571428571428571,1.0,0.5,1.0,True,1.5706156246787981,254
1,6248,apparent,239,132,107,9.258553468854749e-05,3.390436333347197e-05,2.730785231915643,0.30481488,1.0,1.0,0.43333333333333335,1.0,True,1.5702015083514946,255
1,1101,- spleen,379,188,191,-8.472371677274246e-05,3.239525508941516e-05,-2.615312536940792,-0.29016703,1.0,1.0,0.4666666666666667,1.0,True,1.5691875221644753,256
1,13129,gene nucleotide change,66,30,36,6.296787147556998e-05,2.3178926956112506e-05,2.7165999355705615,0.29804632,1.0,1.0,0.43333333333333335,1.0,True,1.5620449629530728,257
1,13128,gene nucleotide,66,30,36,6.296787147556998e-05,2.3178926956112506e-05,2.7165999355705615,0.29804632,1.0,1.0,0.43333333333333335,1.0,True,1.5620449629530728,258
1,3083,370 mbq,591,306,285,-4.849384817198765e-05,1.7859772467922974e-05,-2.7152556539611568,-0.244915,1.0,1.0,0.43333333333333335,1.0,True,1.561272001027665,259
1,8549,cmp coagulation,136,68,68,8.330782929254357e-05,3.069744182403295e-05,2.7138362137825465,0.26794443,1.0,1.0,0.43333333333333335,1.0,True,1.560455822924964,260
1,1288,--- bp 128,118,34,84,-7.718709839063049e-05,2.9698992403404892e-05,-2.5989803742224344,-0.26813778,1.0,1.0,0.4666666666666667,1.0,True,1.5593882245334607,261
1,7277,brain metastases,307,151,156,0.00020691880000907288,7.34083260961608e-05,2.8187374786072743,0.21134326,1.0,1.0,0.4,1.0,True,1.550305613234001,262
1,13173,genitourinary no,773,398,375,-4.1599407402350183e-05,1.5503771035152114e-05,-2.6831799378377514,-0.2750697,1.0,1.0,0.43333333333333335,1.0,True,1.542828464256707,263
1,26456,stroma desmoplastic,61,32,29,-6.343315185424061e-05,2.3675674157771904e-05,-2.6792543026031512,-0.13622403,1.0,1.0,0.43333333333333335,1.0,True,1.540571223996812,264
1,24580,required at this,175,94,81,9.087067484115724e-05,3.4027712309448063e-05,2.6704902761249185,0.28270325,1.0,1.0,0.43333333333333335,1.0,True,1.535531908771828,265
1,12211,findings thorax,165,85,80,-8.13299018273626e-05,2.917714386271214e-05,-2.7874524734170687,-0.2845993,1.0,1.0,0.4,1.0,True,1.5330988603793878,266
1,23326,prior left,93,48,45,-7.306575572591083e-05,2.7407133508633436e-05,-2.6659393512603065,-0.25224394,1.0,1.0,0.43333333333333335,1.0,True,1.5329151269746761,267
1,10283,diffusion coefficient adc,233,129,104,9.02329065307315e-05,3.385091630044552e-05,2.6655971652248573,0.29997057,1.0,1.0,0.43333333333333335,1.0,True,1.5327183700042928,268
1,2669,20 mg nightly.,169,83,86,-8.34052475093523e-05,3.130943236693326e-05,-2.6639016169912697,-0.22882855,1.0,1.0,0.43333333333333335,1.0,True,1.53174342976998,269
1,20115,normal albumin 3.9,228,117,111,-7.717771021853258e-05,2.898722500117607e-05,-2.662473217612287,-0.15806846,1.0,1.0,0.43333333333333335,1.0,True,1.530922100127065,270
1,11605,evidence of intracranial,236,112,124,-8.069903330716125e-05,3.046432439291364e-05,-2.6489684217626306,-0.18935108,1.0,1.0,0.43333333333333335,1.0,True,1.5231568425135125,271
1,26100,squamous histology.,116,71,45,8.818054756799873e-05,3.186337268293993e-05,2.7674580605590364,0.34274992,1.0,1.0,0.4,1.0,True,1.5221019333074701,272
1,16319,lesions. --- past,126,71,55,-8.584802593909516e-05,3.104605363375446e-05,-2.7651832001526238,-0.27413967,1.0,1.0,0.4,1.0,True,1.5208507600839432,273
1,23307,prior ct.,67,25,42,-7.106027042322957e-05,2.5699032371927373e-05,-2.7650951753674997,-0.22406927,1.0,1.0,0.4,1.0,True,1.520802346452125,274
1,7902,cerebellar,204,102,102,0.0002546256863513548,9.263298858049544e-05,2.74875819352511,0.28467306,1.0,1.0,0.4,1.0,True,1.5118170064388108,275
1,8953,consistent with metastases.,64,29,35,6.515976241784468e-05,2.4794936397976957e-05,2.6279463424298655,0.29130572,1.0,1.0,0.43333333333333335,1.0,True,1.5110691468971724,276
1,4071,92 mg,467,250,217,-7.221560120570238e-05,2.6304669372578783e-05,-2.7453529326995953,-0.24657673,1.0,1.0,0.4,1.0,True,1.5099441129847775,277
1,20699,of intracranial metastatic,91,44,47,-6.956473454947992e-05,2.5386842114500132e-05,-2.7401885683823126,-0.15898296,1.0,1.0,0.4,1.0,True,1.507103712610272,278
1,17259,managing,58,33,25,7.109294038660125e-05,2.6001075777470003e-05,2.7342307293378783,0.29309517,1.0,1.0,0.4,1.0,True,1.5038269011358332,279
1,26807,swi,223,117,106,9.26338502456036e-05,3.5542213100463734e-05,2.606305071205455,0.29318672,1.0,1.0,0.43333333333333335,1.0,True,1.4986254159431367,280
1,24192,recurrence,268,150,118,-0.0001277613560250853,4.707451942969038e-05,-2.7140235858574675,-0.32413867,1.0,1.0,0.4,1.0,True,1.4927129722216073,281
1,27724,throat sinus,216,121,95,-8.28542128669198e-05,3.063252001485921e-05,-2.7047795227662923,-0.16283989,1.0,1.0,0.4,1.0,True,1.487628737521461,282
1,25936,sore throat sinus,216,121,95,-8.28542128669198e-05,3.063252001485921e-05,-2.7047795227662923,-0.16283989,1.0,1.0,0.4,1.0,True,1.487628737521461,283
1,16613,lobectomy.,112,57,55,-8.37657292500496e-05,3.2428697602683e-05,-2.5830741115893354,-0.2524268,1.0,1.0,0.43333333333333335,1.0,True,1.4852676141638677,284
1,5397,alk d5f3 negative,140,74,66,7.522648062106801e-05,2.9200789491684164e-05,2.5761796831723025,0.22733074,1.0,1.0,0.43333333333333335,1.0,True,1.4813033178240738,285
1,29217,wbc 9.0 k,36,18,18,-8.562519000884676e-05,3.1802808287268414e-05,-2.692378271610844,-0.21994679,1.0,1.0,0.4,1.0,True,1.4808080493859643,286
1,15576,iv q3 weeks,145,66,79,0.00014230774825050275,5.056561321053563e-05,2.8143186488807803,0.41201082,1.0,1.0,0.36666666666666664,1.0,True,1.4775172906624094,287
1,22561,perilesional edema.,54,26,28,0.00010740335868434935,4.0064923292138715e-05,2.680732916950907,0.331074,1.0,1.0,0.4,1.0,True,1.474403104322999,288
1,23193,present illness john,145,59,86,-0.00015900667209222966,5.933378171395723e-05,-2.679867480195117,-0.30255324,1.0,1.0,0.4,1.0,True,1.4739271141073143,289
1,14325,illness john,145,59,86,-0.00015900667209222966,5.933378171395723e-05,-2.679867480195117,-0.30255324,1.0,1.0,0.4,1.0,True,1.4739271141073143,290
1,8622,coefficient adc,233,129,104,9.02329065307315e-05,3.385091630044552e-05,2.6655971652248573,0.29997057,1.0,1.0,0.4,1.0,True,1.4660784408736716,291
1,2490,2 ambulatory capable,175,64,111,0.00012448629110435586,4.2578286858846496e-05,2.9237036125254843,0.30805203,1.0,1.0,0.3333333333333333,1.0,True,1.4618518062627421,292
1,8301,clinic in 3,396,196,200,-7.2615443786806e-05,2.739369248185851e-05,-2.650808898248954,-0.12313523,1.0,1.0,0.4,1.0,True,1.4579448940369248,293
1,26750,susceptibility-weighted imaging,210,109,101,8.719598708269605e-05,3.2973586221717685e-05,2.644419278400036,0.2980097,1.0,1.0,0.4,1.0,True,1.4544306031200198,294
1,16165,left lower-lobe adenocarcinoma,49,26,23,-8.210793880167718e-05,3.1148899894182114e-05,-2.6359819794795714,-0.24931891,1.0,1.0,0.4,1.0,True,1.4497900887137645,295
1,1125,- stroma,69,38,31,-6.438122295581899e-05,2.449506669853794e-05,-2.6283342580023175,-0.16709238,1.0,1.0,0.4,1.0,True,1.4455838419012748,296
1,476,- functional,178,86,92,9.396980258195902e-05,3.5773788767991004e-05,2.6267780354883614,0.16419904,1.0,1.0,0.4,1.0,True,1.444727919518599,297
1,28128,tolerated. -,195,106,89,7.487290079431959e-05,2.9848761078242474e-05,2.5084089955377196,0.31593618,1.0,1.0,0.43333333333333335,1.0,True,1.4423351724341886,298
1,3516,55 100 nausea,122,77,45,-7.823146340851999e-05,2.848630499329354e-05,-2.746283290407016,-0.26929253,1.0,1.0,0.36666666666666664,1.0,True,1.441798727463683,299
1,7424,but denies,316,159,157,9.09692529680117e-05,3.313151123684156e-05,2.745701888384003,0.25848934,1.0,1.0,0.36666666666666664,1.0,True,1.4414934914016015,300
1,22287,patient to,203,114,89,-8.32132744689607e-05,3.0331529003037015e-05,-2.7434579529646785,-0.2583816,1.0,1.0,0.36666666666666664,1.0,True,1.440315425306456,301
1,26730,surveillance imaging at,116,61,55,-9.40957890099053e-05,3.431262575952598e-05,-2.7423080258957486,-0.3283001,1.0,1.0,0.36666666666666664,1.0,True,1.4397117135952677,302
1,29314,weight 78,247,109,138,-9.641748609075908e-05,3.684800045508232e-05,-2.6166273583363613,-0.29524586,1.0,1.0,0.4,1.0,True,1.439145047084999,303
1,23295,principal diagnosis,783,402,381,1.5036097471633718e-05,5.49079668785899e-06,2.7384181798027383,0.3154996,1.0,1.0,0.36666666666666664,1.0,True,1.4376695443964373,304
1,1689,0.5 k,47,28,19,-9.558909588239021e-05,3.328866564994808e-05,-2.8715208019321525,-0.348709,1.0,1.0,0.3333333333333333,1.0,True,1.4357604009660763,305
1,22565,period of 60,64,33,31,-6.070418407841975e-05,2.2208829893310805e-05,-2.733335541315644,-0.20537597,1.0,1.0,0.36666666666666664,1.0,True,1.435001159190713,306
1,28731,uptake period of,65,33,32,-6.039215781794513e-05,2.212357582434688e-05,-2.729764767569078,-0.20411085,1.0,1.0,0.36666666666666664,1.0,True,1.4331265029737656,307
1,23641,psychiatric mild,88,40,48,8.079635490303657e-05,2.963250655558219e-05,2.726612234151893,0.2559413,1.0,1.0,0.36666666666666664,1.0,True,1.4314714229297434,308
1,12932,g dl 12.0-16.0,160,91,69,0.0001029158288757311,3.7757140355032336e-05,2.7257315545618197,0.32640147,1.0,1.0,0.36666666666666664,1.0,True,1.431009066144955,309
1,10581,dl 12.0-16.0,160,91,69,0.0001029158288757311,3.7757140355032336e-05,2.7257315545618197,0.32640147,1.0,1.0,0.36666666666666664,1.0,True,1.431009066144955,310
1,20614,of breast cancer,182,78,104,0.00010140285247455753,3.54407047867013e-05,2.8611974023893487,0.1986729,1.0,1.0,0.3333333333333333,1.0,True,1.4305987011946744,311
1,20611,of both,75,39,36,8.124672011731196e-05,2.8423903227071246e-05,2.8583941997076483,0.28394464,1.0,1.0,0.3333333333333333,1.0,True,1.4291970998538241,312
1,18296,modest activity,87,36,51,-6.596218914285852e-05,2.5407924821132635e-05,-2.5961265867724674,-0.23241292,1.0,1.0,0.4,1.0,True,1.4278696227248573,313
1,23062,postoperative changes,193,102,91,-0.00010743537427618158,3.962708950301997e-05,-2.7111598561381594,-0.27691612,1.0,1.0,0.36666666666666664,1.0,True,1.4233589244725333,314
1,11783,extra-axial structures no,95,52,43,7.283135008399719e-05,2.823960811671217e-05,2.5790496023525082,0.2891924,1.0,1.0,0.4,1.0,True,1.4184772812938797,315
1,13623,hemisphere,161,79,82,0.00016424158324667736,6.09701515822017e-05,2.6938030984758528,0.2842828,1.0,1.0,0.36666666666666664,1.0,True,1.4142466266998224,316
1,9765,date will,82,40,42,7.772500873354448e-05,2.8879103940993568e-05,2.691392672444199,0.2838497,1.0,1.0,0.36666666666666664,1.0,True,1.4129811530332042,317
1,20554,occipital lobe,44,23,21,0.0001259588529539601,4.903732425156062e-05,2.5686322587218133,0.25716472,1.0,1.0,0.4,1.0,True,1.4127477422969974,318
1,1708,0.7 cm,170,92,78,0.00012262210214124297,4.7796305958673084e-05,2.565514210392488,0.2535253,1.0,1.0,0.4,1.0,True,1.4110328157158687,319
1,15286,intracranial lesions,275,139,136,0.00010425804032768804,3.8791541839455745e-05,2.687648785891899,0.28321734,1.0,1.0,0.36666666666666664,1.0,True,1.4110156125932467,320
1,26749,susceptibility-weighted,265,138,127,8.696870804823999e-05,3.2421573099145567e-05,2.682433322476014,0.30768403,1.0,1.0,0.36666666666666664,1.0,True,1.408277494299907,321
1,22057,parenchyma.,162,85,77,-8.266203723658227e-05,3.230385970538255e-05,-2.5588904233263774,-0.2865312,1.0,1.0,0.4,1.0,True,1.4073897328295077,322
1,7281,brain metastases.,264,134,130,0.00015464956141726899,5.517097363328143e-05,2.8030964696257947,0.2347406,1.0,1.0,0.3333333333333333,1.0,True,1.4015482348128974,323
1,13972,hospitalization.,62,31,31,-7.0120912132832e-05,2.6270713590110458e-05,-2.6691666327339063,-0.22860818,1.0,1.0,0.36666666666666664,1.0,True,1.4013124821853005,324
1,22969,positive napsin a,114,52,62,-7.058810994580339e-05,2.647306551797713e-05,-2.6664123917900233,-0.227595,1.0,1.0,0.36666666666666664,1.0,True,1.399866505689762,325
1,22968,positive napsin,114,52,62,-7.058810994580339e-05,2.647306551797713e-05,-2.6664123917900233,-0.227595,1.0,1.0,0.36666666666666664,1.0,True,1.399866505689762,326
1,23337,prior palliative radiation,51,24,27,8.116749771013755e-05,3.047449596039117e-05,2.6634566102630197,0.22205766,1.0,1.0,0.36666666666666664,1.0,True,1.398314720388085,327
1,29895,work,363,191,172,0.00010138490695930793,3.6267537493303544e-05,2.7954725897237354,0.33777568,1.0,1.0,0.3333333333333333,1.0,True,1.3977362948618677,328
1,20337,now stage,69,39,30,-6.565426015624958e-05,2.467726849147812e-05,-2.660515696010771,-0.2593491,1.0,1.0,0.36666666666666664,1.0,True,1.3967707404056546,329
1,21418,or metabolic,69,39,30,-6.968921255871163e-05,2.6226970112129686e-05,-2.6571583473335005,-0.15922965,1.0,1.0,0.36666666666666664,1.0,True,1.3950081323500876,330
1,13361,growth-factor support <new,79,42,37,9.059723784429497e-05,3.251972323130182e-05,2.7859166328048794,0.2842686,1.0,1.0,0.3333333333333333,1.0,True,1.3929583164024397,331
1,22560,perilesional edema,72,39,33,0.00011205830098282654,4.2285103410941545e-05,2.6500656719177074,0.29813722,1.0,1.0,0.36666666666666664,1.0,True,1.391284477756796,332
1,29623,with cycle,65,40,25,-7.823849209380688e-05,2.814746877620503e-05,-2.7795924640991947,-0.23371378,1.0,1.0,0.3333333333333333,1.0,True,1.3897962320495973,333
1,8550,cmp coagulation panel,104,56,48,7.593728632448933e-05,3.0063962266957665e-05,2.525857558301607,0.26570097,1.0,1.0,0.4,1.0,True,1.389221657065884,334
1,4195,>1.5,57,29,28,8.23302875830556e-05,2.9643431845760544e-05,2.7773534458301956,0.3519863,1.0,1.0,0.3333333333333333,1.0,True,1.3886767229150978,335
1,12808,frontal lobe,177,89,88,0.00018870162379981955,7.157561230778942e-05,2.636395522379395,0.24436109,1.0,1.0,0.36666666666666664,1.0,True,1.3841076492491822,336
1,17773,metastases treated,106,58,48,0.0001470158911245713,5.576537589394801e-05,2.636329241358639,0.22804388,1.0,1.0,0.36666666666666664,1.0,True,1.3840728517132854,337
1,21149,oncology for,225,114,111,7.69733540617423e-05,3.062762040936603e-05,2.513200602362291,0.26097438,1.0,1.0,0.4,1.0,True,1.3822603312992603,338
1,1066,- schedule repeat,232,111,121,8.98102250077464e-05,3.440851076768699e-05,2.6101165962720807,0.25576898,1.0,1.0,0.36666666666666664,1.0,True,1.370311213042842,339
1,7280,brain metastases treated,104,57,47,0.00014649495244037076,5.614625152840605e-05,2.6091671029232404,0.22856343,1.0,1.0,0.36666666666666664,1.0,True,1.369812729034701,340
1,26559,subset,177,89,88,8.202931891957624e-05,3.004932640655994e-05,2.7298222199639315,0.27583507,1.0,1.0,0.3333333333333333,1.0,True,1.3649111099819657,341
1,5720,and anatomic,569,297,272,-4.9357645187191963e-05,1.899486207303703e-05,-2.5984734712685555,-0.10224073,1.0,1.0,0.36666666666666664,1.0,True,1.3641985724159915,342
1,18489,mri - no,313,152,161,-7.5696275041196e-05,2.922870262527521e-05,-2.5897925067580125,-0.3390145,1.0,1.0,0.36666666666666664,1.0,True,1.3596410660479563,343
1,5702,and address any,110,54,56,-6.64490719889986e-05,2.5679178211366372e-05,-2.5876634930469176,-0.0917277,1.0,1.0,0.36666666666666664,1.0,True,1.3585233338496314,344
1,18389,month,455,241,214,8.240981402296235e-05,3.3394433713269555e-05,2.46777096837597,0.23564674,1.0,1.0,0.4,1.0,True,1.3572740326067836,345
1,7804,cbc wbc 9.0,37,18,19,-8.311280951295011e-05,3.215423106020234e-05,-2.584817200490289,-0.23854819,1.0,1.0,0.36666666666666664,1.0,True,1.3570290302574015,346
1,20261,note patient,721,377,344,5.17794626393541e-05,1.9099162199628164e-05,2.71108554910132,0.26969004,1.0,1.0,0.3333333333333333,1.0,True,1.35554277455066,347
1,13769,hgb 12.8,137,67,70,-9.178632167164146e-05,3.558929894517081e-05,-2.5790427008143175,-0.21117607,1.0,1.0,0.36666666666666664,1.0,True,1.3539974179275165,348
1,13770,hgb 12.8 g,137,67,70,-9.178632167164146e-05,3.558929894517081e-05,-2.5790427008143175,-0.21117607,1.0,1.0,0.36666666666666664,1.0,True,1.3539974179275165,349
1,23757,q6,179,83,96,0.00010379285456392147,3.833814342196166e-05,2.7072999707248386,0.2587853,1.0,1.0,0.3333333333333333,1.0,True,1.3536499853624193,350
1,29591,with apparent diffusion,227,126,101,8.910899372316615e-05,3.456552238900913e-05,2.577973297215387,0.28620282,1.0,1.0,0.36666666666666664,1.0,True,1.353435981038078,351
1,29590,with apparent,227,126,101,8.910899372316615e-05,3.456552238900913e-05,2.577973297215387,0.28620282,1.0,1.0,0.36666666666666664,1.0,True,1.353435981038078,352
1,24907,right frontal,81,43,38,0.0002477410392968607,9.153235698453498e-05,2.7065952135234346,0.20568351,1.0,1.0,0.3333333333333333,1.0,True,1.3532976067617173,353
1,13392,h prn,275,123,152,0.00013495285814279495,4.749295946825397e-05,2.8415339800629265,0.3626974,1.0,1.0,0.3,1.0,True,1.34972864052989,354
1,4735,acute thoracic,87,40,47,-7.241199546036024e-05,2.8190016831666482e-05,-2.5687106145682828,-0.23617375,1.0,1.0,0.36666666666666664,1.0,True,1.3485730726483482,355
1,10224,died of breast,168,71,97,0.00010337023177162513,3.6485754279602096e-05,2.8331669116517566,0.18907182,1.0,1.0,0.3,1.0,True,1.3457542830345843,356
1,9766,date will be,82,40,42,7.772500873354448e-05,2.8879103940993568e-05,2.691392672444199,0.2838497,1.0,1.0,0.3333333333333333,1.0,True,1.3456963362220995,357
1,8698,comorbidities and,58,27,31,6.442823547408375e-05,2.402432963364275e-05,2.6817911865420343,0.2992024,1.0,1.0,0.3333333333333333,1.0,True,1.3408955932710171,358
1,24579,required at,182,97,85,8.610139422480235e-05,3.3769136747493633e-05,2.5497067001925315,0.28956878,1.0,1.0,0.36666666666666664,1.0,True,1.338596017601079,359
1,23972,rare or,98,52,46,7.766103452364783e-05,2.9029396488771918e-05,2.675254876679431,0.24048635,1.0,1.0,0.3333333333333333,1.0,True,1.3376274383397155,360
1,13005,g12c mutation tp53,211,109,102,9.104152941343381e-05,3.5746704174726944e-05,2.546851003897599,0.25530198,1.0,1.0,0.36666666666666664,1.0,True,1.3370967770462392,361
1,16283,lesions no new,83,35,48,9.388872381123142e-05,3.335493526682931e-05,2.8148375363390836,0.3199331,1.0,1.0,0.3,1.0,True,1.3370478297610646,362
1,14385,imaging at age,127,57,70,-9.259364410061263e-05,3.468807054886843e-05,-2.6693224107165903,-0.29601565,1.0,1.0,0.3333333333333333,1.0,True,1.3346612053582951,363
1,15575,iv q3,157,71,86,0.00014297618538324972,5.097673202041027e-05,2.804734232983086,0.42630866,1.0,1.0,0.3,1.0,True,1.3322487606669657,364
1,26440,strategies e.g.,179,93,86,-7.58297067590717e-05,2.992037507643768e-05,-2.5343835618821386,-0.27234665,1.0,1.0,0.36666666666666664,1.0,True,1.3305513699881226,365
1,3940,78 kg,257,115,142,-9.917525484976946e-05,3.913340495300776e-05,-2.534286371678142,-0.27229327,1.0,1.0,0.36666666666666664,1.0,True,1.3305003451310242,366
1,15662,k l .,109,50,59,-8.40749369553323e-05,3.321145583293113e-05,-2.5315041104571816,-0.32080668,1.0,1.0,0.36666666666666664,1.0,True,1.32903965799002,367
1,10841,dwi with apparent,224,124,100,8.802104303998228e-05,3.477271727313122e-05,2.5313248415014113,0.28775284,1.0,1.0,0.36666666666666664,1.0,True,1.3289455417882408,368
1,20613,of breast,182,78,104,9.9540707060769e-05,3.560063004980431e-05,2.79603779263216,0.18873732,1.0,1.0,0.3,1.0,True,1.328117951500276,369
1,14442,imaging swi,207,107,100,8.342604277333035e-05,3.298175009373659e-05,2.5294607634897277,0.287108,1.0,1.0,0.36666666666666664,1.0,True,1.327966900832107,370
1,26751,susceptibility-weighted imaging swi,207,107,100,8.342604277333035e-05,3.298175009373659e-05,2.5294607634897277,0.287108,1.0,1.0,0.36666666666666664,1.0,True,1.327966900832107,371
1,2877,3. cdkn2a homozygous,135,65,70,7.961559497713069e-05,3.147954213473986e-05,2.5291217590255024,0.34856504,1.0,1.0,0.36666666666666664,1.0,True,1.3277889234883886,372
1,26389,stereotactic,268,135,133,0.00018975615184071775,7.15543803654208e-05,2.651915240851123,0.26922652,1.0,1.0,0.3333333333333333,1.0,True,1.3259576204255614,373
1,13174,genitourinary no dysuria,771,396,375,-3.9010839564227866e-05,1.556604738416313e-05,-2.5061493519490003,-0.23697658,1.0,1.0,0.36666666666666664,1.0,True,1.315728409773225,374
1,18827,nausea 10,222,129,93,-9.950718591801863e-05,3.7843126801686017e-05,-2.6294652246754966,-0.27283397,1.0,1.0,0.3333333333333333,1.0,True,1.3147326123377483,375
1,234,- brain metastases,118,58,60,0.00012952934307223032,4.9279547047287386e-05,2.6284605040695137,0.25913402,1.0,1.0,0.3333333333333333,1.0,True,1.3142302520347569,376
1,12600,for pre-cycle,126,67,59,-7.409429093993984e-05,2.8199676771171028e-05,-2.6274872418285162,-0.18602641,1.0,1.0,0.3333333333333333,1.0,True,1.3137436209142581,377
1,10821,dry cough,262,139,123,-0.00010700728263112899,3.873044590746164e-05,-2.7628724669682523,-0.31383166,1.0,1.0,0.3,1.0,True,1.3123644218099197,378
1,1737,0.9,665,347,318,8.536417914361882e-05,3.2750472102804166e-05,2.6065022475297313,0.18081048,1.0,1.0,0.3333333333333333,1.0,True,1.3032511237648656,379
1,29315,weight 78 kg,245,108,137,-9.164774110025606e-05,3.6933536191697915e-05,-2.4814234040459153,-0.28568524,1.0,1.0,0.36666666666666664,1.0,True,1.3027472871241053,380
1,12849,function 75 100,244,151,93,-7.435589845455183e-05,2.8558523865103024e-05,-2.603632414818566,-0.2830082,1.0,1.0,0.3333333333333333,1.0,True,1.301816207409283,381
1,18753,myelosuppression nausea,96,50,46,7.741076645025857e-05,2.9732319712960783e-05,2.6035898711432868,0.25046676,1.0,1.0,0.3333333333333333,1.0,True,1.3017949355716434,382
1,20529,occasional dry cough,74,34,40,-9.053215976310476e-05,3.479990283210735e-05,-2.6015061076428436,-0.3443873,1.0,1.0,0.3333333333333333,1.0,True,1.3007530538214218,383
1,27459,the surrounding lung,73,33,40,-6.384526647503413e-05,2.4576471418165196e-05,-2.5978207118799084,-0.3007924,1.0,1.0,0.3333333333333333,1.0,True,1.2989103559399542,384
1,23263,primary lung lesion,131,71,60,8.83394956972502e-05,3.404773816263194e-05,2.594577509827203,0.28214866,1.0,1.0,0.3333333333333333,1.0,True,1.2972887549136014,385
1,19827,no sore throat,302,165,137,-8.770974058568922e-05,3.214069791568983e-05,-2.7289308034245505,-0.22171341,1.0,1.0,0.3,1.0,True,1.2962421316266615,386
1,18319,moist. neck supple,102,48,54,-7.038081491049768e-05,2.8536559912742526e-05,-2.4663384488426128,-0.36688003,1.0,1.0,0.36666666666666664,1.0,True,1.2948276856423715,387
1,10800,drug allergies medications,84,41,43,6.97280795173906e-05,2.6930498761584474e-05,2.589186339796111,0.2643831,1.0,1.0,0.3333333333333333,1.0,True,1.2945931698980555,388
1,5447,allergies medications,84,41,43,6.97280795173906e-05,2.6930498761584474e-05,2.589186339796111,0.2643831,1.0,1.0,0.3333333333333333,1.0,True,1.2945931698980555,389
1,12103,ffpe core needle,101,54,47,-6.94788952086628e-05,2.8219640393840118e-05,-2.4620758535189875,-0.32747155,1.0,1.0,0.36666666666666664,1.0,True,1.2925898230974682,390
1,9487,ct identified a,60,33,27,-8.228206266826632e-05,3.024511232647167e-05,-2.7205077560994853,-0.2580796,1.0,1.0,0.3,1.0,True,1.2922411841472554,391
1,25257,secondary to brain,40,18,22,9.673990859603491e-05,3.7484020384017705e-05,2.580830647431899,0.23871751,1.0,1.0,0.3333333333333333,1.0,True,1.2904153237159495,392
1,17774,metastases treated with,103,56,47,0.00014444929804824144,5.605717341226346e-05,2.5768209357598595,0.222639,1.0,1.0,0.3333333333333333,1.0,True,1.2884104678799297,393
1,12064,fever chills and,73,32,41,-7.663914946350017e-05,2.9745742007189304e-05,-2.5764746243336982,-0.34592974,1.0,1.0,0.3333333333333333,1.0,True,1.2882373121668491,394
1,9227,correction and anatomic,568,296,272,-4.814773476785699e-05,1.8704770862961455e-05,-2.5740884569293216,-0.10467208,1.0,1.0,0.3333333333333333,1.0,True,1.2870442284646608,395
1,11787,extracted from,320,159,161,7.011261848266632e-05,2.7293818014476923e-05,2.568809480794437,0.25751066,1.0,1.0,0.3333333333333333,1.0,True,1.2844047403972185,396
1,11348,encourage low-impact exercise,94,38,56,8.106461288308289e-05,3.160068499276596e-05,2.5652802431858746,0.465,1.0,1.0,0.3333333333333333,1.0,True,1.2826401215929373,397
1,21199,ongoing clinical,109,52,57,7.572609195423433e-05,2.953324207768517e-05,2.5640968152105357,0.25327715,1.0,1.0,0.3333333333333333,1.0,True,1.2820484076052678,398
1,8151,chills and,92,43,49,-7.89857277888054e-05,2.9264291834393097e-05,-2.699047980924547,-0.35338408,1.0,1.0,0.3,1.0,True,1.2820477909391599,399
1,12845,function 70,553,299,254,-8.306561164748082e-05,3.0803696111871e-05,-2.6966118398846732,-0.3115127,1.0,1.0,0.3,1.0,True,1.2808906239452198,400
1,2510,2 moderate,70,34,36,-0.00011518867281236265,4.272037422242353e-05,-2.6963404443189822,-0.34312823,1.0,1.0,0.3,1.0,True,1.2807617110515166,401
1,4053,9.0,95,51,44,-9.183686496305946e-05,3.767216634739081e-05,-2.4377909174692345,-0.19351883,1.0,1.0,0.36666666666666664,1.0,True,1.279840231671348,402
1,9486,ct identified,67,38,29,-8.192653194114405e-05,3.05427573527763e-05,-2.682355459753441,-0.2354994,1.0,1.0,0.3,1.0,True,1.2741188433828843,403
1,251,- cbc and,202,106,96,7.701692442588503e-05,3.173534552127205e-05,2.42685003616113,0.18743598,1.0,1.0,0.36666666666666664,1.0,True,1.2740962689845932,404
1,13781,hgb 13.8,135,73,62,-8.791722712597091e-05,3.626098317678324e-05,-2.4245682114394937,-0.25352994,1.0,1.0,0.36666666666666664,1.0,True,1.272898311005734,405
1,13782,hgb 13.8 g,135,73,62,-8.791722712597091e-05,3.626098317678324e-05,-2.4245682114394937,-0.25352994,1.0,1.0,0.36666666666666664,1.0,True,1.272898311005734,406
1,20469,observation,127,60,67,-8.4465272553459e-05,3.319037577094749e-05,-2.5448724394194393,-0.24230139,1.0,1.0,0.3333333333333333,1.0,True,1.2724362197097197,407
1,1978,1.5 t scanner.,142,77,65,8.833868258311123e-05,3.3000832646293306e-05,2.676862233445299,0.20803523,1.0,1.0,0.3,1.0,True,1.271509560886517,408
1,6882,baseline cardiac,126,78,48,8.179951933679753e-05,3.055852196029092e-05,2.6768153068100413,0.24138202,1.0,1.0,0.3,1.0,True,1.2714872707347695,409
1,8425,cm axial,463,229,234,-6.946560147579475e-05,2.8756448441492918e-05,-2.4156530183874256,-0.26219305,1.0,1.0,0.36666666666666664,1.0,True,1.2682178346533983,410
1,25670,single dose of,66,32,34,-6.964185536556841e-05,2.8853679186840906e-05,-2.4136213241509066,-0.28545207,1.0,1.0,0.36666666666666664,1.0,True,1.2671511951792258,411
1,5935,and met amplification,111,60,51,-0.00010904438712481553,4.0894910316132836e-05,-2.6664537538256456,-0.1892928,1.0,1.0,0.3,1.0,True,1.2665655330671817,412
1,19892,nodal metastasis. 3.,123,57,66,-7.688690007399102e-05,2.8863499139763018e-05,-2.663810777123341,-0.31557655,1.0,1.0,0.3,1.0,True,1.265310119133587,413
1,24989,risks and,137,75,62,-8.092440972309679e-05,3.200227739423032e-05,-2.528707839326667,-0.24296229,1.0,1.0,0.3333333333333333,1.0,True,1.2643539196633335,414
1,26055,spouse,644,347,297,-6.908608458742748e-05,2.595528579779908e-05,-2.6617346896363494,-0.20345752,1.0,1.0,0.3,1.0,True,1.264323977577266,415
1,21439,or novel fusions,77,39,38,6.976379194629731e-05,2.7593143314445213e-05,2.5283017288492626,0.24188922,1.0,1.0,0.3333333333333333,1.0,True,1.2641508644246313,416
1,18526,mri was negative,164,91,73,-7.078398661132834e-05,2.661679655293584e-05,-2.6593728689533394,-0.29341322,1.0,1.0,0.3,1.0,True,1.2632021127528361,417
1,3720,65 100,504,264,240,-6.745415303773497e-05,2.6706881674993564e-05,-2.5257217918067263,-0.18942963,1.0,1.0,0.3333333333333333,1.0,True,1.2628608959033631,418
1,14326,illness john is,124,51,73,-0.00011907586452989892,4.964817902909088e-05,-2.398393392436962,-0.2560418,1.0,1.0,0.36666666666666664,1.0,True,1.2591565310294048,419
1,22541,performed on,674,345,329,5.6586085981032776e-05,2.2503064186794237e-05,2.514594701917969,0.2626679,1.0,1.0,0.3333333333333333,1.0,True,1.2572973509589844,420
1,10281,diffusion,661,336,325,7.272180456611912e-05,2.747670637081231e-05,2.646671096044078,0.26007283,1.0,1.0,0.3,1.0,True,1.257168770620937,421
1,12635,for stereotactic,63,37,26,8.303565023650022e-05,3.138966967284831e-05,2.6453177463133697,0.26586005,1.0,1.0,0.3,1.0,True,1.2565259294988504,422
1,1046,- right cerebellar,76,39,37,9.776748352115504e-05,3.9041300208805184e-05,2.5042066477874383,0.35815763,1.0,1.0,0.3333333333333333,1.0,True,1.2521033238937191,423
1,11972,fdg uptake,656,341,315,-8.374993095116093e-05,3.179181115059655e-05,-2.6343239947683643,-0.22621757,1.0,1.0,0.3,1.0,True,1.251303897514973,424
1,13190,genomics division,162,81,81,7.513699430515355e-05,3.153318761461695e-05,2.382790957369765,0.22649057,1.0,1.0,0.36666666666666664,1.0,True,1.2509652526191266,425
1,15142,instrument pro-ctcae fatigue,507,256,251,-7.867774635879586e-05,2.9920876045620633e-05,-2.629526830659476,-0.3501465,1.0,1.0,0.3,1.0,True,1.249025244563251,426
1,23427,pro-ctcae fatigue -,507,256,251,-7.867774635879586e-05,2.9920876045620633e-05,-2.629526830659476,-0.3501465,1.0,1.0,0.3,1.0,True,1.249025244563251,427
1,18525,mri was,227,125,102,-8.235269467439956e-05,3.132362016503388e-05,-2.6290924944342393,-0.24160817,1.0,1.0,0.3,1.0,True,1.2488189348562637,428
1,23642,psychiatric mild anxiety,87,40,47,7.783476635145861e-05,2.961505681240892e-05,2.6282160066242146,0.23835868,1.0,1.0,0.3,1.0,True,1.2484026031465019,429
1,17943,mg nightly. -,117,52,65,-7.565647826516584e-05,2.880890189621131e-05,-2.6261493248764025,-0.25254205,1.0,1.0,0.3,1.0,True,1.2474209293162912,430
1,16853,lower lobe. -,118,61,57,8.409382895281092e-05,3.207894997264163e-05,2.621464512539529,0.29036567,1.0,1.0,0.3,1.0,True,1.2451956434562763,431
1,11731,exposure and,75,39,36,7.238214760820032e-05,2.914171023559819e-05,2.483798892481663,0.20674728,1.0,1.0,0.3333333333333333,1.0,True,1.2418994462408315,432
1,18191,ml min cockcroft-gault,102,51,51,-7.955732584139815e-05,3.2044929937367386e-05,-2.4826805986748894,-0.19122082,1.0,1.0,0.3333333333333333,1.0,True,1.2413402993374447,433
1,18273,moderate nausea,366,195,171,-7.782238709795852e-05,2.9807999578932702e-05,-2.610788653961227,-0.29942483,1.0,1.0,0.3,1.0,True,1.2401246106315826,434
1,23758,q6 h,168,77,91,0.00010513137798236762,3.815808020173021e-05,2.755153755811872,0.2810625,1.0,1.0,0.26666666666666666,1.0,True,1.2398191901153426,435
1,17278,margins negative,113,61,52,-8.211147019940408e-05,3.313975274511939e-05,-2.4777333382940503,-0.29933104,1.0,1.0,0.3333333333333333,1.0,True,1.2388666691470251,436
1,21776,p.g12c 28,73,44,29,-6.0369817612931044e-05,2.68277636513731e-05,-2.250273947446275,-0.22165538,1.0,1.0,0.4,1.0,True,1.2376506710954513,437
1,13650,hemoptysis unexplained,99,57,42,-6.597014384394125e-05,2.802564143936421e-05,-2.3539209258304794,-0.27054593,1.0,1.0,0.36666666666666664,1.0,True,1.2358084860610015,438
1,13651,hemoptysis unexplained weight,99,57,42,-6.597014384394125e-05,2.802564143936421e-05,-2.3539209258304794,-0.27054593,1.0,1.0,0.36666666666666664,1.0,True,1.2358084860610015,439
1,11661,exercises,88,45,43,-7.743406982302169e-05,2.9785862449148322e-05,-2.599692050388683,-0.20826812,1.0,1.0,0.3,1.0,True,1.2348537239346244,440
1,26513,subarachnoid,163,92,71,0.00010532649705377112,4.053197673180413e-05,2.598602524389708,0.28132042,1.0,1.0,0.3,1.0,True,1.2343361990851114,441
1,12796,from the prior,100,51,49,-7.258625864492922e-05,2.79359775473826e-05,-2.5983074521668215,-0.274137,1.0,1.0,0.3,1.0,True,1.2341960397792402,442
1,1827,1-2 drinks week,343,192,151,-8.650476116349042e-05,3.506213683315259e-05,-2.4671845180210714,-0.18611228,1.0,1.0,0.3333333333333333,1.0,True,1.2335922590105357,443
1,13470,he denies,425,202,223,-0.0001219505353686299,4.702404027337313e-05,-2.5933657478105534,-0.29222104,1.0,1.0,0.3,1.0,True,1.2318487302100127,444
1,19124,new 2.5 cm,72,34,38,-0.00013218287807893693,5.3679458929691096e-05,-2.4624480334660035,-0.2569993,1.0,1.0,0.3333333333333333,1.0,True,1.2312240167330017,445
1,16252,lesions are identified,85,46,39,9.625776629692729e-05,3.909496439941664e-05,2.4621525502236707,0.24738298,1.0,1.0,0.3333333333333333,1.0,True,1.2310762751118354,446
1,19123,new 2.5,73,34,39,-0.00013148273989119165,5.345820371903524e-05,-2.4595427968780337,-0.25661772,1.0,1.0,0.3333333333333333,1.0,True,1.2297713984390168,447
1,1973,1.5 k l,210,113,97,-8.546409928010899e-05,3.303609755881836e-05,-2.5869913699082163,-0.3209509,1.0,1.0,0.3,1.0,True,1.2288209007064026,448
1,22017,papillary,192,100,92,-7.692606027529145e-05,2.976769432847127e-05,-2.5842129197663666,-0.23467387,1.0,1.0,0.3,1.0,True,1.227501136889024,449
1,613,- limited functional,62,19,43,7.879127180554853e-05,3.0491135627041804e-05,2.584071409123594,0.20253882,1.0,1.0,0.3,1.0,True,1.227433919333707,450
1,10840,dwi with,251,139,112,8.611459728782979e-05,3.515115587504097e-05,2.4498368586785317,0.255888,1.0,1.0,0.3333333333333333,1.0,True,1.2249184293392659,451
1,19192,new medications or,87,54,33,-6.218726627166899e-05,2.5408484173952116e-05,-2.4475000494292054,-0.14170693,1.0,1.0,0.3333333333333333,1.0,True,1.2237500247146027,452
1,27708,three enhancing,75,38,37,0.00014380808657661905,5.586980143988919e-05,2.573985997271593,0.25069746,1.0,1.0,0.3,1.0,True,1.2226433487040065,453
1,4981,adrenal glands and,303,166,137,-7.974629111336343e-05,3.101481485997212e-05,-2.571232215101319,-0.29932943,1.0,1.0,0.3,1.0,True,1.2213353021731266,454
1,26256,standard,756,391,365,-5.200958523283554e-05,2.2367863754180256e-05,-2.32519232969289,-0.20114216,1.0,1.0,0.36666666666666664,1.0,True,1.220725973088767,455
1,10927,e.,136,62,74,7.29422095522872e-05,2.8409642774448175e-05,2.5675159005481025,0.22601447,1.0,1.0,0.3,1.0,True,1.2195700527603486,456
1,7906,cerebellar hemisphere,155,77,78,0.00015832766070435783,6.168174765555721e-05,2.566847839469304,0.26910743,1.0,1.0,0.3,1.0,True,1.2192527237479194,457
1,8423,cm and right,83,38,45,0.00011662995688618815,4.312833273645671e-05,2.704253781357051,0.3458166,1.0,1.0,0.26666666666666666,1.0,True,1.216914201610673,458
1,7638,capable,380,182,198,9.423453292993512e-05,3.485105076476529e-05,2.703922288197033,0.2982473,1.0,1.0,0.26666666666666666,1.0,True,1.2167650296886647,459
1,7639,capable of,380,182,198,9.417211906560057e-05,3.485185367096209e-05,2.702069162652976,0.29882786,1.0,1.0,0.26666666666666666,1.0,True,1.2159311231938392,460
1,29158,was negative for,252,135,117,-7.023331243015455e-05,2.7506305580343236e-05,-2.5533531656954036,-0.2685712,1.0,1.0,0.3,1.0,True,1.2128427537053166,461
1,2819,3 days,546,287,259,7.176510032618905e-05,2.8111793433677784e-05,2.5528467436807083,0.22025292,1.0,1.0,0.3,1.0,True,1.2126022032483363,462
1,18031,mild fatigue grade,234,131,103,0.00010051419057556296,3.9425116151408705e-05,2.5494963715400867,0.36288118,1.0,1.0,0.3,1.0,True,1.2110107764815412,463
1,13512,he underwent a,82,39,43,-8.326113442059805e-05,3.097697131733009e-05,-2.6878397364179225,-0.25876084,1.0,1.0,0.26666666666666666,1.0,True,1.2095278813880652,464
1,23046,post-surgical changes,235,126,109,-0.00011140317907652277,4.1510174716914765e-05,-2.6837559667299513,-0.33806112,1.0,1.0,0.26666666666666666,1.0,True,1.207690185028478,465
1,25652,since,743,380,363,-4.959981162685196e-05,2.1617876664314083e-05,-2.29438868567186,-0.25209126,1.0,1.0,0.36666666666666664,1.0,True,1.2045540599777262,466
1,12802,frontal 1.2,35,15,20,7.013467513220638e-05,2.768918841143623e-05,2.5329263570339697,0.2638765,1.0,1.0,0.3,1.0,True,1.2031400195911355,467
1,12803,frontal 1.2 cm,35,15,20,7.013467513220638e-05,2.768918841143623e-05,2.5329263570339697,0.2638765,1.0,1.0,0.3,1.0,True,1.2031400195911355,468
1,7066,bilaterally. no,76,35,41,7.027586799910663e-05,2.7769822794625216e-05,2.5306559756912947,0.26768345,1.0,1.0,0.3,1.0,True,1.202061588453365,469
1,1104,- spleen pancreas,126,55,71,-8.440176414095e-05,3.511256023023684e-05,-2.4037485044530658,-0.27098742,1.0,1.0,0.3333333333333333,1.0,True,1.2018742522265329,470
1,25793,slight reduction,61,31,30,-8.503313314476348e-05,3.186893124968541e-05,-2.668214144947295,-0.37820992,1.0,1.0,0.26666666666666666,1.0,True,1.2006963652262828,471
1,15015,initial consultation,136,61,75,-7.043585546571573e-05,2.786694300886687e-05,-2.5275774039263665,-0.20504765,1.0,1.0,0.3,1.0,True,1.200599266865024,472
1,28701,upper lobe. the,155,85,70,6.964532054604982e-05,2.901688751378562e-05,2.4001650939633707,0.29257464,1.0,1.0,0.3333333333333333,1.0,True,1.2000825469816854,473
1,13625,hemisphere 0.9 cm,39,21,18,0.00010106114903044262,4.016067486811141e-05,2.5164205871123877,0.22630726,1.0,1.0,0.3,1.0,True,1.1952997788783841,474
1,16015,lab,314,148,166,8.093855619211396e-05,3.386898954143642e-05,2.389754087381057,0.1837081,1.0,1.0,0.3333333333333333,1.0,True,1.1948770436905285,475
1,6616,at 78,219,90,129,-7.551808468844735e-05,3.165480451103752e-05,-2.3856752823134766,-0.27547124,1.0,1.0,0.3333333333333333,1.0,True,1.1928376411567383,476
1,23865,radiation oncology,536,281,255,7.801935704661737e-05,3.116800367191609e-05,2.503187495351737,0.24975038,1.0,1.0,0.3,1.0,True,1.1890140602920751,477
1,5799,and demonstrates,74,41,33,7.826093130804404e-05,2.9631975742716522e-05,2.641097306084304,0.38396624,1.0,1.0,0.26666666666666666,1.0,True,1.188493787737937,478
1,20697,of intracranial,321,158,163,-7.330674015840239e-05,2.930520875738461e-05,-2.5014918257468426,-0.1618253,1.0,1.0,0.3,1.0,True,1.1882086172297501,479
1,23442,proceed with cycle,60,37,23,-7.369214844251826e-05,2.7916420245820712e-05,-2.639742051223437,-0.22301142,1.0,1.0,0.26666666666666666,1.0,True,1.1878839230505467,480
1,1345,--- patient-reported outcomes,161,79,82,-8.313523586845694e-05,3.1497290202863876e-05,-2.6394408958043605,-0.3034941,1.0,1.0,0.26666666666666666,1.0,True,1.1877484031119623,481
1,20654,of disease.,170,85,85,-8.670148068405912e-05,3.286385415657794e-05,-2.6382018454370844,-0.22292025,1.0,1.0,0.26666666666666666,1.0,True,1.187190830446688,482
1,26321,status 45,106,42,64,7.512248857114177e-05,2.8509990034328544e-05,2.634953168369672,0.16043617,1.0,1.0,0.26666666666666666,1.0,True,1.1857289257663524,483
1,11400,enhancing intracranial mass,72,35,37,-6.67428610701637e-05,2.4844214142629923e-05,-2.6864549100645667,-0.3116714,0.8571428571428571,1.0,0.3,1.0,True,1.1849185049749071,484
1,1972,1.5 k,239,130,109,-8.910493728124809e-05,3.575027184382752e-05,-2.4924268456054426,-0.25745672,1.0,1.0,0.3,1.0,True,1.183902751662585,485
1,11083,effect,359,188,171,9.335128338276592e-05,3.5496939174626795e-05,2.629840362390834,0.253328,1.0,1.0,0.26666666666666666,1.0,True,1.1834281630758754,486
1,25834,smoking history,214,117,97,8.249993683930458e-05,3.493072541980599e-05,2.361815732361701,0.30799222,1.0,1.0,0.3333333333333333,1.0,True,1.1809078661808505,487
1,18115,min cockcroft-gault,102,51,51,-7.955732584139815e-05,3.2044929937367386e-05,-2.4826805986748894,-0.19122082,1.0,1.0,0.3,1.0,True,1.1792732843705724,488
1,17942,mg nightly.,175,85,90,-7.711857881802875e-05,3.11157183140722e-05,-2.4784444324768033,-0.2117989,1.0,1.0,0.3,1.0,True,1.1772611054264814,489
1,20235,not indicated based,65,31,34,-5.6812101884044066e-05,2.413451514406419e-05,-2.3539773450976837,-0.15893558,1.0,1.0,0.3333333333333333,1.0,True,1.1769886725488419,490
1,24616,residual tumor,51,30,21,-8.389580073301334e-05,3.212421815353659e-05,-2.611605995577426,-0.32441804,1.0,1.0,0.26666666666666666,1.0,True,1.1752226980098417,491
1,6689,at rest mild,126,56,70,-6.7078955784482e-05,2.716295578884987e-05,-2.4695013424134524,-0.15408872,1.0,1.0,0.3,1.0,True,1.17301313764639,492
1,24714,rest mild,126,56,70,-6.70302663119377e-05,2.7169883267344827e-05,-2.4670796577363516,-0.15293895,1.0,1.0,0.3,1.0,True,1.171862837424767,493
1,5265,ago. he,309,155,154,-9.430601572348531e-05,4.0303833986726694e-05,-2.339877038857971,-0.29201192,1.0,1.0,0.3333333333333333,1.0,True,1.1699385194289855,494
1,27528,therapy considerations,104,46,58,6.409921756020555e-05,2.6030353777195113e-05,2.4624796923183627,0.21398178,1.0,1.0,0.3,1.0,True,1.1696778538512222,495
1,13891,history - left,69,33,36,-9.571885698689816e-05,3.687549687813942e-05,-2.595730636612583,-0.25888547,1.0,1.0,0.26666666666666666,1.0,True,1.1680787864756625,496
1,13342,grossly intact,659,344,315,-6.570824265130767e-05,2.673149627338317e-05,-2.4580832280882854,-0.20852599,1.0,1.0,0.3,1.0,True,1.1675895333419355,497
1,22893,po daily allergies,169,83,86,8.57237312200047e-05,3.305055778026879e-05,2.5937151133703966,0.2605856,1.0,1.0,0.26666666666666666,1.0,True,1.1671718010166785,498
1,19902,node dissection,274,150,124,-0.00020537222429811163,7.918368325955786e-05,-2.5936179758766422,-0.2954467,1.0,1.0,0.26666666666666666,1.0,True,1.167128089144489,499
1,14360,images reviewed in,60,36,24,-6.096941173495442e-05,2.4833283000982814e-05,-2.455149072820596,-0.23022048,1.0,1.0,0.3,1.0,True,1.1661958095897829,500
1,4201,>50 % of,77,35,42,7.82233626577151e-05,3.023705892181443e-05,2.587003017058683,0.32388657,1.0,1.0,0.26666666666666666,1.0,True,1.1641513576764073,501
1,12698,four,600,310,290,-8.466656489361345e-05,3.276977489952953e-05,-2.5836785621261313,-0.21760516,1.0,1.0,0.26666666666666666,1.0,True,1.1626553529567591,502
1,26992,t2-weighted flair diffusion-weighted,246,122,124,7.66365607152462e-05,3.1476614650578855e-05,2.434714201828463,0.29185984,1.0,1.0,0.3,1.0,True,1.1564892458685199,503
1,29515,wild-type. -,74,38,36,-7.926507259894252e-05,3.084599331225705e-05,-2.5697040064988124,-0.12464755,1.0,1.0,0.26666666666666666,1.0,True,1.1563668029244656,504
1,29526,will obtain,81,34,47,6.783837403012057e-05,2.6403938074575346e-05,2.569252125895679,0.25253615,1.0,1.0,0.26666666666666666,1.0,True,1.1561634566530554,505
1,20822,of right,497,261,236,-7.803316603814642e-05,3.206018870510812e-05,-2.433958413529658,-0.2226475,1.0,1.0,0.3,1.0,True,1.1561302464265875,506
1,29978,years ago. she,101,53,48,8.773566765008534e-05,3.42243384396467e-05,2.563546050855119,0.2726613,1.0,1.0,0.26666666666666666,1.0,True,1.1535957228848035,507
1,24909,right hemithorax,82,43,39,-6.970378521355505e-05,2.7240971562373596e-05,-2.5587848456122217,-0.20745257,1.0,1.0,0.26666666666666666,1.0,True,1.1514531805254997,508
1,6759,attenuation correction and,580,302,278,-4.654371787950963e-05,1.8204714751390927e-05,-2.556684821219375,-0.11472312,1.0,1.0,0.26666666666666666,1.0,True,1.1505081695487187,509
1,29792,with spouse,640,346,294,-6.602760909383063e-05,2.583434046084104e-05,-2.5558078091412244,-0.17158325,1.0,1.0,0.26666666666666666,1.0,True,1.150113514113551,510
1,25646,signs of recurrence,63,35,28,-6.143822716358776e-05,2.5378996450593777e-05,-2.420829652708759,-0.17636213,1.0,1.0,0.3,1.0,True,1.1498940850366604,511
1,24173,reconstructed with standard,96,44,52,-6.218815718747786e-05,2.4338618000351638e-05,-2.5551227759349104,-0.14067203,1.0,1.0,0.26666666666666666,1.0,True,1.1498052491707098,512
1,2454,19 deletion -,48,24,24,8.043217834280728e-05,3.325034026515723e-05,2.4189881276821557,0.19736065,1.0,1.0,0.3,1.0,True,1.149019360649024,513
1,5229,ago - left,78,33,45,8.298612028586553e-05,3.442386962904495e-05,2.410714460057287,0.20476519,1.0,1.0,0.3,1.0,True,1.1450893685272112,514
1,684,- mediastinum hilum,250,133,117,-8.55761641932028e-05,3.1765813096392426e-05,-2.6939705252789987,-0.18440032,1.0,1.0,0.23333333333333334,1.0,True,1.1449374732435744,515
1,17608,mediastinal or hilar,452,244,208,-8.43606753477783e-05,3.5067775935148993e-05,-2.4056465828852933,-0.21140468,1.0,1.0,0.3,1.0,True,1.1426821268705143,516
1,18498,mri brain without,65,39,26,-6.250139035895527e-05,2.6051647081834057e-05,-2.3991339266428877,-0.18733193,1.0,1.0,0.3,1.0,True,1.1395886151553716,517
1,772,- no diffusion,128,58,70,-6.846368963741813e-05,2.8552648391344668e-05,-2.397805229800397,-0.29228604,1.0,1.0,0.3,1.0,True,1.1389574841551884,518
1,14040,hydrocephalus.,200,99,101,8.425767044518886e-05,3.521954400698718e-05,2.39235551796108,0.26738426,1.0,1.0,0.3,1.0,True,1.136368871031513,519
1,14922,influenza pneumococcal,57,23,34,-5.861245159642605e-05,2.451307514788649e-05,-2.391068898651812,-0.19601971,1.0,1.0,0.3,1.0,True,1.1357577268596106,520
1,11959,fdg,667,344,323,-9.548985181431066e-05,3.7866171887515214e-05,-2.521771994749605,-0.21188936,1.0,1.0,0.26666666666666666,1.0,True,1.1347973976373222,521
1,21964,palpitations edema. -,93,48,45,-6.640545453124446e-05,2.783789966991704e-05,-2.3854333595075548,-0.2133985,1.0,1.0,0.3,1.0,True,1.1330808457660884,522
1,23013,post-contrast t1-weighted images,169,89,80,8.396051129605241e-05,3.335836693082868e-05,2.51692510817905,0.22996826,1.0,1.0,0.26666666666666666,1.0,True,1.1326162986805723,523
1,26785,suvmax =,30,13,17,-0.00011310641555733317,4.745254632864975e-05,-2.3835689400938325,-0.30599326,1.0,1.0,0.3,1.0,True,1.1321952465445704,524
1,7780,cbc cmp coagulation,102,49,53,7.670356941084588e-05,3.0488497283026667e-05,2.5158199401827432,0.30220023,1.0,1.0,0.26666666666666666,1.0,True,1.1321189730822345,525
1,10284,diffusion no,61,29,32,6.788210872365669e-05,2.850364761492729e-05,2.3815235734287916,0.29563415,1.0,1.0,0.3,1.0,True,1.131223697378676,526
1,27547,therapy initiation.,162,87,75,8.519625776183411e-05,3.394015937111075e-05,2.510190268415523,0.22102766,1.0,1.0,0.26666666666666666,1.0,True,1.1295856207869852,527
1,23684,pulmonary function tests,459,235,224,-6.432320322398322e-05,2.708446607498747e-05,-2.3749112515600133,-0.1977094,1.0,1.0,0.3,1.0,True,1.1280828444910063,528
1,27133,tepotinib,116,64,52,-0.00011026719128262474,4.4065099003254934e-05,-2.502370215359772,-0.13868777,1.0,1.0,0.26666666666666666,1.0,True,1.1260665969118975,529
1,4959,administration.,149,82,67,8.991037729358281e-05,3.5991641047631544e-05,2.4980905198125005,0.21251746,1.0,1.0,0.26666666666666666,1.0,True,1.1241407339156253,530
1,8749,completed,767,396,371,-5.5139547413641165e-05,2.2149649109322456e-05,-2.489409522538836,-0.21306783,1.0,1.0,0.26666666666666666,1.0,True,1.1202342851424762,531
1,13624,hemisphere 0.9,41,23,18,9.911148260870022e-05,3.98218487241284e-05,2.488871958087865,0.22286092,1.0,1.0,0.26666666666666666,1.0,True,1.1199923811395394,532
1,7907,cerebellar hemisphere 0.9,41,23,18,9.911148260870022e-05,3.98218487241284e-05,2.488871958087865,0.22286092,1.0,1.0,0.26666666666666666,1.0,True,1.1199923811395394,533
1,13564,health status 45,106,42,64,7.512248857114177e-05,2.8509990034328544e-05,2.634953168369672,0.16043617,1.0,1.0,0.23333333333333334,1.0,True,1.1198550965571106,534
1,4955,administration of gadolinium-based,92,49,43,7.786546499630344e-05,2.961009080960858e-05,2.629693556057444,0.23928446,1.0,1.0,0.23333333333333334,1.0,True,1.1176197613244137,535
1,20677,of gadolinium-based,92,49,43,7.786546499630344e-05,2.961009080960858e-05,2.629693556057444,0.23928446,1.0,1.0,0.23333333333333334,1.0,True,1.1176197613244137,536
1,10430,disease or,270,144,126,-7.588757869603312e-05,3.226636621624665e-05,-2.3519096692649097,-0.2261688,1.0,1.0,0.3,1.0,True,1.117157092900832,537
1,25296,seizure disorder,27,15,12,0.00011783159853541638,4.485846428607661e-05,2.62674169547952,0.31871933,1.0,1.0,0.23333333333333334,1.0,True,1.116365220578796,538
1,17720,met amplification and,57,29,28,-8.033394188116428e-05,3.2411651024350774e-05,-2.478551364779586,-0.10652431,1.0,1.0,0.26666666666666666,1.0,True,1.1153481141508137,539
1,24715,rest mild exertional,111,49,62,-6.629504580370642e-05,2.6792733839162993e-05,-2.4743666025899462,-0.15871151,1.0,1.0,0.26666666666666666,1.0,True,1.1134649711654758,540
1,16945,lung lesion,185,98,87,8.474166527482406e-05,3.43304122261475e-05,2.468413857561582,0.25932106,1.0,1.0,0.26666666666666666,1.0,True,1.110786235902712,541
1,11414,enlarged hyperchromatic nuclei,92,46,46,-6.986193182799889e-05,2.830908663979927e-05,-2.4678271226801494,-0.29811975,1.0,1.0,0.26666666666666666,1.0,True,1.1105222052060673,542
1,10498,disorder,31,16,15,0.00011400667793933467,4.36708223372813e-05,2.6105915079599593,0.3309005,1.0,1.0,0.23333333333333334,1.0,True,1.1095013908829827,543
1,599,- left lung,194,99,95,-8.437609072028914e-05,3.4267868439884115e-05,-2.462250923727851,-0.25923958,1.0,1.0,0.26666666666666666,1.0,True,1.1080129156775331,544
1,22792,platinum-based doublet chemotherapy,387,217,170,-8.165833973131339e-05,3.31653140982141e-05,-2.46216090369277,-0.19937031,1.0,1.0,0.26666666666666666,1.0,True,1.1079724066617465,545
1,5245,ago he reports,75,33,42,-7.122324870164777e-05,2.736712708781067e-05,-2.602510978705201,-0.28433368,1.0,1.0,0.23333333333333334,1.0,True,1.1060671659497103,546
1,15710,kg since,61,32,29,-7.663204308983699e-05,3.117974230847314e-05,-2.4577510080643648,-0.17480755,1.0,1.0,0.26666666666666666,1.0,True,1.105987953628964,547
1,1702,0.6-1.3,359,161,198,-9.022767995746726e-05,3.6795099670895394e-05,-2.452165662397609,-0.21230142,1.0,1.0,0.26666666666666666,1.0,True,1.103474548078924,548
1,7508,c.34g>t p.g12c 28,71,42,29,-5.942102582722827e-05,2.696238723143833e-05,-2.203848840133226,-0.2239389,1.0,1.0,0.3333333333333333,1.0,True,1.101924420066613,549
1,25170,scanner. sequences obtained,130,72,58,8.523522692569914e-05,3.480907114245674e-05,2.4486498527028338,0.29572853,1.0,1.0,0.26666666666666666,1.0,True,1.1018924337162752,550
1,2638,2.5,454,233,221,-0.00011734980650055761,4.794587070370089e-05,-2.4475477195056867,-0.22492173,1.0,1.0,0.26666666666666666,1.0,True,1.101396473777559,551
1,23034,post-operative,268,143,125,-0.00015171356497285272,5.856595678531479e-05,-2.5904736010544336,-0.3144452,1.0,1.0,0.23333333333333334,1.0,True,1.1009512804481343,552
1,17001,lymph node dissection,273,150,123,-0.00020388201986646802,7.873845888808769e-05,-2.5893575102384085,-0.2927269,1.0,1.0,0.23333333333333334,1.0,True,1.1004769418513236,553
1,12065,fever chills chest,124,55,69,-7.175002618463513e-05,2.935480469943077e-05,-2.4442344931024684,-0.18128513,1.0,1.0,0.26666666666666666,1.0,True,1.099905521896111,554
1,29216,wbc 9.0,43,21,22,-8.368216317184815e-05,3.615026572464783e-05,-2.314842270019396,-0.20380609,1.0,1.0,0.3,1.0,True,1.099550078259213,555
1,376,- diffusion,71,35,36,7.474533160369335e-05,3.062628833686465e-05,2.4405612192229937,0.3451417,1.0,1.0,0.26666666666666666,1.0,True,1.0982525486503472,556
1,1565,. baseline,70,29,41,6.315810201455928e-05,2.733495042678724e-05,2.31052557361387,0.27673256,1.0,1.0,0.3,1.0,True,1.0974996474665881,557
1,4510,abdomen pelvis ct,98,46,52,0.00010107821440115214,3.9202005600548e-05,2.5783939584902047,0.31506371,1.0,1.0,0.23333333333333334,1.0,True,1.095817432358337,558
1,1344,--- patient-reported,162,80,82,-8.10375340869624e-05,3.1454401314124795e-05,-2.576349595011112,-0.2906286,1.0,1.0,0.23333333333333334,1.0,True,1.0949485778797226,559
1,12705,fractions,306,158,148,0.0001094704731937262,4.52206321471113e-05,2.420808113376168,0.19078326,1.0,1.0,0.26666666666666666,1.0,True,1.0893636510192757,560
1,27360,the panel,260,148,112,7.487159165239538e-05,2.921661291365538e-05,2.5626376292715847,0.17796025,1.0,1.0,0.23333333333333334,1.0,True,1.0891209924404235,561
1,10518,dissection for,160,89,71,-9.141391093236886e-05,3.7779344010429875e-05,-2.4196796775278018,-0.24423853,1.0,1.0,0.26666666666666666,1.0,True,1.088855854887511,562
1,11347,encourage low-impact,143,58,85,7.66035128180788e-05,3.1677351238401335e-05,2.4182423663382266,0.37183267,1.0,1.0,0.26666666666666666,1.0,True,1.088209064852202,563
1,21029,on lisinopril 10,414,209,205,-6.417933534077358e-05,2.8045294454419987e-05,-2.2884172403709173,-0.24626596,1.0,1.0,0.3,1.0,True,1.0869981891761857,564
1,13538,headaches dizziness,360,185,175,-7.303625148618102e-05,3.033547593783098e-05,-2.407618447650543,-0.23535107,1.0,1.0,0.26666666666666666,1.0,True,1.0834283014427444,565
1,27696,thorax - right,133,72,61,-6.545869515445458e-05,2.723572803445858e-05,-2.4034127184570355,-0.1671109,1.0,1.0,0.26666666666666666,1.0,True,1.081535723305666,566
1,13193,germline,120,62,58,-9.131569044898113e-05,4.01128461478353e-05,-2.276469989500084,-0.21151678,1.0,1.0,0.3,1.0,True,1.0813232450125398,567
1,23605,provide a,68,36,32,-6.352921712472413e-05,2.644380215338149e-05,-2.40242370428567,-0.22763918,1.0,1.0,0.26666666666666666,1.0,True,1.0810906669285516,568
1,28234,tract no,106,49,57,-6.879467956852765e-05,2.8657481561338014e-05,-2.400583576099687,-0.2485463,1.0,1.0,0.26666666666666666,1.0,True,1.0802626092448593,569
1,7572,cancer adenocarcinoma .,93,44,49,-8.0279019679265e-05,3.346446721356305e-05,-2.3989331480146245,-0.22235101,1.0,1.0,0.26666666666666666,1.0,True,1.079519916606581,570
1,9285,cough hemoptysis unexplained,72,40,32,-5.6341439851294454e-05,2.4816459617263124e-05,-2.2703254501339725,-0.2694135,1.0,1.0,0.3,1.0,True,1.0784045888136369,571
1,19568,no headaches dizziness,360,185,175,-7.260015739138222e-05,3.0313092556491808e-05,-2.395009920419165,-0.235683,1.0,1.0,0.26666666666666666,1.0,True,1.0777544641886243,572
1,9296,cough or,338,162,176,9.219164083612668e-05,3.639837267367495e-05,2.532850621170877,0.36224225,1.0,1.0,0.23333333333333334,1.0,True,1.0764615139976226,573
1,4200,>50 %,79,36,43,7.688452651554058e-05,3.035671064976552e-05,2.5327028149584594,0.30210862,1.0,1.0,0.23333333333333334,1.0,True,1.0763986963573453,574
1,16602,lobectomy and,207,115,92,-0.00010260652852618041,4.062913044736327e-05,-2.5254423955519165,-0.21672787,1.0,1.0,0.23333333333333334,1.0,True,1.0733130181095645,575
1,17347,mass effect,293,153,140,9.559690375854635e-05,3.7880101682130384e-05,2.523670727199853,0.22123809,1.0,1.0,0.23333333333333334,1.0,True,1.0725600590599373,576
1,23726,pulses 2+ bilaterally,286,143,143,-8.300966051597163e-05,3.296924430395272e-05,-2.517790815909587,-0.30199572,1.0,1.0,0.23333333333333334,1.0,True,1.0700610967615745,577
1,17490,mci,627,325,302,-4.082756813814037e-05,1.723057936404102e-05,-2.3694831889022008,-0.16346619,1.0,1.0,0.26666666666666666,1.0,True,1.0662674350059904,578
1,936,- post-surgical,90,49,41,-7.171719495500875e-05,3.03184706586146e-05,-2.3654621554808286,-0.24240479,1.0,1.0,0.26666666666666666,1.0,True,1.064457969966373,579
1,3913,75,503,261,242,-0.00010010353823330021,3.997187035866172e-05,-2.5043496172454747,-0.2160126,1.0,1.0,0.23333333333333334,1.0,True,1.0643485873293268,580
1,16169,left lung,307,156,151,-9.76740848521426e-05,3.915960414212451e-05,-2.494256185472347,-0.20573466,1.0,1.0,0.23333333333333334,1.0,True,1.0600588788257475,581
1,12934,g dl 13.5-17.5,281,135,146,-9.627688686352917e-05,3.860193909189268e-05,-2.494094574739889,-0.21579066,1.0,1.0,0.23333333333333334,1.0,True,1.0599901942644527,582
1,10584,dl 13.5-17.5,281,135,146,-9.627688686352917e-05,3.860193909189268e-05,-2.494094574739889,-0.21579066,1.0,1.0,0.23333333333333334,1.0,True,1.0599901942644527,583
1,25972,specimen -,174,84,90,8.01504181257589e-05,3.22073445467358e-05,2.488575797034534,0.26356477,1.0,1.0,0.23333333333333334,1.0,True,1.057644713739677,584
1,24990,risks benefits,109,50,59,7.675044686758624e-05,3.092493210361135e-05,2.4818307316064723,0.33776435,1.0,1.0,0.23333333333333334,1.0,True,1.0547780609327506,585
1,14399,imaging dwi with,243,136,107,8.21633777324836e-05,3.510759222568415e-05,2.3403307525138164,0.2638674,1.0,1.0,0.26666666666666666,1.0,True,1.0531488386312173,586
1,19495,no dysuria,779,401,378,-3.515694047197267e-05,1.5029776976634093e-05,-2.3391525054981916,-0.19515613,1.0,1.0,0.26666666666666666,1.0,True,1.0526186274741862,587
1,16863,lower-lobe adenocarcinoma,157,74,83,-8.772711960482411e-05,3.757177435920235e-05,-2.3349208575063574,-0.23447289,1.0,1.0,0.26666666666666666,1.0,True,1.050714385877861,588
1,15559,iv kras-mutated g12c,65,31,34,-7.05593192642586e-05,2.855375910110866e-05,-2.4711043829433645,-0.22030267,1.0,1.0,0.23333333333333334,1.0,True,1.05021936275093,589
1,15563,iv large-cell nsclc,55,38,17,0.000110879288719924,4.48864118879041e-05,2.4702194730295104,0.3437179,1.0,1.0,0.23333333333333334,1.0,True,1.0498432760375418,590
1,19826,no sore,311,167,144,-7.945975073917367e-05,3.2181542019134554e-05,-2.4691094880390865,-0.1827793,1.0,1.0,0.23333333333333334,1.0,True,1.0493715324166117,591
1,1536,. --- review,82,41,41,-6.770886364946153e-05,2.9051073029100728e-05,-2.330683743820303,-0.20546179,1.0,1.0,0.26666666666666666,1.0,True,1.0488076847191365,592
1,9147,controlled on,587,285,302,-6.339645744048894e-05,2.7251257700592237e-05,-2.326368130859193,-0.25312006,1.0,1.0,0.26666666666666666,1.0,True,1.0468656588866367,593
1,19905,node dissection and,112,62,50,-7.298252895554932e-05,3.1372628259269326e-05,-2.3263122347419514,-0.23848677,1.0,1.0,0.26666666666666666,1.0,True,1.046840505633878,594
1,7426,but denies new,76,36,40,7.403554536852338e-05,3.1881916949746576e-05,2.322179857792769,0.2101871,1.0,1.0,0.26666666666666666,1.0,True,1.0449809360067461,595
1,16506,lives with spouse,635,345,290,-6.48408928137727e-05,2.637484026997246e-05,-2.4584373649304534,-0.17069636,1.0,1.0,0.23333333333333334,1.0,True,1.0448358800954427,596
1,1463,---------------------,78,40,38,7.30083637109262e-05,2.976442433359513e-05,2.4528733662932494,0.3387699,1.0,1.0,0.23333333333333334,1.0,True,1.042471180674631,597
1,21963,palpitations edema.,97,51,46,-6.410215419736342e-05,2.7681125903525972e-05,-2.3157350759781847,-0.171881,1.0,1.0,0.26666666666666666,1.0,True,1.0420807841901831,598
1,25620,signed,195,102,93,7.573270869068231e-05,3.089067610566642e-05,2.4516364883574147,0.28937945,1.0,1.0,0.23333333333333334,1.0,True,1.0419455075519013,599
1,7335,breathing,94,46,48,-9.876814640234618e-05,3.793251283435564e-05,-2.603786014220799,-0.22087663,1.0,1.0,0.2,1.0,True,1.0415144056883197,600
1,2319,13.5-17.5,291,138,153,-9.623200869020583e-05,3.930411696089934e-05,-2.448395133414133,-0.21936104,1.0,1.0,0.23333333333333334,1.0,True,1.0405679317010066,601
1,24906,right cerebellar hemisphere,108,56,52,0.00012972431966733845,5.3058744480706256e-05,2.4449187581984737,0.32493162,1.0,1.0,0.23333333333333334,1.0,True,1.0390904722343512,602
1,19907,node dissection for,157,87,70,-9.160016308980345e-05,3.750505577826778e-05,-2.442341737374004,-0.24015762,1.0,1.0,0.23333333333333334,1.0,True,1.0379952383839517,603
1,22948,portion,145,76,69,-7.716475022017732e-05,3.160101943495015e-05,-2.4418436999799606,-0.22391471,1.0,1.0,0.23333333333333334,1.0,True,1.0377835724914832,604
1,14892,infiltrates.,181,101,80,-6.918481769758096e-05,2.8360586650272485e-05,-2.439470612887207,-0.20540597,1.0,1.0,0.23333333333333334,1.0,True,1.0367750104770628,605
1,1398,-------- ---------------- ttf-1,405,202,203,-5.866385386216441e-05,2.404936461155139e-05,-2.439309928129535,-0.29148874,1.0,1.0,0.23333333333333334,1.0,True,1.0367067194550523,606
1,1453,---------------- ttf-1,405,202,203,-5.866385386216441e-05,2.404936461155139e-05,-2.439309928129535,-0.29148874,1.0,1.0,0.23333333333333334,1.0,True,1.0367067194550523,607
1,13654,hemoptysis wheeze,102,59,43,-6.910826146350481e-05,3.000731387260538e-05,-2.3030472423123456,-0.27039686,1.0,1.0,0.26666666666666666,1.0,True,1.0363712590405556,608
1,20831,of self-care but,195,75,120,0.00011054021772423131,4.273421569977804e-05,2.5866911540114086,0.32478455,1.0,1.0,0.2,1.0,True,1.0346764616045634,609
1,1651,. this,85,47,38,7.341084986297408e-05,2.839358106303659e-05,2.58547344556485,0.22504988,1.0,1.0,0.2,1.0,True,1.03418937822594,610
1,3604,6. documentation -,151,74,77,-7.971239401826756e-05,3.084738032953686e-05,-2.5840895780035384,-0.29283595,1.0,1.0,0.2,1.0,True,1.0336358312014153,611
1,22294,patient will,73,39,34,-7.62866530451872e-05,3.136852772237996e-05,-2.431948790212436,-0.42314297,1.0,1.0,0.23333333333333334,1.0,True,1.0335782358402854,612
1,14384,imaging at,175,87,88,-8.654305147299672e-05,3.5649816255110436e-05,-2.4275875884939713,-0.30281627,1.0,1.0,0.23333333333333334,1.0,True,1.0317247251099377,613
1,1083,- sex,178,84,94,-6.865681455859233e-05,2.829145242417405e-05,-2.426768817988556,-0.21251082,1.0,1.0,0.23333333333333334,1.0,True,1.0313767476451363,614
1,1386,------ ------------------- ----------------,132,68,64,6.353650192207992e-05,2.7773815560057557e-05,2.2876403778476107,0.22053516,1.0,1.0,0.26666666666666666,1.0,True,1.0294381700314248,615
1,23031,post-lobectomy,257,135,122,-0.0001252802360503766,4.885941021503941e-05,-2.5640963634025637,-0.29320663,1.0,1.0,0.2,1.0,True,1.0256385453610255,616
1,27506,therapeutic option,65,34,31,6.560533206529451e-05,2.7216415198313303e-05,2.4105059974746528,0.17214404,1.0,1.0,0.23333333333333334,1.0,True,1.0244650489267273,617
1,12801,frontal,186,95,91,0.0002383666285090038,9.892019622263453e-05,2.409686167347712,0.20852886,1.0,1.0,0.23333333333333334,1.0,True,1.0241166211227775,618
1,21330,or effusion.,125,67,58,-8.171403251268472e-05,3.1930504800634284e-05,-2.559121223509799,-0.2942068,1.0,1.0,0.2,1.0,True,1.0236484894039195,619
1,18010,mild cough,167,89,78,-0.00010065577537156459,4.671137962541048e-05,-2.154844840352541,-0.27188173,1.0,1.0,0.3,1.0,True,1.023551299167457,620
1,13870,histology,564,304,260,8.862314594900455e-05,3.476705535677011e-05,2.5490552777500946,0.32919785,1.0,1.0,0.2,1.0,True,1.0196221111000379,621
1,6429,are within,386,216,170,8.292879028367943e-05,3.258184532712206e-05,2.5452453490916036,0.200292,1.0,1.0,0.2,1.0,True,1.0180981396366415,622
1,20528,occasional dry,82,39,43,-8.509165865227315e-05,3.555783188720195e-05,-2.393049692180459,-0.32311592,1.0,1.0,0.23333333333333334,1.0,True,1.017046119176695,623
1,7640,capable of self-care,305,138,167,9.659407692712761e-05,3.800440134344148e-05,2.5416550060667404,0.28389898,1.0,1.0,0.2,1.0,True,1.0166620024266961,624
1,20829,of self-care,305,138,167,9.659407692712761e-05,3.800440134344148e-05,2.5416550060667404,0.28389898,1.0,1.0,0.2,1.0,True,1.0166620024266961,625
1,15632,john is,128,53,75,-0.00011598873614322866,5.1382759053764644e-05,-2.257347372527489,-0.21575257,1.0,1.0,0.26666666666666666,1.0,True,1.0158063176373702,626
1,8483,cm right,586,304,282,8.661301551237922e-05,3.411519919197341e-05,2.5388395074286256,0.20258714,1.0,1.0,0.2,1.0,True,1.0155358029714503,627
1,10576,dl 0.6-1.3,345,155,190,-8.927581422865638e-05,3.7421567577261455e-05,-2.3856780997839127,-0.21048608,1.0,1.0,0.23333333333333334,1.0,True,1.0139131924081628,628
1,17899,mg dl 0.6-1.3,345,155,190,-8.927581422865638e-05,3.7421567577261455e-05,-2.3856780997839127,-0.21048608,1.0,1.0,0.23333333333333334,1.0,True,1.0139131924081628,629
1,9679,d5f3 negative,148,77,71,6.587529009280128e-05,2.9344745273984665e-05,2.244875171951227,0.19323553,1.0,1.0,0.26666666666666666,1.0,True,1.0101938273780522,630
1,17682,medications or,89,54,35,-6.345907932428228e-05,2.6751866945171727e-05,-2.3721364738521773,-0.13402641,1.0,1.0,0.23333333333333334,1.0,True,1.0081580013871754,631
1,9226,correction and,580,302,278,-4.589857526420599e-05,1.8228086243718163e-05,-2.518013940164659,-0.1060955,1.0,1.0,0.2,1.0,True,1.0072055760658636,632
1,6074,and right cerebellar,47,22,25,0.00012235834967306482,4.866975011096878e-05,2.5140533780034495,0.2661546,1.0,1.0,0.2,1.0,True,1.0056213512013799,633
1,20597,of adherence to,165,93,72,7.97157997992888e-05,3.376303864559113e-05,2.3610374835056,0.2566119,1.0,1.0,0.23333333333333334,1.0,True,1.00344093048988,634
1,7880,cells supports squamous,95,54,41,7.177924048533968e-05,2.861411618560876e-05,2.5085255130626916,0.25871614,1.0,1.0,0.2,1.0,True,1.0034102052250766,635
1,19715,no new respiratory,177,94,83,-6.260394477796186e-05,2.8083537566437137e-05,-2.2292043739098006,-0.22503096,1.0,1.0,0.26666666666666666,1.0,True,1.0031419682594103,636
1,18274,moderate nausea -,359,192,167,-7.346383437420816e-05,2.9310804776892275e-05,-2.50637384177608,-0.2851451,1.0,1.0,0.2,1.0,True,1.002549536710432,637
1,11266,eligibility for ongoing,195,99,96,8.104772759948724e-05,3.2349193515530225e-05,2.5054017980565044,0.3197963,1.0,1.0,0.2,1.0,True,1.0021607192226019,638
1,24501,report patient john,144,61,83,-0.0001493895285713663,5.965304574201454e-05,-2.5043068080285633,-0.30557725,1.0,1.0,0.2,1.0,True,1.0017227232114254,639
1,12313,focal deficits. -,600,304,296,-6.0126976376169646e-05,2.7021400554303157e-05,-2.2251613588768784,-0.23884124,1.0,1.0,0.26666666666666666,1.0,True,1.0013226114945952,640
1,10645,dl plt 260,93,63,30,-7.663603446049156e-05,3.253438049584931e-05,-2.355539994691729,-0.31533188,1.0,1.0,0.23333333333333334,1.0,True,1.0011044977439847,641
1,1976,1.5 t,273,138,135,7.040959881634259e-05,2.993119768065873e-05,2.352381604222962,0.15536188,1.0,1.0,0.23333333333333334,1.0,True,0.9997621817947588,642
1,2606,2. right,146,77,69,6.88238374973057e-05,2.929057359922521e-05,2.3496923767695086,0.22426409,1.0,1.0,0.23333333333333334,1.0,True,0.9986192601270412,643
1,28589,understanding and expressed,93,48,45,7.08426118118801e-05,3.0206575077941483e-05,2.345271240750935,0.29592568,1.0,1.0,0.23333333333333334,1.0,True,0.9967402773191474,644
1,26982,t1-weighted t2-weighted flair,284,140,144,6.98320064305691e-05,2.9794064748400533e-05,2.3438227385311015,0.23067407,1.0,1.0,0.23333333333333334,1.0,True,0.9961246638757181,645
1,4941,administered at 3,73,40,33,7.178570402395887e-05,2.8842540352957772e-05,2.488882849620329,0.36659926,1.0,1.0,0.2,1.0,True,0.9955531398481317,646
1,3119,4 moderate nausea,359,192,167,-7.291594004973059e-05,2.929972316337375e-05,-2.4886221498802246,-0.28569824,1.0,1.0,0.2,1.0,True,0.9954488599520899,647
1,24461,repeat chest ct,106,51,55,0.00010004810426057649,4.024790492725505e-05,2.4857965760306193,0.27951446,1.0,1.0,0.2,1.0,True,0.9943186304122478,648
1,12659,for treatment decision,68,31,37,7.491937340187065e-05,3.025801984372923e-05,2.4760170622135798,0.2127652,1.0,1.0,0.2,1.0,True,0.990406824885432,649
1,21371,or hilar,457,246,211,-8.212050827315721e-05,3.527249521854906e-05,-2.3281740564237645,-0.21283676,1.0,1.0,0.23333333333333334,1.0,True,0.9894739739800998,650
1,19906,node dissection followed,110,57,53,-0.0001122144156791776,4.2541656273183154e-05,-2.637753804379117,-0.3158462,1.0,1.0,0.16666666666666666,1.0,True,0.9891576766421689,651
1,19679,no necrosis is,136,66,70,7.712727539485997e-05,3.125473070927065e-05,2.467699245669162,0.1467737,1.0,1.0,0.2,1.0,True,0.9870796982676648,652
1,4199,>50,86,38,48,7.347121528495316e-05,2.9808504226363482e-05,2.464773633960913,0.2772984,1.0,1.0,0.2,1.0,True,0.9859094535843653,653
1,7864,cell lung carcinoma.,285,146,139,-7.168935353413258e-05,3.09306034867963e-05,-2.3177482962702434,-0.19684073,1.0,1.0,0.23333333333333334,1.0,True,0.9850430259148534,654
1,19900,node 1.8,101,54,47,-6.679058145458827e-05,2.8821002175228548e-05,-2.317427445739354,-0.22587071,1.0,1.0,0.23333333333333334,1.0,True,0.9849066644392255,655
1,22852,plt 240 k,114,79,35,-8.518144659397369e-05,3.4599773462105445e-05,-2.4619076389984627,-0.20563163,1.0,1.0,0.2,1.0,True,0.9847630555993852,656
1,27595,these findings,269,141,128,-7.451774430228843e-05,3.216952131153951e-05,-2.3164082418459304,-0.3257637,1.0,1.0,0.23333333333333334,1.0,True,0.9844735027845204,657
1,20568,of 10 mci,96,53,43,-6.1049876275e-05,2.4832470049931756e-05,-2.458469743535149,-0.20939414,1.0,1.0,0.2,1.0,True,0.9833878974140596,658
1,7817,cdkn2a deletion egfr,47,21,26,0.00010278322075509496,4.1860636550732395e-05,2.4553668846035897,0.19090132,1.0,1.0,0.2,1.0,True,0.9821467538414359,659
1,8665,combination strategies e.g.,170,86,84,-6.946015776682137e-05,3.0059838456812994e-05,-2.310729575829719,-0.252665,1.0,1.0,0.23333333333333334,1.0,True,0.9820600697276305,660
1,27488,the upper abdomen,95,44,51,-7.406624623073124e-05,3.0214061069223577e-05,-2.4513833496608655,-0.264235,1.0,1.0,0.2,1.0,True,0.9805533398643462,661
1,10749,dr. l.,98,60,38,6.590178670691453e-05,2.8578894536898968e-05,2.3059599671298336,0.23150966,1.0,1.0,0.23333333333333334,1.0,True,0.9800329860301793,662
1,16753,low anc,188,108,80,-8.531670799581457e-05,3.484106560119858e-05,-2.4487399143406097,-0.15418573,1.0,1.0,0.2,1.0,True,0.9794959657362439,663
1,14539,improved,302,155,147,-0.00011861332235598886,4.790170016509606e-05,-2.4761818880578557,-0.27565947,0.8571428571428571,1.0,0.23333333333333334,1.0,True,0.9772074951085465,664
1,6237,any systemic,314,149,165,7.292022315000623e-05,3.1234414177095675e-05,2.3346115197345028,0.22831632,0.8571428571428571,1.0,0.26666666666666666,1.0,True,0.9755340993176316,665
1,26535,subcortical,144,76,68,7.927629050789013e-05,3.460579136629445e-05,2.2908388272000075,0.30044904,1.0,1.0,0.23333333333333334,1.0,True,0.9736065015600032,666
1,5396,alk d5f3,157,81,76,6.670032696665512e-05,2.9116448697803258e-05,2.2908125801649515,0.1864526,1.0,1.0,0.23333333333333334,1.0,True,0.9735953465701044,667
1,17395,mass with ipsilateral,121,63,58,8.174531568978516e-05,3.3587597693282185e-05,2.433794653498989,0.21286982,1.0,1.0,0.2,1.0,True,0.9735178613995956,668
1,13384,gy in,293,150,143,9.286532035055958e-05,4.05962056131437e-05,2.287536949524487,0.1920253,1.0,1.0,0.23333333333333334,1.0,True,0.9722032035479069,669
1,13827,hilar lymph nodes.,68,24,44,-5.9969906628005094e-05,2.6234861704224238e-05,-2.2858861351782527,-0.2846696,1.0,1.0,0.23333333333333334,1.0,True,0.9715016074507573,670
1,26255,stairs.,60,33,27,-7.227641793936814e-05,2.9817220924216925e-05,-2.4239823732421266,-0.27010998,1.0,1.0,0.2,1.0,True,0.9695929492968507,671
1,11586,every 21,165,89,76,-9.382233380060015e-05,3.8730260525058385e-05,-2.422455530344221,-0.17979231,1.0,1.0,0.2,1.0,True,0.9689822121376883,672
1,7643,capmatinib tepotinib,115,64,51,-0.00010573413210347066,4.365211564216987e-05,-2.4221994867375183,-0.13103175,1.0,1.0,0.2,1.0,True,0.9688797946950074,673
1,20727,of lung adenocarcinomas.,75,44,31,-5.684572132269957e-05,2.5019973678714172e-05,-2.272013634093519,-0.25849062,1.0,1.0,0.23333333333333334,1.0,True,0.9656057944897455,674
1,22620,pet ct,697,359,338,-7.335051174701679e-05,3.234684838527683e-05,-2.26762468087628,-0.14781483,1.0,1.0,0.23333333333333334,1.0,True,0.963740489372419,675
1,19251,new weakness,65,20,45,7.112158805189449e-05,2.9601435541465584e-05,2.402639829824051,0.27618474,1.0,1.0,0.2,1.0,True,0.9610559319296205,676
1,10097,detected.,387,211,176,8.614157738631579e-05,3.810440910852865e-05,2.260672174208714,0.26189682,1.0,1.0,0.23333333333333334,1.0,True,0.9607856740387035,677
1,21965,palpitations gastrointestinal,373,191,182,7.194784499011966e-05,3.185536146589354e-05,2.258578828783713,0.27097842,1.0,1.0,0.23333333333333334,1.0,True,0.959896002233078,678
1,19039,neurologic symptoms develop.,328,166,162,-7.416036482600209e-05,3.285647417078391e-05,-2.2571005166447757,-0.37062213,1.0,1.0,0.23333333333333334,1.0,True,0.9592677195740297,679
1,16568,lobe nodule,116,67,49,-0.00014164420678856155,6.283896553523692e-05,-2.254082408615314,-0.30683115,1.0,1.0,0.23333333333333334,1.0,True,0.9579850236615084,680
1,25333,self-care but unable,198,77,121,0.00010861910667511127,4.2543380755915914e-05,2.5531376384564157,0.32519758,1.0,1.0,0.16666666666666666,1.0,True,0.9574266144211558,681
1,2548,2+ bilaterally,287,143,144,-7.878494590249234e-05,3.2931570919012194e-05,-2.3923834698395114,-0.29288775,1.0,1.0,0.2,1.0,True,0.9569533879358046,682
1,25168,scanner. sequences,199,108,91,8.57018609358921e-05,3.585403432810947e-05,2.390298959152333,0.28436136,1.0,1.0,0.2,1.0,True,0.9561195836609333,683
1,16604,lobectomy and mediastinal,78,36,42,-7.329340007532243e-05,3.068977047639882e-05,-2.388202939858636,-0.17729858,1.0,1.0,0.2,1.0,True,0.9552811759434544,684
1,1499,. - left,86,45,41,-7.21345629450453e-05,2.8356379135032943e-05,-2.5438566257539743,-0.32474622,1.0,1.0,0.16666666666666666,1.0,True,0.9539462346577403,685
1,16811,low-impact exercise,349,185,164,7.983385354978424e-05,3.348933432473979e-05,2.3838590751207636,0.28791833,1.0,1.0,0.2,1.0,True,0.9535436300483054,686
1,23502,progress note patient,690,361,329,4.6901162803255676e-05,2.0918289290662184e-05,2.2421127345337992,0.2728331,1.0,1.0,0.23333333333333334,1.0,True,0.9528979121768646,687
1,2136,100 fatigue 55,138,87,51,-6.866056003847927e-05,2.8842684819249847e-05,-2.3805190282651716,-0.22207706,1.0,1.0,0.2,1.0,True,0.9522076113060687,688
1,11879,fatigue 55 100,138,87,51,-6.866056003847927e-05,2.8842684819249847e-05,-2.3805190282651716,-0.22207706,1.0,1.0,0.2,1.0,True,0.9522076113060687,689
1,23746,q3,233,117,116,0.00013430382326179636,5.289222441583171e-05,2.5391978640549766,0.38187483,1.0,1.0,0.16666666666666666,1.0,True,0.9521991990206162,690
1,12756,frequent mitoses,117,73,44,6.631425337878653e-05,2.78678023957679e-05,2.379601105139788,0.19138654,1.0,1.0,0.2,1.0,True,0.9518404420559152,691
1,16766,low lymphocytes,73,41,32,-6.469701033076651e-05,2.8938832370528453e-05,-2.23564688106264,-0.21861926,1.0,1.0,0.23333333333333334,1.0,True,0.950149924451622,692
1,26635,supplements.,123,60,63,-7.204144018246805e-05,3.2245361528176584e-05,-2.234164443140665,-0.20865288,1.0,1.0,0.23333333333333334,1.0,True,0.9495198883347825,693
1,18936,negative .,114,67,47,-6.492157680356098e-05,2.7375522704566264e-05,-2.37151916711099,-0.15292369,1.0,1.0,0.2,1.0,True,0.9486076668443961,694
1,3652,60 100 emotional,61,37,24,-5.9755994286277904e-05,2.5249376035473418e-05,-2.3666325140995705,-0.07388143,1.0,1.0,0.2,1.0,True,0.9466530056398282,695
1,10973,each measuring 0.8,82,40,42,-6.095066732260749e-05,2.7388404611875213e-05,-2.2254186830648823,-0.28005204,1.0,1.0,0.23333333333333334,1.0,True,0.945802940302575,696
1,17394,mass with,553,285,268,7.10871924560242e-05,3.0089887139635078e-05,2.3624944861420416,0.19000773,1.0,1.0,0.2,1.0,True,0.9449977944568166,697
1,15967,l low-normal,119,67,52,9.56574643703775e-05,4.05472130683156e-05,2.3591624955631327,0.30432975,1.0,1.0,0.2,1.0,True,0.9436649982252532,698
1,10292,diffusion-weighted,566,283,283,5.203341061460652e-05,2.2117292750767237e-05,2.3526121031608405,0.1902864,1.0,1.0,0.2,1.0,True,0.9410448412643362,699
1,1532,. --- history,205,115,90,-7.28809367288149e-05,3.099619258407632e-05,-2.3512867437227127,-0.24212328,1.0,1.0,0.2,1.0,True,0.9405146974890851,700
1,15628,john,153,63,90,-0.00023661897635193364,0.000100676139930327,-2.3502984571685603,-0.26215023,1.0,1.0,0.2,1.0,True,0.9401193828674241,701
1,16469,lisinopril. 3.,63,32,31,-6.420287240670083e-05,2.7400128150109866e-05,-2.3431595668082084,-0.2318848,1.0,1.0,0.2,1.0,True,0.9372638267232833,702
1,21032,on lisinopril. 3.,63,32,31,-6.420287240670083e-05,2.7400128150109866e-05,-2.3431595668082084,-0.2318848,1.0,1.0,0.2,1.0,True,0.9372638267232833,703
1,19741,no overt necrosis,118,53,65,-6.06511994811073e-05,2.7519666841435473e-05,-2.203922010777643,-0.246043,1.0,1.0,0.23333333333333334,1.0,True,0.9366668545804984,704
1,17403,masses,625,328,297,-6.0391738096881396e-05,2.741353043014423e-05,-2.2029901712503968,-0.19618784,1.0,1.0,0.23333333333333334,1.0,True,0.9362708227814186,705
1,26114,squamous nsclc.,167,91,76,0.00011696550951585202,5.0008938273529916e-05,2.3388920771741857,0.24001706,1.0,1.0,0.2,1.0,True,0.9355568308696743,706
1,2251,12.0-16.0 platelets,94,50,44,8.121052872557653e-05,3.4829864200164766e-05,2.3316349515136023,0.26715514,1.0,1.0,0.2,1.0,True,0.932653980605441,707
1,17015,lymph nodes short,71,36,35,-8.405372632649101e-05,3.3797753721957516e-05,-2.486961915219931,-0.3336862,1.0,1.0,0.16666666666666666,1.0,True,0.9326107182074741,708
1,26977,t1-weighted images,251,138,113,8.036180315580477e-05,3.4529391799249126e-05,2.327344878329201,0.23018192,1.0,1.0,0.2,1.0,True,0.9309379513316804,709
1,2390,150 ng extracted,93,51,42,7.793110916711824e-05,3.140654929027098e-05,2.4813649040794012,0.19101116,1.0,1.0,0.16666666666666666,1.0,True,0.9305118390297755,710
1,17679,medications home,73,33,40,6.951911475114677e-05,2.8064961977704767e-05,2.4770785296760356,0.24807188,1.0,1.0,0.16666666666666666,1.0,True,0.9289044486285134,711
1,11404,enhancing lesions,397,206,191,0.00011672620752468967,4.71435743681103e-05,2.475972793519188,0.19601972,1.0,1.0,0.16666666666666666,1.0,True,0.9284897975696955,712
1,12279,flair hyperintensity,201,105,96,9.760672511228528e-05,3.944702860835661e-05,2.474374586774526,0.22405845,1.0,1.0,0.16666666666666666,1.0,True,0.9278904700404472,713
1,13501,he reports,433,205,228,-0.00011889333149258393,5.1270107920180186e-05,-2.3189600395942773,-0.25252387,1.0,1.0,0.2,1.0,True,0.927584015837711,714
1,11302,emotional function 50,148,68,80,9.00659722564801e-05,3.6413746917844196e-05,2.4734057843507493,0.20384842,1.0,1.0,0.16666666666666666,1.0,True,0.927527169131531,715
1,4459,a subset,143,71,72,6.919516177532533e-05,2.989403873793547e-05,2.314680942977331,0.20752014,1.0,1.0,0.2,1.0,True,0.9258723771909324,716
1,27577,therapy. 2.,287,149,138,8.099190772986405e-05,3.504572408093746e-05,2.311035364622934,0.3056512,1.0,1.0,0.2,1.0,True,0.9244141458491737,717
1,11727,explored,132,66,66,-6.601719730960793e-05,2.8566638881555187e-05,-2.3109893181109835,-0.20048715,1.0,1.0,0.2,1.0,True,0.9243957272443935,718
1,4574,about diagnosis,89,45,44,7.638541593132288e-05,3.100185442917905e-05,2.463898284079054,0.19751798,1.0,1.0,0.16666666666666666,1.0,True,0.9239618565296452,719
1,24532,reported. past surgical,64,43,21,-6.213505665583836e-05,2.5219122207923885e-05,-2.463807270671595,-0.21515624,1.0,1.0,0.16666666666666666,1.0,True,0.9239277265018482,720
1,17504,md department,127,73,54,-6.783585187758886e-05,2.9389195313861248e-05,-2.3081901751013394,-0.26003695,1.0,1.0,0.2,1.0,True,0.9232760700405358,721
1,22245,patient john,147,61,86,-0.0002126179010200137,9.217727890087116e-05,-2.306619413756683,-0.26482782,1.0,1.0,0.2,1.0,True,0.9226477655026732,722
1,2660,20 100 dyspnea,160,100,60,-6.117631754524071e-05,2.8181914688735368e-05,-2.1707651244041832,-0.2348902,1.0,1.0,0.23333333333333334,1.0,True,0.9225751778717779,723
1,13112,gastrointestinal tract no,97,44,53,-6.3032841568255e-05,2.9079061325314913e-05,-2.1676367356941286,-0.24102685,1.0,1.0,0.23333333333333334,1.0,True,0.9212456126700046,724
1,969,- provided written,276,143,133,7.903412149199954e-05,3.218536830839355e-05,2.4555916444612635,0.19363545,1.0,1.0,0.16666666666666666,1.0,True,0.9208468666729739,725
1,22168,pathology demonstrated,71,40,31,7.117689278313195e-05,3.093159417765723e-05,2.3011065118184257,0.2501339,1.0,1.0,0.2,1.0,True,0.9204426047273704,726
1,27942,to follow-up,74,42,32,6.414378480704791e-05,2.7880151180641567e-05,2.3006971659316466,0.27471462,1.0,1.0,0.2,1.0,True,0.9202788663726587,727
1,36,% of waking,83,35,48,7.533233316603197e-05,3.069874843708882e-05,2.4539219675489736,0.30245683,1.0,1.0,0.16666666666666666,1.0,True,0.9202207378308651,728
1,8664,combination strategies,379,197,182,-5.588259294519328e-05,2.5836813437203515e-05,-2.162905773229975,-0.18924949,1.0,1.0,0.23333333333333334,1.0,True,0.9192349536227393,729
1,4952,administration of 10,66,35,31,-5.7919359534906396e-05,2.3652948283025054e-05,-2.4487162801803115,-0.25535348,1.0,1.0,0.16666666666666666,1.0,True,0.9182686050676168,730
1,3845,7.5,207,94,113,-0.0001064507930783189,4.639240129048307e-05,-2.294573898250794,-0.33096045,1.0,1.0,0.2,1.0,True,0.9178295593003176,731
1,22027,paraffin-embedded ffpe tissue,162,85,77,6.206583379325957e-05,2.705438192332967e-05,2.2941139061742395,0.2752363,1.0,1.0,0.2,1.0,True,0.9176455624696959,732
1,14493,immunotherapy-based regimens,79,41,38,5.8625991838008475e-05,2.8766131649423237e-05,2.0380213979582456,0.22466995,1.0,1.0,0.26666666666666666,1.0,True,0.9171096290812105,733
1,11260,eligibility for,691,354,337,5.4620909801106233e-05,2.3835641383200834e-05,2.291564507242612,0.41041607,1.0,1.0,0.2,1.0,True,0.9166258028970449,734
1,16196,leptomeningeal disease,100,51,49,-6.520335345287528e-05,2.848930940066442e-05,-2.288695472953606,-0.28177324,1.0,1.0,0.2,1.0,True,0.9154781891814425,735
1,24194,recurrence new cough,76,40,36,-5.954015085310439e-05,2.609872557406568e-05,-2.2813432282022794,-0.22672074,1.0,1.0,0.2,1.0,True,0.9125372912809118,736
1,24013,rationale for,109,57,52,-6.324427235930347e-05,2.7735273709990783e-05,-2.2802829718071846,-0.20911928,1.0,1.0,0.2,1.0,True,0.912113188722874,737
1,8624,coefficient adc maps,169,97,72,8.164912347175833e-05,3.5844810053747195e-05,2.2778506386093342,0.2692455,1.0,1.0,0.2,1.0,True,0.9111402554437338,738
1,5907,and logistics,79,42,37,-5.9576134036057115e-05,2.616258138039533e-05,-2.2771504527722137,-0.22172073,1.0,1.0,0.2,1.0,True,0.9108601811088856,739
1,4395,a partial,196,105,91,8.890067925118039e-05,4.1613264102668665e-05,2.1363543852710936,0.25428605,1.0,1.0,0.23333333333333334,1.0,True,0.9079506137402147,740
1,21841,pain 45,65,36,29,-8.68126682409313e-05,3.827061676022903e-05,-2.268389579003267,-0.32197422,1.0,1.0,0.2,1.0,True,0.9073558316013068,741
1,4890,adherence to follow-up,63,33,30,6.398496878388925e-05,2.8210851449443e-05,2.2680977530422104,0.27302748,1.0,1.0,0.2,1.0,True,0.9072391012168842,742
1,25669,single dose,69,33,36,-7.27831440294762e-05,3.209008979191263e-05,-2.2680878894835335,-0.24661584,1.0,1.0,0.2,1.0,True,0.9072351557934134,743
1,25676,single-agent immunotherapy,63,36,27,5.6342179132437755e-05,2.332528278336256e-05,2.4154982237825413,0.20473096,1.0,1.0,0.16666666666666666,1.0,True,0.905811833918453,744
1,8738,complaint new,71,39,32,-5.94650556569105e-05,2.6278006786876618e-05,-2.2629210860318247,-0.33139172,1.0,1.0,0.2,1.0,True,0.90516843441273,745
1,8148,chief complaint new,71,39,32,-5.94650556569105e-05,2.6278006786876618e-05,-2.2629210860318247,-0.33139172,1.0,1.0,0.2,1.0,True,0.90516843441273,746
1,24604,residual,503,281,222,-0.00011193511043180993,4.639035964688514e-05,-2.4128959396702103,-0.26376027,1.0,1.0,0.16666666666666666,1.0,True,0.9048359773763288,747
1,13946,home with,493,230,263,5.534058196372367e-05,2.294611282608761e-05,2.4117628281164265,0.22009961,1.0,1.0,0.16666666666666666,1.0,True,0.9044110605436599,748
1,7456,by four,182,97,85,-0.00010496521192095524,4.3530669628655936e-05,-2.4112932977226103,-0.2513136,1.0,1.0,0.16666666666666666,1.0,True,0.9042349866459789,749
1,7457,by four cycles,182,97,85,-0.00010496521192095524,4.3530669628655936e-05,-2.4112932977226103,-0.2513136,1.0,1.0,0.16666666666666666,1.0,True,0.9042349866459789,750
1,12426,followed by four,182,97,85,-0.00010496521192095524,4.3530669628655936e-05,-2.4112932977226103,-0.2513136,1.0,1.0,0.16666666666666666,1.0,True,0.9042349866459789,751
1,16482,liver adrenal,252,137,115,-7.446572903100324e-05,3.2957984995573275e-05,-2.259413888349213,-0.13392061,1.0,1.0,0.2,1.0,True,0.9037655553396853,752
1,19901,node 1.8 cm,97,53,44,-6.074040040501199e-05,2.8600943008125306e-05,-2.123720199986277,-0.19883385,1.0,1.0,0.23333333333333334,1.0,True,0.9025810849941677,753
1,29896,work activities,188,75,113,0.00011033291200948537,4.279943891344794e-05,2.5779055709727507,0.31125695,1.0,1.0,0.13333333333333333,1.0,True,0.9022669498404627,754
1,21762,overt necrosis,119,54,65,-5.835121655971506e-05,2.750322275951695e-05,-2.121613785770752,-0.23044366,1.0,1.0,0.23333333333333334,1.0,True,0.9016858589525696,755
1,10796,driver with,133,65,68,-6.200845476797556e-05,2.5802620117243052e-05,-2.4031844241483573,-0.219198,1.0,1.0,0.16666666666666666,1.0,True,0.901194159055634,756
1,5591,an oncogenic,65,38,27,-5.3501517753917554e-05,2.377602537975096e-05,-2.2502296704091904,-0.16344984,1.0,1.0,0.2,1.0,True,0.9000918681636763,757
1,5296,air weight 78,214,90,124,-7.932458181772685e-05,3.5274029131495435e-05,-2.248809783595138,-0.24722137,1.0,1.0,0.2,1.0,True,0.8995239134380553,758
1,8924,consider referral to,292,151,141,7.399563653179196e-05,3.2940323259406086e-05,2.2463542919440704,0.22244321,1.0,1.0,0.2,1.0,True,0.8985417167776282,759
1,21907,pain palpitations edema.,92,48,44,-5.868213377880807e-05,2.7782796999469252e-05,-2.112175162922909,-0.14060482,1.0,1.0,0.23333333333333334,1.0,True,0.8976744442422363,760
1,22402,pelvis in 8,215,94,121,-7.897329682370115e-05,3.519963609695362e-05,-2.2435827633608962,-0.16661373,1.0,1.0,0.2,1.0,True,0.8974331053443585,761
1,16382,limit detection,66,36,30,5.727377654510535e-05,2.55517613493329e-05,2.241480568094013,0.18346255,1.0,1.0,0.2,1.0,True,0.8965922272376052,762
1,16383,limit detection of,66,36,30,5.727377654510535e-05,2.55517613493329e-05,2.241480568094013,0.18346255,1.0,1.0,0.2,1.0,True,0.8965922272376052,763
1,23029,post-injection. low-dose,81,34,47,-6.272919421284537e-05,2.6239418133243975e-05,-2.390647303774269,-0.2220597,1.0,1.0,0.16666666666666666,1.0,True,0.8964927389153508,764
1,23030,post-injection. low-dose ct,81,34,47,-6.272919421284537e-05,2.6239418133243975e-05,-2.390647303774269,-0.2220597,1.0,1.0,0.16666666666666666,1.0,True,0.8964927389153508,765
1,17505,md department of,122,70,52,-6.584485485627077e-05,2.9415165429362458e-05,-2.2384662433529576,-0.25259963,1.0,1.0,0.2,1.0,True,0.8953864973411831,766
1,4708,activity in,361,177,184,-6.852696273702414e-05,3.255845778999471e-05,-2.1047361388868557,-0.15894923,1.0,1.0,0.23333333333333334,1.0,True,0.8945128590269137,767
1,9783,days .,165,79,86,-7.68219254854038e-05,3.4355918362258295e-05,-2.2360608927804573,-0.25573695,1.0,1.0,0.2,1.0,True,0.8944243571121829,768
1,23147,preferred,74,37,37,7.015546445622295e-05,3.137950375559128e-05,2.2357098124511436,0.21513726,1.0,1.0,0.2,1.0,True,0.8942839249804575,769
1,18899,necrosis or hemorrhage,62,36,26,-5.3036423218718085e-05,2.2259941797254687e-05,-2.382594873867058,-0.23383565,1.0,1.0,0.16666666666666666,1.0,True,0.8934730777001467,770
1,4948,administered. findings,60,26,34,-5.737136311893246e-05,2.4101745866837953e-05,-2.380382045180835,-0.22829786,1.0,1.0,0.16666666666666666,1.0,True,0.8926432669428132,771
1,17725,met amplification pd-l1,48,28,20,-8.216607438787685e-05,3.689828604997083e-05,-2.2268263159053103,-0.09688864,1.0,1.0,0.2,1.0,True,0.8907305263621241,772
1,15675,k l low-normal,101,58,43,9.31810580190158e-05,3.665677516536239e-05,2.541987329727361,0.30060035,1.0,1.0,0.13333333333333333,1.0,True,0.8896955654045764,773
1,23618,provided,620,323,297,5.965251138266396e-05,2.5148135050369478e-05,2.372045134288697,0.2573888,1.0,1.0,0.16666666666666666,1.0,True,0.8895169253582613,774
1,7017,benefits risks and,120,66,54,-6.933558509033825e-05,3.119755604128554e-05,-2.2224684843448137,-0.22214268,1.0,1.0,0.2,1.0,True,0.8889873937379256,775
1,16248,lesions 1.2,34,22,12,6.790178212966514e-05,3.057859209726204e-05,2.220566006233654,0.2633561,1.0,1.0,0.2,1.0,True,0.8882264024934616,776
1,5896,and ldh in,69,29,40,6.837796105985416e-05,2.8868581613840225e-05,2.368594410855027,0.22864345,1.0,1.0,0.16666666666666666,1.0,True,0.8882229040706352,777
1,28889,ventricular,651,332,319,4.4601757573726694e-05,2.0094371685096927e-05,2.2196144409335163,0.10284573,1.0,1.0,0.2,1.0,True,0.8878457763734066,778
1,19542,no focal fdg-avid,256,127,129,-6.550620109281745e-05,2.9535146731245153e-05,-2.217906743070913,-0.1452282,1.0,1.0,0.2,1.0,True,0.8871626972283653,779
1,9876,deficits musculoskeletal,117,54,63,7.142550378145167e-05,3.019537662164525e-05,2.3654450373787035,0.19769543,1.0,1.0,0.16666666666666666,1.0,True,0.8870418890170138,780
1,12308,focal deficits musculoskeletal,117,54,63,7.142550378145167e-05,3.019537662164525e-05,2.3654450373787035,0.19769543,1.0,1.0,0.16666666666666666,1.0,True,0.8870418890170138,781
1,16483,liver adrenal glands,245,131,114,-7.381494924954832e-05,3.3290421558988165e-05,-2.2173029295755144,-0.14544643,1.0,1.0,0.2,1.0,True,0.8869211718302058,782
1,12701,four cycles,417,221,196,-0.00010657424894440518,4.5071386540408604e-05,-2.3645655730794166,-0.2399364,1.0,1.0,0.16666666666666666,1.0,True,0.8867120899047812,783
1,21282,or calcification.,210,111,99,-6.52670524922586e-05,3.129328337312222e-05,-2.0856569032419405,-0.20010358,1.0,1.0,0.23333333333333334,1.0,True,0.8864041838778247,784
1,19090,neutropenia grade,114,61,53,-7.597593903492031e-05,3.431690264974074e-05,-2.213950944535325,-0.22846146,1.0,1.0,0.2,1.0,True,0.8855803778141301,785
1,23501,progress note -,636,331,305,-4.994047202734504e-05,2.25972461741768e-05,-2.2100246924961566,-0.21584511,1.0,1.0,0.2,1.0,True,0.8840098769984627,786
1,16249,lesions 1.2 cm,33,22,11,6.797431535857442e-05,3.0781756014274366e-05,2.2082663291546076,0.26459098,1.0,1.0,0.2,1.0,True,0.8833065316618431,787
1,13677,hepatic lesion in,102,52,50,-8.43284403079791e-05,3.58407642950143e-05,-2.3528638958101067,-0.18426533,1.0,1.0,0.16666666666666666,1.0,True,0.8823239609287901,788
1,4868,adenocarcinomas.,105,61,44,-6.545139312550854e-05,2.7821379122411877e-05,-2.3525574644422753,-0.27279586,1.0,1.0,0.16666666666666666,1.0,True,0.8822090491658532,789
1,20067,none medications -,64,32,32,6.173467777088061e-05,2.453603491188932e-05,2.5160820806040713,0.19422185,1.0,1.0,0.13333333333333333,1.0,True,0.8806287282114249,790
1,20553,occipital,57,30,27,0.0001610899763221234,6.869533335360434e-05,2.344991551215338,0.23864144,1.0,1.0,0.16666666666666666,1.0,True,0.8793718317057517,791
1,19024,neurologic grossly intact,629,331,298,-6.334462198318327e-05,2.8835929265899775e-05,-2.1967255294280426,-0.1923698,1.0,1.0,0.2,1.0,True,0.8786902117712171,792
1,10066,description sections reveal,268,134,134,6.981800958609795e-05,2.781257861720008e-05,2.5103033611892616,0.21873216,1.0,1.0,0.13333333333333333,1.0,True,0.8786061764162415,793
1,7956,changes consistent with,191,88,103,-7.65254230203584e-05,3.2680007935095234e-05,-2.341658642566526,-0.2827675,1.0,1.0,0.16666666666666666,1.0,True,0.8781219909624473,794
1,7955,changes consistent,191,88,103,-7.65254230203584e-05,3.2680007935095234e-05,-2.341658642566526,-0.2827675,1.0,1.0,0.16666666666666666,1.0,True,0.8781219909624473,795
1,24905,right cerebellar,112,58,54,0.00018011871861373614,7.692390346331494e-05,2.3415181823116256,0.3137249,1.0,1.0,0.16666666666666666,1.0,True,0.8780693183668595,796
1,2658,20 100 constipation,62,31,31,-5.2692262690313664e-05,2.4014641843164833e-05,-2.194172331798119,-0.114030235,1.0,1.0,0.2,1.0,True,0.8776689327192477,797
1,8940,considered in,125,62,63,7.132415238090977e-05,3.0483532940504982e-05,2.339760044221706,0.25332025,1.0,1.0,0.16666666666666666,1.0,True,0.8774100165831398,798
1,25909,solid nodule in,93,51,42,-8.357129713291989e-05,3.816173553835462e-05,-2.1899239107960957,-0.2304137,1.0,1.0,0.2,1.0,True,0.8759695643184383,799
1,23537,progressive disease after,156,75,81,-6.82780922316369e-05,2.9235092656871457e-05,-2.335484037386443,-0.30760995,1.0,1.0,0.16666666666666666,1.0,True,0.875806514019916,800
1,10065,description sections,288,146,142,6.796364877635982e-05,2.7224737952739096e-05,2.496393129452398,0.21062525,1.0,1.0,0.13333333333333333,1.0,True,0.8737375953083393,801
1,12846,function 70 100,531,288,243,-6.455052099372446e-05,2.776859038596033e-05,-2.3245876040708535,-0.28935784,1.0,1.0,0.16666666666666666,1.0,True,0.8717203515265701,802
1,1756,000,63,30,33,-7.045346515227333e-05,3.0340024454608688e-05,-2.3221294780984056,-0.168326,1.0,1.0,0.16666666666666666,1.0,True,0.8707985542869021,803
1,6831,axial t1-weighted,262,144,118,7.177780963720586e-05,3.298810807800204e-05,2.1758692395297,0.22686526,1.0,1.0,0.2,1.0,True,0.8703476958118801,804
1,28463,two enhancing,77,40,37,0.0001224157312772739,4.9237652354719346e-05,2.4862219342905076,0.29300112,1.0,1.0,0.13333333333333333,1.0,True,0.8701776770016776,805
1,25142,same dose,69,28,41,-5.434372587945832e-05,2.342207467122631e-05,-2.320192666203854,-0.13648552,1.0,1.0,0.16666666666666666,1.0,True,0.8700722498264453,806
1,23110,pre-cycle,240,133,107,-8.521738534965233e-05,3.681513476274601e-05,-2.31473783537214,-0.08558951,1.0,1.0,0.16666666666666666,1.0,True,0.8680266882645524,807
1,23431,pro-ctcae nausea,325,174,151,8.615391963444585e-05,3.724600415051081e-05,2.3131050323223543,0.31468683,1.0,1.0,0.16666666666666666,1.0,True,0.8674143871208828,808
1,9784,days . -,96,47,49,-6.421861394067625e-05,2.780267769153634e-05,-2.3097996046699345,-0.23781683,1.0,1.0,0.16666666666666666,1.0,True,0.8661748517512254,809
1,20988,on day,413,221,192,-9.787846681859782e-05,4.2482906134917586e-05,-2.303949416919702,-0.15696469,1.0,1.0,0.16666666666666666,1.0,True,0.8639810313448884,810
1,26902,system findings --------,343,187,156,-6.993679385753168e-05,3.240885408017944e-05,-2.1579533075902093,-0.2300692,1.0,1.0,0.2,1.0,True,0.8631813230360837,811
1,23973,rare or novel,97,51,46,6.979777167231152e-05,2.8305802444932016e-05,2.465846774989006,0.22374831,1.0,1.0,0.13333333333333333,1.0,True,0.863046371246152,812
1,2397,150-400 cmp creatinine,85,38,47,-6.469467429028852e-05,2.8128782429790143e-05,-2.2999457744666834,-0.23596103,1.0,1.0,0.16666666666666666,1.0,True,0.8624796654250062,813
1,27784,tissue fragments,69,38,31,5.9576929681319165e-05,2.422518490682167e-05,2.4592972111656684,0.33242178,1.0,1.0,0.13333333333333333,1.0,True,0.8607540239079838,814
1,19275,next oncology visit,105,53,52,-6.488239969744751e-05,2.828134056639273e-05,-2.2941769519422475,-0.20793723,1.0,1.0,0.16666666666666666,1.0,True,0.8603163569783427,815
1,10601,dl ast 22,167,85,82,-7.769500945564237e-05,3.6128829722981474e-05,-2.1504989243042307,-0.26198882,1.0,1.0,0.2,1.0,True,0.8601995697216923,816
1,1045,- right adrenal,126,59,67,0.00010043705904071165,4.380394034113358e-05,2.2928772676278486,0.21756385,1.0,1.0,0.16666666666666666,1.0,True,0.8598289753604432,817
1,29369,well-circumscribed,127,62,65,8.69337139010328e-05,3.54139368635416e-05,2.4547881879388127,0.22944699,1.0,1.0,0.13333333333333333,1.0,True,0.8591758657785844,818
1,16201,lesion -,112,63,49,8.07183141418947e-05,3.2916893875268456e-05,2.452185022309806,0.29403973,1.0,1.0,0.13333333333333333,1.0,True,0.858264757808432,819
1,1816,1 week to,399,203,196,-7.004963036000526e-05,3.062045445997122e-05,-2.2876744187966933,-0.23723882,1.0,1.0,0.16666666666666666,1.0,True,0.85787790704876,820
1,15805,kras g12c driver,182,95,87,-6.808318325775074e-05,2.9762314060675894e-05,-2.287563497883625,-0.22369675,1.0,1.0,0.16666666666666666,1.0,True,0.8578363117063594,821
1,12981,g12c driver,182,95,87,-6.808318325775074e-05,2.9762314060675894e-05,-2.287563497883625,-0.22369675,1.0,1.0,0.16666666666666666,1.0,True,0.8578363117063594,822
1,28573,unchanged. 4.,131,73,58,6.78601418999516e-05,2.969772578944284e-05,2.2850282335112344,0.34870085,1.0,1.0,0.16666666666666666,1.0,True,0.856885587566713,823
1,16814,low-impact exercise e.g.,110,58,52,7.045543687075609e-05,3.088440491238703e-05,2.281262568296986,0.28860527,1.0,1.0,0.16666666666666666,1.0,True,0.8554734631113696,824
1,21005,on exertion e.g.,111,61,50,-7.43796751200956e-05,3.262258091275293e-05,-2.2800058437748816,-0.17856191,1.0,1.0,0.16666666666666666,1.0,True,0.8550021914155805,825
1,13662,hemorrhage,351,191,160,9.126294211068574e-05,4.00357596615935e-05,2.279535667165939,0.18180393,1.0,1.0,0.16666666666666666,1.0,True,0.8548258751872271,826
1,1232,- whole-body 18f-fdg,77,46,31,-5.8840867809773734e-05,2.409670621687227e-05,-2.441863517785429,-0.22228144,1.0,1.0,0.13333333333333333,1.0,True,0.8546522312249001,827
1,19824,no significant,445,232,213,7.212324228149994e-05,3.1650365977411154e-05,2.278749077750768,0.17171615,1.0,1.0,0.16666666666666666,1.0,True,0.854530904156538,828
1,17717,met amplification,315,166,149,-0.0001485773378889131,6.522266003270339e-05,-2.2780018143144534,-0.13912512,1.0,1.0,0.16666666666666666,1.0,True,0.85425068036792,829
1,5762,and cdkn2a,233,121,112,9.706552146012555e-05,4.26152225363943e-05,2.2777194552305704,0.20152587,1.0,1.0,0.16666666666666666,1.0,True,0.8541447957114638,830
1,26454,stroke,58,19,39,6.376317896054851e-05,2.6205783375114588e-05,2.4331720234358265,0.31137857,1.0,1.0,0.13333333333333333,1.0,True,0.8516102082025392,831
1,12035,female clinical,162,90,72,7.939699290633609e-05,3.498758373769482e-05,2.269290543227642,0.28337798,1.0,1.0,0.16666666666666666,1.0,True,0.8509839537103656,832
1,14107,hypertension. - no,291,147,144,-7.825316664120287e-05,3.448475533792258e-05,-2.269210434419077,-0.2529199,1.0,1.0,0.16666666666666666,1.0,True,0.8509539129071538,833
1,11567,evaluation of known,109,57,52,9.119777687989253e-05,3.754824771507778e-05,2.428815788473436,0.33304587,1.0,1.0,0.13333333333333333,1.0,True,0.8500855259657025,834
1,19023,neurologic grossly,634,335,299,-6.343533049382712e-05,2.985766864319249e-05,-2.1245908798807136,-0.16590723,1.0,1.0,0.2,1.0,True,0.8498363519522855,835
1,20514,obtained with,318,149,169,-7.060158490348982e-05,3.119449174187306e-05,-2.2632708840939295,-0.22808622,1.0,1.0,0.16666666666666666,1.0,True,0.8487265815352236,836
1,28582,uncontrolled,118,55,63,7.523967273940658e-05,3.3247286233558965e-05,2.2630320023972836,0.24047352,1.0,1.0,0.16666666666666666,1.0,True,0.8486370008989814,837
1,18892,necrosis identified,65,32,33,-6.024037386040254e-05,2.6628251579005644e-05,-2.262272972811234,-0.23892212,1.0,1.0,0.16666666666666666,1.0,True,0.8483523648042128,838
1,7815,cdkn2a,591,296,295,0.00010798495744088306,4.7781166745928556e-05,2.2599899666553136,0.18195787,1.0,1.0,0.16666666666666666,1.0,True,0.8474962374957427,839
1,2004,1.8 cm short-axis,69,38,31,-5.154622006801834e-05,2.280999971989703e-05,-2.2598080096886135,-0.13637367,1.0,1.0,0.16666666666666666,1.0,True,0.84742800363323,840
1,20806,of recurrence new,75,40,35,-5.870074755035199e-05,2.5994427281100274e-05,-2.2582050727861755,-0.23225291,1.0,1.0,0.16666666666666666,1.0,True,0.8468269022948158,841
1,10578,dl 0.6-1.3 egfr,199,89,110,-8.603747464174227e-05,3.8115581204652734e-05,-2.2572783077813794,-0.20837788,1.0,1.0,0.16666666666666666,1.0,True,0.8464793654180173,842
1,18217,ml with,75,42,33,-5.8817422027711805e-05,2.78406655139997e-05,-2.112644254072713,-0.23365235,1.0,1.0,0.2,1.0,True,0.8450577016290852,843
1,21687,other no known,91,66,25,5.551909598937564e-05,2.464458704793635e-05,2.252790678999209,0.16993096,1.0,1.0,0.16666666666666666,1.0,True,0.8447965046247033,844
1,12843,function 65 100,384,217,167,-6.496632288286624e-05,2.8852952311147174e-05,-2.251635194287098,-0.18032488,1.0,1.0,0.16666666666666666,1.0,True,0.8443631978576617,845
1,533,- homozygous,88,49,39,6.839686960262845e-05,3.038493032490004e-05,2.2510128827439875,0.24401356,1.0,1.0,0.16666666666666666,1.0,True,0.8441298310289953,846
1,565,- initial consultation,130,59,71,-6.163857227037018e-05,2.7399231251226e-05,-2.249646046825205,-0.18264878,1.0,1.0,0.16666666666666666,1.0,True,0.8436172675594518,847
1,18390,month ago,225,129,96,7.972408507405925e-05,3.3129282528713336e-05,2.4064537167372078,0.21070711,1.0,1.0,0.13333333333333333,1.0,True,0.8422588008580226,848
1,10534,distant metastatic,319,172,147,-7.376087816914665e-05,3.06743333664017e-05,-2.4046448634459527,-0.24273027,1.0,1.0,0.13333333333333333,1.0,True,0.8416257022060835,849
1,3436,5.0 k,113,54,59,-9.01511427591175e-05,4.01698152180466e-05,-2.244250870206055,-0.31138405,1.0,1.0,0.16666666666666666,1.0,True,0.8415940763272706,850
1,19812,no restricted diffusion,86,43,43,8.064213464284325e-05,3.6007660648219124e-05,2.2395827218737043,0.26744172,1.0,1.0,0.16666666666666666,1.0,True,0.8398435207026391,851
1,26322,status 45 100,96,36,60,6.438390233896757e-05,2.6841036260326118e-05,2.3987114996053176,0.16612382,1.0,1.0,0.13333333333333333,1.0,True,0.8395490248618611,852
1,7564,calvarium,174,96,78,7.949955286101717e-05,3.55128303551518e-05,2.2386149474983843,0.2958704,1.0,1.0,0.16666666666666666,1.0,True,0.8394806053118942,853
1,286,- comorbidities,75,41,34,-6.234639590779934e-05,2.970903320531921e-05,-2.0985669737861623,-0.24988244,1.0,1.0,0.2,1.0,True,0.8394267895144649,854
1,9295,cough occasional,72,32,40,-6.57166244209624e-05,2.9216578773456064e-05,-2.2492922573353273,-0.21525393,0.8571428571428571,1.0,0.2,1.0,True,0.8354514098674073,855
1,18754,myelosuppression nausea fatigue,81,43,38,6.473699824665256e-05,2.905806193457249e-05,2.227849826750842,0.20340496,1.0,1.0,0.16666666666666666,1.0,True,0.8354436850315657,856
1,28529,u l normal,83,47,36,-7.371120225399755e-05,3.092740583603323e-05,-2.3833619491007334,-0.22873947,1.0,1.0,0.13333333333333333,1.0,True,0.8341766821852566,857
1,28022,to proceed,237,116,121,8.265862613711551e-05,3.46985482681367e-05,2.3821926352181144,0.17686886,1.0,1.0,0.13333333333333333,1.0,True,0.83376742232634,858
1,2445,18f-fdg.,177,96,81,-6.494973808500975e-05,2.923788881610851e-05,-2.2214236634358473,-0.1454415,1.0,1.0,0.16666666666666666,1.0,True,0.8330338737884427,859
1,17607,mediastinal or,532,279,253,-6.839625275142138e-05,3.080284186009905e-05,-2.2204526797256183,-0.19393972,1.0,1.0,0.16666666666666666,1.0,True,0.8326697548971069,860
1,27046,tan-white firm,555,300,255,-4.0115570301374516e-05,1.807237075993765e-05,-2.219718200464415,-0.29979292,1.0,1.0,0.16666666666666666,1.0,True,0.8323943251741557,861
1,21660,osteoblastic,18,9,9,-9.786274509544165e-05,4.116653592364102e-05,-2.377240224364889,-0.25663054,1.0,1.0,0.13333333333333333,1.0,True,0.832034078527711,862
1,16610,lobectomy with,308,166,142,-0.00018065118626244477,7.603534400917873e-05,-2.375884381356086,-0.3113228,1.0,1.0,0.13333333333333333,1.0,True,0.8315595334746301,863
1,11587,every 21 days,127,72,55,-8.216149341324429e-05,3.458245467703256e-05,-2.3758143885549763,-0.19364017,1.0,1.0,0.13333333333333333,1.0,True,0.8315350359942416,864
1,957,- proceed,91,57,34,-7.149967552479817e-05,3.0103650029233497e-05,-2.375116487713789,-0.1457677,1.0,1.0,0.13333333333333333,1.0,True,0.8312907706998262,865
1,958,- proceed with,91,57,34,-7.149967552479817e-05,3.0103650029233497e-05,-2.375116487713789,-0.1457677,1.0,1.0,0.13333333333333333,1.0,True,0.8312907706998262,866
1,15492,is seen. -,84,50,34,6.859869513239417e-05,2.889625808177756e-05,2.3739646475421536,0.27879795,1.0,1.0,0.13333333333333333,1.0,True,0.8308876266397537,867
1,26272,staple,225,119,106,-0.00010369313091595014,4.0649692761061424e-05,-2.5508958093596807,-0.32381502,1.0,1.0,0.1,1.0,True,0.8290411380418963,868
1,27789,tissue.,218,111,107,-7.535662338641968e-05,3.1816610762808914e-05,-2.368467966251942,-0.21588963,1.0,1.0,0.13333333333333333,1.0,True,0.8289637881881796,869
1,11673,exertion hemoptysis,140,76,64,7.500527651589482e-05,3.396521896426314e-05,2.20829656934679,0.22926404,1.0,1.0,0.16666666666666666,1.0,True,0.8281112135050462,870
1,21007,on exertion hemoptysis,140,76,64,7.500527651589482e-05,3.396521896426314e-05,2.20829656934679,0.22926404,1.0,1.0,0.16666666666666666,1.0,True,0.8281112135050462,871
1,9792,days discharge,772,393,379,1.8106683841412397e-05,7.114854949552486e-06,2.544912576545398,0.26022437,1.0,1.0,0.1,1.0,True,0.8270965873772544,872
1,9793,days discharge disposition,772,393,379,1.8106683841412397e-05,7.114854949552486e-06,2.544912576545398,0.26022437,1.0,1.0,0.1,1.0,True,0.8270965873772544,873
1,10330,discharge disposition,772,393,379,1.8106683841412397e-05,7.114854949552486e-06,2.544912576545398,0.26022437,1.0,1.0,0.1,1.0,True,0.8270965873772544,874
1,14899,infiltrative nests,66,35,31,-5.1806439159081684e-05,2.3523571686908714e-05,-2.2023202874380208,-0.222553,1.0,1.0,0.16666666666666666,1.0,True,0.8258701077892578,875
1,14900,infiltrative nests and,66,35,31,-5.1806439159081684e-05,2.3523571686908714e-05,-2.2023202874380208,-0.222553,1.0,1.0,0.16666666666666666,1.0,True,0.8258701077892578,876
1,13582,heent no sore,260,147,113,-7.178406109789374e-05,3.2620225135685976e-05,-2.20059980577397,-0.20314118,1.0,1.0,0.16666666666666666,1.0,True,0.8252249271652388,877
1,5663,anc 5.0 k,69,35,34,-7.574692369164333e-05,3.4465033723695483e-05,-2.197790499754121,-0.25575984,1.0,1.0,0.16666666666666666,1.0,True,0.8241714374077954,878
1,21908,pain palpitations gastrointestinal,331,175,156,7.205120642445607e-05,3.279039748190082e-05,2.1973264113137354,0.27792472,1.0,1.0,0.16666666666666666,1.0,True,0.8239974042426508,879
1,26441,strategies e.g. chemo-immunotherapy,64,30,34,-6.452123981995666e-05,2.7407003920381208e-05,-2.354188002723474,-0.25826114,1.0,1.0,0.13333333333333333,1.0,True,0.8239658009532159,880
1,4680,activating driver,117,64,53,7.411398099104573e-05,3.153782076218156e-05,2.350003240551078,0.21450026,1.0,1.0,0.13333333333333333,1.0,True,0.8225011341928772,881
1,21937,palliative,718,362,356,7.245712083959705e-05,3.085316667229062e-05,2.3484500508231836,0.17658488,1.0,1.0,0.13333333333333333,1.0,True,0.8219575177881142,882
1,1705,0.6-1.3 egfr,207,93,114,-8.306781808157115e-05,3.790026625135564e-05,-2.1917476128178897,-0.2048285,1.0,1.0,0.16666666666666666,1.0,True,0.8219053548067086,883
1,10678,dob,479,243,236,-6.750500301126735e-05,3.0824237893372205e-05,-2.189997470327797,-0.20917125,1.0,1.0,0.16666666666666666,1.0,True,0.8212490513729239,884
1,26766,suvmax,637,331,306,-9.079689703763181e-05,4.14787768904923e-05,-2.18899649035804,-0.18007989,1.0,1.0,0.16666666666666666,1.0,True,0.820873683884265,885
1,302,- constitutional no,416,221,195,-7.735904776421827e-05,3.2992505383998016e-05,-2.3447460829009628,-0.28867793,1.0,1.0,0.13333333333333333,1.0,True,0.8206611290153369,886
1,17645,medical oncology contact,129,70,59,-5.6654024818166236e-05,2.761414092049305e-05,-2.0516309010403457,-0.139382,1.0,1.0,0.2,1.0,True,0.8206523604161383,887
1,1244,- works,91,67,24,-6.695214998739774e-05,2.8429832091402652e-05,-2.3549963211933447,-0.21951376,0.8571428571428571,1.0,0.16666666666666666,1.0,True,0.8200433618441111,888
1,11248,elevated -,69,44,25,-6.995425366087876e-05,2.9896446531373024e-05,-2.339885229753626,-0.21598603,1.0,1.0,0.13333333333333333,1.0,True,0.8189598304137691,889
1,11929,fatigue weight loss,63,28,35,-6.291773684012222e-05,2.691730622980159e-05,-2.3374455193611694,-0.14012134,1.0,1.0,0.13333333333333333,1.0,True,0.8181059317764092,890
1,23025,post-hospitalization complete blood,71,41,30,-5.379251701444293e-05,2.46727751009031e-05,-2.180237804399796,-0.20252782,1.0,1.0,0.16666666666666666,1.0,True,0.8175891766499235,891
1,23024,post-hospitalization complete,71,41,30,-5.379251701444293e-05,2.46727751009031e-05,-2.180237804399796,-0.20252782,1.0,1.0,0.16666666666666666,1.0,True,0.8175891766499235,892
1,15724,kidneys,702,363,339,-4.4300454158023606e-05,2.0322254225367635e-05,-2.1798986306708406,-0.25705862,1.0,1.0,0.16666666666666666,1.0,True,0.8174619865015652,893
1,1190,- uncomplicated,69,35,34,6.802666436873922e-05,3.1228507367088934e-05,2.178351452059188,0.27284834,1.0,1.0,0.16666666666666666,1.0,True,0.8168817945221956,894
1,13949,home.,162,80,82,-5.646875442536964e-05,2.592287169835439e-05,-2.1783371488489194,-0.13636696,1.0,1.0,0.16666666666666666,1.0,True,0.8168764308183447,895
1,11421,enlarged mediastinal or,147,76,71,-5.7116991700270765e-05,2.8016311735055424e-05,-2.038704888795305,-0.25954887,1.0,1.0,0.2,1.0,True,0.8154819555181221,896
1,27167,that both,67,27,40,-5.509520442247864e-05,2.5402557704370676e-05,-2.16888413614347,-0.3320891,1.0,1.0,0.16666666666666666,1.0,True,0.8133315510538013,897
1,110,- 18f-fdg pet,70,39,31,-5.844088843801092e-05,2.8746211510539252e-05,-2.0329944492541103,-0.29888797,1.0,1.0,0.2,1.0,True,0.8131977797016442,898
1,5705,and adjuvant,257,141,116,-0.00011178960080221956,4.814420004480473e-05,-2.321974416402892,-0.2618808,1.0,1.0,0.13333333333333333,1.0,True,0.8126910457410123,899
1,3356,5 days ago,165,82,83,-7.472209077505581e-05,3.21809964739448e-05,-2.3219321637710695,-0.31396967,1.0,1.0,0.13333333333333333,1.0,True,0.8126762573198743,900
1,22663,physical 55,50,19,31,-8.16415166917204e-05,3.5180221742782744e-05,-2.320665210374043,-0.23231654,1.0,1.0,0.13333333333333333,1.0,True,0.812232823630915,901
1,2663,20 dyspnea,61,37,24,-6.412373118171958e-05,2.9617180024454553e-05,-2.1650856404550796,-0.21561337,1.0,1.0,0.16666666666666666,1.0,True,0.8119071151706548,902
1,10331,discharge disposition home,772,393,379,1.7749490380889537e-05,7.11056244796942e-06,2.496214682139287,0.26079687,1.0,1.0,0.1,1.0,True,0.8112697716952683,903
1,16052,labs,769,400,369,-3.7250618508191255e-05,1.8367464426919027e-05,-2.0280762571450754,-0.17117852,1.0,1.0,0.2,1.0,True,0.8112305028580302,904
1,26669,supports squamous differentiation,173,95,78,7.473007445580609e-05,2.9939238272232022e-05,2.4960579750326035,0.25605306,1.0,1.0,0.1,1.0,True,0.8112188418855961,905
1,24378,reinforced,149,79,70,-7.324164999198807e-05,3.16174609664468e-05,-2.316493726985663,-0.27890643,1.0,1.0,0.13333333333333333,1.0,True,0.810772804444982,906
1,22333,pd-l1 10% .,54,28,26,-6.968794685024532e-05,3.008610554706472e-05,-2.3162834000309576,-0.26579836,1.0,1.0,0.13333333333333333,1.0,True,0.8106991900108351,907
1,19564,no headache dizziness,132,74,58,-6.911648109209226e-05,3.410943534308359e-05,-2.0263156043744677,-0.1499655,1.0,1.0,0.2,1.0,True,0.8105262417497872,908
1,26868,symptoms. no,165,86,79,-7.02866602635353e-05,3.2611281826776715e-05,-2.155286647022375,-0.19260025,1.0,1.0,0.16666666666666666,1.0,True,0.8082324926333906,909
1,23682,pulmonary function,516,260,256,-6.510928197385287e-05,2.821909733287762e-05,-2.307277274174007,-0.2279696,1.0,1.0,0.13333333333333333,1.0,True,0.8075470459609024,910
1,16401,limited functional,102,37,65,7.393324938236437e-05,3.205470059094977e-05,2.306471376096349,0.19136538,1.0,1.0,0.13333333333333333,1.0,True,0.8072649816337221,911
1,17979,microscopic description sections,287,146,141,6.775433712994393e-05,2.7279247938195542e-05,2.4837318566644373,0.21078974,1.0,1.0,0.1,1.0,True,0.8072128534159422,912
1,14825,indicate,83,36,47,6.363123209869049e-05,2.7594541242604406e-05,2.3059354942436032,0.16152397,1.0,1.0,0.13333333333333333,1.0,True,0.8070774229852611,913
1,3477,5.9,123,64,59,-7.735179537605378e-05,3.594499686209417e-05,-2.1519488699030935,-0.15378198,1.0,1.0,0.16666666666666666,1.0,True,0.8069808262136601,914
1,25278,segment,656,335,321,-7.118632691827201e-05,3.529015911827515e-05,-2.017172171983999,-0.1450658,1.0,1.0,0.2,1.0,True,0.8068688687935996,915
1,19029,neurologic no headache,203,110,93,-7.727229026381594e-05,3.593269073900431e-05,-2.150473250808858,-0.21234547,1.0,1.0,0.16666666666666666,1.0,True,0.8064274690533217,916
1,26436,stk11-deficient,115,61,54,-6.452216550120736e-05,3.003156184537929e-05,-2.148478518480212,-0.18704557,1.0,1.0,0.16666666666666666,1.0,True,0.8056794444300794,917
1,17623,mediastinum and,67,32,35,-6.19178178325714e-05,2.6907321132647582e-05,-2.3011513307968947,-0.16776615,1.0,1.0,0.13333333333333333,1.0,True,0.8054029657789131,918
1,7588,cancer diagnosed,402,213,189,8.297201077512784e-05,3.865685093739759e-05,2.1463727324684556,0.22716928,1.0,1.0,0.16666666666666666,1.0,True,0.8048897746756709,919
1,17803,metastasis unchanged,46,21,25,-7.131658749283545e-05,3.5450965336304194e-05,-2.011696629874347,-0.2564208,1.0,1.0,0.2,1.0,True,0.8046786519497389,920
1,13004,g12c mutation stk11,47,25,22,-9.213793201620327e-05,3.722379935567755e-05,-2.4752425494188564,-0.27016482,1.0,1.0,0.1,1.0,True,0.8044538285611283,921
1,22862,pneumococcal,572,288,284,-6.476160761775251e-05,2.818126025961615e-05,-2.2980380231808204,-0.31391203,1.0,1.0,0.13333333333333333,1.0,True,0.804313308113287,922
1,4422,a primary pulmonary,242,116,126,-5.910209969207074e-05,2.7565807826430753e-05,-2.1440365565997395,-0.2882195,1.0,1.0,0.16666666666666666,1.0,True,0.8040137087249023,923
1,6031,and postoperative mediastinal,30,14,16,0.00012328492386927783,5.3670431095830345e-05,2.2970734788611717,0.15978113,1.0,1.0,0.13333333333333333,1.0,True,0.8039757176014101,924
1,12425,followed by adjuvant,62,33,29,-6.591850153202529e-05,2.869817592227216e-05,-2.296957887168957,-0.1864632,1.0,1.0,0.13333333333333333,1.0,True,0.8039352605091349,925
1,7447,by adjuvant,62,33,29,-6.591850153202529e-05,2.869817592227216e-05,-2.296957887168957,-0.1864632,1.0,1.0,0.13333333333333333,1.0,True,0.8039352605091349,926
1,15280,intracranial disease,294,156,138,0.00010751928160699747,4.685606806672198e-05,2.294671449040335,0.15480374,1.0,1.0,0.13333333333333333,1.0,True,0.8031350071641171,927
1,17804,metastasis.,595,309,286,-8.165241242107369e-05,3.306927964495359e-05,-2.4691318739848613,-0.21926643,1.0,1.0,0.1,1.0,True,0.80246785904508,928
1,27039,tagrisso,33,16,17,9.470583488649957e-05,4.1318106138991144e-05,2.2921146135768162,0.12522155,1.0,1.0,0.13333333333333333,1.0,True,0.8022401147518856,929
1,9148,controlled on lisinopril,444,220,224,-6.242188329237424e-05,2.917958835968441e-05,-2.1392311133017423,-0.24705692,1.0,1.0,0.16666666666666666,1.0,True,0.8022116674881534,930
1,15745,known brain,137,66,71,0.00011286317148505172,4.925748822826704e-05,2.2912896200071313,0.18404263,1.0,1.0,0.13333333333333333,1.0,True,0.8019513670024959,931
1,11994,fdg-avid mediastinal,177,86,91,-7.665346074271052e-05,3.347082340241106e-05,-2.2901576044642153,-0.20549643,1.0,1.0,0.13333333333333333,1.0,True,0.8015551615624753,932
1,502,- genitourinary,725,367,358,-4.713110439544875e-05,2.0581654886135167e-05,-2.2899569862673492,-0.252279,1.0,1.0,0.13333333333333333,1.0,True,0.8014849451935722,933
1,28903,verify influenza and,88,43,45,7.243531335033456e-05,3.1483419503541425e-05,2.3007447886080685,0.2166907,0.8571428571428571,1.0,0.16666666666666666,1.0,True,0.8011522031760239,934
1,21777,p.g12c 28 %,71,44,27,-5.2995742877099005e-05,2.647523299172502e-05,-2.0017101603473373,-0.20270479,1.0,1.0,0.2,1.0,True,0.800684064138935,935
1,25627,significant,592,299,293,6.703970720358399e-05,2.933267176035703e-05,2.285496109978902,0.18612933,1.0,1.0,0.13333333333333333,1.0,True,0.7999236384926157,936
1,21831,pain 20,186,115,71,-8.42138861437463e-05,3.951627033129974e-05,-2.131119294349063,-0.244154,1.0,1.0,0.16666666666666666,1.0,True,0.7991697353808986,937
1,9177,copy number 5,33,15,18,-0.00013266280622094065,5.397668096992192e-05,-2.4577799864142436,-0.19199213,1.0,1.0,0.1,1.0,True,0.7987784955846292,938
1,20428,number 5,33,15,18,-0.00013266280622094065,5.397668096992192e-05,-2.4577799864142436,-0.19199213,1.0,1.0,0.1,1.0,True,0.7987784955846292,939
1,17903,mg dl ast,329,166,163,-8.670837423152557e-05,3.802051390964707e-05,-2.2805681805769797,-0.30742502,1.0,1.0,0.13333333333333333,1.0,True,0.7981988632019429,940
1,681,- mediastinum,595,311,284,-6.265295425638013e-05,2.5519467158271035e-05,-2.455104327524091,-0.23428382,1.0,1.0,0.1,1.0,True,0.7979089064453295,941
1,22682,physician dr.,174,107,67,-6.133622712880355e-05,2.886508460079145e-05,-2.1249280221102067,-0.1938184,1.0,1.0,0.16666666666666666,1.0,True,0.7968480082913275,942
1,28809,vaccine,408,219,189,-7.014168047608292e-05,3.302361977302912e-05,-2.1239852250651414,-0.21559128,1.0,1.0,0.16666666666666666,1.0,True,0.7964944593994281,943
1,24196,recurrence or,56,29,27,-5.365039163492292e-05,2.189471230595648e-05,-2.4503812100936933,-0.2543776,1.0,1.0,0.1,1.0,True,0.7963738932804504,944
1,10600,dl ast,368,180,188,-8.223238795531807e-05,3.6142525185626935e-05,-2.2752253068366133,-0.25811645,1.0,1.0,0.13333333333333333,1.0,True,0.7963288573928146,945
1,21503,or sensory changes.,76,37,39,5.8761142427809505e-05,2.5833711900396812e-05,2.2745915358337228,0.272606,1.0,1.0,0.13333333333333333,1.0,True,0.7961070375418029,946
1,18997,nervous system,57,27,30,7.743544254890452e-05,3.4074476767584314e-05,2.272535043665595,0.21310346,1.0,1.0,0.13333333333333333,1.0,True,0.7953872652829582,947
1,7901,central nervous system,57,27,30,7.743544254890452e-05,3.4074476767584314e-05,2.272535043665595,0.21310346,1.0,1.0,0.13333333333333333,1.0,True,0.7953872652829582,948
1,20011,nodules unchanged,58,30,28,-7.707583738420419e-05,3.6371758206863336e-05,-2.1191122228911112,-0.37009487,1.0,1.0,0.16666666666666666,1.0,True,0.7946670835841667,949
1,16999,lymph node,544,287,257,-0.00012131308166806446,5.3492755262260395e-05,-2.26784133801483,-0.29923826,1.0,1.0,0.13333333333333333,1.0,True,0.7937444683051905,950
1,28887,ventricles are,108,60,48,6.699649502739721e-05,2.9566082419168686e-05,2.2659916209920707,0.25233966,1.0,1.0,0.13333333333333333,1.0,True,0.7930970673472247,951
1,27795,tissues no abnormal,79,41,38,-6.2426612822146e-05,2.75532396819943e-05,-2.2656723326419224,-0.11896709,1.0,1.0,0.13333333333333333,1.0,True,0.7929853164246727,952
1,16123,ldh in,81,35,46,7.03462407534189e-05,3.1120882694921727e-05,2.260419199642365,0.2506982,1.0,1.0,0.13333333333333333,1.0,True,0.7911467198748278,953
1,27160,tests spirometry,278,143,135,-5.708415644745411e-05,2.8867611771658092e-05,-1.977446451025738,-0.20670955,1.0,1.0,0.2,1.0,True,0.7909785804102952,954
1,12872,function tests spirometry,278,143,135,-5.708415644745411e-05,2.8867611771658092e-05,-1.977446451025738,-0.20670955,1.0,1.0,0.2,1.0,True,0.7909785804102952,955
1,12509,for fever,105,63,42,-6.0297489089291625e-05,2.8589693539283105e-05,-2.1090638487062146,-0.17024182,1.0,1.0,0.16666666666666666,1.0,True,0.7908989432648305,956
1,26809,swi and post-contrast,111,56,55,7.178514167248252e-05,3.178174496017205e-05,2.2586910115363885,0.23971927,1.0,1.0,0.13333333333333333,1.0,True,0.7905418540377359,957
1,773,- no enhancing,223,119,104,-6.782527332812535e-05,3.0030112234952383e-05,-2.2585754191482095,-0.3343713,1.0,1.0,0.13333333333333333,1.0,True,0.7905013967018732,958
1,15633,john is a,121,53,68,-0.00010968025707628327,5.203182090124505e-05,-2.107945775806181,-0.22212206,1.0,1.0,0.16666666666666666,1.0,True,0.7904796659273179,959
1,28330,trial evaluating,172,83,89,-7.0267274302808e-05,3.335149008589337e-05,-2.106870611233315,-0.18922411,1.0,1.0,0.16666666666666666,1.0,True,0.790076479212493,960
1,3159,4. ecog performance,63,37,26,6.390543426090984e-05,3.0338732092378422e-05,2.1063976591481857,0.1411674,1.0,1.0,0.16666666666666666,1.0,True,0.7898991221805696,961
1,26991,t2-weighted flair,293,143,150,6.318799248289867e-05,3.0047862387560132e-05,2.1029114040757393,0.21115115,1.0,1.0,0.16666666666666666,1.0,True,0.7885917765284023,962
1,1456,---------------- ttf-1 thyroid,189,93,96,-6.83098563534398e-05,2.8155019120211806e-05,-2.426205290849965,-0.26942992,1.0,1.0,0.1,1.0,True,0.7885167195262386,963
1,27640,this mutation,94,58,36,-5.732348593438669e-05,2.545707321307027e-05,-2.251770478664273,-0.1773315,1.0,1.0,0.13333333333333333,1.0,True,0.7881196675324955,964
1,24070,received any,207,106,101,7.903656084615246e-05,3.764327272374989e-05,2.099619802618456,0.24338827,1.0,1.0,0.16666666666666666,1.0,True,0.7873574259819209,965
1,7077,bilirubin 0.7,55,37,18,6.680838839878004e-05,2.970632966721328e-05,2.2489613879332966,0.27326626,1.0,1.0,0.13333333333333333,1.0,True,0.7871364857766537,966
1,7078,bilirubin 0.7 mg,55,37,18,6.680838839878004e-05,2.970632966721328e-05,2.2489613879332966,0.27326626,1.0,1.0,0.13333333333333333,1.0,True,0.7871364857766537,967
1,8642,collections,232,128,104,6.876276222550209e-05,3.0578848969510554e-05,2.248703418956803,0.1923127,1.0,1.0,0.13333333333333333,1.0,True,0.787046196634881,968
1,21130,oncology contact,137,75,62,-5.4280952606427444e-05,2.759496295075955e-05,-1.9670601733833226,-0.11938012,1.0,1.0,0.2,1.0,True,0.786824069353329,969
1,9725,daily. - hyperlipidemia,159,76,83,-6.998626881225551e-05,3.114716317033846e-05,-2.2469548327567646,-0.21451178,1.0,1.0,0.13333333333333333,1.0,True,0.7864341914648676,970
1,4856,adenocarcinoma ttf-1 ck7,79,41,38,-6.517820841191605e-05,2.9031660883067537e-05,-2.245073358855975,-0.13794549,1.0,1.0,0.13333333333333333,1.0,True,0.7857756755995912,971
1,977,- quality,145,81,64,6.445335571205907e-05,2.8747202824869538e-05,2.242073989066502,0.14917052,1.0,1.0,0.13333333333333333,1.0,True,0.7847258961732757,972
1,24610,residual mass. -,74,41,33,-6.839067223748414e-05,2.8325486044756943e-05,-2.4144571475109173,-0.19259694,1.0,1.0,0.1,1.0,True,0.7846985729410482,973
1,20381,nsclc. -,216,108,108,7.095271960221861e-05,3.165354857712421e-05,2.241540768465234,0.13800427,1.0,1.0,0.13333333333333333,1.0,True,0.7845392689628319,974
1,28384,ttf-1 thyroid transcription,199,96,103,-6.323603022964874e-05,2.8217972936818816e-05,-2.2409841547171645,-0.24519528,1.0,1.0,0.13333333333333333,1.0,True,0.7843444541510075,975
1,28383,ttf-1 thyroid,199,96,103,-6.323603022964874e-05,2.8217972936818816e-05,-2.2409841547171645,-0.24519528,1.0,1.0,0.13333333333333333,1.0,True,0.7843444541510075,976
1,15495,is stable and,86,41,45,5.4117405839122756e-05,2.5880852761466445e-05,2.0910209697455264,0.22587201,1.0,1.0,0.16666666666666666,1.0,True,0.7841328636545724,977
1,1223,- vitamin,563,301,262,5.0599318833990535e-05,2.5831555288834798e-05,1.9588181303144814,0.16906275,1.0,1.0,0.2,1.0,True,0.7835272521257926,978
1,13437,has not yet,82,45,37,8.300383981107041e-05,3.443223311506487e-05,2.410643525027553,0.36764094,0.8571428571428571,1.0,0.13333333333333333,1.0,True,0.7834591456339547,979
1,16829,lower,728,374,354,-8.788922212747121e-05,4.209977322931366e-05,-2.0876412243065197,-0.27623728,1.0,1.0,0.16666666666666666,1.0,True,0.7828654591149449,980
1,25575,side,457,228,229,7.594892909296e-05,3.1553097221766087e-05,2.4070197787293157,0.298181,1.0,1.0,0.1,1.0,True,0.7822814280870276,981
1,20680,of hepatic,112,51,61,9.088372840609036e-05,4.066993574663879e-05,2.2346661418957745,0.17952858,1.0,1.0,0.13333333333333333,1.0,True,0.782133149663521,982
1,18363,monitor blood,101,49,52,-6.658354283726304e-05,2.980723989224992e-05,-2.2338043736339106,-0.25575224,1.0,1.0,0.13333333333333333,1.0,True,0.7818315307718686,983
1,10750,dr. l. chen,63,35,28,5.505235725616832e-05,2.64093649146397e-05,2.0845770973330273,0.19256996,1.0,1.0,0.16666666666666666,1.0,True,0.7817164114998852,984
1,20737,of met,52,29,23,-6.184079355855217e-05,2.7698332870759194e-05,-2.2326539957152716,-0.121369615,1.0,1.0,0.13333333333333333,1.0,True,0.781428898500345,985
1,10503,disposition home,772,393,379,1.715266135547821e-05,7.138545320064145e-06,2.402823066384074,0.2593374,1.0,1.0,0.1,1.0,True,0.780917496574824,986
1,25185,schedule contrast-enhanced,116,70,46,-6.0155358551191364e-05,2.6961674272656025e-05,-2.2311432866837833,-0.15763375,1.0,1.0,0.13333333333333333,1.0,True,0.7809001503393241,987
1,937,- post-surgical changes,73,41,32,-5.874544977668622e-05,2.821175925778087e-05,-2.0823036677687545,-0.22160858,1.0,1.0,0.16666666666666666,1.0,True,0.780863875413283,988
1,2892,3. hypertension hyperlipidemia,81,31,50,-6.254596369880674e-05,2.603385717194788e-05,-2.4024854744229587,-0.19315937,1.0,1.0,0.1,1.0,True,0.7808077791874616,989
1,873,- osseous,377,204,173,-6.59611378938889e-05,2.9572148184738447e-05,-2.230515601431012,-0.24102421,1.0,1.0,0.13333333333333333,1.0,True,0.7806804605008542,990
1,14915,influenza,697,359,338,-4.8051051547614983e-05,2.3097925693746045e-05,-2.0803189076249042,-0.2346233,1.0,1.0,0.16666666666666666,1.0,True,0.7801195903593391,991
1,3478,5.9 k,72,40,32,-6.581329762114431e-05,2.95309332753222e-05,-2.228622340091832,-0.18629883,1.0,1.0,0.13333333333333333,1.0,True,0.7800178190321412,992
1,13450,have demonstrated,201,100,101,-5.780821086295011e-05,2.781667329056126e-05,-2.0781856356117743,-0.13025868,1.0,1.0,0.16666666666666666,1.0,True,0.7793196133544154,993
1,28744,urgent,491,259,232,6.482562224787965e-05,2.9119967783416513e-05,2.226157073044466,0.26956576,1.0,1.0,0.13333333333333333,1.0,True,0.7791549755655631,994
1,22617,pet,699,361,338,-7.460966705316e-05,3.3523585131042175e-05,-2.2255873517559115,-0.13491072,1.0,1.0,0.13333333333333333,1.0,True,0.778955573114569,995
1,23000,post left lower,43,25,18,-6.83195488954732e-05,2.850628829097478e-05,-2.396648353447807,-0.15018977,1.0,1.0,0.1,1.0,True,0.7789107148705373,996
1,28546,unable to carry,201,80,121,0.00010494562939453475,4.3834960180492726e-05,2.394108012472594,0.31153163,1.0,1.0,0.1,1.0,True,0.7780851040535931,997
1,17453,may have prognostic,83,47,36,7.040061850575973e-05,2.941472149765519e-05,2.3933804204595903,0.2026611,1.0,1.0,0.1,1.0,True,0.7778486366493669,998
1,26560,subset of,147,75,72,6.612703066031921e-05,2.975868545440764e-05,2.222108592855366,0.21403606,1.0,1.0,0.13333333333333333,1.0,True,0.777738007499378,999
1,4054,9.0 k,43,19,24,-6.87091315249279e-05,3.317288367136283e-05,-2.071243857049499,-0.18632877,1.0,1.0,0.16666666666666666,1.0,True,0.7767164463935621,1000
1,22919,po q8 h,124,55,69,9.809822702801358e-05,4.107493914689495e-05,2.3882744336440314,0.35126776,1.0,1.0,0.1,1.0,True,0.7761891909343103,1001
1,14512,importance of adherence,177,100,77,7.884172214240985e-05,3.5555039812552236e-05,2.2174556000518333,0.25633913,1.0,1.0,0.13333333333333333,1.0,True,0.7761094600181416,1002
1,20596,of adherence,177,100,77,7.884172214240985e-05,3.5555039812552236e-05,2.2174556000518333,0.25633913,1.0,1.0,0.13333333333333333,1.0,True,0.7761094600181416,1003
1,24252,refer to radiation,104,48,56,6.556692535995257e-05,2.9571333662693888e-05,2.217246138028242,0.15084337,1.0,1.0,0.13333333333333333,1.0,True,0.7760361483098847,1004
1,14893,infiltrates. -,62,34,28,-4.806520252146027e-05,2.3226452859554385e-05,-2.069416402586341,-0.16223933,1.0,1.0,0.16666666666666666,1.0,True,0.7760311509698778,1005
1,5564,amplification copy,231,127,104,-0.00010902342375736483,4.917992339394445e-05,-2.2168278483082986,-0.11388832,1.0,1.0,0.13333333333333333,1.0,True,0.7758897469079045,1006
1,19740,no overt,197,98,99,-6.13538925236954e-05,2.9671490931931874e-05,-2.0677724845187186,-0.20103455,1.0,1.0,0.16666666666666666,1.0,True,0.7754146816945195,1007
1,24371,rehabilitation to,62,32,30,7.708776278004966e-05,3.480234781237141e-05,2.215016159129551,0.2533612,1.0,1.0,0.13333333333333333,1.0,True,0.7752556556953428,1008
1,23721,pulmonary rehabilitation to,62,32,30,7.708776278004966e-05,3.480234781237141e-05,2.215016159129551,0.2533612,1.0,1.0,0.13333333333333333,1.0,True,0.7752556556953428,1009
1,26392,stereotactic radiosurgery,187,94,93,0.00019246670933905803,8.068629264616417e-05,2.385370588076064,0.2353096,1.0,1.0,0.1,1.0,True,0.7752454411247208,1010
1,14583,in a single-family,106,36,70,-5.351832485955628e-05,2.5895967364913297e-05,-2.066666369531682,-0.21717983,1.0,1.0,0.16666666666666666,1.0,True,0.7749998885743807,1011
1,4444,a single-family,106,36,70,-5.351832485955628e-05,2.5895967364913297e-05,-2.066666369531682,-0.21717983,1.0,1.0,0.16666666666666666,1.0,True,0.7749998885743807,1012
1,11778,extra-axial fluid collections,191,107,84,6.689714909158124e-05,3.0212383887335475e-05,2.2142294147011485,0.18760607,1.0,1.0,0.13333333333333333,1.0,True,0.7749802951454019,1013
1,29683,with left,74,35,39,-6.363574219078908e-05,2.8739541098368498e-05,-2.214222627041236,-0.22545396,1.0,1.0,0.13333333333333333,1.0,True,0.7749779194644326,1014
1,21674,other codons,82,37,45,-5.771505155959177e-05,2.6081819336457994e-05,-2.212846075462069,-0.14359942,1.0,1.0,0.13333333333333333,1.0,True,0.774496126411724,1015
1,13427,has declined,105,52,53,-6.950028190709132e-05,3.1426318919522356e-05,-2.211531108211246,-0.115035705,1.0,1.0,0.13333333333333333,1.0,True,0.7740358878739361,1016
1,18996,nervous,62,29,33,7.396755621580385e-05,3.3473363591644486e-05,2.209743756802122,0.18705936,1.0,1.0,0.13333333333333333,1.0,True,0.7734103148807426,1017
1,7900,central nervous,62,29,33,7.396755621580385e-05,3.3473363591644486e-05,2.209743756802122,0.18705936,1.0,1.0,0.13333333333333333,1.0,True,0.7734103148807426,1018
1,18062,mild peripheral,122,65,57,8.454836488578676e-05,3.82738507790568e-05,2.209037323520399,0.3232176,1.0,1.0,0.13333333333333333,1.0,True,0.7731630632321396,1019
1,22831,pleural thickening,259,136,123,-7.062266426351141e-05,3.202550190121785e-05,-2.2052008577834594,-0.2932301,1.0,1.0,0.13333333333333333,1.0,True,0.7718203002242108,1020
1,8222,cisplatin-based doublet,26,16,10,-6.864188270899406e-05,2.8920550206099524e-05,-2.3734639285844934,-0.107390985,1.0,1.0,0.1,1.0,True,0.7713757767899604,1021
1,21872,pain fever -,157,71,86,6.778656436047505e-05,2.8583114049084227e-05,2.371559804298051,0.27745324,1.0,1.0,0.1,1.0,True,0.7707569363968665,1022
1,13693,hepatic segment,76,37,39,-7.005566922723603e-05,3.413380511135166e-05,-2.0523838171191193,-0.1900427,1.0,1.0,0.16666666666666666,1.0,True,0.7696439314196697,1023
1,23930,radiosurgery,187,94,93,0.00019392667643501662,8.198412671421783e-05,2.3654173583016957,0.23286155,1.0,1.0,0.1,1.0,True,0.7687606414480511,1024
1,22995,possibility of,155,73,82,-6.491852434370132e-05,2.9560113632462653e-05,-2.1961527330669113,-0.1558337,1.0,1.0,0.13333333333333333,1.0,True,0.7686534565734189,1025
1,21842,pain 45 100,64,35,29,-5.735395218149557e-05,2.7985865056110054e-05,-2.04939000693758,-0.28998432,1.0,1.0,0.16666666666666666,1.0,True,0.7685212526015925,1026
1,2170,100 pain 45,64,35,29,-5.735395218149557e-05,2.7985865056110054e-05,-2.04939000693758,-0.28998432,1.0,1.0,0.16666666666666666,1.0,True,0.7685212526015925,1027
1,7744,carry,287,141,146,9.169272028617804e-05,3.880651744699777e-05,2.3628175450531637,0.3465382,1.0,1.0,0.1,1.0,True,0.7679157021422782,1028
1,4793,additional molecular,129,65,64,7.259170166271946e-05,3.073048447943965e-05,2.3622049210219,0.2210033,1.0,1.0,0.1,1.0,True,0.7677165993321174,1029
1,3782,7 . no,75,45,30,5.5838081952654234e-05,2.728980671582491e-05,2.046114966445499,0.2774345,1.0,1.0,0.16666666666666666,1.0,True,0.7672931124170621,1030
1,21966,palpitations gastrointestinal decreased,64,25,39,5.1948661249277324e-05,2.539353196172558e-05,2.0457438267184327,0.2257814,1.0,1.0,0.16666666666666666,1.0,True,0.7671539350194123,1031
1,1475,----------------------------,167,91,76,-7.334336957584817e-05,3.347130347587921e-05,-2.1912313522149622,-0.30312765,1.0,1.0,0.13333333333333333,1.0,True,0.7669309732752367,1032
1,10508,dissection,281,154,127,-0.00019056568233218337,8.080517023423512e-05,-2.3583352622088216,-0.27772564,1.0,1.0,0.1,1.0,True,0.7664589602178671,1033
1,21923,pain. - cardiovascular,135,78,57,-7.236895727289705e-05,3.0708346346454125e-05,-2.356654326365361,-0.3235278,1.0,1.0,0.1,1.0,True,0.7659126560687424,1034
1,4967,admission record timepoint,774,398,376,1.4102972388074444e-05,5.9857894636338525e-06,2.3560755809665266,0.23853102,1.0,1.0,0.1,1.0,True,0.7657245638141211,1035
1,27882,to carry,287,141,146,9.120384360135011e-05,3.880649428902031e-05,2.350221149122321,0.3472763,1.0,1.0,0.1,1.0,True,0.7638218734647544,1036
1,9067,continued activity,62,36,26,-7.412170219916332e-05,3.155412166677152e-05,-2.349033922792348,-0.35506395,1.0,1.0,0.1,1.0,True,0.7634360249075131,1037
1,4398,a partial response,107,62,45,7.919434392128516e-05,3.630731651113057e-05,2.181222726747291,0.2563099,1.0,1.0,0.13333333333333333,1.0,True,0.7634279543615518,1038
1,29091,vomiting diarrhea or,133,67,66,-7.09488839628595e-05,3.020500493274346e-05,-2.3489115171753543,-0.17571169,1.0,1.0,0.1,1.0,True,0.7633962430819902,1039
1,12040,female mrn,344,193,151,0.00012085714455278153,5.5469929269605676e-05,2.17878670739543,0.24516866,1.0,1.0,0.13333333333333333,1.0,True,0.7625753475884004,1040
1,4159,<=2,169,101,68,7.019681103595144e-05,3.227139873454854e-05,2.175201998939122,0.18899523,1.0,1.0,0.13333333333333333,1.0,True,0.7613206996286926,1041
1,21200,ongoing clinical trials,93,43,50,5.854486576257232e-05,2.6923074861242096e-05,2.174523751997299,0.21750045,1.0,1.0,0.13333333333333333,1.0,True,0.7610833131990545,1042
1,26019,spirometry dlco,124,58,66,-6.112784018753149e-05,2.813278026986794e-05,-2.172833242969712,-0.1841574,1.0,1.0,0.13333333333333333,1.0,True,0.7604916350393992,1043
1,21180,ondansetron 4 mg,353,181,172,8.531517060195865e-05,3.6466275698768854e-05,2.3395635821630942,0.25356972,1.0,1.0,0.1,1.0,True,0.7603581642030056,1044
1,21179,ondansetron 4,353,181,172,8.531517060195865e-05,3.6466275698768854e-05,2.3395635821630942,0.25356972,1.0,1.0,0.1,1.0,True,0.7603581642030056,1045
1,11928,fatigue weight,93,42,51,-5.918858909289438e-05,2.726423101311706e-05,-2.17092457382782,-0.07537272,1.0,1.0,0.13333333333333333,1.0,True,0.7598236008397369,1046
1,24895,ribs pelvis,63,29,34,-6.17634052179944e-05,2.845883236922433e-05,-2.1702719358502556,-0.220893,1.0,1.0,0.13333333333333333,1.0,True,0.7595951775475894,1047
1,26025,spleen adrenal glands,346,179,167,-6.599623477022604e-05,3.0413935422118083e-05,-2.169934073123311,-0.19717968,1.0,1.0,0.13333333333333333,1.0,True,0.7594769255931588,1048
1,16855,lower lobectomy,133,74,59,-0.0001771195543089566,8.165194019874992e-05,-2.169202028486131,-0.18813111,1.0,1.0,0.13333333333333333,1.0,True,0.7592207099701458,1049
1,1700,0.6-1.2 egfr,138,79,59,7.493062342010009e-05,3.4543146056886974e-05,2.1691893175190664,0.2283788,1.0,1.0,0.13333333333333333,1.0,True,0.7592162611316732,1050
1,17697,membranes moist. neck,279,138,141,-6.408189740900344e-05,2.9552471733512422e-05,-2.168410750439353,-0.26958495,1.0,1.0,0.13333333333333333,1.0,True,0.7589437626537735,1051
1,11708,exons 1-2,110,54,56,6.26340721370874e-05,2.8887091616105425e-05,2.168237390231664,0.1673185,1.0,1.0,0.13333333333333333,1.0,True,0.7588830865810823,1052
1,5652,anc 3.9,78,46,32,9.16195901400835e-05,4.227307942997123e-05,2.1673270879605244,0.13564594,1.0,1.0,0.13333333333333333,1.0,True,0.7585644807861835,1053
1,26024,spleen adrenal,346,179,167,-6.592661358029298e-05,3.0418857650478657e-05,-2.167294194207046,-0.19678521,1.0,1.0,0.13333333333333333,1.0,True,0.7585529679724661,1054
1,22730,plan to,212,106,106,8.061561135307374e-05,3.455710201152955e-05,2.332823259490259,0.16686527,1.0,1.0,0.1,1.0,True,0.7581675593343342,1055
1,24306,referring physician dr.,144,90,54,-6.059129149647062e-05,2.798957467252031e-05,-2.1647807158698313,-0.21277082,1.0,1.0,0.13333333333333333,1.0,True,0.7576732505544409,1056
1,13341,grossly,678,353,325,-5.783711337895031e-05,2.67332459042883e-05,-2.1634901196069354,-0.15546614,1.0,1.0,0.13333333333333333,1.0,True,0.7572215418624273,1057
1,16982,lung with,107,53,54,7.35153093262329e-05,3.399391962383294e-05,2.1626017281835233,0.23291965,1.0,1.0,0.13333333333333333,1.0,True,0.7569106048642331,1058
1,27487,the upper,176,79,97,-7.338812215580226e-05,3.3943419749057706e-05,-2.1620721394119276,-0.25422934,1.0,1.0,0.13333333333333333,1.0,True,0.7567252487941746,1059
1,10174,diagnosis 1. adenocarcinoma,79,34,45,-5.3717074427971464e-05,2.4845583092120367e-05,-2.1620371809670877,-0.14910026,1.0,1.0,0.13333333333333333,1.0,True,0.7567130133384806,1060
1,1047,- right frontal,52,27,25,0.00011869729176354557,5.099049285229285e-05,2.3278318196959376,0.14005293,1.0,1.0,0.1,1.0,True,0.7565453414011797,1061
1,7441,but unable to,198,77,121,0.00010144577239221124,4.358378844585578e-05,2.327603359176486,0.30764982,1.0,1.0,0.1,1.0,True,0.756471091732358,1062
1,7440,but unable,198,77,121,0.00010144577239221124,4.358378844585578e-05,2.327603359176486,0.30764982,1.0,1.0,0.1,1.0,True,0.756471091732358,1063
1,744,- neurologic no,718,370,348,-4.473516094733646e-05,2.069806352745123e-05,-2.161321076631422,-0.2132413,1.0,1.0,0.13333333333333333,1.0,True,0.7564623768209977,1064
1,29221,we,126,56,70,7.281098271217858e-05,3.371148886663411e-05,2.1598269658224183,0.24646935,1.0,1.0,0.13333333333333333,1.0,True,0.7559394380378464,1065
1,17722,met amplification copy,87,46,41,-0.00013600568193183923,5.84796123555372e-05,-2.325693971857551,-0.15122418,1.0,1.0,0.1,1.0,True,0.7558505408537042,1066
1,29270,weeks ago for,146,73,73,-6.868231547875453e-05,3.183345416642973e-05,-2.1575514589046425,-0.31155354,1.0,1.0,0.13333333333333333,1.0,True,0.7551430106166248,1067
1,24511,report specimen,122,64,58,-6.416128722667042e-05,2.974213719480832e-05,-2.15725207662179,-0.14185727,1.0,1.0,0.13333333333333333,1.0,True,0.7550382268176264,1068
1,10505,disposition home with,461,219,242,5.0001280524109704e-05,2.154113716139913e-05,2.3211996724903656,0.22838832,1.0,1.0,0.1,1.0,True,0.7543898935593688,1069
1,29631,with disease progression,98,50,48,6.532047019316892e-05,3.2492255703697846e-05,2.010339657204378,0.1906816,1.0,1.0,0.16666666666666666,1.0,True,0.7538773714516418,1070
1,23111,pre-cycle labs,199,105,94,-6.647618208364923e-05,3.089178804999416e-05,-2.15190464132625,-0.09970869,1.0,1.0,0.13333333333333333,1.0,True,0.7531666244641875,1071
1,23498,prognostic,376,188,188,6.642551575209807e-05,3.091657908771753e-05,2.1485402884851337,0.20834707,1.0,1.0,0.13333333333333333,1.0,True,0.7519891009697968,1072
1,20633,of clinical,118,63,55,5.763731727938726e-05,2.876220824709581e-05,2.0039253170071545,0.2801306,1.0,1.0,0.16666666666666666,1.0,True,0.7514719938776829,1073
1,5004,adrenal metastasis.,88,49,39,9.258236229575401e-05,4.0040789305676045e-05,2.312201230324644,0.2647824,1.0,1.0,0.1,1.0,True,0.7514653998555094,1074
1,9722,daily.,476,260,216,-7.849405935916026e-05,3.3951111744438044e-05,-2.311973167477184,-0.24928223,1.0,1.0,0.1,1.0,True,0.7513912794300849,1075
1,17152,m1b non-small cell,42,26,16,0.00010282439238603399,4.4512987898054875e-05,2.309986303807011,0.24651384,1.0,1.0,0.1,1.0,True,0.7507455487372786,1076
1,17151,m1b non-small,42,26,16,0.00010282439238603399,4.4512987898054875e-05,2.309986303807011,0.24651384,1.0,1.0,0.1,1.0,True,0.7507455487372786,1077
1,29114,walk,135,57,78,-5.879748716046094e-05,2.741317624593058e-05,-2.144862260139931,-0.2146368,1.0,1.0,0.13333333333333333,1.0,True,0.7507017910489758,1078
1,25886,soft tissues no,86,43,43,-6.076338204727859e-05,2.8344551089396015e-05,-2.1437412028730556,-0.086009525,1.0,1.0,0.13333333333333333,1.0,True,0.7503094210055694,1079
1,27794,tissues no,86,43,43,-6.076338204727859e-05,2.8344551089396015e-05,-2.1437412028730556,-0.086009525,1.0,1.0,0.13333333333333333,1.0,True,0.7503094210055694,1080
1,22672,physical function 55,287,123,164,7.595838238380476e-05,3.5461812471515045e-05,2.141976878503288,0.114258915,1.0,1.0,0.13333333333333333,1.0,True,0.7496919074761508,1081
1,26901,system findings,411,219,192,-6.677497255229752e-05,3.11748355624594e-05,-2.141951075203349,-0.18724981,1.0,1.0,0.13333333333333333,1.0,True,0.7496828763211721,1082
1,11987,fdg-avid lesions in,153,82,71,-6.793857933358154e-05,2.945276698363181e-05,-2.30669598450081,-0.16646653,1.0,1.0,0.1,1.0,True,0.7496761949627633,1083
1,19274,next oncology,128,61,67,-6.292862399598733e-05,2.938414703481748e-05,-2.1415841651426115,-0.1884867,1.0,1.0,0.13333333333333333,1.0,True,0.749554457799914,1084
1,1794,1 month ago,211,121,90,7.500854038245623e-05,3.2533009756956976e-05,2.3056133122271643,0.19374286,1.0,1.0,0.1,1.0,True,0.7493243264738284,1085
1,12571,for my routine,71,41,30,5.300745652875838e-05,2.4771011242036646e-05,2.1398987716256093,0.2370129,1.0,1.0,0.13333333333333333,1.0,True,0.7489645700689632,1086
1,18747,my routine,71,41,30,5.300745652875838e-05,2.4771011242036646e-05,2.1398987716256093,0.2370129,1.0,1.0,0.13333333333333333,1.0,True,0.7489645700689632,1087
1,4902,adjuvant,319,172,147,-0.00019483881334190464,8.456360198187819e-05,-2.3040505462818177,-0.29229507,1.0,1.0,0.1,1.0,True,0.7488164275415908,1088
1,3888,71 years,56,15,41,-6.352768298499181e-05,2.7582990531008362e-05,-2.3031470396067095,-0.18182501,1.0,1.0,0.1,1.0,True,0.7485227878721806,1089
1,17776,metastases with,55,27,28,-5.1914071072572555e-05,2.4274668726517092e-05,-2.138610897534631,-0.15037474,1.0,1.0,0.13333333333333333,1.0,True,0.7485138141371208,1090
1,16834,lower lobe,637,321,316,-0.00011071953361950073,5.1803539771148166e-05,-2.1372966810496927,-0.28900886,1.0,1.0,0.13333333333333333,1.0,True,0.7480538383673924,1091
1,16414,limits,730,380,350,4.646315520571169e-05,2.175071632777578e-05,2.1361666671353716,0.12326355,1.0,1.0,0.13333333333333333,1.0,True,0.74765833349738,1092
1,11637,examination vital,375,192,183,-6.239122438728648e-05,2.920918644394877e-05,-2.1360137676895823,-0.30078468,1.0,1.0,0.13333333333333333,1.0,True,0.7476048186913538,1093
1,22669,physical examination vital,375,192,183,-6.239122438728648e-05,2.920918644394877e-05,-2.1360137676895823,-0.30078468,1.0,1.0,0.13333333333333333,1.0,True,0.7476048186913538,1094
1,11638,examination vital signs,375,192,183,-6.239122438728648e-05,2.920918644394877e-05,-2.1360137676895823,-0.30078468,1.0,1.0,0.13333333333333333,1.0,True,0.7476048186913538,1095
1,22439,pending. -,52,23,29,-6.628165747264533e-05,3.104288739216515e-05,-2.1351640598153256,-0.24993679,1.0,1.0,0.13333333333333333,1.0,True,0.747307420935364,1096
1,13539,headaches dizziness or,308,160,148,-7.039086936183477e-05,3.061518113871303e-05,-2.299214531604558,-0.20185554,1.0,1.0,0.1,1.0,True,0.7472447227714814,1097
1,19997,nodules masses or,128,71,57,-6.884430871502249e-05,2.9947288151133928e-05,-2.2988495107666624,-0.23514841,1.0,1.0,0.1,1.0,True,0.7471260909991653,1098
1,643,- low tumor,166,84,82,5.547193341420091e-05,2.78591553953458e-05,1.9911563228319602,0.014448192,1.0,1.0,0.16666666666666666,1.0,True,0.746683621061985,1099
1,16137,left adrenal metastasis.,53,30,23,7.129755359099055e-05,3.1047861694083745e-05,2.2963756503906514,0.2895973,1.0,1.0,0.1,1.0,True,0.7463220863769617,1100
1,25208,schoolteacher,103,41,62,7.257025029965331e-05,3.404543688553755e-05,2.1315705403821985,0.1854962,1.0,1.0,0.13333333333333333,1.0,True,0.7460496891337695,1101
1,17263,maps,188,105,83,7.568140975850176e-05,3.550875985365498e-05,2.131344774371548,0.24561177,1.0,1.0,0.13333333333333333,1.0,True,0.7459706710300418,1102
1,24615,residual soft-tissue mass,83,45,38,-6.553761497129411e-05,2.855797327823882e-05,-2.294897272042543,-0.2286437,1.0,1.0,0.1,1.0,True,0.7458416134138265,1103
1,23926,radiology department institution,78,38,40,-5.5483509295496635e-05,2.9760895639853338e-05,-1.8643091245277474,-0.24653283,1.0,1.0,0.2,1.0,True,0.7457236498110991,1104
1,1121,- status post,129,75,54,-6.679297827966707e-05,3.360430492305367e-05,-1.9876315975767993,-0.18819666,1.0,1.0,0.16666666666666666,1.0,True,0.7453618490912998,1105
1,22633,pet ct to,92,52,40,-6.184981785208027e-05,2.90445370723385e-05,-2.1294819641310427,-0.15617171,1.0,1.0,0.13333333333333333,1.0,True,0.7453186874458649,1106
1,26286,starting,121,62,59,-6.102837162865721e-05,2.8665448281212753e-05,-2.1289871705461874,-0.20302112,1.0,1.0,0.13333333333333333,1.0,True,0.7451455096911656,1107
1,19413,no amplification,249,135,114,5.8640815041494644e-05,2.9516819363057075e-05,1.9866915306900865,0.18642169,1.0,1.0,0.16666666666666666,1.0,True,0.7450093240087825,1108
1,12404,follow-up patient,211,102,109,-7.680762067748482e-05,3.351393197085242e-05,-2.291811678327854,-0.28578523,1.0,1.0,0.1,1.0,True,0.7448387954565525,1109
1,15491,is seen.,134,80,54,7.541756951752603e-05,3.2927920689111225e-05,2.290383599668518,0.32790235,1.0,1.0,0.1,1.0,True,0.7443746698922683,1110
1,28097,tobacco use,144,70,74,-6.584417975308369e-05,3.096137194613355e-05,-2.1266557524530594,-0.10496554,1.0,1.0,0.13333333333333333,1.0,True,0.7443295133585708,1111
1,25632,signs -,232,117,115,7.705020394029255e-05,3.3698527528793904e-05,2.286456103295806,0.22422598,1.0,1.0,0.1,1.0,True,0.7430982335711369,1112
1,29059,vital signs -,232,117,115,7.705020394029255e-05,3.3698527528793904e-05,2.286456103295806,0.22422598,1.0,1.0,0.1,1.0,True,0.7430982335711369,1113
1,15020,initial staging,105,52,53,-6.881429177472055e-05,3.242095756967783e-05,-2.122524963268824,-0.21473394,1.0,1.0,0.13333333333333333,1.0,True,0.7428837371440884,1114
1,25362,sensory changes. -,78,38,40,6.115884671999025e-05,2.6759083903913384e-05,2.2855358927682152,0.27249795,1.0,1.0,0.1,1.0,True,0.7427991651496699,1115
1,5461,allergies. medications -,61,36,25,-5.838367486614531e-05,2.5545537918502497e-05,-2.2854744751277414,-0.21279243,1.0,1.0,0.1,1.0,True,0.742779204416516,1116
1,12118,fibrosis,186,92,94,-7.300687091528637e-05,3.195468631823419e-05,-2.284699971334931,-0.26404122,1.0,1.0,0.1,1.0,True,0.7425274906838526,1117
1,9448,criteria. ---,144,75,69,-7.212573185354746e-05,3.644949073310827e-05,-1.9787857224582093,-0.20123522,1.0,1.0,0.16666666666666666,1.0,True,0.7420446459218285,1118
1,23765,q8 h,131,57,74,9.374725954147461e-05,4.106635163203459e-05,2.2828241569028322,0.32408103,1.0,1.0,0.1,1.0,True,0.7419178509934206,1119
1,4460,a subset of,139,70,69,6.340127260868314e-05,2.992044067725497e-05,2.1189952812720354,0.19531806,1.0,1.0,0.13333333333333333,1.0,True,0.7416483484452123,1120
1,11614,evidence of squamous,157,83,74,-6.85937429875541e-05,3.0070352371075005e-05,-2.2811087193489343,-0.32618845,1.0,1.0,0.1,1.0,True,0.7413603337884037,1121
1,7301,brain mri was,220,122,98,-7.131359606072424e-05,3.129563786718055e-05,-2.278707223140199,-0.21235225,1.0,1.0,0.1,1.0,True,0.7405798475205647,1122
1,24793,retired schoolteacher,102,40,62,7.2204405947479e-05,3.415294134085695e-05,2.1141489755408367,0.18599999,1.0,1.0,0.13333333333333333,1.0,True,0.7399521414392928,1123
1,17551,measuring 3.8,53,29,24,-6.278712632505157e-05,3.395219496643466e-05,-1.849280330391696,-0.25525987,1.0,1.0,0.2,1.0,True,0.7397121321566784,1124
1,6254,appear normal.,65,34,31,-5.5462320108125464e-05,2.6254786676604605e-05,-2.1124650827023257,-0.20665504,1.0,1.0,0.13333333333333333,1.0,True,0.7393627789458139,1125
1,4072,92 mg dl,244,126,118,-7.011080099429424e-05,3.322816749352277e-05,-2.109980967441586,-0.17548037,1.0,1.0,0.13333333333333333,1.0,True,0.7384933386045551,1126
1,23539,progressive disease of,65,29,36,-6.032232299513862e-05,2.8614312673503653e-05,-2.1081171399582845,-0.22241269,1.0,1.0,0.13333333333333333,1.0,True,0.7378409989853996,1127
1,21146,oncology follow-up patient,171,79,92,-7.1129795173546e-05,3.134209915103452e-05,-2.269464940136219,-0.2736698,1.0,1.0,0.1,1.0,True,0.7375761055442711,1128
1,12348,focal weakness,134,60,74,8.264177950280566e-05,3.921870295758846e-05,2.1072032798273668,0.19073822,1.0,1.0,0.13333333333333333,1.0,True,0.7375211479395783,1129
1,1175,- ttf-1,123,63,60,-5.623873024787259e-05,2.6705794201941458e-05,-2.1058624889644415,-0.18671209,1.0,1.0,0.13333333333333333,1.0,True,0.7370518711375544,1130
1,25092,rrr no,572,293,279,-5.520590803796574e-05,2.621868563003787e-05,-2.105594033848828,-0.21423481,1.0,1.0,0.13333333333333333,1.0,True,0.7369579118470898,1131
1,25091,rrr,572,293,279,-5.520590803796574e-05,2.621868563003787e-05,-2.105594033848828,-0.21423481,1.0,1.0,0.13333333333333333,1.0,True,0.7369579118470898,1132
1,6313,appointment schedule,62,30,32,-4.9103945897693695e-05,2.332216142264461e-05,-2.105462911770103,-0.11779321,1.0,1.0,0.13333333333333333,1.0,True,0.7369120191195361,1133
1,503,- genitourinary no,723,366,357,-4.293839464768294e-05,2.04022828730753e-05,-2.104587752008298,-0.24041225,1.0,1.0,0.13333333333333333,1.0,True,0.7366057132029042,1134
1,20336,now requiring,80,30,50,-5.118645802186507e-05,2.4361795972601307e-05,-2.10109542331905,-0.05231445,1.0,1.0,0.13333333333333333,1.0,True,0.7353833981616674,1135
1,16856,lower lobectomy and,74,43,31,-6.989060404314277e-05,3.3282552675668805e-05,-2.099917176552274,-0.1775202,1.0,1.0,0.13333333333333333,1.0,True,0.7349710117932959,1136
1,11720,expected postoperative,66,37,29,-5.7658168643277554e-05,2.7015487682364193e-05,-2.134263475869696,-0.2501757,1.0,0.9666666666666667,0.13333333333333333,1.0,True,0.734542346278487,1137
1,8282,clearance,605,321,284,-6.938223747517629e-05,3.074055703504292e-05,-2.2570260322896396,-0.13128561,0.8571428571428571,1.0,0.13333333333333333,1.0,True,0.7335334604941329,1138
1,25680,single-family,107,37,70,-5.0678121898523385e-05,2.5931891254427044e-05,-1.9542778967142131,-0.20021904,1.0,1.0,0.16666666666666666,1.0,True,0.7328542112678299,1139
1,935,- post-operative changes,59,27,32,-5.5227899475836056e-05,2.4501942096683452e-05,-2.2540213040219217,-0.2245078,1.0,1.0,0.1,1.0,True,0.7325569238071246,1140
1,19996,nodules masses,135,74,61,-6.757649418811535e-05,2.999154334235686e-05,-2.253184953395763,-0.20662992,1.0,1.0,0.1,1.0,True,0.7322851098536229,1141
1,391,- dna,370,189,181,5.643886689873652e-05,2.6976527778646823e-05,2.0921471941029606,0.18197088,1.0,1.0,0.13333333333333333,1.0,True,0.7322515179360362,1142
1,28723,uptake consistent with,71,34,37,-4.987269744135967e-05,2.3855933204798452e-05,-2.0905783485061122,-0.116858505,1.0,1.0,0.13333333333333333,1.0,True,0.7317024219771392,1143
1,28722,uptake consistent,71,34,37,-4.987269744135967e-05,2.3855933204798452e-05,-2.0905783485061122,-0.116858505,1.0,1.0,0.13333333333333333,1.0,True,0.7317024219771392,1144
1,20403,nuclear supports,260,125,135,-6.345520265795541e-05,2.8184979492489538e-05,-2.2513836731676298,-0.26842394,1.0,1.0,0.1,1.0,True,0.7316996937794797,1145
1,2757,240 k,142,98,44,-7.383893809976365e-05,3.5338348255428035e-05,-2.089484702738529,-0.1814638,1.0,1.0,0.13333333333333333,1.0,True,0.7313196459584851,1146
1,14656,in left,221,118,103,-6.972681636128764e-05,3.337751641989367e-05,-2.089035489762476,-0.26388392,1.0,1.0,0.13333333333333333,1.0,True,0.7311624214168665,1147
1,19811,no restricted,112,60,52,7.81922943468325e-05,3.476260403204601e-05,2.24932212427903,0.2862115,1.0,1.0,0.1,1.0,True,0.7310296903906848,1148
1,1454,---------------- ttf-1 clone,66,24,42,-6.323655138105696e-05,3.0283497670336268e-05,-2.0881521701834114,-0.28614858,1.0,1.0,0.13333333333333333,1.0,True,0.7308532595641939,1149
1,24296,referral to radiation,96,54,42,6.20938082975521e-05,2.9761246942029808e-05,2.0863980739281858,0.19403467,1.0,1.0,0.13333333333333333,1.0,True,0.730239325874865,1150
1,29169,was started,152,77,75,-6.782676576758069e-05,3.0190978487054515e-05,-2.2465905103626866,-0.2415804,1.0,1.0,0.1,1.0,True,0.7301419158678731,1151
1,12563,for metastatic non-small,249,120,129,-6.527535087172866e-05,3.130730723903142e-05,-2.084987711442287,-0.14165445,1.0,1.0,0.13333333333333333,1.0,True,0.7297456990048004,1152
1,5215,agents. 5.,74,35,39,7.070971681761864e-05,2.9069509735151396e-05,2.4324358223391407,0.31352797,1.0,1.0,0.06666666666666667,1.0,True,0.7297307467017422,1153
1,23347,prior radiation,98,58,40,7.473518829255972e-05,3.8407280538855574e-05,1.9458599318676628,0.23839062,1.0,1.0,0.16666666666666666,1.0,True,0.7296974744503736,1154
1,10769,drawn 5,61,26,35,-5.4855187397254604e-05,2.444731662085382e-05,-2.2438122043407636,-0.22128117,1.0,1.0,0.1,1.0,True,0.7292389664107481,1155
1,10770,drawn 5 days,61,26,35,-5.4855187397254604e-05,2.444731662085382e-05,-2.2438122043407636,-0.22128117,1.0,1.0,0.1,1.0,True,0.7292389664107481,1156
1,10502,disposition,772,393,379,1.7826568152772193e-05,7.333961790332872e-06,2.4306873504945115,0.24319315,1.0,1.0,0.06666666666666667,1.0,True,0.7292062051483534,1157
1,144,- activating,70,34,36,6.380940946352184e-05,3.0629874668108626e-05,2.0832409585390588,0.17855929,1.0,1.0,0.13333333333333333,1.0,True,0.7291343354886706,1158
1,874,- osseous structures,309,169,140,-6.598614424553953e-05,2.942147435521657e-05,-2.242788496893932,-0.27116346,1.0,1.0,0.1,1.0,True,0.7289062614905278,1159
1,11983,fdg-avid left,100,57,43,-7.130796266432041e-05,3.180418214670035e-05,-2.242093896186497,-0.21847555,1.0,1.0,0.1,1.0,True,0.7286805162606116,1160
1,21888,pain management,129,73,56,-7.833159417570214e-05,3.494040317170334e-05,-2.241862917000894,-0.28124464,1.0,1.0,0.1,1.0,True,0.7286054480252906,1161
1,21332,or effusions.,92,48,44,-6.933484858373823e-05,3.093730197042724e-05,-2.2411407643114756,-0.19992876,1.0,1.0,0.1,1.0,True,0.7283707484012296,1162
1,17953,mg po q6,164,76,88,8.511326753937395e-05,3.5060122658192366e-05,2.4276374720407845,0.21522424,1.0,1.0,0.06666666666666667,1.0,True,0.7282912416122354,1163
1,9236,correlating with,80,43,37,-5.480998793795565e-05,2.823774649304167e-05,-1.9410184857159865,-0.19223088,1.0,1.0,0.16666666666666666,1.0,True,0.727881932143495,1164
1,26965,t,388,203,185,6.537675947265349e-05,3.1459345051388515e-05,2.078134791613151,0.22730808,1.0,1.0,0.13333333333333333,1.0,True,0.7273471770646028,1165
1,18828,nausea 10 100,213,123,90,-6.49143557517543e-05,2.902377992206697e-05,-2.236592060925858,-0.2243939,1.0,1.0,0.1,1.0,True,0.7268924198009039,1166
1,867,- ondansetron 4,261,134,127,7.394754670873196e-05,3.5634500330752806e-05,2.0751672121782145,0.20995024,1.0,1.0,0.13333333333333333,1.0,True,0.726308524262375,1167
1,14796,increased fdg,303,153,150,-8.142303848007569e-05,3.6434631901388695e-05,-2.2347704431445696,-0.19221118,1.0,1.0,0.1,1.0,True,0.7263003940219852,1168
1,27709,three enhancing lesions,66,32,34,0.0001233019672374366,5.094144521687862e-05,2.420464647449431,0.25972956,1.0,1.0,0.06666666666666667,1.0,True,0.7261393942348292,1169
1,28563,unchanged left,53,25,28,-6.542304980121007e-05,2.931674184457455e-05,-2.2315934747475175,-0.21605453,1.0,1.0,0.1,1.0,True,0.7252678792929432,1170
1,9608,cycles .,235,130,105,-8.10826781171164e-05,3.634383262450019e-05,-2.2309886509453256,-0.1436615,1.0,1.0,0.1,1.0,True,0.7250713115572308,1171
1,17234,manageable,174,72,102,-6.719977611437149e-05,3.246888634832888e-05,-2.0696668001928606,-0.11669065,1.0,1.0,0.13333333333333333,1.0,True,0.7243833800675011,1172
1,26710,surrounding,376,180,196,0.00011268589605915057,5.0562998348581933e-05,2.2286236920186697,0.16394004,1.0,1.0,0.1,1.0,True,0.7243026999060677,1173
1,3262,40 100 emotional,93,42,51,-5.361930259819595e-05,2.778061645100588e-05,-1.9300976525398341,-0.24563335,1.0,1.0,0.16666666666666666,1.0,True,0.7237866197024379,1174
1,12322,focal fdg-avid lesions,86,44,42,-5.44111460229377e-05,2.6327518072568573e-05,-2.0667024469591113,-0.118294135,1.0,1.0,0.13333333333333333,1.0,True,0.7233458564356889,1175
1,13714,her,337,190,147,0.0001306613797553431,5.8715048934702735e-05,2.2253473704952915,0.23585783,1.0,1.0,0.1,1.0,True,0.7232378954109697,1176
1,27086,taxane-based,122,55,67,0.00010900072416990333,4.90167537053707e-05,2.223744249263906,0.25666592,1.0,1.0,0.1,1.0,True,0.7227168810107695,1177
1,8752,completed . -,113,61,52,-6.722060372394923e-05,3.257669506335417e-05,-2.0634568237576167,-0.22169137,1.0,1.0,0.13333333333333333,1.0,True,0.7222098883151659,1178
1,28598,underwent right upper,89,45,44,-9.440603552090949e-05,3.921995191633947e-05,-2.4070920770705704,-0.3165959,1.0,1.0,0.06666666666666667,1.0,True,0.7221276231211711,1179
1,12271,flair,710,359,351,4.7730594628356766e-05,2.3140223025644253e-05,2.062667873834284,0.15365812,1.0,1.0,0.13333333333333333,1.0,True,0.7219337558419993,1180
1,20706,of known stage,235,110,125,7.671876164953994e-05,3.455329926576257e-05,2.2203020631826433,0.29740342,1.0,1.0,0.1,1.0,True,0.7215981705343592,1181
1,12590,for ongoing trials,72,33,39,7.381975087066581e-05,3.324896753609674e-05,2.2202118243378055,0.32974115,1.0,1.0,0.1,1.0,True,0.7215688429097868,1182
1,7865,cell-cycle,334,185,149,7.76697266412643e-05,3.49837381761429e-05,2.220166588550306,0.17082573,1.0,1.0,0.1,1.0,True,0.7215541412788495,1183
1,29897,work activities .,149,65,84,0.00010250038881637157,4.274227772677575e-05,2.3981031023098835,0.32356054,1.0,1.0,0.06666666666666667,1.0,True,0.719430930692965,1184
1,3655,60 100 social,150,70,80,6.766997771104516e-05,3.060137279926755e-05,2.2113379734606173,0.22390538,1.0,1.0,0.1,1.0,True,0.7186848413747007,1185
1,18129,minimal surrounding,84,44,40,7.126753741234708e-05,3.2233092840430284e-05,2.2110052474690085,0.16818513,1.0,1.0,0.1,1.0,True,0.7185767054274278,1186
1,8982,constipation 20 100,123,47,76,6.040724296697403e-05,2.9426189601584357e-05,2.0528394530470093,0.17795311,1.0,1.0,0.13333333333333333,1.0,True,0.7184938085664532,1187
1,2659,20 100 diarrhea,123,47,76,6.040724296697403e-05,2.9426189601584357e-05,2.0528394530470093,0.17795311,1.0,1.0,0.13333333333333333,1.0,True,0.7184938085664532,1188
1,2117,100 constipation 20,123,47,76,6.040724296697403e-05,2.9426189601584357e-05,2.0528394530470093,0.17795311,1.0,1.0,0.13333333333333333,1.0,True,0.7184938085664532,1189
1,20610,of bone,63,32,31,5.814936638193579e-05,2.6311213804275244e-05,2.210060197697426,0.23907524,1.0,1.0,0.1,1.0,True,0.7182695642516634,1190
1,19520,no erythema,149,87,62,-7.177387396372781e-05,3.194060107482685e-05,-2.2471046739409832,-0.25135982,1.0,0.9666666666666667,0.1,1.0,True,0.7181372020469726,1191
1,29251,week to finalize,172,86,86,-6.310343251347475e-05,2.8601242453446364e-05,-2.2063178764414473,-0.23559645,1.0,1.0,0.1,1.0,True,0.7170533098434704,1192
1,29088,vomiting diarrhea,363,174,189,-6.849084238371393e-05,3.106358194454426e-05,-2.204859777793368,-0.15577185,1.0,1.0,0.1,1.0,True,0.7165794277828446,1193
1,57,% tumor proportion,104,53,51,-6.028167017028291e-05,2.9449003493853738e-05,-2.046985059540783,-0.13449873,1.0,1.0,0.13333333333333333,1.0,True,0.7164447708392739,1194
1,16054,labs and,630,334,296,-5.891625067725553e-05,2.6726930133523586e-05,-2.2043777711439025,-0.22443323,1.0,1.0,0.1,1.0,True,0.7164227756217684,1195
1,29601,with brain metastases.,73,36,37,8.12631784601648e-05,3.688755466261063e-05,2.202997168108123,0.17106141,1.0,1.0,0.1,1.0,True,0.7159740796351399,1196
1,22914,po q6,164,76,88,8.380897299638982e-05,3.51195238631066e-05,2.386392632288274,0.21374035,1.0,1.0,0.06666666666666667,1.0,True,0.7159177896864822,1197
1,27434,the same dose,67,28,39,-5.1357529527300056e-05,2.331720423510086e-05,-2.2025594925307694,-0.119464435,1.0,1.0,0.1,1.0,True,0.7158318350725001,1198
1,10582,dl 12.0-16.0 platelets,86,43,43,7.608484450641792e-05,3.459080333253164e-05,2.1995685898067117,0.2595759,1.0,1.0,0.1,1.0,True,0.7148597916871813,1199
1,2783,260 k ul,160,109,51,-5.952914615307947e-05,2.706430597676563e-05,-2.199544529395452,-0.13321954,0.8571428571428571,1.0,0.13333333333333333,1.0,True,0.7148519720535219,1200
1,13416,harold jensen,18,6,12,-0.00011846026716206607,4.9725391800898924e-05,-2.3822892665458006,-0.2675313,1.0,1.0,0.06666666666666667,1.0,True,0.7146867799637402,1201
1,2122,100 dyspnea,674,343,331,-3.993354603203444e-05,1.9557792259612047e-05,-2.041822793797615,-0.14421384,1.0,1.0,0.13333333333333333,1.0,True,0.7146379778291652,1202
1,15627,jensen,18,6,12,-0.00011977409163009107,5.028655354286567e-05,-2.3818313881461823,-0.26355332,1.0,1.0,0.06666666666666667,1.0,True,0.7145494164438547,1203
1,12464,for attenuation correction,649,336,313,-3.587275858403399e-05,1.6319806378450884e-05,-2.1981117760932114,-0.16101032,1.0,1.0,0.1,1.0,True,0.7143863272302937,1204
1,12545,for kras-mutant,127,73,54,-6.525227842856692e-05,3.196951532560418e-05,-2.041078125957912,-0.12829621,1.0,1.0,0.13333333333333333,1.0,True,0.7143773440852691,1205
1,7294,brain mri no,327,167,160,-8.227473152498778e-05,3.744386632160676e-05,-2.1972819478182903,-0.24096306,1.0,1.0,0.1,1.0,True,0.7141166330409444,1206
1,11980,fdg-avid,660,339,321,-8.129271416419375e-05,3.700545984451783e-05,-2.1967762191242395,-0.15926875,1.0,1.0,0.1,1.0,True,0.7139522712153779,1207
1,22228,patient harold jensen,18,6,12,-0.0001107493846062802,4.6663040782023195e-05,-2.373385504892902,-0.26878366,1.0,1.0,0.06666666666666667,1.0,True,0.7120156514678706,1208
1,27421,the right adrenal,61,21,40,7.953767307177322e-05,3.6305079333662204e-05,2.1908139172698515,0.26800025,1.0,1.0,0.1,1.0,True,0.7120145231127017,1209
1,15100,insomnia 40,71,38,33,-7.391361752495775e-05,3.3742020688373035e-05,-2.190551010788373,-0.22552393,1.0,1.0,0.1,1.0,True,0.7119290785062212,1210
1,11344,encourage continued activity,60,35,25,-6.837535645708657e-05,3.122000052444624e-05,-2.1901138791956942,-0.33640414,1.0,1.0,0.1,1.0,True,0.7117870107386006,1211
1,20325,novel fusions,82,43,39,6.004163525037034e-05,2.7430301407379032e-05,2.1888798944884553,0.23263502,1.0,1.0,0.1,1.0,True,0.711385965708748,1212
1,10797,driver with concurrent,76,40,36,-5.009595736113822e-05,2.2892680607229203e-05,-2.188295823483362,-0.14769706,1.0,1.0,0.1,1.0,True,0.7111961426320927,1213
1,26260,standard iterative,80,44,36,-5.049898827307323e-05,2.485277994798898e-05,-2.031925135890461,-0.23104335,1.0,1.0,0.13333333333333333,1.0,True,0.7111737975616612,1214
1,1706,0.6-1.3 egfr ckd-epi,127,58,69,-6.532677889548806e-05,3.216022688791102e-05,-2.031290983212693,-0.17417407,1.0,1.0,0.13333333333333333,1.0,True,0.7109518441244425,1215
1,13896,history - mother,547,310,237,7.467409942954207e-05,3.4143055154055105e-05,2.1870948306356577,0.28620917,1.0,1.0,0.1,1.0,True,0.7108058199565888,1216
1,12463,for attenuation,659,341,318,-3.548628089123623e-05,1.622892482653935e-05,-2.1866070162088063,-0.16089627,1.0,1.0,0.1,1.0,True,0.7106472802678621,1217
1,27232,the current,271,130,141,-7.533905300897783e-05,3.449171757403074e-05,-2.184265044130524,-0.13995646,1.0,1.0,0.1,1.0,True,0.7098861393424203,1218
1,17857,metastatic non-small,505,254,251,-7.179657010020241e-05,3.539848631975069e-05,-2.0282384238600426,-0.19236515,1.0,1.0,0.13333333333333333,1.0,True,0.7098834483510149,1219
1,17858,metastatic non-small cell,505,254,251,-7.179657010020241e-05,3.539848631975069e-05,-2.0282384238600426,-0.19236515,1.0,1.0,0.13333333333333333,1.0,True,0.7098834483510149,1220
1,19499,no dysuria or,714,358,356,-4.2178662828887644e-05,2.0802706895889353e-05,-2.0275564636841668,-0.252075,1.0,1.0,0.13333333333333333,1.0,True,0.7096447622894583,1221
1,1385,------ -------------------,230,115,115,5.4016400377918996e-05,2.665092125942837e-05,2.026811750787394,0.28047198,1.0,1.0,0.13333333333333333,1.0,True,0.7093841127755879,1222
1,25286,segment vii,288,143,145,-0.00011674651373290101,5.7612661094392814e-05,-2.0264037715880376,-0.17441984,1.0,1.0,0.13333333333333333,1.0,True,0.7092413200558131,1223
1,13950,home. -,94,42,52,-4.730170751120832e-05,2.334815964250153e-05,-2.0259287342332217,-0.17408407,1.0,1.0,0.13333333333333333,1.0,True,0.7090750569816275,1224
1,28395,tumor -,103,51,52,-6.72926447548007e-05,3.084651973407583e-05,-2.181531185200878,-0.32463282,1.0,1.0,0.1,1.0,True,0.7089976351902854,1225
1,11978,fdg uptake.,265,131,134,-7.260793104064327e-05,3.328700098409578e-05,-2.1812698318882697,-0.22623673,1.0,1.0,0.1,1.0,True,0.7089126953636877,1226
1,21621,oropharynx clear,268,151,117,-6.258368499890563e-05,3.093902255410451e-05,-2.0228074396811544,-0.13985842,1.0,1.0,0.13333333333333333,1.0,True,0.707982603888404,1227
1,12227,firm.,83,46,37,0.00011383259840139589,5.2318282625934486e-05,2.175770929165943,0.19253775,1.0,1.0,0.1,1.0,True,0.7071255519789315,1228
1,25191,schedule next oncology,82,40,42,-5.0479849576171765e-05,2.4991672049900595e-05,-2.0198668370559285,-0.16742843,1.0,1.0,0.13333333333333333,1.0,True,0.7069533929695749,1229
1,26521,subcarinal node,187,94,93,-7.007507238630884e-05,3.224798669502031e-05,-2.1730061181503073,-0.20303828,1.0,1.0,0.1,1.0,True,0.7062269883988499,1230
1,28412,tumor cellularity,497,251,246,4.6302536361900496e-05,2.4587322950125776e-05,1.8831873830194124,0.10900622,1.0,1.0,0.16666666666666666,1.0,True,0.7061952686322797,1231
1,29910,works as,95,77,18,-6.451932832429681e-05,2.7588549225171674e-05,-2.3386270803043767,-0.23112588,0.8571428571428571,1.0,0.1,1.0,True,0.705764243877571,1232
1,10457,disease status stable,102,48,54,5.822245829508764e-05,2.889579870267462e-05,2.014910848949765,0.19907948,1.0,1.0,0.13333333333333333,1.0,True,0.7052187971324178,1233
1,13665,hemorrhage.,347,173,174,7.256714708561055e-05,3.3457802277194434e-05,2.1689155337938586,0.17941666,1.0,1.0,0.1,1.0,True,0.7048975484830041,1234
1,22918,po q8,126,56,70,8.945394777418474e-05,4.1256987597127775e-05,2.1682132648097734,0.3283924,1.0,1.0,0.1,1.0,True,0.7046693110631764,1235
1,17955,mg po q8,126,56,70,8.945394777418474e-05,4.1256987597127775e-05,2.1682132648097734,0.3283924,1.0,1.0,0.1,1.0,True,0.7046693110631764,1236
1,24080,received palliative,104,50,54,7.456721452870384e-05,3.4396706702975125e-05,2.167859125950979,0.24126251,1.0,1.0,0.1,1.0,True,0.7045542159340682,1237
1,27284,the laboratory <new,76,42,34,-4.8066976486168865e-05,2.3893017955590414e-05,-2.0117582707848047,-0.26972467,1.0,1.0,0.13333333333333333,1.0,True,0.7041153947746817,1238
1,486,- gastrointestinal,764,389,375,-3.636412728199174e-05,1.80831249095393e-05,-2.010942658633562,-0.21246612,1.0,1.0,0.13333333333333333,1.0,True,0.7038299305217466,1239
1,29170,was started on,145,73,72,-6.515978531846941e-05,3.0093043492180602e-05,-2.1652773450914187,-0.25389004,1.0,1.0,0.1,1.0,True,0.7037151371547111,1240
1,7599,cancer right,88,58,30,6.124251292147537e-05,2.8321495143200416e-05,2.1624039483727193,0.29148564,1.0,1.0,0.1,1.0,True,0.7027812832211338,1241
1,16914,lung cancer right,88,58,30,6.124251292147537e-05,2.8321495143200416e-05,2.1624039483727193,0.29148564,1.0,1.0,0.1,1.0,True,0.7027812832211338,1242
1,24193,recurrence new,82,45,37,-5.588011683680313e-05,2.5863552327046827e-05,-2.1605739277495326,-0.19951557,1.0,1.0,0.1,1.0,True,0.7021865265185981,1243
1,15726,kidneys appear,128,67,61,-6.259249691411978e-05,2.9000835020074455e-05,-2.15829981691193,-0.15286581,1.0,1.0,0.1,1.0,True,0.7014474404963773,1244
1,16597,lobe. the,345,180,165,6.075771032426961e-05,2.815410171847199e-05,2.15804115975067,0.3271559,1.0,1.0,0.1,1.0,True,0.7013633769189678,1245
1,15984,l normal .,54,33,21,-5.250865610657976e-05,2.621531510689393e-05,-2.002976347698807,-0.2368963,1.0,1.0,0.13333333333333333,1.0,True,0.7010417216945823,1246
1,24997,rna-based,339,175,164,-7.431132840063355e-05,3.18128276575309e-05,-2.3358919615887137,-0.1945898,1.0,1.0,0.06666666666666667,1.0,True,0.7007675884766141,1247
1,6219,anxiety about,421,207,214,7.123791576330709e-05,3.304835557456373e-05,2.1555661249946323,0.24525355,1.0,1.0,0.1,1.0,True,0.7005589906232556,1248
1,14692,in segment vii,247,126,121,-0.00011274292816177239,5.242929490203959e-05,-2.150380400354888,-0.21978375,1.0,1.0,0.1,1.0,True,0.6988736301153387,1249
1,28946,vii,301,147,154,-0.00011416412745866687,5.722169481320502e-05,-1.99511964529092,-0.16454613,1.0,1.0,0.13333333333333333,1.0,True,0.698291875851822,1250
1,27607,thickening.,666,348,318,-4.3745157466881726e-05,2.195438020711471e-05,-1.9925480498285861,-0.2762552,1.0,1.0,0.13333333333333333,1.0,True,0.6973918174400051,1251
1,11328,emr. -,116,61,55,6.547696497535736e-05,3.0533590640302225e-05,2.144424013104188,0.20473734,1.0,1.0,0.1,1.0,True,0.6969378042588611,1252
1,16324,lesions. brain,116,62,54,-7.181835385331039e-05,3.606870995936376e-05,-1.9911539374217542,-0.30286342,1.0,1.0,0.13333333333333333,1.0,True,0.6969038780976139,1253
1,20342,nsaids,94,42,52,-6.0158131757188814e-05,2.8068497810867208e-05,-2.143261536921208,-0.21788283,1.0,1.0,0.1,1.0,True,0.6965599994993925,1254
1,5764,and cdkn2a homozygous,47,34,13,7.957521210055539e-05,3.42816771599029e-05,2.321217008414905,0.2559488,1.0,1.0,0.06666666666666667,1.0,True,0.6963651025244715,1255
1,22994,possibility,156,74,82,-6.323755377338635e-05,2.9520396726302643e-05,-2.142164766947111,-0.15535866,1.0,1.0,0.1,1.0,True,0.696203549257811,1256
1,25336,self-care.,87,44,43,5.453504918896091e-05,2.546568388084404e-05,2.141511276278098,0.22469975,1.0,1.0,0.1,1.0,True,0.6959911647903819,1257
1,4949,administration,783,407,376,-2.8392374973755234e-05,1.4290319919239407e-05,-1.9868257067870039,-0.15700316,1.0,1.0,0.13333333333333333,1.0,True,0.6953889973754513,1258
1,17834,metastatic disease. overall,61,31,30,-6.219377087106523e-05,2.9085217363251926e-05,-2.1383292445200945,-0.19262442,1.0,1.0,0.1,1.0,True,0.6949570044690307,1259
1,14560,in 3 months,253,135,118,-7.942570056911138e-05,3.7163622302115366e-05,-2.137189424739968,-0.2679964,1.0,1.0,0.1,1.0,True,0.6945865630404896,1260
1,17634,mediastinum hilum no,78,43,35,-6.509330611317449e-05,3.0462669018686303e-05,-2.1368221567599734,-0.27924854,1.0,1.0,0.1,1.0,True,0.6944672009469914,1261
1,13850,hilum no,78,43,35,-6.509330611317449e-05,3.0462669018686303e-05,-2.1368221567599734,-0.27924854,1.0,1.0,0.1,1.0,True,0.6944672009469914,1262
1,19947,nodes short axis,76,39,37,-7.217255368926603e-05,3.380214074530652e-05,-2.135147422557469,-0.26297396,1.0,1.0,0.1,1.0,True,0.6939229123311774,1263
1,19946,nodes short,76,39,37,-7.217255368926603e-05,3.380214074530652e-05,-2.135147422557469,-0.26297396,1.0,1.0,0.1,1.0,True,0.6939229123311774,1264
1,1666,0.,242,144,98,-0.00010445623995259319,4.895917185999368e-05,-2.133537721007658,-0.18761511,1.0,1.0,0.1,1.0,True,0.6933997593274889,1265
1,14859,infarct,91,47,44,6.734349819943827e-05,3.1582035295614965e-05,2.132335600574439,0.26509207,1.0,1.0,0.1,1.0,True,0.6930090701866927,1266
1,24472,repeat nlr,60,25,35,-5.1551226067201385e-05,2.4177730737030794e-05,-2.1321780206711103,-0.18234965,1.0,1.0,0.1,1.0,True,0.6929578567181108,1267
1,21420,or midline,101,52,49,7.114293456633161e-05,3.336755259519285e-05,2.1320992710919087,0.13816418,1.0,1.0,0.1,1.0,True,0.6929322631048703,1268
1,16611,lobectomy with mediastinal,291,156,135,-0.00017162198215504683,7.434005204924348e-05,-2.3086072369355213,-0.28021547,1.0,1.0,0.06666666666666667,1.0,True,0.6925821710806563,1269
1,23977,rash lesions,68,37,31,-6.159183624447616e-05,2.8917987819240923e-05,-2.1298797353906935,-0.17108692,1.0,1.0,0.1,1.0,True,0.6922109140019754,1270
1,23252,primary diagnosis non-small,98,58,40,-5.8619879645168286e-05,2.752910907452579e-05,-2.129378015339135,-0.2435734,1.0,1.0,0.1,1.0,True,0.6920478549852188,1271
1,16857,lower lobectomy with,130,73,57,-0.00015840771934945755,7.446099079478651e-05,-2.1273920432515747,-0.19173886,1.0,1.0,0.1,1.0,True,0.6914024140567618,1272
1,12044,female mrn redacted,239,139,100,8.148457361704563e-05,4.1259174089963276e-05,1.97494437090217,0.2428464,1.0,1.0,0.13333333333333333,1.0,True,0.6912305298157594,1273
1,16003,l. chen,90,41,49,6.265601846332827e-05,2.948180250157834e-05,2.1252438164177345,0.20060325,1.0,1.0,0.1,1.0,True,0.6907042403357637,1274
1,2266,12.8 g,162,77,85,-7.381601870315915e-05,3.744870796232853e-05,-1.971123243488514,-0.13689257,1.0,1.0,0.13333333333333333,1.0,True,0.6898931352209798,1275
1,6984,been associated,181,89,92,5.816216720173366e-05,2.7421954552189113e-05,2.1210073516473877,0.18556339,1.0,1.0,0.1,1.0,True,0.689327389285401,1276
1,6985,been associated with,181,89,92,5.816216720173366e-05,2.7421954552189113e-05,2.1210073516473877,0.18556339,1.0,1.0,0.1,1.0,True,0.689327389285401,1277
1,27277,the known right,61,33,28,-6.210295778943875e-05,2.9290244067005985e-05,-2.120260850246539,-0.045539472,1.0,1.0,0.1,1.0,True,0.6890847763301252,1278
1,26906,system subarachnoid,138,79,59,6.559391879826453e-05,3.0938101012182066e-05,2.1201662885655628,0.22710562,1.0,1.0,0.1,1.0,True,0.689054043783808,1279
1,28894,ventricular system subarachnoid,138,79,59,6.559391879826453e-05,3.0938101012182066e-05,2.1201662885655628,0.22710562,1.0,1.0,0.1,1.0,True,0.689054043783808,1280
1,14164,identified. - spleen,81,38,43,-6.310074547571827e-05,2.9764288840182615e-05,-2.120015224100719,-0.21434629,1.0,1.0,0.1,1.0,True,0.6890049478327337,1281
1,24900,right adrenal,243,117,126,0.00011923641563765576,6.0605655639785e-05,1.9674140041706303,0.20755842,1.0,1.0,0.13333333333333333,1.0,True,0.6885949014597206,1282
1,28176,tp53 c.818c>t,130,68,62,6.239887443270988e-05,2.9457827532731457e-05,2.118244271862094,0.19298689,0.8571428571428571,1.0,0.13333333333333333,1.0,True,0.6884293883551805,1283
1,29090,vomiting diarrhea genitourinary,63,32,31,-4.85482276467979e-05,2.2922895937352057e-05,-2.1178924242154875,-0.16184756,1.0,1.0,0.1,1.0,True,0.6883150378700335,1284
1,2639,2.5 cm,240,122,118,-0.00013743581399380496,6.490374653366204e-05,-2.1175328287485606,-0.21068336,1.0,1.0,0.1,1.0,True,0.6881981693432823,1285
1,28721,uptake,677,350,327,-7.854147656668422e-05,3.4250894629465783e-05,-2.293121899920114,-0.19686356,1.0,1.0,0.06666666666666667,1.0,True,0.6879365699760343,1286
1,2267,12.8 g dl,162,77,85,-7.355632284954861e-05,3.743545287898512e-05,-1.9648840121509634,-0.13713814,1.0,1.0,0.13333333333333333,1.0,True,0.6877094042528371,1287
1,20029,non-platinum doublet,129,65,64,0.00013542546060527538,5.912535967318031e-05,2.2904801146893545,0.24027258,1.0,1.0,0.06666666666666667,1.0,True,0.6871440344068064,1288
1,11305,emotional function 65,132,79,53,-7.789993046614339e-05,3.68595782230687e-05,-2.1134243586485058,-0.21677193,1.0,1.0,0.1,1.0,True,0.6868629165607644,1289
1,2815,3 cn ii-xii,80,44,36,-5.3187538711105e-05,2.51783705341297e-05,-2.1124297396056035,-0.16493024,1.0,1.0,0.1,1.0,True,0.6865396653718212,1290
1,2814,3 cn,80,44,36,-5.3187538711105e-05,2.51783705341297e-05,-2.1124297396056035,-0.16493024,1.0,1.0,0.1,1.0,True,0.6865396653718212,1291
1,27702,three,499,252,247,0.00010308793541315175,4.5063435557700576e-05,2.2876182017049023,0.17602396,1.0,1.0,0.06666666666666667,1.0,True,0.6862854605114707,1292
1,12848,function 75,252,155,97,-7.576477226916911e-05,3.588791631297164e-05,-2.111149937166567,-0.26096973,1.0,1.0,0.1,1.0,True,0.6861237295791344,1293
1,18303,modestly,244,115,129,7.3228997298229e-05,3.470722248528174e-05,2.1099065858491888,0.19737493,1.0,1.0,0.1,1.0,True,0.6857196404009864,1294
1,8119,chest pain.,273,144,129,-7.287615814922486e-05,3.1888953101914846e-05,-2.285310462100082,-0.29938674,1.0,1.0,0.06666666666666667,1.0,True,0.6855931386300246,1295
1,10922,dysuria or,716,360,356,-4.4074957359796824e-05,2.0899420403310394e-05,-2.108908118467032,-0.2696018,1.0,1.0,0.1,1.0,True,0.6853951385017855,1296
1,16021,labeling,97,44,53,7.134519948484747e-05,3.3871419781080856e-05,2.1063539688022725,0.28212452,1.0,1.0,0.1,1.0,True,0.6845650398607386,1297
1,24559,reports persistent,216,98,118,7.391018424194703e-05,3.511361682646782e-05,2.104886677074954,0.25650486,1.0,1.0,0.1,1.0,True,0.6840881700493601,1298
1,1740,0.9 cm 0.8,98,55,43,5.92508782955133e-05,2.8150116835856436e-05,2.104818201679434,0.20292601,1.0,1.0,0.1,1.0,True,0.6840659155458161,1299
1,1392,-------- ---------- general,306,170,136,-6.235046362677938e-05,3.191862525496358e-05,-1.9534194574085995,-0.22399548,1.0,1.0,0.13333333333333333,1.0,True,0.6836968100930098,1300
1,6447,arising,86,48,38,6.129639442037645e-05,2.6904268521284406e-05,2.278314847024511,0.30386242,1.0,1.0,0.06666666666666667,1.0,True,0.6834944541073532,1301
1,26875,symptoms. signature,110,54,56,-5.2019617670231556e-05,2.6651486438647124e-05,-1.9518467680961424,-0.19702572,1.0,1.0,0.13333333333333333,1.0,True,0.6831463688336498,1302
1,2328,13.8 g dl,161,85,76,-7.482035571196076e-05,3.8349309507642695e-05,-1.9510222393195813,-0.19622874,1.0,1.0,0.13333333333333333,1.0,True,0.6828577837618535,1303
1,2327,13.8 g,161,85,76,-7.482035571196076e-05,3.8349309507642695e-05,-1.9510222393195813,-0.19622874,1.0,1.0,0.13333333333333333,1.0,True,0.6828577837618535,1304
1,2326,13.8,161,85,76,-7.482035571196076e-05,3.8349309507642695e-05,-1.9510222393195813,-0.19622874,1.0,1.0,0.13333333333333333,1.0,True,0.6828577837618535,1305
1,16639,loss -,558,283,275,5.7632283862182715e-05,2.9562604018122556e-05,1.9494995713791925,0.21633607,1.0,1.0,0.13333333333333333,1.0,True,0.6823248499827174,1306
1,18907,necrotic mass,87,45,42,5.894765006289146e-05,2.8105792618337127e-05,2.0973487872543437,0.1043588,1.0,1.0,0.1,1.0,True,0.6816383558576617,1307
1,22085,partially necrotic mass,87,45,42,5.894765006289146e-05,2.8105792618337127e-05,2.0973487872543437,0.1043588,1.0,1.0,0.1,1.0,True,0.6816383558576617,1308
1,635,- low anc,161,94,67,-6.519241265917286e-05,3.111955824596227e-05,-2.0949016095892525,-0.14497752,1.0,1.0,0.1,1.0,True,0.6808430231165071,1309
1,23064,postoperative mediastinal,35,16,19,0.00013924535379933163,6.135830820381077e-05,2.2693805920594716,0.124958955,1.0,1.0,0.06666666666666667,1.0,True,0.6808141776178415,1310
1,1844,1. adenocarcinoma,80,34,46,-5.194214552831485e-05,2.480038852381157e-05,-2.0944085403518455,-0.14845166,1.0,1.0,0.1,1.0,True,0.6806827756143499,1311
1,16318,lesions. --- objective,65,31,34,-5.654500620594707e-05,2.7001609193319794e-05,-2.0941346792003905,-0.14113942,1.0,1.0,0.1,1.0,True,0.680593770740127,1312
1,4492,abdomen ct,189,83,106,-6.083481193509056e-05,3.130688726865492e-05,-1.943176637557308,-0.20044479,1.0,1.0,0.13333333333333333,1.0,True,0.6801118231450578,1313
1,28260,treated with,458,244,214,8.927962600302838e-05,3.938475285858382e-05,2.2668575914034226,0.117389694,1.0,1.0,0.06666666666666667,1.0,True,0.6800572774210267,1314
1,28110,toes,52,26,26,-0.00014186460290340616,6.781549409884636e-05,-2.0919202136406683,-0.28284398,1.0,1.0,0.1,1.0,True,0.6798740694332173,1315
1,24179,reconstructions. -,118,54,64,6.108952232297042e-05,2.9211093058959104e-05,2.091312440779553,0.26235217,1.0,1.0,0.1,1.0,True,0.6796765432533548,1316
1,4133,< 1.5 k,106,61,45,-5.8762435816974764e-05,2.810804663450828e-05,-2.0905912310829904,-0.17274687,1.0,1.0,0.1,1.0,True,0.679442150101972,1317
1,27774,tingling in the,68,36,32,-6.70586174052202e-05,2.9635711718177154e-05,-2.2627638587835768,-0.23442493,1.0,1.0,0.06666666666666667,1.0,True,0.678829157635073,1318
1,14443,imaging swi and,156,81,75,6.963027043747796e-05,3.335227808470478e-05,2.087721572140828,0.2560225,1.0,1.0,0.1,1.0,True,0.6785095109457692,1319
1,23008,post-contrast,569,292,277,6.097753193083476e-05,2.9210668322938867e-05,2.0875089627083154,0.0854197,1.0,1.0,0.1,1.0,True,0.6784404128802025,1320
1,13526,headache dizziness or,88,48,40,-6.0454812452296196e-05,2.899074666225883e-05,-2.085314088546687,-0.16944592,1.0,1.0,0.1,1.0,True,0.6777270787776734,1321
1,29084,volume loss,98,52,46,-6.529764383462566e-05,3.131871065526068e-05,-2.0849403589243054,-0.27824327,1.0,1.0,0.1,1.0,True,0.6776056166503993,1322
1,13452,have prognostic,84,48,36,6.658426560463545e-05,2.9486362725996488e-05,2.258137642250863,0.180752,1.0,1.0,0.06666666666666667,1.0,True,0.677441292675259,1323
1,29014,visit patient james,86,52,34,6.982171546301743e-05,3.352063111648995e-05,2.0829475203010044,0.20275755,1.0,1.0,0.1,1.0,True,0.6769579440978265,1324
1,27883,to carry out,277,135,142,8.9158626290783e-05,3.952370999130405e-05,2.255826346018619,0.33677903,1.0,1.0,0.06666666666666667,1.0,True,0.6767479038055857,1325
1,7745,carry out,277,135,142,8.9158626290783e-05,3.952370999130405e-05,2.255826346018619,0.33677903,1.0,1.0,0.06666666666666667,1.0,True,0.6767479038055857,1326
1,3481,50 100 cognitive,149,70,79,6.657484933483094e-05,2.9513746829314886e-05,2.2557233996703077,0.19963585,1.0,1.0,0.06666666666666667,1.0,True,0.6767170199010922,1327
1,16565,lobe mass with,396,202,194,7.717309720195646e-05,3.7092182712703166e-05,2.0805757860004976,0.22086723,1.0,1.0,0.1,1.0,True,0.6761871304501618,1328
1,9813,deceased at 78,165,74,91,-6.380321767272822e-05,3.068348693180083e-05,-2.079399183493764,-0.22555313,1.0,1.0,0.1,1.0,True,0.6758047346354734,1329
1,29697,with mediastinal lymph,285,153,132,-0.00016481174970270088,7.3165923341489e-05,-2.2525752724184347,-0.26272845,1.0,1.0,0.06666666666666667,1.0,True,0.6757725817255303,1330
1,27418,the resection,118,65,53,-7.205764214222118e-05,3.2000915031097386e-05,-2.251736929153371,-0.22057416,1.0,1.0,0.06666666666666667,1.0,True,0.6755210787460112,1331
1,9737,data is,71,37,34,-4.9266420140939765e-05,2.553363980172534e-05,-1.929471102573115,-0.15537676,1.0,1.0,0.13333333333333333,1.0,True,0.6753148859005902,1332
1,934,- post-operative,158,78,80,-9.045449474574945e-05,4.0185116514625085e-05,-2.250945190437091,-0.24848233,1.0,1.0,0.06666666666666667,1.0,True,0.6752835571311273,1333
1,1793,1 month,267,144,123,7.11948815289992e-05,3.426890858367951e-05,2.077535715943565,0.18983689,1.0,1.0,0.1,1.0,True,0.6751991076816587,1334
1,15004,inhibitors e.g. capmatinib,63,34,29,-5.690866528807372e-05,2.7392679469038222e-05,-2.0775136420077938,-0.12638608,1.0,1.0,0.1,1.0,True,0.675191933652533,1335
1,10512,dissection and,123,64,59,-6.493580169044423e-05,3.125711771268934e-05,-2.0774724748239493,-0.2117725,1.0,1.0,0.1,1.0,True,0.6751785543177835,1336
1,5565,amplification copy number,229,126,103,-9.69052130230193e-05,4.6674670254851275e-05,-2.076184202135786,-0.08948319,1.0,1.0,0.1,1.0,True,0.6747598656941305,1337
1,8127,chest wall -,133,73,60,-5.955627678124333e-05,2.6481906255510248e-05,-2.2489422100741367,-0.11537574,1.0,1.0,0.06666666666666667,1.0,True,0.674682663022241,1338
1,29111,waking,141,55,86,6.928607871895604e-05,3.3379901753589904e-05,2.075682523885935,0.23245324,1.0,1.0,0.1,1.0,True,0.6745968202629289,1339
1,19513,no enhancing,386,203,183,-6.763286481695254e-05,3.259296659718821e-05,-2.0750754496458512,-0.23446488,0.8571428571428571,1.0,0.13333333333333333,1.0,True,0.6743995211349016,1340
1,28279,treatment initiation,67,33,34,6.76546088120502e-05,3.0111938560127732e-05,2.246770286043092,0.1840319,1.0,1.0,0.06666666666666667,1.0,True,0.6740310858129276,1341
1,25633,signs - bp,222,112,110,7.639503764080755e-05,3.400632271879758e-05,2.2464951083516853,0.21398903,1.0,1.0,0.06666666666666667,1.0,True,0.6739485325055056,1342
1,7284,brain metastases. 2.,83,45,38,7.722491689114263e-05,3.4383362026108255e-05,2.2459966780591025,0.19427648,1.0,1.0,0.06666666666666667,1.0,True,0.6737990034177307,1343
1,21372,or hilar lymph,159,80,79,-6.120243487581658e-05,3.1797738338332836e-05,-1.9247417607067911,-0.23245727,1.0,1.0,0.13333333333333333,1.0,True,0.6736596162473769,1344
1,20328,now,766,391,375,-4.656260619165339e-05,2.0735767972419955e-05,-2.2455211812547753,-0.22341193,1.0,1.0,0.06666666666666667,1.0,True,0.6736563543764326,1345
1,14777,included t1-weighted t2-weighted,61,27,34,5.04523751266392e-05,2.435334932647645e-05,2.0716811659161984,0.13626978,1.0,1.0,0.1,1.0,True,0.6732963789227645,1346
1,29392,wheeze,436,236,200,-6.4849987408524e-05,3.1306700704870356e-05,-2.071441127567791,-0.17005464,1.0,1.0,0.1,1.0,True,0.6732183664595321,1347
1,25503,she reports mild,178,98,80,6.820861681105511e-05,3.548978315366543e-05,1.9219226140583063,0.15596117,1.0,1.0,0.13333333333333333,1.0,True,0.6726729149204072,1348
1,9098,contrast enhancement,140,75,65,7.342713076429256e-05,3.275752999785728e-05,2.2415344126707826,0.29620713,1.0,1.0,0.06666666666666667,1.0,True,0.6724603238012348,1349
1,21279,or brain.,66,35,31,6.005466538020538e-05,3.1258831888683933e-05,1.921206319995146,0.20744826,1.0,1.0,0.13333333333333333,1.0,True,0.672422211998301,1350
1,23719,pulmonary rehabilitation for,102,46,56,-6.02213732062438e-05,2.9164820202011873e-05,-2.0648635166998064,-0.22027121,1.0,1.0,0.1,1.0,True,0.6710806429274371,1351
1,4694,activities .,187,86,101,0.00010143630826670944,4.162242900288294e-05,2.4370588333440018,0.33976662,1.0,1.0,0.03333333333333333,1.0,True,0.6701911791696006,1352
1,27064,targeted agent,65,37,28,6.507795663988385e-05,3.156570866428169e-05,2.0616662636034238,0.20179054,1.0,1.0,0.1,1.0,True,0.6700415356711128,1353
1,155,- administered,56,38,18,-6.196597237970117e-05,2.77480739692135e-05,-2.2331630097444757,-0.13668928,1.0,1.0,0.06666666666666667,1.0,True,0.6699489029233426,1354
1,13749,hg19 variant calling,203,90,113,5.072664882448048e-05,2.651123758392593e-05,1.913401766473423,0.21516247,1.0,1.0,0.13333333333333333,1.0,True,0.6696906182656981,1355
1,29299,weeks to assess,426,207,219,6.603184632539502e-05,3.205312932039023e-05,2.060074873356893,0.23983485,1.0,1.0,0.1,1.0,True,0.6695243338409903,1356
1,4220,>= 2,102,52,50,5.749571819136851e-05,3.0058436526867224e-05,1.9127980305954015,0.22109611,1.0,1.0,0.13333333333333333,1.0,True,0.6694793107083905,1357
1,26665,supports pulmonary adenocarcinoma,131,65,66,-7.641394725797596e-05,3.4245135970827576e-05,-2.2313810441012922,-0.21518683,1.0,1.0,0.06666666666666667,1.0,True,0.6694143132303877,1358
1,16864,lower-lobe adenocarcinoma of,118,51,67,-6.604593490092216e-05,3.207239012912126e-05,-2.0592769866862346,-0.2008546,1.0,1.0,0.1,1.0,True,0.6692650206730263,1359
1,13626,hemisphere a,65,31,34,8.029016008780292e-05,3.600727281725819e-05,2.229831748027306,0.2980492,1.0,1.0,0.06666666666666667,1.0,True,0.6689495244081919,1360
1,17470,may reduce,65,36,29,6.029028829419963e-05,2.9307874127625293e-05,2.057136182298894,0.21250422,1.0,1.0,0.1,1.0,True,0.6685692592471406,1361
1,14683,in previously,59,33,26,-4.900124961251725e-05,2.3848723770961485e-05,-2.0546696788941725,-0.1213178,1.0,1.0,0.1,1.0,True,0.6677676456406061,1362
1,29054,visualized skeleton.,77,41,36,-6.145181592719559e-05,2.7636254696180593e-05,-2.223594209952349,-0.18549483,1.0,1.0,0.06666666666666667,1.0,True,0.6670782629857047,1363
1,17855,metastatic lung,68,34,34,-7.192309742275154e-05,3.504698507024397e-05,-2.0521907170787306,-0.24336441,1.0,1.0,0.1,1.0,True,0.6669619830505875,1364
1,16343,levels,95,58,37,7.05695752469231e-05,3.17428726809126e-05,2.223162848438651,0.1892146,1.0,1.0,0.06666666666666667,1.0,True,0.6669488545315954,1365
1,27253,the entire,71,41,30,-6.0238193791090896e-05,2.7099242682957845e-05,-2.222873697831174,-0.26201713,1.0,1.0,0.06666666666666667,1.0,True,0.6668621093493522,1366
1,2341,138 meq,93,37,56,-0.00010964952028419212,5.347917856656182e-05,-2.0503216994576494,-0.05568025,1.0,1.0,0.1,1.0,True,0.6663545523237361,1367
1,2342,138 meq l,93,37,56,-0.00010964952028419212,5.347917856656182e-05,-2.0503216994576494,-0.05568025,1.0,1.0,0.1,1.0,True,0.6663545523237361,1368
1,19629,no kras,73,40,33,9.281932495273176e-05,4.527923227314841e-05,2.049931509279933,0.24847221,1.0,1.0,0.1,1.0,True,0.6662277405159782,1369
1,19491,no dysphagia,97,51,46,-6.59263558278318e-05,3.2166482250808965e-05,-2.04953576563921,-0.17873645,1.0,1.0,0.1,1.0,True,0.6660991238327433,1370
1,21833,pain 20 dyspnea,60,37,23,-6.05751419372123e-05,2.956175503052807e-05,-2.04910506411602,-0.19557422,1.0,1.0,0.1,1.0,True,0.6659591458377065,1371
1,13955,homozygous,652,336,316,6.030618244369475e-05,3.1696762378482504e-05,1.9025975499830192,0.21687213,1.0,1.0,0.13333333333333333,1.0,True,0.6659091424940566,1372
1,27274,the intermediate,107,57,50,6.671823436165372e-05,3.258882671202675e-05,2.0472732863693945,0.13874552,1.0,1.0,0.1,1.0,True,0.6653638180700533,1373
1,21354,or gastrointestinal,172,89,83,-6.615398901967501e-05,2.9828569538886606e-05,-2.217806285796979,-0.11719398,1.0,1.0,0.06666666666666667,1.0,True,0.6653418857390937,1374
1,23867,radiation oncology for,206,100,106,6.299600862595954e-05,3.078455367829265e-05,2.0463512086056457,0.24640235,1.0,1.0,0.1,1.0,True,0.6650641427968349,1375
1,2160,100 nausea 10,213,123,90,-6.428044618122853e-05,2.9004033460112995e-05,-2.2162588617072334,-0.22523141,1.0,1.0,0.06666666666666667,1.0,True,0.66487765851217,1376
1,29815,with subsequent,105,49,56,7.751711583846318e-05,3.51904618178573e-05,2.202787682630733,0.24755128,0.8571428571428571,1.0,0.1,1.0,True,0.6647698542224891,1377
1,14116,i,570,299,271,-6.024801442099755e-05,2.9472771804235053e-05,-2.0441923420429795,-0.1914564,1.0,1.0,0.1,1.0,True,0.6643625111639684,1378
1,9352,covered by the,149,83,66,6.006239522952981e-05,2.7122277218798138e-05,2.214504141558632,0.17796655,1.0,1.0,0.06666666666666667,1.0,True,0.6643512424675896,1379
1,1587,. he has,92,42,50,-6.792897494696375e-05,3.3233254511593534e-05,-2.0440061000726395,-0.23397158,1.0,1.0,0.1,1.0,True,0.6643019825236078,1380
1,21761,overt,216,111,105,-6.013215432685032e-05,3.1698978528148206e-05,-1.8969745120794315,-0.20835584,1.0,1.0,0.13333333333333333,1.0,True,0.663941079227801,1381
1,3143,4-6 weeks,92,47,45,6.99650162345484e-05,3.162017392985003e-05,2.2126701892838145,0.20974638,1.0,1.0,0.06666666666666667,1.0,True,0.6638010567851443,1382
1,23432,pro-ctcae nausea -,311,164,147,7.217273156328184e-05,3.5357527104659434e-05,2.041226790257367,0.28257567,1.0,1.0,0.1,1.0,True,0.6633987068336443,1383
1,15143,instrument pro-ctcae nausea,311,164,147,7.217273156328184e-05,3.5357527104659434e-05,2.041226790257367,0.28257567,1.0,1.0,0.1,1.0,True,0.6633987068336443,1384
1,8469,cm maximal axial,196,108,88,6.790905775489161e-05,3.3308169459330615e-05,2.0388108640376887,0.22695753,1.0,1.0,0.1,1.0,True,0.6626135308122488,1385
1,21419,or metastatic,121,62,59,6.56535291505852e-05,3.220993798029904e-05,2.038300390107602,0.108090155,1.0,1.0,0.1,1.0,True,0.6624476267849706,1386
1,21121,oncology clinic,313,157,156,-6.314747034558279e-05,3.099377943885659e-05,-2.0374240085872017,-0.17587803,1.0,1.0,0.1,1.0,True,0.6621628027908406,1387
1,27645,this report. <new,116,58,58,7.645383534748458e-05,3.4647606148600946e-05,2.2066123419776793,0.28939903,1.0,1.0,0.06666666666666667,1.0,True,0.6619837025933037,1388
1,20768,of next-line systemic,85,35,50,5.551613519021609e-05,2.7261479648779742e-05,2.0364314742065392,0.15077455,1.0,1.0,0.1,1.0,True,0.6618402291171253,1389
1,8630,cognitive function 70,201,90,111,-7.702474935091773e-05,3.4922509683966136e-05,-2.2055903211985326,-0.28480875,1.0,1.0,0.06666666666666667,1.0,True,0.6616770963595597,1390
1,28843,values are,169,96,73,6.568314166832399e-05,3.474589195428252e-05,1.8903858261790392,0.19289093,1.0,1.0,0.13333333333333333,1.0,True,0.6616350391626636,1391
1,4677,activating,673,347,326,5.4092051233665276e-05,2.6594367050551418e-05,2.033966483610811,0.2123608,1.0,1.0,0.1,1.0,True,0.6610391071735136,1392
1,2930,3. symptomatic,65,40,25,6.335483308961741e-05,3.117713883867407e-05,2.0320925989214933,0.25744313,1.0,1.0,0.1,1.0,True,0.6604300946494853,1393
1,8233,ck5 6 negative,208,102,106,-6.250510340798316e-05,3.077173139314148e-05,-2.0312507804456703,-0.23796304,1.0,1.0,0.1,1.0,True,0.6601565036448429,1394
1,3581,6 negative,208,102,106,-6.250510340798316e-05,3.077173139314148e-05,-2.0312507804456703,-0.23796304,1.0,1.0,0.1,1.0,True,0.6601565036448429,1395
1,29478,whole-body,618,327,291,-5.5015386259447097e-05,2.5002303004678713e-05,-2.2004127479437394,-0.082706,1.0,1.0,0.06666666666666667,1.0,True,0.6601238243831218,1396
1,6439,areas of necrosis.,81,46,35,6.146533325410848e-05,3.027267617572721e-05,2.030389810841755,0.23654383,1.0,1.0,0.1,1.0,True,0.6598766885235704,1397
1,24635,resolved with,240,127,113,6.398833564862426e-05,3.3941762563423836e-05,1.88523903344899,0.15226462,1.0,1.0,0.13333333333333333,1.0,True,0.6598336617071464,1398
1,12662,for trial,55,27,28,5.77908598142449e-05,2.6279828054447558e-05,2.199057759986541,0.27728754,1.0,1.0,0.06666666666666667,1.0,True,0.6597173279959623,1399
1,17500,md board-certified anatomic,100,47,53,5.515941590976065e-05,2.7185630782926737e-05,2.028991578315783,0.19023922,1.0,1.0,0.1,1.0,True,0.6594222629526294,1400
1,11243,elementary school teacher.,83,38,45,9.226690445802882e-05,4.198185089955041e-05,2.197780766712621,0.10166055,1.0,1.0,0.06666666666666667,1.0,True,0.6593342300137862,1401
1,11914,fatigue neuropathy,66,31,35,5.645387465126119e-05,2.5695328196470733e-05,2.197048203455722,0.2297639,1.0,1.0,0.06666666666666667,1.0,True,0.6591144610367167,1402
1,29707,with metastatic disease,274,132,142,6.900018901067581e-05,3.403907954154305e-05,2.0270873930790176,0.24731556,1.0,1.0,0.1,1.0,True,0.6588034027506807,1403
1,617,- liver,696,359,337,-4.0792082571570836e-05,2.1675531949054086e-05,-1.8819414751826191,-0.24938188,1.0,1.0,0.13333333333333333,1.0,True,0.6586795163139166,1404
1,23023,post-hospitalization,242,122,120,-7.70917459283671e-05,3.511473513247684e-05,-2.1954243891495753,-0.1651333,1.0,1.0,0.06666666666666667,1.0,True,0.6586273167448725,1405
1,18889,necrosis and,99,47,52,7.313301743539695e-05,3.332350349499597e-05,2.194637711079178,0.2353019,1.0,1.0,0.06666666666666667,1.0,True,0.6583913133237533,1406
1,20003,nodules or effusions.,84,44,40,-6.888022772066866e-05,3.1397083433621724e-05,-2.1938415988953905,-0.19967368,1.0,1.0,0.06666666666666667,1.0,True,0.6581524796686171,1407
1,15431,is common,88,38,50,-6.495398144551286e-05,2.9633178106238416e-05,-2.1919343653470182,-0.2551255,1.0,1.0,0.06666666666666667,1.0,True,0.6575803096041054,1408
1,21131,oncology contact 555,87,42,45,-5.437887321668543e-05,2.68930725440303e-05,-2.0220401788473366,-0.11381278,1.0,1.0,0.1,1.0,True,0.6571630581253844,1409
1,27853,to any,361,170,191,6.94531089271825e-05,3.1722944349913384e-05,2.189365153533491,0.27094924,1.0,1.0,0.06666666666666667,1.0,True,0.6568095460600473,1410
1,5619,anatomic correlation.,228,112,116,-5.824464020859151e-05,2.882266661888658e-05,-2.0207929050681814,-0.10811826,1.0,1.0,0.1,1.0,True,0.656757694147159,1411
1,17000,lymph node 1.8,49,28,21,-5.776129663653318e-05,2.4501168523810363e-05,-2.357491504146035,-0.19961661,0.8571428571428571,1.0,0.06666666666666667,1.0,True,0.656729776154967,1412
1,21039,on mri brain.,62,31,31,-4.701370118172526e-05,2.5060974644146633e-05,-1.8759725768569027,-0.2582863,1.0,1.0,0.13333333333333333,1.0,True,0.6565904018999159,1413
1,12886,functional status ecog,101,54,47,4.944736030717608e-05,2.4493454633792592e-05,2.0187989422674426,0.1445662,1.0,1.0,0.1,1.0,True,0.6561096562369189,1414
1,26967,t scanner.,198,108,90,7.580306578593323e-05,3.466097578338941e-05,2.186985913485458,0.1646076,1.0,1.0,0.06666666666666667,1.0,True,0.6560957740456373,1415
1,16516,lkb1 loss,61,29,32,-5.464571218635419e-05,2.4994920529083066e-05,-2.186272691796346,-0.16376399,1.0,1.0,0.06666666666666667,1.0,True,0.6558818075389038,1416
1,26498,study contrast-enhanced ct,70,35,35,-5.929500224132837e-05,2.9403324636739758e-05,-2.0166087669976833,-0.17911917,1.0,1.0,0.1,1.0,True,0.6553978492742472,1417
1,26474,structures no extra-axial,72,42,30,5.495369491645497e-05,2.5159812475537594e-05,2.1841853936664033,0.25837684,1.0,1.0,0.06666666666666667,1.0,True,0.655255618099921,1418
1,2805,3 - limited,64,24,40,7.214936639293394e-05,3.0291392711363854e-05,2.3818438155161816,0.21026325,1.0,1.0,0.03333333333333333,1.0,True,0.65500704926695,1419
1,26709,surgically,60,47,13,-4.413241566133316e-05,2.0233560600429353e-05,-2.181149256567165,-0.070406795,1.0,1.0,0.06666666666666667,1.0,True,0.6543447769701495,1420
1,2598,2. no new,162,88,74,6.634923620432694e-05,3.0426235408965822e-05,2.180658741132843,0.24450898,1.0,1.0,0.06666666666666667,1.0,True,0.6541976223398528,1421
1,8610,cockcroft-gault,265,124,141,-7.074794673300229e-05,3.7850636084000296e-05,-1.8691349486437796,-0.033276044,1.0,1.0,0.13333333333333333,1.0,True,0.6541972320253229,1422
1,17997,mild anxiety,180,94,86,6.928313645837872e-05,3.177786349973206e-05,2.180232678605435,0.20656125,1.0,1.0,0.06666666666666667,1.0,True,0.6540698035816305,1423
1,18956,negative no squamous,58,34,24,-6.35013494104263e-05,3.157387214400569e-05,-2.0111992954428324,-0.12110212,1.0,1.0,0.1,1.0,True,0.6536397710189206,1424
1,26119,srs,167,82,85,0.00018433378513250102,7.761014644876532e-05,2.3751248202345527,0.26980895,1.0,1.0,0.03333333333333333,1.0,True,0.6531593255645021,1425
1,15793,kras c.34g>t,336,169,167,5.4632935251652797e-05,2.509435738512807e-05,2.1771003900673893,0.23217142,1.0,1.0,0.06666666666666667,1.0,True,0.6531301170202167,1426
1,29207,wbc 7.5,79,28,51,-6.812536382081107e-05,3.651098121184103e-05,-1.8658869622139067,-0.22662854,1.0,1.0,0.13333333333333333,1.0,True,0.6530604367748674,1427
1,25576,side effects,376,189,187,7.187289056032917e-05,3.302481657811495e-05,2.1763297425233317,0.2745882,1.0,1.0,0.06666666666666667,1.0,True,0.6528989227569995,1428
1,15112,instability and may,110,60,50,-6.303166841841288e-05,2.8973323121276347e-05,-2.175507039857849,-0.1003578,1.0,1.0,0.06666666666666667,1.0,True,0.6526521119573547,1429
1,18177,ml administered,75,41,34,5.1634019132695456e-05,2.572153316778128e-05,2.0074238497327244,0.28932756,1.0,1.0,0.1,1.0,True,0.6524127511631355,1430
1,1826,1-2 drinks,379,213,166,-7.167039780783628e-05,3.570965946342966e-05,-2.007031119443581,-0.15008412,1.0,1.0,0.1,1.0,True,0.6522851138191638,1431
1,19218,new pulmonary,753,389,364,-4.909048253642317e-05,2.258181703793293e-05,-2.173894264308359,-0.19970088,1.0,1.0,0.06666666666666667,1.0,True,0.6521682792925076,1432
1,14054,hyperintensity,211,110,101,8.52238467906201e-05,3.9227043296093364e-05,2.172578905510005,0.17467007,1.0,1.0,0.06666666666666667,1.0,True,0.6517736716530015,1433
1,12166,finalize treatment plan,136,69,67,-6.0306079199776e-05,2.7760335052322856e-05,-2.1723829732642175,-0.1521501,1.0,1.0,0.06666666666666667,1.0,True,0.6517148919792652,1434
1,4058,9.2 k ul,81,50,31,-5.4645125128625766e-05,2.5157716535003362e-05,-2.1721019494195706,-0.26425698,1.0,1.0,0.06666666666666667,1.0,True,0.6516305848258711,1435
1,11460,entire,72,42,30,-5.869591183297306e-05,2.7023101300507156e-05,-2.1720642342361898,-0.26058215,1.0,1.0,0.06666666666666667,1.0,True,0.6516192702708569,1436
1,14063,hyperlipidemia controlled.,69,32,37,5.3947051775461926e-05,2.8991992583923092e-05,1.860756952779339,0.27471146,1.0,1.0,0.13333333333333333,1.0,True,0.6512649334727686,1437
1,17382,mass remains,71,32,39,5.22227153614766e-05,2.6075708372978385e-05,2.0027342925645586,0.30506775,1.0,1.0,0.1,1.0,True,0.6508886450834815,1438
1,8392,clubbing cyanosis or,62,38,24,5.2600188960886216e-05,2.6264875348797575e-05,2.00268184266461,0.20554297,1.0,1.0,0.1,1.0,True,0.6508715988659983,1439
1,23223,presents with,59,32,27,5.2760629377654786e-05,2.6365973246974158e-05,2.0010878750212555,0.16854548,1.0,1.0,0.1,1.0,True,0.6503535593819081,1440
1,13663,hemorrhage on,67,35,32,5.662615352823442e-05,2.8303439916493533e-05,2.000680966529306,0.21649921,1.0,1.0,0.1,1.0,True,0.6502213141220244,1441
1,24882,rhonchi. no use,100,60,40,-5.823562439491702e-05,2.6877087750379917e-05,-2.1667386338794774,-0.24329376,1.0,1.0,0.06666666666666667,1.0,True,0.6500215901638432,1442
1,13664,hemorrhage or,216,110,106,8.475944414167865e-05,3.913413252220483e-05,2.165870013691651,0.19758146,1.0,1.0,0.06666666666666667,1.0,True,0.6497610041074953,1443
1,21797,p40 strong,150,83,67,6.712074927353079e-05,2.8425803722156153e-05,2.361261265630084,0.31884602,1.0,1.0,0.03333333333333333,1.0,True,0.6493468480482731,1444
1,6427,are up,67,31,36,5.7830238716926035e-05,2.8945753884713833e-05,1.997883314673867,0.17592998,1.0,1.0,0.1,1.0,True,0.6493120772690069,1445
1,6428,are up to,67,31,36,5.7830238716926035e-05,2.8945753884713833e-05,1.997883314673867,0.17592998,1.0,1.0,0.1,1.0,True,0.6493120772690069,1446
1,23601,protocol. -,102,49,53,6.653537418429318e-05,3.33127140143545e-05,1.9972967124690888,0.1948017,1.0,1.0,0.1,1.0,True,0.6491214315524538,1447
1,16569,lobe nodule and,40,20,20,-6.13336543287266e-05,2.836573590958676e-05,-2.1622444249013006,-0.30013642,1.0,1.0,0.06666666666666667,1.0,True,0.6486733274703902,1448
1,6486,as needed -,77,31,46,6.0656193239259036e-05,3.0393226728943758e-05,1.9957141694828857,0.23811926,1.0,1.0,0.1,1.0,True,0.6486071050819379,1449
1,19018,neurologic cranial nerves,527,261,266,6.973401833014007e-05,3.4943765567742095e-05,1.995606861400025,0.17778264,1.0,1.0,0.1,1.0,True,0.6485722299550082,1450
1,19017,neurologic cranial,527,261,266,6.973401833014007e-05,3.4943765567742095e-05,1.995606861400025,0.17778264,1.0,1.0,0.1,1.0,True,0.6485722299550082,1451
1,11804,f,345,178,167,-6.710003466598363e-05,3.1042665529601676e-05,-2.1615423006119867,-0.28220192,1.0,1.0,0.06666666666666667,1.0,True,0.648462690183596,1452
1,11553,evaluating immunotherapy,66,36,30,-5.216882522472919e-05,2.6193747378656323e-05,-1.991651842349154,-0.087629266,1.0,1.0,0.1,1.0,True,0.6472868487634751,1453
1,29440,when evaluating immunotherapy,66,36,30,-5.216882522472919e-05,2.6193747378656323e-05,-1.991651842349154,-0.087629266,1.0,1.0,0.1,1.0,True,0.6472868487634751,1454
1,14645,in hepatic segment,73,35,38,-6.743488506435372e-05,3.385881464214038e-05,-1.9916493172334764,-0.19247144,1.0,1.0,0.1,1.0,True,0.6472860281008799,1455
1,15844,kras other codons,80,37,43,-5.163085643259197e-05,2.5946604115124223e-05,-1.9898887809559807,-0.12346104,1.0,1.0,0.1,1.0,True,0.6467138538106937,1456
1,23701,pulmonary nodules masses,130,70,60,-6.425491586757648e-05,2.9812448028200675e-05,-2.1553049184956374,-0.18408449,1.0,1.0,0.06666666666666667,1.0,True,0.6465914755486912,1457
1,10272,diffuse,616,320,296,4.744632838456349e-05,2.3852035336866423e-05,1.9891941175866454,0.19034067,1.0,1.0,0.1,1.0,True,0.6464880882156598,1458
1,689,- met,242,118,124,-7.205071392971648e-05,3.622703297252645e-05,-1.9888659936450683,-0.11384953,1.0,1.0,0.1,1.0,True,0.6463814479346472,1459
1,8300,clinic in 2,267,121,146,7.479802524087226e-05,3.472209142966097e-05,2.1541912414001896,0.17352745,1.0,1.0,0.06666666666666667,1.0,True,0.6462573724200569,1460
1,14013,hr 88 bpm,113,45,68,6.300900598699435e-05,3.412490796809337e-05,1.846422737488625,0.19577359,1.0,1.0,0.13333333333333333,1.0,True,0.6462479581210188,1461
1,14012,hr 88,113,45,68,6.300900598699435e-05,3.412490796809337e-05,1.846422737488625,0.19577359,1.0,1.0,0.13333333333333333,1.0,True,0.6462479581210188,1462
1,13524,headache dizziness,253,137,116,-6.290757947745913e-05,3.40737269536262e-05,-1.8462195099196324,-0.10103675,1.0,1.0,0.13333333333333333,1.0,True,0.6461768284718713,1463
1,1741,0.9 cm and,75,47,28,8.686640017941939e-05,4.033589032747929e-05,2.1535758718641858,0.31157932,1.0,1.0,0.06666666666666667,1.0,True,0.6460727615592557,1464
1,29298,weeks to,767,392,375,3.3231192630210584e-05,1.6724583113020856e-05,1.9869668741900404,0.2808299,1.0,1.0,0.1,1.0,True,0.6457642341117631,1465
1,24446,renal hepatic,120,76,44,5.5334934950427424e-05,2.9993343784683842e-05,1.8449071683259375,0.23726633,1.0,1.0,0.13333333333333333,1.0,True,0.6457175089140781,1466
1,2188,10l,63,27,36,-6.871188430520804e-05,3.1926870031779774e-05,-2.152164751408852,-0.38304806,1.0,1.0,0.06666666666666667,1.0,True,0.6456494254226556,1467
1,16057,labs and symptom,146,82,64,-5.6000008440560926e-05,2.819313759418708e-05,-1.9862992635522456,-0.21129438,1.0,1.0,0.1,1.0,True,0.6455472606544799,1468
1,8362,clinical trial. -,66,36,30,-5.312627978389017e-05,2.8804246081686794e-05,-1.8443905677387915,-0.19604981,1.0,1.0,0.13333333333333333,1.0,True,0.645536698708577,1469
1,5250,ago she reports,68,40,28,6.61601512580909e-05,3.0751927721134456e-05,2.151414761963749,0.24527554,1.0,1.0,0.06666666666666667,1.0,True,0.6454244285891246,1470
1,22590,persistent cough and,93,48,45,5.677185455551784e-05,2.8594563052619954e-05,1.9854073115593969,0.2286975,1.0,1.0,0.1,1.0,True,0.645257376256804,1471
1,16846,lower lobe nodule,88,50,38,-0.0001083786540493347,5.879136219287318e-05,-1.843445193424564,-0.21136236,1.0,1.0,0.13333333333333333,1.0,True,0.6452058176985973,1472
1,16197,leptomeningeal disease or,80,40,40,-6.196925161468701e-05,2.8821202088788948e-05,-2.150127237017369,-0.28608328,1.0,1.0,0.06666666666666667,1.0,True,0.6450381711052108,1473
1,23162,prepared for,77,45,32,-4.249795279585149e-05,2.3081735563209925e-05,-1.8411939899176886,-0.13532113,1.0,1.0,0.13333333333333333,1.0,True,0.644417896471191,1474
1,7895,central low attenuation,77,43,34,6.205483262159328e-05,2.8904116288873543e-05,2.1469202518217414,0.14414448,1.0,1.0,0.06666666666666667,1.0,True,0.6440760755465224,1475
1,28881,vena,103,56,47,-5.520757104997981e-05,2.7863641255614954e-05,-1.981348042185787,-0.21617512,1.0,1.0,0.1,1.0,True,0.6439381137103808,1476
1,25887,soft tissues.,75,38,37,6.500601243208621e-05,3.0291617150579415e-05,2.1460066694010353,0.21931939,1.0,1.0,0.06666666666666667,1.0,True,0.6438020008203106,1477
1,4980,adrenal glands after,86,52,34,-5.9027379431394936e-05,2.7511843682736637e-05,-2.145526127296003,-0.1936589,1.0,1.0,0.06666666666666667,1.0,True,0.6436578381888008,1478
1,13225,glands after,86,52,34,-5.9027379431394936e-05,2.7511843682736637e-05,-2.145526127296003,-0.1936589,1.0,1.0,0.06666666666666667,1.0,True,0.6436578381888008,1479
1,29926,worsening dyspnea fever,59,38,21,5.746732151549222e-05,2.679489499599393e-05,2.144711577488327,0.23985904,1.0,1.0,0.06666666666666667,1.0,True,0.6434134732464981,1480
1,4350,a known,161,75,86,6.352730873650539e-05,3.455815764527454e-05,1.8382724388431648,0.23039426,1.0,1.0,0.13333333333333333,1.0,True,0.6433953535951077,1481
1,17859,metastatic nsclc,384,204,180,-7.039292847035388e-05,3.557446463437589e-05,-1.9787487793233753,-0.12790897,1.0,1.0,0.1,1.0,True,0.643093353280097,1482
1,19832,no surrounding,132,71,61,0.00010665284058231166,4.977777271785193e-05,2.1425796044920764,0.23953713,1.0,1.0,0.06666666666666667,1.0,True,0.6427738813476229,1483
1,7735,care planning. -,182,81,101,5.7805504161000416e-05,3.151065821802184e-05,1.834474664446705,0.13535808,1.0,1.0,0.13333333333333333,1.0,True,0.6420661325563467,1484
1,27644,this report.,155,76,79,7.840676320000423e-05,3.358573333584289e-05,2.3345258659672643,0.3028213,1.0,1.0,0.03333333333333333,1.0,True,0.6419946131409977,1485
1,7307,brain parenchyma,171,95,76,-6.531424773189028e-05,3.306477750999657e-05,-1.975342120845774,-0.23386458,1.0,1.0,0.1,1.0,True,0.6419861892748766,1486
1,12973,g12c 28% vaf,38,23,15,7.680639313168512e-05,3.29074134311981e-05,2.334014895830989,0.25219578,1.0,1.0,0.03333333333333333,1.0,True,0.6418540963535221,1487
1,4358,a left lower,75,33,42,-6.489203000559411e-05,3.29208602902555e-05,-1.9711523159922404,-0.20503218,1.0,1.0,0.1,1.0,True,0.6406245026974782,1488
1,14541,improvement,205,114,91,-8.785154013723853e-05,4.46221944809492e-05,-1.9687857390058545,-0.16859902,1.0,1.0,0.1,1.0,True,0.6398553651769028,1489
1,534,- homozygous deletion,71,38,33,6.051932402294018e-05,2.8376373086306583e-05,2.132736408520955,0.260378,1.0,1.0,0.06666666666666667,1.0,True,0.6398209225562864,1490
1,22645,phase compatible,64,26,38,-5.3841479724563406e-05,2.5254934505994817e-05,-2.1319191982771897,-0.1883975,1.0,1.0,0.06666666666666667,1.0,True,0.6395757594831569,1491
1,22646,phase compatible with,64,26,38,-5.3841479724563406e-05,2.5254934505994817e-05,-2.1319191982771897,-0.1883975,1.0,1.0,0.06666666666666667,1.0,True,0.6395757594831569,1492
1,29632,with disease progression.,131,60,71,-6.286573155943975e-05,2.950050960485238e-05,-2.1310049352198073,-0.1480441,1.0,1.0,0.06666666666666667,1.0,True,0.6393014805659422,1493
1,5244,ago he,174,79,95,-6.218752630970225e-05,3.16341733338175e-05,-1.9658337726569468,-0.14108926,1.0,1.0,0.1,1.0,True,0.6388959761135077,1494
1,29810,with standard,172,86,86,-5.622912428008446e-05,2.860708936564574e-05,-1.9655660721502843,-0.11747247,1.0,1.0,0.1,1.0,True,0.6388089734488425,1495
1,9218,coronal reconstructions.,116,62,54,6.378434288998565e-05,2.9966786273255537e-05,2.1285012783273083,0.18934926,1.0,1.0,0.06666666666666667,1.0,True,0.6385503834981925,1496
1,5792,and coronal reconstructions.,116,62,54,6.378434288998565e-05,2.9966786273255537e-05,2.1285012783273083,0.18934926,1.0,1.0,0.06666666666666667,1.0,True,0.6385503834981925,1497
1,12958,g-csf filgrastim,215,109,106,-6.858376915752843e-05,3.2234819147306826e-05,-2.127630027769475,-0.1532623,1.0,1.0,0.06666666666666667,1.0,True,0.6382890083308425,1498
1,23278,primary pulmonary adenocarcinoma,71,28,43,-4.618262285914132e-05,2.3519843121709594e-05,-1.9635599872055791,-0.1494263,1.0,1.0,0.1,1.0,True,0.6381569958418132,1499
1,28252,treated,575,307,268,9.773869652061772e-05,4.2136795704764974e-05,2.319556930845719,0.10272461,1.0,1.0,0.03333333333333333,1.0,True,0.6378781559825728,1500
1,18133,minutes after intravenous,90,45,45,-5.340433278860181e-05,2.5124228476379216e-05,-2.125610855625294,-0.03388833,1.0,1.0,0.06666666666666667,1.0,True,0.6376832566875882,1501
1,9017,contact 555 123-4567,91,47,44,-5.2206239901654946e-05,2.6610536565193055e-05,-1.9618634811723947,-0.110071,1.0,1.0,0.1,1.0,True,0.6376056313810283,1502
1,27676,thoracic or,183,91,92,6.76795635840188e-05,3.1845200585032414e-05,2.125267303727674,0.24559836,1.0,1.0,0.06666666666666667,1.0,True,0.6375801911183022,1503
1,22032,parameters met,81,42,39,6.0711981025768164e-05,2.856886972421837e-05,2.1251096599842545,0.10899628,1.0,1.0,0.06666666666666667,1.0,True,0.6375328979952763,1504
1,10192,diagnostic contrast-enhanced,235,123,112,-5.76362464369286e-05,2.9398209600173906e-05,-1.9605359380997014,-0.18238892,0.8571428571428571,1.0,0.13333333333333333,1.0,True,0.637174179882403,1505
1,22331,pd-l1 10%,135,75,60,-9.222794569032013e-05,4.705693855981783e-05,-1.9599223517926445,-0.26415598,1.0,1.0,0.1,1.0,True,0.6369747643326095,1506
1,4387,a new 2.5,59,30,29,-9.046757384844845e-05,4.262735360350081e-05,-2.122289239203879,-0.20848852,1.0,1.0,0.06666666666666667,1.0,True,0.6366867717611636,1507
1,4824,adenocarcinoma ck7 positive,103,52,51,-6.546681497292646e-05,3.085018855018812e-05,-2.1220880017126267,-0.195435,1.0,1.0,0.06666666666666667,1.0,True,0.6366264005137879,1508
1,15570,iv on,117,59,58,-8.1825935487441e-05,4.178313477992672e-05,-1.958348408237466,-0.13320994,1.0,1.0,0.1,1.0,True,0.6364632326771765,1509
1,3874,70 social,72,34,38,-6.008315780815877e-05,2.8345949960929303e-05,-2.119638180797416,-0.2140497,1.0,1.0,0.06666666666666667,1.0,True,0.6358914542392248,1510
1,6376,are diagnostic of,71,31,40,-5.645690296965715e-05,2.6649821781546615e-05,-2.11847206455805,-0.2767772,1.0,1.0,0.06666666666666667,1.0,True,0.635541619367415,1511
1,6375,are diagnostic,71,31,40,-5.645690296965715e-05,2.6649821781546615e-05,-2.11847206455805,-0.2767772,1.0,1.0,0.06666666666666667,1.0,True,0.635541619367415,1512
1,2987,3.8 cm,125,66,59,-0.00011639575356149925,5.95346296513839e-05,-1.9550932666093035,-0.25262755,1.0,1.0,0.1,1.0,True,0.6354053116480236,1513
1,14924,influenza vaccine,357,186,171,-5.8926363502549185e-05,3.0165271884665948e-05,-1.953450435581968,-0.20121866,1.0,1.0,0.1,1.0,True,0.6348713915641396,1514
1,4255,a 1.5 t,202,103,99,6.563351215685279e-05,3.101929410266811e-05,2.1158931579686513,0.13984536,1.0,1.0,0.06666666666666667,1.0,True,0.6347679473905954,1515
1,26808,swi and,161,83,78,6.532303833035218e-05,3.344794843856004e-05,1.9529759336463621,0.24426588,1.0,1.0,0.1,1.0,True,0.6347171784350677,1516
1,3299,45 ml,43,15,28,-9.30255566864522e-05,4.03090302611262e-05,-2.307809344055729,-0.16135359,1.0,1.0,0.03333333333333333,1.0,True,0.6346475696153255,1517
1,17405,masses extremities,85,36,49,-6.1982482939072e-05,3.174145030268801e-05,-1.9527300217225123,-0.18967459,1.0,1.0,0.1,1.0,True,0.6346372570598166,1518
1,26482,studies - egfr,145,82,63,-5.7097212423272554e-05,2.7177396611754704e-05,-2.100908090607067,-0.26308045,0.8571428571428571,1.0,0.1,1.0,True,0.63402404877249,1519
1,18127,minimal,314,145,169,8.545034954743461e-05,3.755970112759205e-05,2.2750540335013794,0.27936986,0.8571428571428571,1.0,0.06666666666666667,1.0,True,0.6337650521896699,1520
1,21242,options including,182,95,87,6.536285129418742e-05,3.094652325934831e-05,2.112122604093907,0.23164468,1.0,1.0,0.06666666666666667,1.0,True,0.6336367812281721,1521
1,25416,setting.,201,103,98,-6.492320415596556e-05,3.074437335217038e-05,-2.111710113986836,-0.20068432,1.0,1.0,0.06666666666666667,1.0,True,0.6335130341960508,1522
1,11975,fdg uptake suv,51,24,27,-6.652845825814822e-05,3.150588656013742e-05,-2.1116199390599864,-0.18650366,1.0,1.0,0.06666666666666667,1.0,True,0.6334859817179959,1523
1,27380,the patient verbalized,109,58,51,-6.092221141575146e-05,2.885368990986588e-05,-2.1114183872517622,-0.22162528,1.0,1.0,0.06666666666666667,1.0,True,0.6334255161755287,1524
1,25277,seen. -,130,78,52,6.0853988814939016e-05,2.8862038934584055e-05,2.1084438612554317,0.2328536,1.0,1.0,0.06666666666666667,1.0,True,0.6325331583766295,1525
1,22515,performed 3 weeks,98,52,46,-6.129035580770969e-05,3.637758250534635e-05,-1.684838617263859,-0.21847527,1.0,1.0,0.16666666666666666,1.0,True,0.6318144814739471,1526
1,23446,proceeding with,59,25,34,4.818119095153459e-05,2.2879452008218905e-05,2.105871719926973,0.14865357,1.0,1.0,0.06666666666666667,1.0,True,0.6317615159780919,1527
1,1091,- small,123,55,68,6.40383573921818e-05,3.2967135389882625e-05,1.9424908059143868,0.14756778,1.0,1.0,0.1,1.0,True,0.6313095119221758,1528
1,594,- left frontal,97,49,48,8.663940617103323e-05,4.461057127372361e-05,1.942127251395799,0.26181832,1.0,1.0,0.1,1.0,True,0.6311913567036347,1529
1,19190,new medications,207,122,85,-5.503311464529861e-05,3.0017369887385306e-05,-1.833375637231498,-0.19032982,1.0,0.9666666666666667,0.13333333333333333,1.0,True,0.6309867818138406,1530
1,1618,. no other,87,45,42,-4.6811680438278885e-05,2.411537455007602e-05,-1.9411550229532437,-0.19126342,0.8571428571428571,1.0,0.13333333333333333,1.0,True,0.6308753824598042,1531
1,1552,. 6.,265,122,143,-6.852133539106113e-05,3.258584508448789e-05,-2.102794486790214,-0.23097716,1.0,1.0,0.06666666666666667,1.0,True,0.6308383460370642,1532
1,22542,performed on a,399,210,189,6.382541903739097e-05,3.0366452212519706e-05,2.1018398392643496,0.24132672,1.0,1.0,0.06666666666666667,1.0,True,0.6305519517793049,1533
1,29336,weight loss.,653,325,328,-4.576856439859731e-05,2.320786064868038e-05,-1.97211475419643,-0.12813176,1.0,0.9666666666666667,0.1,1.0,True,0.6302550068619425,1534
1,1070,- sections reveal,148,79,69,-5.836621192239178e-05,2.7783231918536626e-05,-2.1007711447511825,-0.26127094,1.0,1.0,0.06666666666666667,1.0,True,0.6302313434253547,1535
1,16341,level 1,49,22,27,-6.855107926435211e-05,3.2649159172918944e-05,-2.0996277086734976,-0.2786412,1.0,1.0,0.06666666666666667,1.0,True,0.6298883126020492,1536
1,12221,firm,705,362,343,-2.3443056027710485e-05,1.2101656788801942e-05,-1.9371773994948451,-0.28943,1.0,1.0,0.1,1.0,True,0.6295826548358247,1537
1,20824,of right upper,193,109,84,-7.137726621668133e-05,3.6857947255387955e-05,-1.9365502295097914,-0.14113668,1.0,1.0,0.1,1.0,True,0.6293788245906822,1538
1,11767,extensive,68,30,38,6.800622802633879e-05,3.2427270350608985e-05,2.097192495422657,0.1997877,1.0,1.0,0.06666666666666667,1.0,True,0.6291577486267971,1539
1,12016,febrile neutropenia grade,51,34,17,-5.1961388747451404e-05,2.477711234610561e-05,-2.097152727953729,-0.030708626,1.0,1.0,0.06666666666666667,1.0,True,0.6291458183861187,1540
1,2265,12.8,180,88,92,-7.179209698408251e-05,3.7092319419877114e-05,-1.9354976476777133,-0.14233941,1.0,1.0,0.1,1.0,True,0.6290367354952568,1541
1,3492,500 mg bid,42,23,19,7.960288196042661e-05,3.4813618605315485e-05,2.2865443222920963,0.19945292,1.0,1.0,0.03333333333333333,1.0,True,0.6287996886303265,1542
1,18914,needed -,80,33,47,5.849995308051749e-05,3.0245480206134737e-05,1.9341717401019098,0.2132604,1.0,1.0,0.1,1.0,True,0.6286058155331207,1543
1,16422,limits no,215,109,106,7.003126133797365e-05,3.344381454850325e-05,2.093997418757599,0.20279093,1.0,1.0,0.06666666666666667,1.0,True,0.6281992256272797,1544
1,23397,prn for bone,87,46,41,6.523944636699509e-05,3.11933041200134e-05,2.0914567471272765,0.19737244,1.0,1.0,0.06666666666666667,1.0,True,0.6274370241381829,1545
1,12101,ffpe core,251,125,126,-5.39784977611164e-05,2.7960523676752214e-05,-1.9305252786090283,-0.26518846,1.0,1.0,0.1,1.0,True,0.6274207155479342,1546
1,5662,anc 5.0,77,39,38,-7.670884167717351e-05,3.6908877478592133e-05,-2.078330388716539,-0.24376814,0.8571428571428571,1.0,0.1,1.0,True,0.627210420880527,1547
1,10575,dl 0.6-1.2 egfr,134,78,56,6.550422710467631e-05,3.3945226705985806e-05,1.9297036273181076,0.19846354,1.0,1.0,0.1,1.0,True,0.627153678878385,1548
1,5569,amplification egfr,76,41,35,-8.143821201153904e-05,3.8985323622046086e-05,-2.0889453888100076,-0.22487174,1.0,1.0,0.06666666666666667,1.0,True,0.6266836166430022,1549
1,23943,rales cardiovascular regular,63,36,27,5.5894824870088254e-05,2.675768686485143e-05,2.0889258908067654,0.22771436,1.0,1.0,0.06666666666666667,1.0,True,0.6266777672420296,1550
1,9811,deceased at,330,186,144,-7.194553449801184e-05,3.445226126177549e-05,-2.0882674130256538,-0.20255037,1.0,1.0,0.06666666666666667,1.0,True,0.6264802239076961,1551
1,11652,excludes squamous,408,203,205,-6.260310054216877e-05,3.251655033559607e-05,-1.9252688214480356,-0.2337627,1.0,1.0,0.1,1.0,True,0.6257123669706116,1552
1,23074,potential benefits risks,205,103,102,-5.96480822473888e-05,3.098413229368932e-05,-1.9251170787034624,-0.082608424,1.0,1.0,0.1,1.0,True,0.6256630505786253,1553
1,24138,recist criteria. ---,72,36,36,-6.30547045143942e-05,3.276227012146136e-05,-1.924613412948127,-0.22706296,1.0,1.0,0.1,1.0,True,0.6254993592081413,1554
1,21600,oriented 3 cn,71,38,33,-5.332290762926871e-05,2.5581774220205187e-05,-2.0844100635972627,-0.19297257,1.0,1.0,0.06666666666666667,1.0,True,0.6253230190791788,1555
1,26917,systemic disease,125,64,61,8.81175814601981e-05,4.228241384758713e-05,2.0840243837031216,0.2148406,1.0,1.0,0.06666666666666667,1.0,True,0.6252073151109364,1556
1,3286,45 % pathogenic,66,32,34,5.945179681456747e-05,2.6156606602842963e-05,2.272917038409166,0.3532013,1.0,1.0,0.03333333333333333,1.0,True,0.6250521855625207,1557
1,4840,adenocarcinoma of,426,206,220,-0.00012330979099920398,5.9188544380511043e-05,-2.083338799590518,-0.22134604,1.0,1.0,0.06666666666666667,1.0,True,0.6250016398771554,1558
1,29892,woman with,354,198,156,9.674930330800715e-05,5.032065391815948e-05,1.9226559230601077,0.22009893,1.0,1.0,0.1,1.0,True,0.624863174994535,1559
1,22915,po q6 h,155,71,84,7.918115113734759e-05,3.485388195314525e-05,2.2718029298369795,0.21384177,1.0,1.0,0.03333333333333333,1.0,True,0.6247458057051695,1560
1,4909,adjuvant cisplatin +,215,113,102,-8.414189162724128e-05,4.377482669382797e-05,-1.9221524785409343,-0.2533298,1.0,1.0,0.1,1.0,True,0.6246995555258037,1561
1,14749,in this report.,127,61,66,7.770459097351986e-05,3.42083706639443e-05,2.2715080977364606,0.30533665,1.0,1.0,0.03333333333333333,1.0,True,0.6246647268775267,1562
1,21073,on symptom,84,47,37,-5.0677217239377904e-05,2.8402585610391695e-05,-1.784246615239021,-0.16802831,1.0,1.0,0.13333333333333333,1.0,True,0.6244863153336573,1563
1,28902,verify influenza,101,51,50,6.74484883573456e-05,3.26071964464986e-05,2.068515410946601,0.19535506,0.8571428571428571,1.0,0.1,1.0,True,0.6242484008035278,1564
1,7589,cancer diagnosed at,385,204,181,7.452389496576121e-05,3.881501082826672e-05,1.9199761477714128,0.20589748,1.0,1.0,0.1,1.0,True,0.6239922480257092,1565
1,1613,. no,774,394,380,-4.079591743904265e-05,1.9636504170805476e-05,-2.0775550008384833,-0.16993313,1.0,1.0,0.06666666666666667,1.0,True,0.623266500251545,1566
1,1974,1.5 mg,31,8,23,-6.604182016854648e-05,3.1805846531568806e-05,-2.0764050440536725,-0.11393996,1.0,1.0,0.06666666666666667,1.0,True,0.6229215132161018,1567
1,5807,and disease,88,43,45,6.81989760622809e-05,3.2851121259743614e-05,2.076001471092958,0.2563006,1.0,1.0,0.06666666666666667,1.0,True,0.6228004413278875,1568
1,26714,surrounding lung,78,35,43,-5.496602338172213e-05,2.6480886269172743e-05,-2.075686698058511,-0.29682365,1.0,1.0,0.06666666666666667,1.0,True,0.6227060094175533,1569
1,12289,fluid collections,206,115,91,6.212138533107022e-05,2.9937703139051674e-05,2.0750217557617887,0.16776597,1.0,1.0,0.06666666666666667,1.0,True,0.6225065267285366,1570
1,4409,a platinum-based,134,70,64,-8.456601841398571e-05,3.7362909108721035e-05,-2.2633681485536896,-0.25778556,1.0,1.0,0.03333333333333333,1.0,True,0.6224262408522647,1571
1,13790,high bun,57,15,42,-5.73962421251577e-05,3.2305158206190115e-05,-1.7766897087710218,-0.1142842,1.0,1.0,0.13333333333333333,1.0,True,0.6218413980698576,1572
1,26831,symptomatic bone,94,39,55,6.103798817576545e-05,3.1904542108851846e-05,1.913144152563487,0.23008342,1.0,1.0,0.1,1.0,True,0.6217718495831333,1573
1,26393,stereotactic radiosurgery srs,162,79,83,0.00010756075113721661,4.7583289381711615e-05,2.260473215173666,0.26938564,1.0,1.0,0.03333333333333333,1.0,True,0.6216301341727583,1574
1,26639,support <new note>,164,81,83,6.345950903459599e-05,3.0629860404520235e-05,2.071818421517549,0.23485245,1.0,1.0,0.06666666666666667,1.0,True,0.6215455264552646,1575
1,26638,support <new,164,81,83,6.345950903459599e-05,3.0629860404520235e-05,2.071818421517549,0.23485245,1.0,1.0,0.06666666666666667,1.0,True,0.6215455264552646,1576
1,10421,disease involving,63,31,32,-4.834834656366344e-05,2.3359828112503807e-05,-2.0697218460175244,-0.22758745,1.0,1.0,0.06666666666666667,1.0,True,0.6209165538052573,1577
1,23037,post-operative surveillance,111,61,50,-7.586233555513282e-05,3.3609442209330205e-05,-2.257173299177007,-0.25049692,1.0,1.0,0.03333333333333333,1.0,True,0.620722657273677,1578
1,23764,q8,133,58,75,8.529788880087813e-05,4.123661402819275e-05,2.0684988525624695,0.30291393,1.0,1.0,0.06666666666666667,1.0,True,0.6205496557687408,1579
1,6529,assay was,80,43,37,5.6191909354317186e-05,2.4904689946815528e-05,2.256278214035836,0.22211125,1.0,1.0,0.03333333333333333,1.0,True,0.620476508859855,1580
1,14462,immune-checkpoint,105,55,50,5.7631625261433535e-05,3.0196281759475015e-05,1.9085669461058674,0.20032011,1.0,1.0,0.1,1.0,True,0.620284257484407,1581
1,14644,in hepatic,90,41,49,-6.881932873337451e-05,3.6064968945173254e-05,-1.9082042975829299,-0.2006189,1.0,1.0,0.1,1.0,True,0.6201663967144522,1582
1,18941,negative excludes adenocarcinoma,193,103,90,7.669098170001429e-05,3.7099897178372506e-05,2.067148092925754,0.20331044,1.0,1.0,0.06666666666666667,1.0,True,0.6201444278777263,1583
1,11161,egfr kras,216,114,102,-7.15651897527461e-05,3.752956413218002e-05,-1.906901702899927,-0.19539726,1.0,1.0,0.1,1.0,True,0.6197430534424764,1584
1,8986,constipation or,66,30,36,-6.18542267500013e-05,3.2440952457525286e-05,-1.9066711074832532,-0.20040768,1.0,1.0,0.1,1.0,True,0.6196681099320573,1585
1,23208,present. no,124,68,56,6.515750641812929e-05,3.154954201142857e-05,2.065244129202462,0.2255903,1.0,1.0,0.06666666666666667,1.0,True,0.6195732387607386,1586
1,5059,after cycle 3,56,27,29,-5.698676058476528e-05,2.76010275563759e-05,-2.0646608343971313,-0.2286508,1.0,1.0,0.06666666666666667,1.0,True,0.6193982503191394,1587
1,13848,hilum,355,187,168,-6.649312001895581e-05,3.226032638097281e-05,-2.061142197810297,-0.11948813,1.0,1.0,0.06666666666666667,1.0,True,0.6183426593430891,1588
1,22661,phone,137,74,63,-5.796397743169642e-05,2.8131258127430464e-05,-2.0604829392673487,-0.23577265,1.0,1.0,0.06666666666666667,1.0,True,0.6181448817802045,1589
1,6188,annual influenza vaccine,104,55,49,-5.045302087008653e-05,2.4491696817151302e-05,-2.0600051211949824,-0.18151857,1.0,1.0,0.06666666666666667,1.0,True,0.6180015363584946,1590
1,23931,radiosurgery srs,162,79,83,0.00010695950465418425,4.763384290528889e-05,2.245451933551813,0.26884994,1.0,1.0,0.03333333333333333,1.0,True,0.6174992817267486,1591
1,27117,technique whole-body,106,61,45,-5.214434739367895e-05,2.5336824667519886e-05,-2.058045871096251,-0.064825654,1.0,1.0,0.06666666666666667,1.0,True,0.6174137613288753,1592
1,1928,1.2 cm hypodense,43,19,24,-7.354530497656637e-05,3.575256269840816e-05,-2.0570638697136214,-0.19745927,1.0,1.0,0.06666666666666667,1.0,True,0.6171191609140864,1593
1,12897,further testing,92,44,48,-6.197592855897316e-05,3.014418296719284e-05,-2.0559830275189124,-0.22095568,1.0,1.0,0.06666666666666667,1.0,True,0.6167949082556737,1594
1,27194,the assay was,74,42,32,5.6544791881076126e-05,2.5225792131490003e-05,2.2415467306768857,0.22870015,1.0,1.0,0.03333333333333333,1.0,True,0.6164253509361436,1595
1,25255,secondary,473,252,221,6.926794691177098e-05,3.090861305573636e-05,2.2410564584979165,0.19817275,1.0,1.0,0.03333333333333333,1.0,True,0.616290526086927,1596
1,11686,exertional dyspnea,315,155,160,-7.684612030693847e-05,3.741776408090037e-05,-2.053733626113807,-0.18684326,1.0,1.0,0.06666666666666667,1.0,True,0.6161200878341421,1597
1,981,- radiographic,146,63,83,6.661381190844729e-05,3.244323710373986e-05,2.0532418419112823,0.14543536,1.0,1.0,0.06666666666666667,1.0,True,0.6159725525733847,1598
1,5701,and address,131,64,67,-5.437031247941843e-05,2.8713958823555398e-05,-1.8935150256890363,-0.06560062,1.0,1.0,0.1,1.0,True,0.6153923833489369,1599
1,22832,pleural thickening or,166,78,88,-6.590082658022479e-05,2.945074085161851e-05,-2.2376627777295153,-0.25895366,1.0,1.0,0.03333333333333333,1.0,True,0.6153572638756167,1600
1,18580,mucin production,166,98,68,5.080331244258855e-05,2.683525529829259e-05,1.893155547725344,0.16834603,1.0,1.0,0.1,1.0,True,0.6152755530107368,1601
1,29594,with arterial,110,59,51,-5.337970562515297e-05,2.8205015674876004e-05,-1.8925607502037896,-0.20548327,1.0,1.0,0.1,1.0,True,0.6150822438162317,1602
1,8385,clone 8g7g3 1,72,26,46,-5.68674402586726e-05,3.0059116225643077e-05,-1.8918533676036575,-0.2567557,1.0,1.0,0.1,1.0,True,0.6148523444711887,1603
1,8384,clone 8g7g3,72,26,46,-5.68674402586726e-05,3.0059116225643077e-05,-1.8918533676036575,-0.2567557,1.0,1.0,0.1,1.0,True,0.6148523444711887,1604
1,28374,ttf-1 clone 8g7g3,72,26,46,-5.68674402586726e-05,3.0059116225643077e-05,-1.8918533676036575,-0.2567557,1.0,1.0,0.1,1.0,True,0.6148523444711887,1605
1,7314,brain without contrast,64,35,29,-5.887580102977317e-05,2.8735551265273513e-05,-2.0488836454278747,-0.10863489,1.0,1.0,0.06666666666666667,1.0,True,0.6146650936283624,1606
1,3096,4 cycles .,171,94,77,-7.253972417503491e-05,3.540864777637784e-05,-2.048644292579518,-0.20396611,1.0,1.0,0.06666666666666667,1.0,True,0.6145932877738554,1607
1,27161,tests spirometry dlco,101,49,52,-5.762404951365289e-05,2.813649970602995e-05,-2.048017703541974,-0.17522399,1.0,1.0,0.06666666666666667,1.0,True,0.6144053110625922,1608
1,2747,24 h,66,29,37,-5.657360239806516e-05,2.9940422485260773e-05,-1.889539214949806,-0.15761782,1.0,1.0,0.1,1.0,True,0.614100244858687,1609
1,23873,radiation therapy procedure,99,51,48,6.538912169847894e-05,2.9291340134059096e-05,2.232370434374439,0.31746313,1.0,1.0,0.03333333333333333,1.0,True,0.6139018694529708,1610
1,26554,subsequently,347,177,170,6.448382291079869e-05,3.4144197922719884e-05,1.888573369236784,0.1553851,1.0,1.0,0.1,1.0,True,0.6137863450019548,1611
1,15284,intracranial enhancing lesions,67,38,29,7.231470531667174e-05,3.240580779707149e-05,2.2315353398845628,0.15693106,1.0,1.0,0.03333333333333333,1.0,True,0.6136722184682548,1612
1,7226,bowel no wall,104,52,52,6.262344891673846e-05,3.0621054737145274e-05,2.0451107727772766,0.15582594,1.0,1.0,0.06666666666666667,1.0,True,0.613533231833183,1613
1,12188,findings are,554,290,264,-5.1148249014945964e-05,2.7108372830489807e-05,-1.8868063138565663,-0.2295046,1.0,1.0,0.1,1.0,True,0.613212052003384,1614
1,13162,genes -,96,56,40,-4.8464948686519725e-05,2.5704538605003896e-05,-1.8854626971240427,-0.20622166,1.0,1.0,0.1,1.0,True,0.6127753765653139,1615
1,4194,>1,103,53,50,-5.95429225393554e-05,2.9152387158913217e-05,-2.042471589540152,-0.17841116,1.0,1.0,0.06666666666666667,1.0,True,0.6127414768620456,1616
1,5808,and distant,82,47,35,5.263217476948453e-05,2.363358575313503e-05,2.2270075865446186,0.1682164,1.0,1.0,0.03333333333333333,1.0,True,0.6124270862997702,1617
1,12811,frontal lobe lesion,52,25,27,8.156153036100144e-05,3.664609882128047e-05,2.2256538344987074,0.2552686,1.0,1.0,0.03333333333333333,1.0,True,0.6120548044871446,1618
1,28373,ttf-1 clone,73,26,47,-5.635112878946454e-05,2.993180888272163e-05,-1.882650293881626,-0.25565776,1.0,1.0,0.1,1.0,True,0.6118613455115285,1619
1,18829,nausea 10 pain,75,39,36,-6.462303538664699e-05,3.1690805426925556e-05,-2.0391730193055024,-0.22587553,1.0,1.0,0.06666666666666667,1.0,True,0.6117519057916507,1620
1,11729,exploring,145,74,71,7.54433214327536e-05,3.392424055769029e-05,2.2238765022449805,0.30050606,1.0,1.0,0.03333333333333333,1.0,True,0.6115660381173696,1621
1,17632,mediastinum hilum,338,179,159,-6.497566974213979e-05,3.18835260145974e-05,-2.0379072788998194,-0.1312627,1.0,1.0,0.06666666666666667,1.0,True,0.6113721836699458,1622
1,17181,male,442,211,231,-0.00013743005463713262,7.306255675723575e-05,-1.8809915877125698,-0.24516486,1.0,1.0,0.1,1.0,True,0.6113222660065852,1623
1,15084,inserted provider dr.,66,34,32,-5.067259372852203e-05,2.695822647431112e-05,-1.8796708966299644,-0.19358887,1.0,1.0,0.1,1.0,True,0.6108930414047384,1624
1,27984,to met,69,37,32,-6.718739159747566e-05,3.300556412379276e-05,-2.03563833496311,-0.047527496,1.0,1.0,0.06666666666666667,1.0,True,0.6106915004889331,1625
1,2986,3.8,382,194,188,-9.369145685047354e-05,4.632169488237199e-05,-2.022625836303939,-0.16556574,0.8571428571428571,1.0,0.1,1.0,True,0.6103995827417246,1626
1,17583,mediastinal lymph node,303,167,136,-0.00016927579252561787,7.628232614083157e-05,-2.2190696205711244,-0.27550766,1.0,1.0,0.03333333333333333,1.0,True,0.6102441456570593,1627
1,8939,considered if,114,56,58,-5.322072277472071e-05,3.0527065448353294e-05,-1.7433946562849711,-0.20272566,1.0,1.0,0.13333333333333333,1.0,True,0.6101881296997399,1628
1,14578,in a,707,362,345,-3.872689596504695e-05,2.222342422505956e-05,-1.742616060101924,-0.17592496,1.0,1.0,0.13333333333333333,1.0,True,0.6099156210356734,1629
1,11878,fatigue 55,143,90,53,-7.094977016415324e-05,4.073583405859729e-05,-1.7417041237475117,-0.14920506,1.0,1.0,0.13333333333333333,1.0,True,0.6095964433116291,1630
1,25361,sensory changes.,84,41,43,5.997964407503683e-05,2.705869934747059e-05,2.2166491931048284,0.26531368,1.0,1.0,0.03333333333333333,1.0,True,0.6095785281038278,1631
1,14696,in short,439,246,193,5.333752742706171e-05,3.062811010616645e-05,1.741456695897247,0.21565133,1.0,1.0,0.13333333333333333,1.0,True,0.6095098435640365,1632
1,20496,obtained 2,113,66,47,5.82515114822962e-05,2.6288787222096778e-05,2.2158310685908504,0.1896857,1.0,1.0,0.03333333333333333,1.0,True,0.609353543862484,1633
1,20958,on a 1.5,200,103,97,6.314662028305999e-05,3.1094214500971615e-05,2.0308157416578836,0.124288,1.0,1.0,0.06666666666666667,1.0,True,0.609244722497365,1634
1,16043,laboratory results cbc,165,84,81,-9.823748538692269e-05,4.8409866558571594e-05,-2.0292864320967325,-0.18724118,1.0,1.0,0.06666666666666667,1.0,True,0.6087859296290198,1635
1,16865,lower-lobe lesion,53,27,26,-8.190013410786968e-05,3.702126268450532e-05,-2.2122458330452277,-0.18752944,1.0,1.0,0.03333333333333333,1.0,True,0.6083676040874376,1636
1,23497,prognosis. stk11,89,41,48,6.016662799978351e-05,2.7201446563264387e-05,2.211890748525068,0.19774365,1.0,1.0,0.03333333333333333,1.0,True,0.6082699558443938,1637
1,28420,tumor in,82,39,43,-5.078261217145538e-05,2.5050211480514445e-05,-2.027232872303579,-0.09798641,1.0,1.0,0.06666666666666667,1.0,True,0.6081698616910737,1638
1,6807,avoid,268,119,149,-6.42221816438093e-05,3.432049947784812e-05,-1.8712484556135602,-0.21562874,1.0,1.0,0.1,1.0,True,0.6081557480744071,1639
1,29812,with stereotactic radiosurgery,103,53,50,0.00011062982783710502,5.0041185703912904e-05,2.2107755098307846,0.18562715,1.0,1.0,0.03333333333333333,1.0,True,0.6079632652034658,1640
1,705,- monitor,253,131,122,6.37956232764777e-05,3.1503058173922215e-05,2.0250612789486837,0.20433645,1.0,1.0,0.06666666666666667,1.0,True,0.6075183836846051,1641
1,12228,firm. -,72,43,29,0.00011034758317046261,4.99539379074489e-05,2.208986674382043,0.2018134,1.0,1.0,0.03333333333333333,1.0,True,0.6074713354550618,1642
1,6788,authorization,81,45,36,-5.518969770969906e-05,2.9537456631480138e-05,-1.8684647902581948,-0.19905551,1.0,1.0,0.1,1.0,True,0.6072510568339133,1643
1,24784,retired electrician -,59,22,37,-5.030694312936816e-05,2.4857271380626558e-05,-2.0238320754938837,-0.21050492,1.0,1.0,0.06666666666666667,1.0,True,0.6071496226481651,1644
1,11222,electrician -,59,22,37,-5.030694312936816e-05,2.4857271380626558e-05,-2.0238320754938837,-0.21050492,1.0,1.0,0.06666666666666667,1.0,True,0.6071496226481651,1645
1,9247,correlation.,260,126,134,-5.932841622335756e-05,2.93330118171841e-05,-2.022581813047964,-0.13642624,1.0,1.0,0.06666666666666667,1.0,True,0.6067745439143891,1646
1,25876,social work,102,54,48,5.605616842350261e-05,2.5427574405194927e-05,2.204542499030115,0.13959956,1.0,1.0,0.03333333333333333,1.0,True,0.6062491872332817,1647
1,21421,or midline shift.,96,47,49,7.142987765193803e-05,3.2402182706551195e-05,2.2044773433579854,0.15942267,1.0,1.0,0.03333333333333333,1.0,True,0.6062312694234461,1648
1,15016,initial consultation patient,122,53,69,-5.582771334378752e-05,2.7628708135484794e-05,-2.020641467202206,-0.15329342,1.0,1.0,0.06666666666666667,1.0,True,0.6061924401606619,1649
1,24368,rehabilitation for,104,46,58,-5.903347057381333e-05,2.9229638593411936e-05,-2.019644217808388,-0.2171217,1.0,1.0,0.06666666666666667,1.0,True,0.6058932653425164,1650
1,2699,21 days,161,93,68,-6.933788177795612e-05,3.433941393048297e-05,-2.019192346098986,-0.1527995,1.0,1.0,0.06666666666666667,1.0,True,0.6057577038296957,1651
1,3257,40,651,319,332,-5.911641441445136e-05,3.171735027671646e-05,-1.8638509805735066,-0.20983127,1.0,1.0,0.1,1.0,True,0.6057515686863897,1652
1,9723,daily. -,395,208,187,-6.698302687193369e-05,3.3176935388985414e-05,-2.0189636591380813,-0.2446892,1.0,1.0,0.06666666666666667,1.0,True,0.6056890977414243,1653
1,28798,vaccinations are up,63,30,33,5.8837010887384547e-05,2.9160650785876393e-05,2.0176851099592583,0.1597285,1.0,1.0,0.06666666666666667,1.0,True,0.6053055329877775,1654
1,28797,vaccinations are,69,35,34,5.786636421693354e-05,2.868883279005687e-05,2.017034455197117,0.1487459,1.0,1.0,0.06666666666666667,1.0,True,0.6051103365591352,1655
1,7894,central low,82,45,37,5.42614729626801e-05,2.9151589564709074e-05,1.8613555477732528,0.117221914,1.0,1.0,0.1,1.0,True,0.6049405530263072,1656
1,10643,dl plt 240,74,50,24,-5.981574754076892e-05,2.9678018453312076e-05,-2.015489936933221,-0.22966231,1.0,1.0,0.06666666666666667,1.0,True,0.6046469810799663,1657
1,23766,q8 h prn,126,54,72,8.226955035170763e-05,4.0828372394135564e-05,2.0150093067027215,0.29986802,1.0,1.0,0.06666666666666667,1.0,True,0.6045027920108165,1658
1,1861,1. left,166,81,85,6.386423673122684e-05,3.43614093588791e-05,1.8586035300302404,0.16101202,1.0,1.0,0.1,1.0,True,0.6040461472598282,1659
1,7909,cerebellar lesion,68,28,40,0.00012852706077680083,5.8567720988474195e-05,2.194503364781673,0.32558486,1.0,1.0,0.03333333333333333,1.0,True,0.6034884253149602,1660
1,26298,station 7 node,72,44,28,-4.776023435935999e-05,2.374239634953847e-05,-2.0116012577765097,-0.21889824,1.0,1.0,0.06666666666666667,1.0,True,0.6034803773329529,1661
1,3799,7 node,72,44,28,-4.776023435935999e-05,2.374239634953847e-05,-2.0116012577765097,-0.21889824,1.0,1.0,0.06666666666666667,1.0,True,0.6034803773329529,1662
1,17519,measure,79,41,38,5.622490692419491e-05,3.0279605127312604e-05,1.8568573364082381,0.13106817,1.0,1.0,0.1,1.0,True,0.6034786343326775,1663
1,21931,painful,42,24,18,7.424315780280332e-05,3.691214331764023e-05,2.011347787743409,0.30791113,1.0,1.0,0.06666666666666667,1.0,True,0.6034043363230227,1664
1,13550,health,774,400,374,-3.810176662926799e-05,1.9056384083433483e-05,-1.9994226849358825,-0.15444176,0.8571428571428571,1.0,0.1,1.0,True,0.603397203132436,1665
1,22419,pembro,59,25,34,8.777710670521893e-05,4.000646398115646e-05,2.194073106450073,0.24438782,1.0,1.0,0.03333333333333333,1.0,True,0.6033701042737701,1666
1,20925,of waking,140,54,86,6.719479908291978e-05,3.340995307585843e-05,2.011220995442637,0.2201728,1.0,1.0,0.06666666666666667,1.0,True,0.6033662986327911,1667
1,4822,adenocarcinoma ck7,223,108,115,-6.51294227063639e-05,2.9698983424107084e-05,-2.1929849172378546,-0.25216788,1.0,1.0,0.03333333333333333,1.0,True,0.60307085224041,1668
1,29427,wheezing cardiovascular none,130,54,76,6.080502090243401e-05,3.024870821525949e-05,2.0101691771339794,0.15811205,1.0,1.0,0.06666666666666667,1.0,True,0.6030507531401937,1669
1,24721,restaging after,70,41,29,-5.650104165292571e-05,2.8110557963755403e-05,-2.0099580280752813,-0.13161112,1.0,1.0,0.06666666666666667,1.0,True,0.6029874084225844,1670
1,23879,radiation to a,65,31,34,6.765669859107281e-05,3.368600649699357e-05,2.00845115306592,0.1605694,1.0,1.0,0.06666666666666667,1.0,True,0.602535345919776,1671
1,19868,no wheezes rales,307,170,137,-6.493992728202936e-05,3.2334861185955615e-05,-2.0083564580210873,-0.32086825,1.0,1.0,0.06666666666666667,1.0,True,0.6025069374063262,1672
1,29412,wheezes rales,307,170,137,-6.493992728202936e-05,3.2334861185955615e-05,-2.0083564580210873,-0.32086825,1.0,1.0,0.06666666666666667,1.0,True,0.6025069374063262,1673
1,17998,mild anxiety about,175,89,86,6.339758347464034e-05,3.15686051640975e-05,2.008247850834457,0.16419348,1.0,1.0,0.06666666666666667,1.0,True,0.6024743552503371,1674
1,16325,lesions. brain mri,98,56,42,-7.19317717479898e-05,3.583304013031894e-05,-2.0074147068288273,-0.3057868,1.0,1.0,0.06666666666666667,1.0,True,0.6022244120486482,1675
1,23747,q3 weeks,217,110,107,0.00011293498887754707,5.157748554545815e-05,2.1896179637918,0.3530835,1.0,1.0,0.03333333333333333,1.0,True,0.602144940042745,1676
1,9297,cough or hemoptysis.,162,77,85,7.044556008541078e-05,3.511043260696561e-05,2.006399661149005,0.27154317,1.0,1.0,0.06666666666666667,1.0,True,0.6019198983447015,1677
1,12378,follow-up after completion,129,69,60,-5.4143019935542136e-05,2.703238801425428e-05,-2.0028944504271067,-0.12317421,1.0,1.0,0.06666666666666667,1.0,True,0.600868335128132,1678
1,21916,pain weight loss,96,50,46,-4.419832155284896e-05,2.3914065608734627e-05,-1.8482144473462303,-0.12141892,1.0,1.0,0.1,1.0,True,0.6006696953875249,1679
1,4040,88 bpm,114,45,69,6.316587861412877e-05,3.418549944397046e-05,1.8477389431638034,0.18877305,1.0,1.0,0.1,1.0,True,0.6005151565282362,1680
1,20233,not indicated,158,78,80,-6.144085399471424e-05,3.0878215750392295e-05,-1.9897799306598103,-0.2263508,0.8571428571428571,1.0,0.1,1.0,True,0.6004871576455499,1681
1,8686,comments the,93,50,43,6.191186857048069e-05,3.094223112958769e-05,2.000885725117576,0.2871982,1.0,1.0,0.06666666666666667,1.0,True,0.6002657175352728,1682
1,19639,no lymphadenopathy,561,287,274,-4.85216063737701e-05,2.829754844968081e-05,-1.7146929339144719,-0.1271345,1.0,1.0,0.13333333333333333,1.0,True,0.6001425268700651,1683
1,1983,1.5-8.0 - low,214,115,99,-6.032252056936281e-05,3.0156716391395418e-05,-2.0003013519925057,-0.17757082,1.0,1.0,0.06666666666666667,1.0,True,0.6000904055977517,1684
1,12633,for stage iiia,73,38,35,-8.750095295259234e-05,4.0642272862137936e-05,-2.1529542220584723,-0.22963615,0.8571428571428571,1.0,0.06666666666666667,1.0,True,0.5997515332877174,1685
1,19,% likely pathogenic,185,98,87,-5.9198733796468905e-05,3.2085183588528164e-05,-1.8450489346002996,-0.26177388,1.0,1.0,0.1,1.0,True,0.5996409037450974,1686
1,8627,cognitive function 55,55,26,29,-4.969718694426987e-05,2.4872861167477272e-05,-1.9980486607327612,-0.029532135,1.0,1.0,0.06666666666666667,1.0,True,0.5994145982198283,1687
1,424,- eortc qlq-c30,226,114,112,-7.359794849998391e-05,3.3769850198468256e-05,-2.179398133762589,-0.17876515,1.0,1.0,0.03333333333333333,1.0,True,0.599334486784712,1688
1,423,- eortc,226,114,112,-7.359794849998391e-05,3.3769850198468256e-05,-2.179398133762589,-0.17876515,1.0,1.0,0.03333333333333333,1.0,True,0.599334486784712,1689
1,26941,systemic therapy. 2.,178,92,86,7.072575410857361e-05,3.5440218623222166e-05,1.9956353785648104,0.27051824,1.0,1.0,0.06666666666666667,1.0,True,0.5986906135694431,1690
1,19401,no additional thoracic,109,51,58,6.758297679962319e-05,3.1055962772396834e-05,2.1761674978465746,0.13766728,1.0,1.0,0.03333333333333333,1.0,True,0.598446061907808,1691
1,947,- previously,75,34,41,6.608427980702874e-05,3.3128983779522315e-05,1.9947572266879117,0.15521875,1.0,1.0,0.06666666666666667,1.0,True,0.5984271680063735,1692
1,21647,osseous metastasis,123,61,62,-7.743165919237e-05,3.882348387825544e-05,-1.9944541668435511,-0.1124972,1.0,1.0,0.06666666666666667,1.0,True,0.5983362500530653,1693
1,7801,cbc wbc 7.5,68,24,44,-5.8979986581856316e-05,3.4511824303668375e-05,-1.7089791041729179,-0.19506215,1.0,1.0,0.13333333333333333,1.0,True,0.5981426864605213,1694
1,640,- low lymphocytes,62,37,25,-4.4175047564606526e-05,2.2162623647245224e-05,-1.9932228362366027,-0.15630482,1.0,1.0,0.06666666666666667,1.0,True,0.5979668508709808,1695
1,12606,for primary non-small,81,38,43,-5.303688494897565e-05,2.6619202215693958e-05,-1.9924295446279958,-0.18212956,1.0,1.0,0.06666666666666667,1.0,True,0.5977288633883987,1696
1,29522,will be,491,248,243,6.490364173191302e-05,3.259305489850525e-05,1.9913334891136447,0.2192839,1.0,1.0,0.06666666666666667,1.0,True,0.5974000467340934,1697
1,23717,pulmonary primary,160,77,83,-6.341776465615734e-05,3.1851725844591826e-05,-1.9910307204570261,-0.14171584,1.0,1.0,0.06666666666666667,1.0,True,0.5973092161371079,1698
1,18549,mrn provider dr.,67,37,30,6.669252363829306e-05,3.070599474806657e-05,2.171970788944801,0.23051368,1.0,1.0,0.03333333333333333,1.0,True,0.5972919669598203,1699
1,28936,vessels unremarkable.,73,36,37,-5.44040782333616e-05,2.733461515433081e-05,-1.990299769219249,-0.22588857,1.0,1.0,0.06666666666666667,1.0,True,0.5970899307657747,1700
1,29450,which may,122,65,57,6.382842789299748e-05,2.9399815214855288e-05,2.171048607841111,0.24854775,1.0,1.0,0.03333333333333333,1.0,True,0.5970383671563056,1701
1,13102,gastrointestinal no,698,363,335,-4.299517536523418e-05,2.1608266971094724e-05,-1.9897558384829575,-0.20855993,1.0,1.0,0.06666666666666667,1.0,True,0.5969267515448872,1702
1,16173,left parietal,23,14,9,0.00011314534910158194,5.215172772681002e-05,2.1695417205404777,0.2816058,1.0,1.0,0.03333333333333333,1.0,True,0.5966239731486314,1703
1,12638,for symptom,580,273,307,5.6369050517541426e-05,2.632618143882446e-05,2.14117837972549,0.21282867,0.8571428571428571,1.0,0.06666666666666667,1.0,True,0.5964711200663866,1704
1,228,- bowel no,116,58,58,6.130339691291572e-05,3.084134269083052e-05,1.987701946943507,0.12633175,1.0,1.0,0.06666666666666667,1.0,True,0.5963105840830522,1705
1,22756,planning. -,232,103,129,6.773217045849654e-05,3.429642972720441e-05,1.9749044141691063,0.15959582,0.8571428571428571,1.0,0.1,1.0,True,0.595997939276034,1706
1,27106,technique - whole-body,61,34,27,-5.632492156814213e-05,2.3629044228256403e-05,-2.3837156096558023,-0.17304546,1.0,1.0,0.0,1.0,True,0.5959289024139506,1707
1,12766,from a,88,37,51,-7.567766776711455e-05,3.492321410403055e-05,-2.1669731640874503,-0.25507763,1.0,1.0,0.03333333333333333,1.0,True,0.5959176201240489,1708
1,243,- calculated nlr,54,30,24,5.8801866902190436e-05,2.9609576330085896e-05,1.985907067587544,0.18566208,1.0,1.0,0.06666666666666667,1.0,True,0.5957721202762633,1709
1,13523,headache and,43,25,18,8.579674128773104e-05,3.960452341105711e-05,2.1663369205896723,0.2672448,1.0,1.0,0.03333333333333333,1.0,True,0.5957426531621599,1710
1,17777,metastases.,744,385,359,4.8418384298635364e-05,2.2352189951345064e-05,2.1661584123985014,0.13713571,1.0,1.0,0.03333333333333333,1.0,True,0.5956935634095879,1711
1,11499,erbb2 her2,142,74,68,-6.144425577395385e-05,2.837102366258799e-05,-2.1657398233035394,-0.2770029,1.0,1.0,0.03333333333333333,1.0,True,0.5955784514084734,1712
1,24749,results cbc,166,84,82,-9.587767540027963e-05,4.833076236060084e-05,-1.9837815651432584,-0.17736486,1.0,1.0,0.06666666666666667,1.0,True,0.5951344695429776,1713
1,12412,follow-up schedule return,63,32,31,5.852038182043942e-05,2.9500329148988652e-05,1.9837196230892105,0.18858734,1.0,1.0,0.06666666666666667,1.0,True,0.5951158869267631,1714
1,5533,alterations were,213,108,105,6.624533871359412e-05,3.339683128690548e-05,1.9835815603131237,0.19758822,1.0,1.0,0.06666666666666667,1.0,True,0.595074468093937,1715
1,12474,for chemotherapy.,59,37,22,4.647426307913903e-05,2.3433081494479233e-05,1.983275784283353,0.08033466,1.0,1.0,0.06666666666666667,1.0,True,0.5949827352850059,1716
1,12086,fever worsening dyspnea,107,53,54,-6.500793522553669e-05,3.2783155325339234e-05,-1.9829676118848085,-0.1689503,1.0,1.0,0.06666666666666667,1.0,True,0.5948902835654425,1717
1,5844,and grade,206,103,103,7.043239682510163e-05,3.848727918624022e-05,1.8300175620177972,0.25005242,1.0,1.0,0.1,1.0,True,0.5947557076557841,1718
1,11677,exertion no cough,164,71,93,7.457153410478525e-05,3.761818611833499e-05,1.982326682902962,0.26291645,1.0,1.0,0.06666666666666667,1.0,True,0.5946980048708885,1719
1,18762,n,243,133,110,-8.904979560888214e-05,4.118057152033905e-05,-2.16242252890785,-0.25265735,1.0,1.0,0.03333333333333333,1.0,True,0.5946661954496587,1720
1,18560,ms.,240,128,112,7.859753227580468e-05,4.296230663024889e-05,1.829453268239228,0.18350397,1.0,1.0,0.1,1.0,True,0.5945723121777491,1721
1,23112,pre-cycle labs and,115,59,56,-5.228477376683684e-05,2.6387136999187128e-05,-1.9814492860080843,-0.12852086,1.0,1.0,0.06666666666666667,1.0,True,0.5944347858024253,1722
1,11162,egfr kras alk,137,70,67,-6.376661833157072e-05,3.487427057668429e-05,-1.828471743698715,-0.16460133,1.0,1.0,0.1,1.0,True,0.5942533167020824,1723
1,28488,type initial,86,46,40,6.706198974430228e-05,3.386871750724064e-05,1.9800569575734714,0.1720378,1.0,1.0,0.06666666666666667,1.0,True,0.5940170872720414,1724
1,16809,low-impact,432,217,215,6.0057939018007866e-05,3.0334968647388744e-05,1.9798253202802534,0.24198532,1.0,1.0,0.06666666666666667,1.0,True,0.593947596084076,1725
1,1377,------ ---------,365,188,177,-5.7896597583281825e-05,3.1687830896842354e-05,-1.8270924813932636,-0.22084603,1.0,1.0,0.1,1.0,True,0.5938050564528107,1726
1,22218,patient evelyn martinez,35,11,24,0.00020077754900305956,9.303764641032239e-05,2.158024807695303,0.21769881,1.0,1.0,0.03333333333333333,1.0,True,0.5934568221162083,1727
1,1570,. comments,66,36,30,6.0426244523607566e-05,2.8010942038609793e-05,2.1572371411256746,0.13507588,1.0,1.0,0.03333333333333333,1.0,True,0.5932402138095606,1728
1,3111,4 mild pain,327,175,152,-6.0960559343448036e-05,2.826392923859296e-05,-2.1568324357467428,-0.24134864,1.0,1.0,0.03333333333333333,1.0,True,0.5931289198303543,1729
1,11952,fda-approved for kras,71,29,42,5.403053663107207e-05,2.7330430243513374e-05,1.9769369215801393,0.0892728,1.0,1.0,0.06666666666666667,1.0,True,0.5930810764740417,1730
1,21417,or met,106,53,53,6.54905985945362e-05,3.037301347393269e-05,2.1562101057487366,0.23413847,1.0,1.0,0.03333333333333333,1.0,True,0.5929577790809026,1731
1,28489,type initial oncology,81,42,39,6.554043842287533e-05,3.3162097429746744e-05,1.9763658966903848,0.16752315,1.0,1.0,0.06666666666666667,1.0,True,0.5929097690071155,1732
1,4320,a common,65,36,29,-5.052060814765311e-05,2.5563131607726435e-05,-1.9763074776168386,-0.24366146,1.0,1.0,0.06666666666666667,1.0,True,0.5928922432850515,1733
1,11084,effect or,195,93,102,6.727234966488844e-05,3.404417126165556e-05,1.9760313490332557,0.1780003,1.0,1.0,0.06666666666666667,1.0,True,0.5928094047099767,1734
1,17348,mass effect or,195,93,102,6.727234966488844e-05,3.404417126165556e-05,1.9760313490332557,0.1780003,1.0,1.0,0.06666666666666667,1.0,True,0.5928094047099767,1735
1,29964,y sex male,139,68,71,-6.573793858035272e-05,3.329089825540929e-05,-1.974651992746133,-0.095718786,1.0,1.0,0.06666666666666667,1.0,True,0.5923955978238399,1736
1,16927,lung carcinoma.,459,247,212,-4.499693368959919e-05,2.6594553057552114e-05,-1.6919605150807868,-0.13394457,1.0,1.0,0.13333333333333333,1.0,True,0.5921861802782753,1737
1,22949,portion -,63,36,27,-6.219004812895937e-05,2.8883692039348943e-05,-2.153119761983211,-0.19020279,1.0,1.0,0.03333333333333333,1.0,True,0.592107934545383,1738
1,26285,started.,78,42,36,6.536324240922974e-05,3.0367127985609628e-05,2.1524341202172317,0.17409575,1.0,1.0,0.03333333333333333,1.0,True,0.5919193830597388,1739
1,20101,norm - cmp,116,58,58,6.101517221836962e-05,3.093083291994609e-05,1.9726326923134136,0.15078217,1.0,1.0,0.06666666666666667,1.0,True,0.5917898076940241,1740
1,12630,for squamous nsclc,68,38,30,6.169361082432941e-05,2.867231504641309e-05,2.151678743919469,0.21552359,1.0,1.0,0.03333333333333333,1.0,True,0.591711654577854,1741
1,25895,soft-tissue mass or,70,39,31,-5.6674617201320224e-05,2.8767896967475278e-05,-1.97006466150084,-0.19089119,1.0,1.0,0.06666666666666667,1.0,True,0.591019398450252,1742
1,3899,72 mmhg,201,129,72,6.754745678156499e-05,3.429324156344149e-05,1.9697017167830044,0.11978401,1.0,1.0,0.06666666666666667,1.0,True,0.5909105150349013,1743
1,3002,30 %.,53,28,25,8.230930115390505e-05,3.8306406340319515e-05,2.148708506422075,0.2764788,1.0,1.0,0.03333333333333333,1.0,True,0.5908948392660707,1744
1,20397,nuclear medicine diagnostic,70,39,31,-4.756873174615943e-05,2.616626562969069e-05,-1.8179411773678358,-0.20930143,1.0,1.0,0.1,1.0,True,0.5908308826445466,1745
1,17685,medicine diagnostic,70,39,31,-4.756873174615943e-05,2.616626562969069e-05,-1.8179411773678358,-0.20930143,1.0,1.0,0.1,1.0,True,0.5908308826445466,1746
1,25773,skull base calvarium,75,45,30,6.6789660288602e-05,3.109406368048628e-05,2.1479875057475106,0.30151024,1.0,1.0,0.03333333333333333,1.0,True,0.5906965640805655,1747
1,6868,base calvarium,75,45,30,6.6789660288602e-05,3.109406368048628e-05,2.1479875057475106,0.30151024,1.0,1.0,0.03333333333333333,1.0,True,0.5906965640805655,1748
1,27422,the right frontal,37,18,19,9.592200084132044e-05,4.4659279202420244e-05,2.1478627186647943,0.177312,1.0,1.0,0.03333333333333333,1.0,True,0.5906622476328185,1749
1,16276,lesions laboratory data,118,63,55,-5.252840923625042e-05,2.8911096510062686e-05,-1.816894396169567,-0.117388345,1.0,1.0,0.1,1.0,True,0.5904906787551093,1750
1,28535,ul,477,248,229,-0.00012732367958114108,6.470395192195407e-05,-1.967788300391898,-0.17474154,1.0,1.0,0.06666666666666667,1.0,True,0.5903364901175694,1751
1,15686,k ul,477,248,229,-0.00012732367958114108,6.470395192195407e-05,-1.967788300391898,-0.17474154,1.0,1.0,0.06666666666666667,1.0,True,0.5903364901175694,1752
1,20581,of 60,80,39,41,-5.194673653045834e-05,2.4202839680641275e-05,-2.146307508370934,-0.20306817,1.0,1.0,0.03333333333333333,1.0,True,0.5902345648020069,1753
1,9894,deficits. she,79,35,44,6.251325872761079e-05,3.181139179275888e-05,1.9651217757105641,0.16107664,1.0,1.0,0.06666666666666667,1.0,True,0.5895365327131692,1754
1,22182,pathology report specimen,118,64,54,-5.535585528123887e-05,2.8182920953285067e-05,-1.9641631672243847,-0.112562954,1.0,1.0,0.06666666666666667,1.0,True,0.5892489501673154,1755
1,2498,2 days ago,137,76,61,-6.776894492475282e-05,3.164801973834867e-05,-2.141332869640357,-0.3219154,1.0,1.0,0.03333333333333333,1.0,True,0.5888665391510982,1756
1,10218,diarrhea or,160,82,78,-6.616332192875007e-05,3.090540271139668e-05,-2.140833515311278,-0.11698336,1.0,1.0,0.03333333333333333,1.0,True,0.5887292167106014,1757
1,26340,status has declined,100,49,51,-6.194801593436659e-05,3.157025280060804e-05,-1.962227427370283,-0.103320956,1.0,1.0,0.06666666666666667,1.0,True,0.5886682282110849,1758
1,6530,assay was performed,76,43,33,5.396104747335563e-05,2.521826436073286e-05,2.1397605601033316,0.22656491,1.0,1.0,0.03333333333333333,1.0,True,0.5884341540284163,1759
1,18516,mri performed on,83,42,41,5.9838782491181346e-05,2.7967546428004066e-05,2.1395792671774894,0.22967915,1.0,1.0,0.03333333333333333,1.0,True,0.5883842984738096,1760
1,16557,lobe mass 5.5,50,22,28,7.347828711885581e-05,3.4348687369967894e-05,2.1391876297171146,0.26133144,1.0,1.0,0.03333333333333333,1.0,True,0.5882765981722066,1761
1,26789,sweats or,546,278,268,-5.308238343445652e-05,2.7076149530335328e-05,-1.9604849417375452,-0.20964023,1.0,1.0,0.06666666666666667,1.0,True,0.5881454825212635,1762
1,19328,night sweats or,546,278,268,-5.308238343445652e-05,2.7076149530335328e-05,-1.9604849417375452,-0.20964023,1.0,1.0,0.06666666666666667,1.0,True,0.5881454825212635,1763
1,16215,lesion in hepatic,67,30,37,-6.215131429509716e-05,3.437027573491277e-05,-1.808286752612952,-0.17881691,1.0,1.0,0.1,1.0,True,0.5876931945992094,1764
1,29208,wbc 7.5 k,72,27,45,-5.712488072270284e-05,3.404265206653727e-05,-1.6780384974428766,-0.2068378,1.0,1.0,0.13333333333333333,1.0,True,0.5873134741050068,1765
1,1452,---------------- p40 strong,136,76,60,6.766832415951983e-05,2.8827270507112922e-05,2.34737187979081,0.31086427,1.0,1.0,0.0,1.0,True,0.5868429699477025,1766
1,24212,redacted clinical,59,35,24,4.7200696049656906e-05,2.615138599040355e-05,1.8049022742801304,0.4235823,1.0,1.0,0.1,1.0,True,0.5865932391410424,1767
1,9340,course.,95,50,45,-5.735995104763094e-05,2.7243589275964982e-05,-2.1054476510639297,-0.18613465,0.8571428571428571,1.0,0.06666666666666667,1.0,True,0.5865175599392376,1768
1,16958,lung parenchyma,588,308,280,-5.003559862483095e-05,2.3470816093213048e-05,-2.1318218517037217,-0.25230742,1.0,1.0,0.03333333333333333,1.0,True,0.5862510092185236,1769
1,18569,msi stable -,117,59,58,-5.5785854780531576e-05,2.8551428329328154e-05,-1.953872644726082,-0.23031579,1.0,1.0,0.06666666666666667,1.0,True,0.5861617934178246,1770
1,18059,mild pain -,370,194,176,-5.6651494338849535e-05,2.9000310215960088e-05,-1.9534789082246382,-0.2810916,1.0,1.0,0.06666666666666667,1.0,True,0.5860436724673914,1771
1,1911,1.1 cm,142,65,77,0.00010786374318708913,5.9864485679157625e-05,1.8017985448865703,0.18455976,1.0,1.0,0.1,1.0,True,0.5855845270881354,1772
1,493,- gastrointestinal tract,78,39,39,-4.873926608381071e-05,2.4970322225727705e-05,-1.9518877507152517,-0.18591112,1.0,1.0,0.06666666666666667,1.0,True,0.5855663252145755,1773
1,19003,neuro,102,51,51,-5.647684954243758e-05,2.652554278541477e-05,-2.129149627561692,-0.18005332,1.0,1.0,0.03333333333333333,1.0,True,0.5855161475794654,1774
1,7908,cerebellar hemisphere a,62,31,31,7.018450427732868e-05,3.5978389246094084e-05,1.9507405903377986,0.2627537,1.0,1.0,0.06666666666666667,1.0,True,0.5852221771013395,1775
1,29287,weeks for toxicity,64,29,35,-4.544208398135042e-05,2.5244229267846062e-05,-1.8000978956101725,-0.15289634,1.0,1.0,0.1,1.0,True,0.5850318160733061,1776
1,7820,cdkn2a homozygous,467,240,227,9.017600287743715e-05,4.6248416203891516e-05,1.949818183608402,0.21058396,1.0,1.0,0.06666666666666667,1.0,True,0.5849454550825206,1777
1,26860,symptoms.,764,396,368,-3.330074378918124e-05,1.7088844943456093e-05,-1.948683126294808,-0.12868737,1.0,1.0,0.06666666666666667,1.0,True,0.5846049378884424,1778
1,12921,future therapeutic,81,49,32,-4.6144375140859976e-05,2.762859739183385e-05,-1.6701671274307544,-0.10856395,1.0,1.0,0.13333333333333333,1.0,True,0.584558494600764,1779
1,13020,g12c-mutated adenocarcinoma of,63,33,30,-6.368109419486402e-05,3.2686124790291956e-05,-1.9482607560067144,-0.09003666,1.0,1.0,0.06666666666666667,1.0,True,0.5844782268020143,1780
1,10729,dose-adjusted,49,21,28,-7.103017697852328e-05,3.342478410378307e-05,-2.1250751166552475,-0.17292728,1.0,1.0,0.03333333333333333,1.0,True,0.5843956570801931,1781
1,26711,surrounding edema,145,75,70,8.85541972558429e-05,4.168450846681565e-05,2.124391063081371,0.21876481,1.0,1.0,0.03333333333333333,1.0,True,0.584207542347377,1782
1,7587,cancer deceased at,118,55,63,-6.508567876361376e-05,3.343570914489932e-05,-1.946591845309873,-0.20488806,1.0,1.0,0.06666666666666667,1.0,True,0.5839775535929619,1783
1,16963,lung parenchyma.,77,35,42,-5.696681554390854e-05,2.6836640112091965e-05,-2.1227253227664895,-0.30107316,1.0,1.0,0.03333333333333333,1.0,True,0.5837494637607846,1784
1,3084,370 mbq 10,452,231,221,-4.461726376541243e-05,2.293666766947585e-05,-1.9452373992752725,-0.20157014,1.0,1.0,0.06666666666666667,1.0,True,0.5835712197825818,1785
1,17488,mbq 10,452,231,221,-4.461726376541243e-05,2.293666766947585e-05,-1.9452373992752725,-0.20157014,1.0,1.0,0.06666666666666667,1.0,True,0.5835712197825818,1786
1,17489,mbq 10 mci,452,231,221,-4.461726376541243e-05,2.293666766947585e-05,-1.9452373992752725,-0.20157014,1.0,1.0,0.06666666666666667,1.0,True,0.5835712197825818,1787
1,28734,uptake suv,72,31,41,-7.42692930452634e-05,3.500188710102527e-05,-2.121865396311387,-0.20570652,1.0,1.0,0.03333333333333333,1.0,True,0.5835129839856315,1788
1,25371,sequences obtained,290,168,122,6.069955395598769e-05,3.1215885836542234e-05,1.944508455529108,0.19585663,1.0,1.0,0.06666666666666667,1.0,True,0.5833525366587323,1789
1,17463,may modestly,57,27,30,6.237723710526133e-05,2.9416288994337132e-05,2.120499873973547,0.088970795,1.0,1.0,0.03333333333333333,1.0,True,0.5831374653427255,1790
1,15586,iv squamous nsclc,164,89,75,0.00012123000450177627,6.237380695129598e-05,1.9436043818270965,0.27672172,1.0,1.0,0.06666666666666667,1.0,True,0.583081314548129,1791
1,4804,additional thoracic,156,73,83,6.656848513563454e-05,3.140280612574389e-05,2.1198260075573936,0.14065537,1.0,1.0,0.03333333333333333,1.0,True,0.5829521520782833,1792
1,18562,ms. martinez is,127,63,64,7.745817904834576e-05,3.986785888574296e-05,1.9428728106601525,0.16046321,1.0,1.0,0.06666666666666667,1.0,True,0.5828618431980457,1793
1,17757,metastases -,231,111,120,0.00010821544021273034,5.1062610624516296e-05,2.119269635633821,0.20310506,1.0,1.0,0.03333333333333333,1.0,True,0.5827991497993009,1794
1,25889,soft-tissue and,85,43,42,-5.194238022903335e-05,2.6741943132472212e-05,-1.9423562443359152,-0.13304816,1.0,1.0,0.06666666666666667,1.0,True,0.5827068733007745,1795
1,18964,negative supports,149,87,62,6.435050694333977e-05,3.041512783501655e-05,2.115740143931069,0.24296935,1.0,1.0,0.03333333333333333,1.0,True,0.5818285395810441,1796
1,8923,consider referral,309,157,152,6.881869847856697e-05,3.254147029933303e-05,2.1147999105614312,0.20995207,1.0,1.0,0.03333333333333333,1.0,True,0.5815699754043936,1797
1,11810,f.,78,31,47,5.554453121840447e-05,2.6267141606155757e-05,2.114601278328187,0.16434526,1.0,1.0,0.03333333333333333,1.0,True,0.5815153515402515,1798
1,28777,uses,108,34,74,6.000288783968415e-05,3.096705634618723e-05,1.937636150136431,0.17159835,1.0,1.0,0.06666666666666667,1.0,True,0.5812908450409293,1799
1,17610,mediastinal radiation,45,25,20,0.00014773786009920678,6.99087705493483e-05,2.1132950692491335,0.096276306,1.0,1.0,0.03333333333333333,1.0,True,0.5811561440435118,1800
1,9528,cumulative,115,58,57,-6.062179283934835e-05,3.391410918477837e-05,-1.7875095143751307,-0.14959835,1.0,1.0,0.1,1.0,True,0.5809405921719175,1801
1,9445,criteria no,69,36,33,-5.6841972240007964e-05,2.7268829887001415e-05,-2.0845035329918415,-0.22713055,0.8571428571428571,1.0,0.06666666666666667,1.0,True,0.5806831270477273,1802
1,4373,a modest likelihood,75,32,43,-4.502213437825086e-05,2.3261821060037315e-05,-1.9354518402515233,-0.27536726,1.0,1.0,0.06666666666666667,1.0,True,0.5806355520754569,1803
1,22947,portal-venous phase,239,126,113,7.399928964218688e-05,3.8462788617908354e-05,1.9239189955075868,0.27171573,0.8571428571428571,1.0,0.1,1.0,True,0.5806112682871111,1804
1,3339,5 -,61,32,29,-6.857945359064842e-05,3.544288344246484e-05,-1.9349287340567214,-0.108368956,1.0,1.0,0.06666666666666667,1.0,True,0.5804786202170164,1805
1,25487,she has not,193,106,87,9.346765971862686e-05,4.430706619667112e-05,2.1095429632767986,0.18204626,1.0,1.0,0.03333333333333333,1.0,True,0.5801243149011197,1806
1,13674,hepatic and osseous,59,25,34,9.30297296246233e-05,4.4100183309181034e-05,2.1095089100288575,0.1292069,1.0,1.0,0.03333333333333333,1.0,True,0.5801149502579359,1807
1,6379,are fda-approved for,102,52,50,6.28389563750268e-05,3.2508362330351555e-05,1.933008982010668,0.17628255,1.0,1.0,0.06666666666666667,1.0,True,0.5799026946032003,1808
1,8489,cm right upper,202,120,82,8.720463420155979e-05,4.135982693881577e-05,2.1084380824553,0.2689999,1.0,1.0,0.03333333333333333,1.0,True,0.5798204726752075,1809
1,1780,1 cycle,62,33,29,-5.3225735763816904e-05,2.5244876504328113e-05,-2.1083777436855993,-0.13440591,1.0,1.0,0.03333333333333333,1.0,True,0.5798038795135398,1810
1,27626,thickness multiplanar reconstructions,80,38,42,5.339170011914275e-05,2.762750312579673e-05,1.9325561154054898,0.23044333,1.0,1.0,0.06666666666666667,1.0,True,0.5797668346216469,1811
1,18510,mri no intracranial,249,124,125,-7.880688167829627e-05,3.738371495288118e-05,-2.108053781643298,-0.23139708,1.0,1.0,0.03333333333333333,1.0,True,0.5797147899519071,1812
1,4013,800,460,239,221,-5.048693744338273e-05,2.3954981944802594e-05,-2.107575683409632,-0.1928732,1.0,1.0,0.03333333333333333,1.0,True,0.5795833129376489,1813
1,12601,for pre-cycle labs,113,57,56,-5.109646556396332e-05,2.6451299287229858e-05,-1.9317185522388172,-0.12920211,1.0,1.0,0.06666666666666667,1.0,True,0.5795155656716451,1814
1,28355,trials exploring,65,30,35,5.608056383914108e-05,2.663552683422665e-05,2.105479804780041,0.23059791,1.0,1.0,0.03333333333333333,1.0,True,0.5790069463145113,1815
1,13360,growth-factor support,188,89,99,0.0001007650862525513,4.7874937470546615e-05,2.1047565088631917,0.17016163,1.0,1.0,0.03333333333333333,1.0,True,0.5788080399373777,1816
1,27925,to ecog,80,37,43,-6.14320700886278e-05,3.1854569632120665e-05,-1.9285167182633214,-0.17821428,1.0,1.0,0.06666666666666667,1.0,True,0.5785550154789963,1817
1,19521,no erythema or,109,71,38,-5.668377292437354e-05,2.649438470381861e-05,-2.139463647034753,-0.22660871,1.0,0.9666666666666667,0.03333333333333333,1.0,True,0.5785466278856478,1818
1,25192,schedule repeat,343,176,167,5.922799107585335e-05,3.0712749244076666e-05,1.928449667763826,0.26847318,1.0,1.0,0.06666666666666667,1.0,True,0.5785349003291478,1819
1,23663,ptx,42,19,23,7.713861327872412e-05,3.668939622032824e-05,2.1024770431077426,0.301862,1.0,1.0,0.03333333333333333,1.0,True,0.5781811868546293,1820
1,21331,or effusion. -,66,36,30,-6.331404108469341e-05,3.0114767481769624e-05,-2.102425035259575,-0.27335435,1.0,1.0,0.03333333333333333,1.0,True,0.5781668846963832,1821
1,8029,chemotherapy for metastatic,86,49,37,-6.113105569885942e-05,2.907932198429189e-05,-2.1022173670995934,-0.2596965,1.0,1.0,0.03333333333333333,1.0,True,0.5781097759523882,1822
1,13682,hepatic lesions largest,46,21,25,-6.726760893861831e-05,2.9089494853193354e-05,-2.3124364750264434,-0.30634418,1.0,1.0,0.0,1.0,True,0.5781091187566109,1823
1,3702,62 kg,91,48,43,5.8177914730268936e-05,3.270977529757814e-05,1.7786094279460392,0.19169512,1.0,1.0,0.1,1.0,True,0.5780480640824628,1824
1,5484,alt 22,151,84,67,-0.00010328412762023058,5.361352996387362e-05,-1.926456394306185,-0.20843157,1.0,1.0,0.06666666666666667,1.0,True,0.5779369182918555,1825
1,21095,oncokb,105,48,57,-7.848336735521884e-05,3.784087283371293e-05,-2.0740369203454785,-0.17447715,0.8571428571428571,1.0,0.06666666666666667,1.0,True,0.5777674278105261,1826
1,21946,palliative external-beam radiation,241,121,120,0.00010000258965464996,5.193059931892633e-05,1.9256968139438282,0.12630442,1.0,1.0,0.06666666666666667,1.0,True,0.5777090441831484,1827
1,22622,pet ct after,64,37,27,5.5475942547623826e-05,3.069020582402492e-05,1.8076106385769537,0.22233833,1.0,0.9666666666666667,0.1,1.0,True,0.5776822332452182,1828
1,28670,upper abdomen,747,388,359,-3.7192904157251394e-05,1.932105706258409e-05,-1.9249932359693078,-0.19379896,1.0,1.0,0.06666666666666667,1.0,True,0.5774979707907923,1829
1,29107,vs,205,98,107,-7.562065149126726e-05,3.602761596081163e-05,-2.0989635165846727,-0.15530849,1.0,1.0,0.03333333333333333,1.0,True,0.577214967060785,1830
1,23032,post-lobectomy changes,181,93,88,-8.523211067710687e-05,4.062967078874117e-05,-2.0977799972901927,-0.226275,1.0,1.0,0.03333333333333333,1.0,True,0.576889499254803,1831
1,11665,exertion but,62,33,29,6.106275641903995e-05,2.9110173377048223e-05,2.097643171963537,0.23078848,1.0,1.0,0.03333333333333333,1.0,True,0.5768518722899727,1832
1,6877,baseline - cbc,70,34,36,-4.373196430510917e-05,2.4644741342512385e-05,-1.7744947572109904,-0.16784304,1.0,1.0,0.1,1.0,True,0.5767107960935719,1833
1,25774,skull base to,449,230,219,-4.4773726705230286e-05,2.329897661747618e-05,-1.9217035769565196,-0.169171,1.0,1.0,0.06666666666666667,1.0,True,0.5765110730869558,1834
1,6869,base to,449,230,219,-4.4773726705230286e-05,2.329897661747618e-05,-1.9217035769565196,-0.169171,1.0,1.0,0.06666666666666667,1.0,True,0.5765110730869558,1835
1,8805,composed of sheets,80,53,27,4.861390927457873e-05,2.5297883420981325e-05,1.9216591548627255,0.18075301,1.0,1.0,0.06666666666666667,1.0,True,0.5764977464588177,1836
1,20837,of sheets,80,53,27,4.861390927457873e-05,2.5297883420981325e-05,1.9216591548627255,0.18075301,1.0,1.0,0.06666666666666667,1.0,True,0.5764977464588177,1837
1,20838,of sheets and,80,53,27,4.861390927457873e-05,2.5297883420981325e-05,1.9216591548627255,0.18075301,1.0,1.0,0.06666666666666667,1.0,True,0.5764977464588177,1838
1,21945,palliative external-beam,242,121,121,0.00010094306995495636,5.2533284143451965e-05,1.9215069379502796,0.12977616,1.0,1.0,0.06666666666666667,1.0,True,0.5764520813850839,1839
1,18336,molecular profile is,183,96,87,-5.274784142786089e-05,2.7452772466779392e-05,-1.9214030747419433,-0.2834695,1.0,1.0,0.06666666666666667,1.0,True,0.5764209224225829,1840
1,28268,treating physician,90,52,38,-5.793182314706126e-05,3.017874343546661e-05,-1.919623435314365,-0.17709401,1.0,1.0,0.06666666666666667,1.0,True,0.5758870305943095,1841
1,14800,increased metabolic,76,32,44,-6.434086108190842e-05,3.351896289892697e-05,-1.91953615259284,-0.22017442,1.0,1.0,0.06666666666666667,1.0,True,0.575860845777852,1842
1,5851,and has not,133,72,61,-5.597198002955855e-05,2.916293979919148e-05,-1.9192845582430043,-0.26435295,1.0,1.0,0.06666666666666667,1.0,True,0.5757853674729012,1843
1,20599,of adjuvant cisplatin,176,96,80,-7.346914604061832e-05,4.147728625047434e-05,-1.7713103407236077,-0.19492202,1.0,1.0,0.1,1.0,True,0.5756758607351725,1844
1,7108,biopsy performed,109,54,55,-6.0322449518167314e-05,2.8826794842700692e-05,-2.092582607512528,-0.15243462,1.0,1.0,0.03333333333333333,1.0,True,0.5754602170659453,1845
1,3320,4r 7 10r,150,86,64,-6.930613950155163e-05,3.613563791174612e-05,-1.9179442651826892,-0.21981458,1.0,1.0,0.06666666666666667,1.0,True,0.5753832795548067,1846
1,17986,midline shift.,135,65,70,7.17701486088484e-05,3.4306174534936904e-05,2.0920475565049883,0.15232028,1.0,1.0,0.03333333333333333,1.0,True,0.5753130780388719,1847
1,1707,0.7,280,161,119,8.56402569374977e-05,4.466456457923607e-05,1.91740942163602,0.15292417,1.0,1.0,0.06666666666666667,1.0,True,0.575222826490806,1848
1,1069,- sections,181,99,82,-5.790651309515665e-05,2.7686954279250756e-05,-2.091472847143506,-0.25965115,1.0,1.0,0.03333333333333333,1.0,True,0.5751550329644642,1849
1,29970,years -,156,75,81,-5.357380403677509e-05,2.794983726176498e-05,-1.9167841134468202,-0.17103073,1.0,1.0,0.06666666666666667,1.0,True,0.575035234034046,1850
1,1224,- vitamin d,404,225,179,5.7425157913212014e-05,2.9971774516608266e-05,1.915974574057702,0.23612083,1.0,1.0,0.06666666666666667,1.0,True,0.5747923722173106,1851
1,24061,reassess disease status,85,45,40,-4.980092191353724e-05,2.816354440273969e-05,-1.7682760806446192,-0.108180836,1.0,1.0,0.1,1.0,True,0.5746897262095012,1852
1,24902,right adrenal lesion,39,12,27,0.00011384302391330019,5.44850563848627e-05,2.089435736455044,0.26717642,1.0,1.0,0.03333333333333333,1.0,True,0.5745948275251371,1853
1,22851,plt 240,121,84,37,-7.30687732893862e-05,3.816147394348096e-05,-1.9147261816355596,-0.1684478,1.0,1.0,0.06666666666666667,1.0,True,0.5744178544906678,1854
1,22026,paraffin-embedded ffpe core,242,121,121,-5.4075260464467404e-05,2.8258655808138957e-05,-1.9135821898822534,-0.28619424,1.0,1.0,0.06666666666666667,1.0,True,0.574074656964676,1855
1,19345,nkda ---,97,42,55,5.162850434783605e-05,2.6987854719646348e-05,1.913027355607189,0.12390732,1.0,1.0,0.06666666666666667,1.0,True,0.5739082066821567,1856
1,704,- molecular testing,134,70,64,-5.5926057259910077e-05,2.9242258382588968e-05,-1.9125081424357024,-0.10564701,1.0,1.0,0.06666666666666667,1.0,True,0.5737524427307107,1857
1,12312,focal deficits.,690,354,336,-4.3322742392109786e-05,2.454213085481767e-05,-1.765239646401993,-0.20417221,1.0,1.0,0.1,1.0,True,0.5737028850806477,1858
1,29750,with outpatient growth-factor,71,39,32,7.490583630999859e-05,3.5913697652684165e-05,2.0857177401893114,0.1502287,1.0,1.0,0.03333333333333333,1.0,True,0.5735723785520607,1859
1,1459,------------------- ----------------,306,161,145,5.3570376994564164e-05,2.802219630950693e-05,1.9117122870340342,0.1644483,1.0,1.0,0.06666666666666667,1.0,True,0.5735136861102103,1860
1,9016,contact 555,92,47,45,-5.073330522073789e-05,2.655072766359885e-05,-1.9108065836663848,-0.10969376,1.0,1.0,0.06666666666666667,1.0,True,0.5732419750999154,1861
1,9474,ct chest with,421,231,190,-6.728763977912303e-05,3.52389861945583e-05,-1.9094658230977646,-0.14434513,1.0,1.0,0.06666666666666667,1.0,True,0.5728397469293294,1862
1,25665,since the,491,246,245,-5.614021700318393e-05,2.9406337357728513e-05,-1.9091196676497786,-0.17463389,1.0,1.0,0.06666666666666667,1.0,True,0.5727359002949336,1863
1,27311,the liver,316,169,147,-6.563536331446626e-05,3.438050888565877e-05,-1.90908644001616,-0.12655093,1.0,1.0,0.06666666666666667,1.0,True,0.572725932004848,1864
1,28980,vision changes or,108,52,56,5.460880199221906e-05,3.09891192668674e-05,1.7621927723065391,0.17563345,1.0,1.0,0.1,1.0,True,0.5727126509996252,1865
1,16251,lesions are,303,150,153,7.771214794643608e-05,3.783099083693004e-05,2.054192772307054,0.23911263,0.8571428571428571,1.0,0.06666666666666667,1.0,True,0.5722394151426793,1866
1,25443,sex female,350,196,154,0.00010813667115031075,5.669637679518944e-05,1.9072942093097898,0.24489915,1.0,1.0,0.06666666666666667,1.0,True,0.5721882627929369,1867
1,5757,and calcium,92,42,50,-5.553064120850622e-05,2.9125528934201054e-05,-1.906596832420049,-0.14985065,1.0,1.0,0.06666666666666667,1.0,True,0.5719790497260147,1868
1,27111,technique multiphase,66,38,28,-5.179459213891193e-05,2.7180891524123203e-05,-1.9055516296418726,-0.2591635,1.0,1.0,0.06666666666666667,1.0,True,0.5716654888925617,1869
1,23257,primary lesion,227,114,113,6.36135728592195e-05,3.3386959722504656e-05,1.9053418876095038,0.1617735,1.0,1.0,0.06666666666666667,1.0,True,0.5716025662828511,1870
1,25500,she reports,357,200,157,0.00010804042851384756,5.67333394323851e-05,1.9043551744844907,0.23487736,1.0,1.0,0.06666666666666667,1.0,True,0.5713065523453472,1871
1,8631,cognitive function 75,91,56,35,-6.767006270871651e-05,3.2583757301572854e-05,-2.0768035460861354,-0.25256523,1.0,1.0,0.03333333333333333,1.0,True,0.5711209751736873,1872
1,3311,48 ml min,28,8,20,-7.840165969949026e-05,3.775353476510194e-05,-2.0766707061284775,-0.14868817,1.0,1.0,0.03333333333333333,1.0,True,0.5710844441853313,1873
1,15977,l norm -,138,71,67,6.183065124987913e-05,3.2486144593357145e-05,1.903292989175528,0.13543579,1.0,1.0,0.06666666666666667,1.0,True,0.5709878967526584,1874
1,3626,6.2 k,130,69,61,-7.40753388541215e-05,3.5677973307748035e-05,-2.0762204796547366,-0.21678674,1.0,1.0,0.03333333333333333,1.0,True,0.5709606319050526,1875
1,25424,several,272,140,132,5.41627795355268e-05,3.083077968896281e-05,1.7567761854208532,0.20719154,1.0,1.0,0.1,1.0,True,0.5709522602617774,1876
1,29308,weeks. history,78,33,45,-5.324483538824354e-05,2.798751454112919e-05,-1.902449583724104,-0.09910731,1.0,1.0,0.06666666666666667,1.0,True,0.5707348751172312,1877
1,29309,weeks. history of,78,33,45,-5.324483538824354e-05,2.798751454112919e-05,-1.902449583724104,-0.09910731,1.0,1.0,0.06666666666666667,1.0,True,0.5707348751172312,1878
1,25332,self-care but,213,80,133,9.022505816332276e-05,4.350151944223931e-05,2.0740668215767104,0.25650474,1.0,1.0,0.03333333333333333,1.0,True,0.5703683759335955,1879
1,3848,7.5 k ul,64,29,35,-5.1603671341731115e-05,2.5208010483556128e-05,-2.047114006692182,-0.27377662,0.8571428571428571,1.0,0.06666666666666667,1.0,True,0.5702674732928221,1880
1,313,- continue lisinopril,70,33,37,-4.6062265962376404e-05,2.4242040687862028e-05,-1.9000985335958018,-0.17906891,1.0,1.0,0.06666666666666667,1.0,True,0.5700295600787405,1881
1,7071,biliary dilatation. -,139,63,76,-5.740798621882422e-05,3.0222245928200445e-05,-1.8995274658014976,-0.17565891,1.0,1.0,0.06666666666666667,1.0,True,0.5698582397404492,1882
1,16554,lobe mass -,69,34,35,-5.4730047000859774e-05,2.6416707443753873e-05,-2.0717966884173706,-0.34125012,1.0,1.0,0.03333333333333333,1.0,True,0.5697440893147769,1883
1,22814,pleura.,97,45,52,5.998013414382613e-05,3.15966457998452e-05,1.8983070077685267,0.1500421,1.0,1.0,0.06666666666666667,1.0,True,0.569492102330558,1884
1,13460,he,436,207,229,-0.00016734552115229916,8.8192083476588e-05,-1.897511823685668,-0.23763752,1.0,1.0,0.06666666666666667,1.0,True,0.5692535471057004,1885
1,13961,homozygous deletion exons,238,126,112,6.756042347849096e-05,3.2657325163629796e-05,2.0687678228384874,0.1892555,1.0,1.0,0.03333333333333333,1.0,True,0.5689111512805841,1886
1,23358,prior systemic chemotherapy,58,30,28,6.433264451663966e-05,3.1098319385952e-05,2.068685568445881,0.17349741,1.0,1.0,0.03333333333333333,1.0,True,0.5688885313226173,1887
1,24901,right adrenal gland,202,93,109,6.568689612574977e-05,3.752668731782165e-05,1.7504048670598928,0.19996949,1.0,1.0,0.1,1.0,True,0.5688815817944652,1888
1,27923,to each infusion.,67,31,36,-5.866223218654064e-05,2.8375612492821295e-05,-2.067346817672447,-0.19595207,1.0,1.0,0.03333333333333333,1.0,True,0.568520374859923,1889
1,10061,description - sections,174,94,80,-5.7811545606078816e-05,2.7971929503064897e-05,-2.0667700309964094,-0.27984643,1.0,1.0,0.03333333333333333,1.0,True,0.5683617585240126,1890
1,24326,regimen at,76,38,38,-5.0162121322038535e-05,2.648098274265425e-05,-1.8942696277370359,-0.112766646,1.0,1.0,0.06666666666666667,1.0,True,0.5682808883211108,1891
1,9512,ct whole-body,87,43,44,-5.182155176234546e-05,2.7366418909312636e-05,-1.8936183040270163,-0.18821925,1.0,1.0,0.06666666666666667,1.0,True,0.5680854912081048,1892
1,9615,cycles of adjuvant,280,151,129,-0.00010251614027200319,4.96323018043334e-05,-2.0655125099004072,-0.24514632,1.0,1.0,0.03333333333333333,1.0,True,0.568015940222612,1893
1,6719,atorvastatin -,123,42,81,5.813326060356966e-05,2.8154364736526282e-05,2.064804556863257,0.16346751,1.0,1.0,0.03333333333333333,1.0,True,0.5678212531373957,1894
1,1174,- treated with,54,28,26,7.834009579349019e-05,3.450681503404603e-05,2.270278949714606,0.31772023,1.0,1.0,0.0,1.0,True,0.5675697374286515,1895
1,13465,he completed a,62,33,29,-5.128961295479366e-05,2.7112947925121194e-05,-1.8917018207109768,-0.15626393,1.0,1.0,0.06666666666666667,1.0,True,0.567510546213293,1896
1,9900,definite cavitation. -,79,43,36,-5.8924488341539367e-05,2.855438035564708e-05,-2.0635884094709875,-0.24019384,1.0,1.0,0.03333333333333333,1.0,True,0.5674868126045216,1897
1,17985,midline shift,77,40,37,6.615277555747038e-05,3.49717241116669e-05,1.8916074982817668,0.16735214,1.0,1.0,0.06666666666666667,1.0,True,0.56748224948453,1898
1,13514,he was,312,143,169,-7.95405703086541e-05,4.2052843133846116e-05,-1.8914433455900177,-0.24600191,1.0,1.0,0.06666666666666667,1.0,True,0.5674330036770053,1899
1,18221,mm .,128,60,68,-6.864121293528171e-05,3.327394996418715e-05,-2.062911467053369,-0.2570074,1.0,1.0,0.03333333333333333,1.0,True,0.5673006534396765,1900
1,248,- cardiovascular no,745,381,364,-3.601658646214599e-05,1.9048742587031316e-05,-1.8907592612788338,-0.21933506,1.0,1.0,0.06666666666666667,1.0,True,0.5672277783836501,1901
1,28086,to understand,69,31,38,-5.615591207734774e-05,2.9709227140872852e-05,-1.8901842114933551,-0.28769097,1.0,1.0,0.06666666666666667,1.0,True,0.5670552634480065,1902
1,21758,overall the,379,190,189,-6.227345256953959e-05,3.020094134631439e-05,-2.0619705808322166,-0.21770082,1.0,1.0,0.03333333333333333,1.0,True,0.5670419097288596,1903
1,4352,a kras,418,224,194,-6.163082950230341e-05,3.260763977011037e-05,-1.890073306035385,-0.15417765,1.0,1.0,0.06666666666666667,1.0,True,0.5670219918106154,1904
1,8535,cm. the,128,65,63,-5.449043949454567e-05,2.8830026818970066e-05,-1.89005857804791,-0.13317327,1.0,1.0,0.06666666666666667,1.0,True,0.567017573414373,1905
1,5190,age male,282,137,145,-6.800075717146654e-05,3.598606527552853e-05,-1.8896413556418696,-0.21503705,1.0,1.0,0.06666666666666667,1.0,True,0.5668924066925609,1906
1,25442,sex age male,282,137,145,-6.800075717146654e-05,3.598606527552853e-05,-1.8896413556418696,-0.21503705,1.0,1.0,0.06666666666666667,1.0,True,0.5668924066925609,1907
1,4751,adc maps,187,105,82,7.233666832899228e-05,3.509888012539314e-05,2.060939496376084,0.23857081,1.0,1.0,0.03333333333333333,1.0,True,0.5667583615034232,1908
1,27529,therapy considerations -,79,32,47,4.7939228782029545e-05,2.5391206736553618e-05,1.888024829990274,0.15943833,1.0,1.0,0.06666666666666667,1.0,True,0.5664074489970822,1909
1,2662,20 100 pain,129,69,60,-5.6234610146853307e-05,2.7308098509653654e-05,-2.0592649512734793,-0.19243859,1.0,1.0,0.03333333333333333,1.0,True,0.5662978616002069,1910
1,17421,material on,325,162,163,5.143542125569585e-05,2.9519142373431122e-05,1.742442941092713,0.23059304,1.0,1.0,0.1,1.0,True,0.5662939558551318,1911
1,1862,1. left lower,98,41,57,6.029018800994812e-05,3.194358312156443e-05,1.8873959061044563,0.22091243,1.0,1.0,0.06666666666666667,1.0,True,0.5662187718313368,1912
1,22791,platinum-based doublet,514,276,238,-6.816472371088115e-05,3.310955977532513e-05,-2.0587626103588623,-0.20822716,1.0,1.0,0.03333333333333333,1.0,True,0.5661597178486872,1913
1,14766,include axial,89,48,41,7.621225150470445e-05,3.640634397821648e-05,2.0933783285216885,0.26462042,1.0,0.9666666666666667,0.03333333333333333,1.0,True,0.5660843896710733,1914
1,6502,as tolerated.,370,192,178,5.1764308579258826e-05,2.9734546496268527e-05,1.7408810518013071,0.21003358,1.0,1.0,0.1,1.0,True,0.5657863418354249,1915
1,21995,panel and,119,63,56,5.646111301210004e-05,2.9962414756739755e-05,1.8843979522511503,0.16040245,1.0,1.0,0.06666666666666667,1.0,True,0.565319385675345,1916
1,3310,48 ml,29,8,21,-7.743565223105974e-05,3.767240327359944e-05,-2.055500724726158,-0.14590709,1.0,1.0,0.03333333333333333,1.0,True,0.5652626992996935,1917
1,9884,deficits. -,624,319,305,-4.456990899703075e-05,2.5634492730858866e-05,-1.7386694351621548,-0.17084359,1.0,1.0,0.1,1.0,True,0.5650675664277003,1918
1,23241,previously irradiated,71,39,32,6.66689863975169e-05,3.838169076204229e-05,1.7369997275745193,0.13280049,1.0,1.0,0.1,1.0,True,0.5645249114617188,1919
1,25043,ros1 -,86,41,45,5.394325678505312e-05,2.866657208993952e-05,1.8817477239974711,0.19872713,1.0,1.0,0.06666666666666667,1.0,True,0.5645243171992413,1920
1,10672,dna-based ngs panel,78,49,29,-4.566621596119134e-05,2.6291947827760346e-05,-1.7368897983653642,-0.10616447,1.0,1.0,0.1,1.0,True,0.5644891844687434,1921
1,1333,--- molecular studies,74,36,38,-4.907781392870345e-05,2.6089106023104135e-05,-1.881161197522094,-0.16587554,1.0,1.0,0.06666666666666667,1.0,True,0.5643483592566282,1922
1,15715,ki-67,440,237,203,7.123091146526095e-05,3.4714394912439874e-05,2.051912805766216,0.2599789,1.0,1.0,0.03333333333333333,1.0,True,0.5642760215857094,1923
1,23712,pulmonary origin,303,152,151,-5.136239207841179e-05,2.9589820143799002e-05,-1.735812919064855,-0.25438,1.0,1.0,0.1,1.0,True,0.5641391986960779,1924
1,475,- fully,89,54,35,6.071016061015062e-05,2.962876016407849e-05,2.0490280482190006,0.11240304,1.0,1.0,0.03333333333333333,1.0,True,0.5634827132602253,1925
1,11960,fdg activity,218,114,104,-5.8853795746067835e-05,3.1348491137091614e-05,-1.8774044176063032,-0.26181605,1.0,1.0,0.06666666666666667,1.0,True,0.563221325281891,1926
1,24195,recurrence of,56,36,20,-5.826536704685892e-05,3.104044823007866e-05,-1.8770787913558191,-0.30164626,1.0,1.0,0.06666666666666667,1.0,True,0.5631236374067458,1927
1,4606,acceptable for systemic,64,34,30,-5.689462850404663e-05,2.7791925113124376e-05,-2.047163997184883,-0.1557351,1.0,1.0,0.03333333333333333,1.0,True,0.5629700992258428,1928
1,28539,ul reference,476,247,229,-0.00010961641778956746,5.842660148412919e-05,-1.8761388649200021,-0.16774271,1.0,1.0,0.06666666666666667,1.0,True,0.5628416594760006,1929
1,15688,k ul reference,476,247,229,-0.00010961641778956746,5.842660148412919e-05,-1.8761388649200021,-0.16774271,1.0,1.0,0.06666666666666667,1.0,True,0.5628416594760006,1930
1,18698,mutation and stk11,63,35,28,-4.669437146826921e-05,2.6980286288318626e-05,-1.7306848033145588,-0.10474488,1.0,1.0,0.1,1.0,True,0.5624725610772316,1931
1,12339,focal lytic,64,29,35,-6.278977102203095e-05,2.8507544737224922e-05,-2.2025667801562925,-0.2311408,0.8571428571428571,1.0,0.03333333333333333,1.0,True,0.5624411599327677,1932
1,12793,from skull base,301,154,147,-5.002914701698402e-05,2.6690928540320622e-05,-1.8743876572674325,-0.18265685,1.0,1.0,0.06666666666666667,1.0,True,0.5623162971802297,1933
1,17342,mass confirmed,74,35,39,5.746613325998242e-05,3.0155227468993255e-05,1.9056773263962696,0.15156482,1.0,0.9666666666666667,0.06666666666666667,1.0,True,0.5621748112868995,1934
1,1667,0. -,102,70,32,-5.2910337781188714e-05,2.8239090924189048e-05,-1.873655845481441,-0.091208555,1.0,1.0,0.06666666666666667,1.0,True,0.5620967536444322,1935
1,3309,48 hours,70,39,31,-4.592973187992481e-05,2.4522965304357593e-05,-1.8729273279101917,-0.16073936,1.0,1.0,0.06666666666666667,1.0,True,0.5618781983730575,1936
1,26074,sputum hemoptysis,149,74,75,-6.024977720941597e-05,2.9494557882211736e-05,-2.0427421712855307,-0.12657201,1.0,1.0,0.03333333333333333,1.0,True,0.561754097103521,1937
1,16881,lung - currently,74,38,36,-6.11325808956924e-05,3.266948064814074e-05,-1.8712443443502222,-0.21077415,1.0,1.0,0.06666666666666667,1.0,True,0.5613733033050666,1938
1,21541,or weight,441,232,209,-5.9166046196732606e-05,3.1628658687412024e-05,-1.8706467062506278,-0.14841555,1.0,1.0,0.06666666666666667,1.0,True,0.5611940118751884,1939
1,15583,iv squamous,184,96,88,0.0001491940500998294,7.976171403252016e-05,1.870497041212035,0.25931174,1.0,1.0,0.06666666666666667,1.0,True,0.5611491123636104,1940
1,4044,8g7g3,79,30,49,-5.581135118289364e-05,2.9838105380370945e-05,-1.8704723531008522,-0.24855174,1.0,1.0,0.06666666666666667,1.0,True,0.5611417059302557,1941
1,4045,8g7g3 1,79,30,49,-5.581135118289364e-05,2.9838105380370945e-05,-1.8704723531008522,-0.24855174,1.0,1.0,0.06666666666666667,1.0,True,0.5611417059302557,1942
1,16782,low-dose ct,633,330,303,-4.287599837203995e-05,2.2934716037243947e-05,-1.8694802369653556,-0.10399394,1.0,1.0,0.06666666666666667,1.0,True,0.5608440710896067,1943
1,15108,inspiratory crackles at,106,52,54,6.0823087958863334e-05,3.253856229857757e-05,1.8692616901983474,0.29108468,1.0,1.0,0.06666666666666667,1.0,True,0.5607785070595042,1944
1,7283,brain metastases. ---,68,31,37,6.8607943307461e-05,3.3647160579164574e-05,2.039041099650628,0.2265852,1.0,1.0,0.03333333333333333,1.0,True,0.5607363024039227,1945
1,8314,clinical genomics division,118,61,57,6.255414215661478e-05,3.349326503994904e-05,1.8676633072948674,0.14747979,1.0,1.0,0.06666666666666667,1.0,True,0.5602989921884602,1946
1,22058,parenchyma. -,63,25,38,-6.447950463459801e-05,3.172010607064826e-05,-2.032764470931678,-0.28512076,1.0,1.0,0.03333333333333333,1.0,True,0.5590102295062115,1947
1,26610,superior vena,100,55,45,-5.215482346201459e-05,2.7998818681006432e-05,-1.8627508558921764,-0.20390576,1.0,1.0,0.06666666666666667,1.0,True,0.5588252567676529,1948
1,15604,j.,71,38,33,0.00010705097428597851,4.7908698568899825e-05,2.234478862581151,0.20743169,1.0,1.0,0.0,1.0,True,0.5586197156452878,1949
1,78,+ pemetrexed,190,103,87,-0.00010343629923046788,5.093346495742156e-05,-2.0308121451571517,-0.26768348,1.0,1.0,0.03333333333333333,1.0,True,0.5584733399182168,1950
1,25276,seen.,223,129,94,6.17753919419255e-05,3.322894408059207e-05,1.8590838093469984,0.24527973,1.0,1.0,0.06666666666666667,1.0,True,0.5577251428040995,1951
1,19141,new distant,78,40,38,-6.90292713658027e-05,3.4038285741912806e-05,-2.0279890676399135,-0.16002984,1.0,1.0,0.03333333333333333,1.0,True,0.5576969936009762,1952
1,27748,thyroid transcription factor-1,231,111,120,-4.9068145344621184e-05,2.8594904792345953e-05,-1.7159751256718763,-0.22794415,1.0,1.0,0.1,1.0,True,0.5576919158433598,1953
1,11817,factor-1,231,111,120,-4.9068145344621184e-05,2.8594904792345953e-05,-1.7159751256718763,-0.22794415,1.0,1.0,0.1,1.0,True,0.5576919158433598,1954
1,28238,transcription factor-1,231,111,120,-4.9068145344621184e-05,2.8594904792345953e-05,-1.7159751256718763,-0.22794415,1.0,1.0,0.1,1.0,True,0.5576919158433598,1955
1,28237,transcription,231,111,120,-4.9068145344621184e-05,2.8594904792345953e-05,-1.7159751256718763,-0.22794415,1.0,1.0,0.1,1.0,True,0.5576919158433598,1956
1,27747,thyroid transcription,231,111,120,-4.9068145344621184e-05,2.8594904792345953e-05,-1.7159751256718763,-0.22794415,1.0,1.0,0.1,1.0,True,0.5576919158433598,1957
1,23065,postoperative mediastinal radiation,34,16,18,0.00012646025404243447,5.66943245906511e-05,2.230562846554976,0.116109796,1.0,1.0,0.0,1.0,True,0.557640711638744,1958
1,6198,anti-emetic regimen ondansetron,115,53,62,-5.658851572979883e-05,3.0444564854259366e-05,-1.8587395155980289,-0.006566269,1.0,1.0,0.06666666666666667,1.0,True,0.5576218546794086,1959
1,19101,neutropenia resolved,205,101,104,-6.238904702584654e-05,3.3573700792327806e-05,-1.8582713717429555,-0.115773566,1.0,1.0,0.06666666666666667,1.0,True,0.5574814115228867,1960
1,24614,residual soft-tissue,114,63,51,-6.039999856194459e-05,2.979609846256542e-05,-2.0271109869578607,-0.16398282,1.0,1.0,0.03333333333333333,1.0,True,0.5574555214134117,1961
1,5060,after cycle 4,87,50,37,-6.233051928791836e-05,3.075053449571472e-05,-2.026973524528639,-0.07108689,1.0,1.0,0.03333333333333333,1.0,True,0.5574177192453758,1962
1,19410,no alk ros1,82,43,39,5.555187934691242e-05,2.9906336484072262e-05,1.8575287339690922,0.15702966,1.0,1.0,0.06666666666666667,1.0,True,0.5572586201907277,1963
1,26968,t scanner. sequences,150,80,70,7.376629242570321e-05,3.64393270292112e-05,2.0243593512736733,0.19001205,1.0,1.0,0.03333333333333333,1.0,True,0.5566988216002602,1964
1,5993,and patient,345,186,159,6.643634443626532e-05,3.283384818528982e-05,2.023410233894851,0.21053533,1.0,1.0,0.03333333333333333,1.0,True,0.5564378143210841,1965
1,28586,understand,71,32,39,-5.462974098233612e-05,2.9469876010088242e-05,-1.8537485859674148,-0.28460154,1.0,1.0,0.06666666666666667,1.0,True,0.5561245757902245,1966
1,29888,woman,357,200,157,0.00010493381118641435,5.661664547680549e-05,1.8534091926976364,0.21419153,1.0,1.0,0.06666666666666667,1.0,True,0.5560227578092909,1967
1,3254,4.8 k,88,42,46,-7.240096939095744e-05,3.907036237675022e-05,-1.8530918319314442,-0.10883325,1.0,1.0,0.06666666666666667,1.0,True,0.5559275495794332,1968
1,4842,adenocarcinoma of the,424,205,219,-0.00011617796556587125,5.7480886911637006e-05,-2.021158193756941,-0.21204722,1.0,1.0,0.03333333333333333,1.0,True,0.5558185032831588,1969
1,29166,was performed on,171,90,81,5.607381356161758e-05,2.8108187470564418e-05,1.9949281190877017,0.18447375,0.8571428571428571,1.0,0.06666666666666667,1.0,True,0.555729976031574,1970
1,1529,. --- 3.,72,39,33,5.140774795500055e-05,2.7752241262313145e-05,1.852381847977482,0.18971045,1.0,1.0,0.06666666666666667,1.0,True,0.5557145543932446,1971
1,10544,distress. -,457,230,227,5.9550238533391096e-05,2.946919076361782e-05,2.020762599525157,0.232403,1.0,1.0,0.03333333333333333,1.0,True,0.5557097148694182,1972
1,22676,physical therapy,358,181,177,5.643585477113829e-05,3.0470661570746937e-05,1.8521374942944784,0.23524515,1.0,1.0,0.06666666666666667,1.0,True,0.5556412482883435,1973
1,1103,- spleen normal,181,95,86,-5.737040057509086e-05,3.09761258674453e-05,-1.8520844349804542,-0.15549324,1.0,1.0,0.06666666666666667,1.0,True,0.5556253304941362,1974
1,14968,inhaler 2,189,73,116,-6.059151176161872e-05,2.999794942147597e-05,-2.019855121105057,-0.17390431,1.0,1.0,0.03333333333333333,1.0,True,0.5554601583038907,1975
1,14969,inhaler 2 puffs,189,73,116,-6.059151176161872e-05,2.999794942147597e-05,-2.019855121105057,-0.17390431,1.0,1.0,0.03333333333333333,1.0,True,0.5554601583038907,1976
1,1048,- right hemithorax,62,32,30,-5.094124050765771e-05,2.522032796347538e-05,-2.0198484564289534,-0.17461403,1.0,1.0,0.03333333333333333,1.0,True,0.5554583255179623,1977
1,20598,of adjuvant,292,158,134,-0.00010813068600165182,5.353446926068338e-05,-2.019832969205596,-0.25059396,1.0,1.0,0.03333333333333333,1.0,True,0.555454066531539,1978
1,6431,are within normal,315,182,133,6.120273761004414e-05,3.307335788445525e-05,1.85051478062377,0.13192438,1.0,1.0,0.06666666666666667,1.0,True,0.555154434187131,1979
1,28596,underwent right,136,70,66,-7.890044968318024e-05,3.908557368505495e-05,-2.0186591175288084,-0.2283418,1.0,1.0,0.03333333333333333,1.0,True,0.5551312573204223,1980
1,10241,differentiated,435,228,207,8.4808438335727e-05,4.202598601722526e-05,2.0179999655681233,0.15092246,1.0,1.0,0.03333333333333333,1.0,True,0.554949990531234,1981
1,2759,240 k ul,70,52,18,-4.460425516372638e-05,2.413153934074955e-05,-1.848380019769635,-0.09465266,1.0,1.0,0.06666666666666667,1.0,True,0.5545140059308905,1982
1,15147,insurance authorization,70,39,31,-4.730611106665147e-05,2.560012817834078e-05,-1.847885711239338,-0.18932603,1.0,1.0,0.06666666666666667,1.0,True,0.5543657133718014,1983
1,8015,chemotherapy and postoperative,33,14,19,6.552302824863178e-05,3.54636598455945e-05,1.847610442179769,0.17393711,1.0,1.0,0.06666666666666667,1.0,True,0.5542831326539307,1984
1,29911,works as a,82,71,11,-4.931791073774938e-05,2.2730050698746976e-05,-2.169722865618953,-0.18866487,0.8571428571428571,1.0,0.03333333333333333,1.0,True,0.5540542317562684,1985
1,27203,the brain performed,233,125,108,6.426507828797286e-05,3.480634422396783e-05,1.8463610505730617,0.21040398,1.0,1.0,0.06666666666666667,1.0,True,0.5539083151719185,1986
1,22630,pet ct patient,105,63,42,-5.884198818690025e-05,2.921661124304927e-05,-2.0139908662712878,-0.099488765,1.0,1.0,0.03333333333333333,1.0,True,0.5538474882246042,1987
1,29766,with primary resistance,120,63,57,-5.232441487285525e-05,2.8362809165429458e-05,-1.8448248397282117,-0.09202741,1.0,1.0,0.06666666666666667,1.0,True,0.5534474519184635,1988
1,13725,hereditary cancer syndromes,396,201,195,5.9762053522850934e-05,2.9722413432672328e-05,2.010672977758851,0.14928046,1.0,1.0,0.03333333333333333,1.0,True,0.552935068883684,1989
1,9398,crackles. -,168,69,99,5.833170157266179e-05,2.9020746366667238e-05,2.0100000474026625,0.141585,1.0,1.0,0.03333333333333333,1.0,True,0.5527500130357322,1990
1,12031,female,359,202,157,0.00014784448799154233,8.024711561931027e-05,1.8423651348780161,0.22667904,1.0,1.0,0.06666666666666667,1.0,True,0.5527095404634048,1991
1,19045,neurologic symptoms. no,126,65,61,-6.177394974864429e-05,3.074274365653066e-05,-2.009383106426862,-0.18612732,1.0,1.0,0.03333333333333333,1.0,True,0.5525803542673872,1992
1,10234,differential,494,270,224,-5.547224146001575e-05,3.0128174270474808e-05,-1.841208198081149,-0.24158137,1.0,1.0,0.06666666666666667,1.0,True,0.5523624594243447,1993
1,2993,3.9,383,193,190,-8.877398250125e-05,4.823115631370968e-05,-1.8405941156342553,-0.11102023,1.0,1.0,0.06666666666666667,1.0,True,0.5521782346902766,1994
1,2758,240 k l,81,53,28,-5.8433213364697385e-05,2.911701558885128e-05,-2.006840748715713,-0.22767866,1.0,1.0,0.03333333333333333,1.0,True,0.5518812058968211,1995
1,27495,the visualized skeleton.,74,40,34,-5.54305601233995e-05,2.7620953914275393e-05,-2.006830042707222,-0.14729579,1.0,1.0,0.03333333333333333,1.0,True,0.5518782617444862,1996
1,15746,known brain metastases,89,40,49,8.826781152866396e-05,4.4003220522326696e-05,2.0059398035168345,0.13481654,1.0,1.0,0.03333333333333333,1.0,True,0.5516334459671296,1997
1,24698,response. -,365,182,183,5.727775399240326e-05,3.376147134539041e-05,1.6965419962428157,0.1311611,1.0,1.0,0.1,1.0,True,0.551376148778915,1998
1,254,- cbc with,190,97,93,-6.866345866174596e-05,3.42494069171245e-05,-2.004807231491493,-0.27485275,1.0,1.0,0.03333333333333333,1.0,True,0.5513219886601607,1999
1,13739,heterogeneously,106,60,46,5.101560948549368e-05,2.7762241954024852e-05,1.837589686379693,0.24991576,1.0,1.0,0.06666666666666667,1.0,True,0.5512769059139079,2000
1,15271,intra-abdominal or pelvic,94,51,43,5.830145847318808e-05,3.438660730839535e-05,1.6954699238082152,0.17106752,1.0,1.0,0.1,1.0,True,0.55102772523767,2001
1,26171,stable on imaging,87,42,45,7.389153513031864e-05,3.688608932409839e-05,2.003235812858152,0.14238136,1.0,1.0,0.03333333333333333,1.0,True,0.5508898485359919,2002
1,21798,p40 strong nuclear,145,81,64,6.288433085537888e-05,2.854947804743538e-05,2.202643801434675,0.30704722,1.0,1.0,0.0,1.0,True,0.5506609503586688,2003
1,18132,minutes after,102,53,49,-4.814606519073707e-05,2.62309171560924e-05,-1.8354701402255258,-0.02645092,1.0,1.0,0.06666666666666667,1.0,True,0.5506410420676577,2004
1,21003,on exertion but,61,32,29,5.829817339085999e-05,2.911897797710634e-05,2.00206797905801,0.20938443,1.0,1.0,0.03333333333333333,1.0,True,0.5505686942409528,2005
1,28882,vena cava,101,56,45,-5.0763981339160746e-05,2.766237551224222e-05,-1.8351273308647955,-0.19891322,1.0,1.0,0.06666666666666667,1.0,True,0.5505381992594386,2006
1,7756,cava,101,56,45,-5.0763981339160746e-05,2.766237551224222e-05,-1.8351273308647955,-0.19891322,1.0,1.0,0.06666666666666667,1.0,True,0.5505381992594386,2007
1,26955,systems pertinent negatives,152,81,71,-5.983308533895889e-05,2.9887806063194247e-05,-2.001922965253752,-0.31046084,1.0,1.0,0.03333333333333333,1.0,True,0.5505288154447818,2008
1,5183,age 82,47,10,37,-6.065184836085901e-05,3.0300557291767656e-05,-2.0016743512944393,-0.19303843,1.0,1.0,0.03333333333333333,1.0,True,0.5504604466059708,2009
1,6060,and renal function.,125,38,87,-5.360331087282049e-05,2.678302457560557e-05,-2.0013912439763537,-0.12351743,1.0,1.0,0.03333333333333333,1.0,True,0.5503825920934973,2010
1,10568,dl -,580,303,277,5.169291105651638e-05,3.052502971504262e-05,1.6934598111477779,0.15382007,1.0,1.0,0.1,1.0,True,0.5503744386230278,2011
1,25578,side effects of,232,118,114,6.009607286279803e-05,3.2773993213664294e-05,1.8336512267825358,0.21604797,1.0,1.0,0.06666666666666667,1.0,True,0.5500953680347607,2012
1,26050,spo 96% ra,129,74,55,-5.3578343782448446e-05,2.9241943491267152e-05,-1.83224291499124,-0.07222822,1.0,1.0,0.06666666666666667,1.0,True,0.549672874497372,2013
1,4098,96% ra,129,74,55,-5.3578343782448446e-05,2.9241943491267152e-05,-1.83224291499124,-0.07222822,1.0,1.0,0.06666666666666667,1.0,True,0.549672874497372,2014
1,19336,nightly - acetaminophen,195,65,130,7.336174960486876e-05,3.671258957801334e-05,1.9982722670373567,0.15875961,1.0,1.0,0.03333333333333333,1.0,True,0.5495248734352731,2015
1,18470,motion artifact. findings,96,49,47,5.99126415388194e-05,3.2730048017342544e-05,1.830508818901632,0.2169718,1.0,1.0,0.06666666666666667,1.0,True,0.5491526456704896,2016
1,2800,28% vaf,41,26,15,6.632552693706386e-05,3.3254286631854255e-05,1.9944955569586835,0.20243604,1.0,1.0,0.03333333333333333,1.0,True,0.548486278163638,2017
1,5181,age 80,71,19,52,-8.792670551437293e-05,4.809441517674164e-05,-1.8282103065657838,-0.2364659,1.0,1.0,0.06666666666666667,1.0,True,0.5484630919697351,2018
1,9920,deletion egfr wild-type,63,29,34,8.177983356266474e-05,4.101685370456937e-05,1.993810499257145,0.17692347,1.0,1.0,0.03333333333333333,1.0,True,0.5482978872957149,2019
1,1668,0. ---,75,48,27,-5.257317029582194e-05,2.6369173627575836e-05,-1.9937359827174486,-0.2170289,1.0,1.0,0.03333333333333333,1.0,True,0.5482773952472983,2020
1,14767,include axial t1-weighted,89,48,41,7.030059140712943e-05,3.4675600980958564e-05,2.027379177818249,0.2538742,1.0,0.9666666666666667,0.03333333333333333,1.0,True,0.5482371193350182,2021
1,27135,test performed,580,303,277,-3.391242374223178e-05,1.702229105640823e-05,-1.992236158449721,-0.11756825,1.0,1.0,0.03333333333333333,1.0,True,0.5478649435736733,2022
1,19983,nodules,784,404,380,-4.644217842960312e-05,2.3320530889284265e-05,-1.9914717486531663,-0.2679339,1.0,1.0,0.03333333333333333,1.0,True,0.5476547308796208,2023
1,3718,64-year-old,71,37,34,0.00010670141935890162,5.847650925570139e-05,1.8246885923427167,0.19785333,1.0,1.0,0.06666666666666667,1.0,True,0.547406577702815,2024
1,8373,clinically,576,295,281,4.7337741477359e-05,2.597864556538502e-05,1.8221789645736455,0.16081731,1.0,1.0,0.06666666666666667,1.0,True,0.5466536893720936,2025
1,1293,--- comment,64,31,33,-5.037748264544421e-05,2.535468078380707e-05,-1.9869105462222232,-0.2222165,1.0,1.0,0.03333333333333333,1.0,True,0.5464004002111115,2026
1,27672,thoracic oncology,326,163,163,-5.9628154327874514e-05,3.548876499402699e-05,-1.680198066568683,-0.14335187,1.0,1.0,0.1,1.0,True,0.546064371634822,2027
1,9921,deletion exons,243,127,116,6.437568883773266e-05,3.242085713520106e-05,1.9856257522518284,0.16519733,1.0,1.0,0.03333333333333333,1.0,True,0.5460470818692529,2028
1,3437,5.0 k l,92,44,48,-6.359979994447573e-05,3.4943911185004247e-05,-1.8200538459406572,-0.28715283,1.0,1.0,0.06666666666666667,1.0,True,0.5460161537821971,2029
1,6910,baseline pulmonary function,386,193,193,-4.7575767018645746e-05,2.8318127162509074e-05,-1.6800463796783933,-0.119975224,1.0,1.0,0.1,1.0,True,0.5460150733954778,2030
1,778,- no focal,320,160,160,-6.10489949316423e-05,3.3548269483312054e-05,-1.8197360362211814,-0.16772833,1.0,1.0,0.06666666666666667,1.0,True,0.5459208108663544,2031
1,4719,activity within,69,33,36,-6.319060731112753e-05,3.1305014067993765e-05,-2.0185458844988537,-0.2073582,1.0,0.9666666666666667,0.03333333333333333,1.0,True,0.5458484495998984,2032
1,17927,mg iv q3,46,16,30,8.83944765083771e-05,4.454232385399535e-05,1.9845052718426657,0.22669733,1.0,1.0,0.03333333333333333,1.0,True,0.5457389497567331,2033
1,23038,post-operative surveillance following,59,35,24,-4.915385339735628e-05,2.4769057861391395e-05,-1.9844861953338373,-0.14570987,1.0,1.0,0.03333333333333333,1.0,True,0.5457337037168053,2034
1,5934,and met,180,95,85,-8.734328609962967e-05,4.401528721189416e-05,-1.984385235955636,-0.11233101,1.0,1.0,0.03333333333333333,1.0,True,0.5457059398877999,2035
1,8485,cm right cerebellar,61,30,31,9.242644774132249e-05,5.081194948871973e-05,1.8189903885077505,0.22339386,1.0,1.0,0.06666666666666667,1.0,True,0.5456971165523251,2036
1,22870,pneumococcal vaccine,137,79,58,-5.8864822028004196e-05,3.237387517772423e-05,-1.818281614568892,-0.18027355,1.0,1.0,0.06666666666666667,1.0,True,0.5454844843706675,2037
1,24147,recommendations,696,364,332,3.924662408133424e-05,2.1587037588969374e-05,1.8180643786616015,0.19554274,1.0,1.0,0.06666666666666667,1.0,True,0.5454193135984804,2038
1,16370,likely chemotherapy-related,59,29,30,-4.783939717803031e-05,2.4121036351763286e-05,-1.983306043752684,-0.1625493,1.0,1.0,0.03333333333333333,1.0,True,0.5454091620319881,2039
1,4466,a well-characterized activating,92,53,39,5.1865569293105427e-05,2.615300790490868e-05,1.9831588581201298,0.102664396,1.0,1.0,0.03333333333333333,1.0,True,0.5453686859830358,2040
1,20404,nuclear supports pulmonary,213,103,110,-5.306477403369824e-05,2.9191610760682994e-05,-1.8178090434519307,-0.23419708,1.0,1.0,0.06666666666666667,1.0,True,0.5453427130355792,2041
1,2100,10.8,55,30,25,-7.605438722104353e-05,3.8353823056898464e-05,-1.982967567749784,-0.16217443,1.0,1.0,0.03333333333333333,1.0,True,0.5453160811311907,2042
1,26273,staple line,204,111,93,-8.392507723447315e-05,3.848797148104625e-05,-2.180553404218843,-0.2596026,1.0,1.0,0.0,1.0,True,0.5451383510547108,2043
1,16059,labs and toxicity,170,90,80,-5.8165554669129965e-05,3.2028108107841024e-05,-1.8160783794435253,-0.14866094,1.0,1.0,0.06666666666666667,1.0,True,0.5448235138330576,2044
1,12485,for definitive,117,62,55,-5.604499873076981e-05,2.8299111403027063e-05,-1.9804508322750678,-0.14784165,1.0,1.0,0.03333333333333333,1.0,True,0.5446239788756437,2045
1,9648,cytoplasmic consistent with,234,116,118,-5.5716267268550614e-05,2.8139398172406568e-05,-1.9800092001678224,-0.25481284,1.0,1.0,0.03333333333333333,1.0,True,0.5445025300461512,2046
1,9647,cytoplasmic consistent,234,116,118,-5.5716267268550614e-05,2.8139398172406568e-05,-1.9800092001678224,-0.25481284,1.0,1.0,0.03333333333333333,1.0,True,0.5445025300461512,2047
1,10058,description - architecture,65,34,31,-4.343664122596784e-05,2.592683501318032e-05,-1.6753545584675542,-0.06505134,1.0,1.0,0.1,1.0,True,0.5444902315019552,2048
1,29736,with occasional,174,79,95,-6.598677497080888e-05,3.3328004731830755e-05,-1.9799197552257468,-0.19148462,1.0,1.0,0.03333333333333333,1.0,True,0.5444779326870804,2049
1,2077,10 pain,78,40,38,-6.240108672572289e-05,3.151890869251698e-05,-1.9797984547776477,-0.21935192,1.0,1.0,0.03333333333333333,1.0,True,0.5444445750638531,2050
1,29096,vomiting no,261,138,123,6.395023119414958e-05,3.230859898619419e-05,1.9793563695372924,0.21858713,1.0,1.0,0.03333333333333333,1.0,True,0.5443230016227555,2051
1,7432,but limited,144,65,79,6.705397784472478e-05,3.3882164127520235e-05,1.9790346800858947,0.22090301,1.0,1.0,0.03333333333333333,1.0,True,0.5442345370236211,2052
1,8072,chen,163,85,78,6.870567485635864e-05,3.471761938190843e-05,1.978985773781528,0.20183094,1.0,1.0,0.03333333333333333,1.0,True,0.5442210877899202,2053
1,14981,inhibition.,180,88,92,6.581197751658505e-05,3.325580807856463e-05,1.9789619112880563,0.2085748,1.0,1.0,0.03333333333333333,1.0,True,0.5442145256042156,2054
1,26526,subcentimeter,219,117,102,-9.531445322502396e-05,5.256362906447532e-05,-1.8133156884603583,-0.2350982,1.0,1.0,0.06666666666666667,1.0,True,0.5439947065381074,2055
1,17925,mg iv,236,111,125,7.836068083845242e-05,4.321814857363312e-05,1.8131429370451873,0.2097521,1.0,1.0,0.06666666666666667,1.0,True,0.5439428811135562,2056
1,22449,per instruction,67,31,36,-4.986603624458561e-05,2.5225907407685405e-05,-1.9767786917902213,-0.22899595,1.0,1.0,0.03333333333333333,1.0,True,0.5436141402423109,2057
1,20953,omitted per instruction,67,31,36,-4.986603624458561e-05,2.5225907407685405e-05,-1.9767786917902213,-0.22899595,1.0,1.0,0.03333333333333333,1.0,True,0.5436141402423109,2058
1,2489,2 ambulatory,220,86,134,9.973053104586953e-05,4.5895838289636444e-05,2.172975475826297,0.22410057,1.0,1.0,0.0,1.0,True,0.5432438689565743,2059
1,3694,61-year-old,94,56,38,9.892658571081503e-05,5.072887138421745e-05,1.9501042111020166,0.23896854,0.8571428571428571,1.0,0.06666666666666667,1.0,True,0.5432433159498475,2060
1,25167,scanner. -,59,31,28,5.677430786230315e-05,2.8746933345754344e-05,1.9749691968687224,0.08232955,1.0,1.0,0.03333333333333333,1.0,True,0.5431165291388987,2061
1,1778,1 cm,171,90,81,-6.321777494138873e-05,3.4937821151243886e-05,-1.8094366751642152,-0.18884018,1.0,1.0,0.06666666666666667,1.0,True,0.5428310025492645,2062
1,10932,e.g. chemo-immunotherapy,107,53,54,-5.448344601972074e-05,2.7610583301516827e-05,-1.9732812387461447,-0.16731913,1.0,1.0,0.03333333333333333,1.0,True,0.5426523406551899,2063
1,8286,climbing,307,165,142,-5.6089884468370984e-05,3.102595533396966e-05,-1.8078374659090466,-0.11445356,1.0,1.0,0.06666666666666667,1.0,True,0.5423512397727139,2064
1,18377,monitoring cbc cmp,190,99,91,-5.7752763374292745e-05,3.195891479347445e-05,-1.8070940063986474,-0.06433788,1.0,1.0,0.06666666666666667,1.0,True,0.5421282019195942,2065
1,22726,plan item details,334,177,157,-6.065350170205792e-05,3.0778184156549394e-05,-1.9706653710807451,-0.19191863,1.0,1.0,0.03333333333333333,1.0,True,0.541932977047205,2066
1,22725,plan item,334,177,157,-6.065350170205792e-05,3.0778184156549394e-05,-1.9706653710807451,-0.19191863,1.0,1.0,0.03333333333333333,1.0,True,0.541932977047205,2067
1,11954,fda-approved kras g12c,385,203,182,-7.063889177081183e-05,3.587897257416744e-05,-1.9688103282442162,-0.11369835,1.0,1.0,0.03333333333333333,1.0,True,0.5414228402671595,2068
1,27327,the lung with,65,32,33,6.0991130314452174e-05,3.09845700319302e-05,1.968435587506931,0.20050053,1.0,1.0,0.03333333333333333,1.0,True,0.541319786564406,2069
1,22973,positive nuclear supports,228,110,118,-5.7087529603968384e-05,2.900189763141182e-05,-1.9684066997787464,-0.21744867,1.0,1.0,0.03333333333333333,1.0,True,0.5413118424391553,2070
1,15820,kras g12c-mutant,110,52,58,5.719219825249478e-05,3.170230778961586e-05,1.8040389561553678,0.12586828,1.0,1.0,0.06666666666666667,1.0,True,0.5412116868466104,2071
1,13017,g12c-mutant,110,52,58,5.719219825249478e-05,3.170230778961586e-05,1.8040389561553678,0.12586828,1.0,1.0,0.06666666666666667,1.0,True,0.5412116868466104,2072
1,3466,5.5 k,169,94,75,-8.24686098318726e-05,4.1907711477000054e-05,-1.9678624034894707,-0.17436583,1.0,1.0,0.03333333333333333,1.0,True,0.5411621609596045,2073
1,16791,low-dose inhaled,135,60,75,-6.19468415928561e-05,3.434658656675171e-05,-1.803580727664567,-0.24195261,1.0,1.0,0.06666666666666667,1.0,True,0.5410742182993701,2074
1,23368,prior to any,335,158,177,6.323734004539545e-05,3.214133047659171e-05,1.9674773603865194,0.25046086,1.0,1.0,0.03333333333333333,1.0,True,0.5410562741062929,2075
1,8383,clone,99,42,57,-6.24418736508766e-05,3.46235533188113e-05,-1.8034507630085255,-0.226654,1.0,1.0,0.06666666666666667,1.0,True,0.5410352289025576,2076
1,29954,y -,69,37,32,-4.7839681181354914e-05,2.432024421161588e-05,-1.9670724012921563,-0.11782453,1.0,1.0,0.03333333333333333,1.0,True,0.540944910355343,2077
1,14396,imaging demonstrates,209,110,99,-5.658199014857386e-05,3.140317051107861e-05,-1.801792278541191,-0.22838446,1.0,1.0,0.06666666666666667,1.0,True,0.5405376835623573,2078
1,7881,cells with,248,135,113,5.8099985789351035e-05,2.957558697351883e-05,1.9644575724354068,0.22667935,1.0,1.0,0.03333333333333333,1.0,True,0.5402258324197369,2079
1,15136,instruction,68,31,37,-4.935046773029704e-05,2.5129465177125223e-05,-1.963848708376796,-0.22770426,1.0,1.0,0.03333333333333333,1.0,True,0.540058394803619,2080
1,29976,years ago. he,140,70,70,-6.314935815022127e-05,3.215742708648015e-05,-1.9637565524255194,-0.16809152,1.0,1.0,0.03333333333333333,1.0,True,0.5400330519170179,2081
1,20027,non-platinum,255,120,135,0.00011647616520898666,5.9333231652868426e-05,1.9630848002757606,0.20894623,1.0,1.0,0.03333333333333333,1.0,True,0.5398483200758342,2082
1,28347,trial. -,79,42,37,-5.024303226768824e-05,3.024800665852336e-05,-1.6610361414850665,-0.17960347,1.0,1.0,0.1,1.0,True,0.5398367459826466,2083
1,8740,complaint newly diagnosed,162,81,81,5.079626247773302e-05,2.6221375191724462e-05,1.9372081786833386,0.24346071,0.8571428571428571,1.0,0.06666666666666667,1.0,True,0.5396508497760729,2084
1,23693,pulmonary mass.,85,44,41,-5.4697744978852616e-05,3.041097500098122e-05,-1.7986185900678218,-0.24291484,1.0,1.0,0.06666666666666667,1.0,True,0.5395855770203465,2085
1,13288,goals of therapy,97,55,42,-6.563123241814569e-05,3.349480870967593e-05,-1.9594449094192392,-0.1422563,1.0,1.0,0.03333333333333333,1.0,True,0.5388473500902908,2086
1,3916,75 100 social,101,62,39,-5.137612977102839e-05,2.6224861180059452e-05,-1.9590620296626455,-0.20263915,1.0,1.0,0.03333333333333333,1.0,True,0.5387420581572275,2087
1,24038,rearrangement - -,54,30,24,-6.0426380848590377e-05,3.365544101496539e-05,-1.7954416589496152,-0.16294213,1.0,1.0,0.06666666666666667,1.0,True,0.5386324976848845,2088
1,11255,elevated nlr,64,32,32,-4.706261847049415e-05,3.058740795672888e-05,-1.5386272199681734,-0.1650293,1.0,1.0,0.13333333333333333,1.0,True,0.5385195269888606,2089
1,4527,abdominal pain nausea,85,40,45,-5.5445151995987826e-05,3.0375771599756324e-05,-1.8253084308953853,-0.097579256,1.0,0.9666666666666667,0.06666666666666667,1.0,True,0.5384659871141386,2090
1,3716,64 encounter type,66,36,30,5.559920303460718e-05,2.8402329632394155e-05,1.9575578395933322,0.21894027,1.0,1.0,0.03333333333333333,1.0,True,0.5383284058881664,2091
1,5138,age 64 encounter,66,36,30,5.559920303460718e-05,2.8402329632394155e-05,1.9575578395933322,0.21894027,1.0,1.0,0.03333333333333333,1.0,True,0.5383284058881664,2092
1,3715,64 encounter,66,36,30,5.559920303460718e-05,2.8402329632394155e-05,1.9575578395933322,0.21894027,1.0,1.0,0.03333333333333333,1.0,True,0.5383284058881664,2093
1,6133,and to,486,244,242,5.781685747145684e-05,2.9539087708595537e-05,1.9573000372192535,0.14201298,1.0,1.0,0.03333333333333333,1.0,True,0.5382575102352948,2094
1,19630,no kras alk,53,32,21,8.91753631998389e-05,4.55673189791724e-05,1.9570026325357996,0.21276556,1.0,1.0,0.03333333333333333,1.0,True,0.5381757239473449,2095
1,2766,25 100 pain,84,38,46,-4.7357143352458004e-05,2.4213336471934092e-05,-1.9558289047587523,-0.1632915,1.0,1.0,0.03333333333333333,1.0,True,0.5378529488086569,2096
1,19020,neurologic deficits.,340,179,161,6.630874621355406e-05,3.391033472899027e-05,1.955414086693343,0.2335732,1.0,1.0,0.03333333333333333,1.0,True,0.5377388738406693,2097
1,25976,specimen bronchoscopic,98,60,38,6.534292417081335e-05,3.342413201860212e-05,1.9549624844243343,0.15463503,1.0,1.0,0.03333333333333333,1.0,True,0.5376146832166919,2098
1,26242,staging and,129,63,66,-5.206855955093537e-05,2.664442609756191e-05,-1.9542008283563626,-0.1767366,1.0,1.0,0.03333333333333333,1.0,True,0.5374052277979997,2099
1,19597,no imaging,82,48,34,-5.1004982034385954e-05,2.8474281986904495e-05,-1.7912649055678902,-0.18776052,1.0,1.0,0.06666666666666667,1.0,True,0.537379471670367,2100
1,9654,cytoplasmic supports adenocarcinoma,63,26,37,4.775673247446378e-05,2.4441586538502438e-05,1.9539129507502866,0.15836312,1.0,1.0,0.03333333333333333,1.0,True,0.5373260614563289,2101
1,26031,spleen normal,202,101,101,-5.734575256681031e-05,3.20391751560908e-05,-1.789863574434394,-0.14742553,1.0,1.0,0.06666666666666667,1.0,True,0.5369590723303181,2102
1,26530,subclonal,434,231,203,4.2476654110966426e-05,2.373920363873023e-05,1.7893040877608153,0.09329137,1.0,1.0,0.06666666666666667,1.0,True,0.5367912263282446,2103
1,6452,arterial and portal,99,53,46,-4.8098312592539546e-05,2.9128378931166802e-05,-1.6512526394345715,-0.11457413,1.0,1.0,0.1,1.0,True,0.5366571078162358,2104
1,18809,napsin a negative,305,172,133,5.3129820671573585e-05,2.722648409726902e-05,1.9514021891979372,0.29067686,1.0,1.0,0.03333333333333333,1.0,True,0.5366356020294327,2105
1,21914,pain severity,107,64,43,-6.941095183892121e-05,3.558818757239258e-05,-1.9503929976126835,-0.21344127,1.0,1.0,0.03333333333333333,1.0,True,0.536358074343488,2106
1,26234,stage iv squamous,183,95,88,0.00014298539452412494,7.998063874392665e-05,1.7877500951439023,0.2535381,1.0,1.0,0.06666666666666667,1.0,True,0.5363250285431707,2107
1,14520,impression 1. left,152,73,79,5.4718079685463625e-05,3.3158948391446034e-05,1.650175362605262,0.14635773,1.0,1.0,0.1,1.0,True,0.5363069928467101,2108
1,12191,findings are consistent,278,149,129,-5.537924216416103e-05,3.0987240975416745e-05,-1.7871627295923282,-0.16930293,1.0,1.0,0.06666666666666667,1.0,True,0.5361488188776985,2109
1,919,- plan to,79,39,40,6.681090663609237e-05,3.428077194524168e-05,1.9489323852687048,0.15142716,1.0,1.0,0.03333333333333333,1.0,True,0.5359564059488938,2110
1,15595,iv t3 n2,186,91,95,0.00012216935716787288,6.268917845897356e-05,1.9488109458608658,0.20731793,1.0,1.0,0.03333333333333333,1.0,True,0.5359230101117382,2111
1,6671,at diagnosis,91,43,48,4.888306247824789e-05,2.736484241052105e-05,1.7863454773433542,0.22628506,1.0,1.0,0.06666666666666667,1.0,True,0.5359036432030062,2112
1,12877,functional but limited,82,40,42,6.478164438301653e-05,3.32468225126354e-05,1.9485063379634662,0.14985666,1.0,1.0,0.03333333333333333,1.0,True,0.5358392429399532,2113
1,9874,deficits gait,84,42,42,8.200052042645317e-05,3.828584709232879e-05,2.14179720847507,0.20148975,1.0,1.0,0.0,1.0,True,0.5354493021187675,2114
1,20415,nucleoli and moderate,65,33,32,-5.169534841726834e-05,2.6558249156782627e-05,-1.9464893228500355,-0.20829313,1.0,1.0,0.03333333333333333,1.0,True,0.5352845637837598,2115
1,23656,psychosocial support,265,153,112,6.904978812394181e-05,3.5483946156976815e-05,1.9459444510053545,0.23327853,1.0,1.0,0.03333333333333333,1.0,True,0.5351347240264726,2116
1,15585,iv squamous non-small,112,61,51,9.247226472986407e-05,4.752717651085275e-05,1.9456713299336892,0.30038854,1.0,1.0,0.03333333333333333,1.0,True,0.5350596157317645,2117
1,19221,new pulmonary nodules,675,348,327,-4.661521675331195e-05,2.613936401103367e-05,-1.7833340066588932,-0.16298449,1.0,1.0,0.06666666666666667,1.0,True,0.535000201997668,2118
1,5719,and an,130,65,65,-5.915002446908873e-05,3.317732918423402e-05,-1.7828446690397557,-0.24164662,1.0,1.0,0.06666666666666667,1.0,True,0.5348534007119267,2119
1,2389,150 ng,221,116,105,5.243450253401565e-05,2.9411069880910324e-05,1.7828152034703442,0.101250894,1.0,1.0,0.06666666666666667,1.0,True,0.5348445610411032,2120
1,29674,with iv,251,138,113,-6.157135934385222e-05,3.166490585217408e-05,-1.9444668375549519,-0.1592585,1.0,1.0,0.03333333333333333,1.0,True,0.5347283803276118,2121
1,14274,ii-xii intact skin,66,29,37,-4.4141368411235976e-05,2.4765285367161573e-05,-1.7823888461938266,-0.10496774,1.0,1.0,0.06666666666666667,1.0,True,0.5347166538581479,2122
1,11577,evelyn martinez,35,11,24,0.00020205470025108153,9.44751748640434e-05,2.1387068141641743,0.2150544,1.0,1.0,0.0,1.0,True,0.5346767035410436,2123
1,8211,cisplatin +,330,174,156,-8.625726248723606e-05,4.8400823107989845e-05,-1.78214453697993,-0.19211717,1.0,1.0,0.06666666666666667,1.0,True,0.534643361093979,2124
1,25037,room. - low-dose,64,30,34,-4.4133997096033126e-05,2.270517360054285e-05,-1.9437859349808249,-0.19083247,1.0,1.0,0.03333333333333333,1.0,True,0.5345411321197269,2125
1,2823,3 fractions,64,32,32,9.991952594647852e-05,5.1412133026910656e-05,1.9435008832288214,0.20286125,1.0,1.0,0.03333333333333333,1.0,True,0.534462742887926,2126
1,17705,meq l 3.5-5.0,61,25,36,-5.9428505237861924e-05,3.057935703708141e-05,-1.943419057692979,-0.15428425,1.0,1.0,0.03333333333333333,1.0,True,0.5344402408655693,2127
1,19208,new osseous lesions,214,107,107,7.037166204272595e-05,3.6211326196706896e-05,1.943360529256883,0.22267982,1.0,1.0,0.03333333333333333,1.0,True,0.5344241455456429,2128
1,5139,age 65,123,68,55,0.00011555932318041584,6.489233994695585e-05,1.7807852710331615,0.15492517,1.0,1.0,0.06666666666666667,1.0,True,0.5342355813099484,2129
1,12382,follow-up appointment,183,91,92,-5.556521232107688e-05,2.861277817565099e-05,-1.9419719392492258,-0.14224657,1.0,1.0,0.03333333333333333,1.0,True,0.5340422832935372,2130
1,12321,focal fdg-avid,287,142,145,-5.729692758260004e-05,2.951906630858526e-05,-1.941014223947047,-0.12240737,1.0,1.0,0.03333333333333333,1.0,True,0.533778911585438,2131
1,5042,after 4,80,48,32,-5.7504992963790656e-05,3.501848234820535e-05,-1.6421326427567957,-0.21237992,1.0,1.0,0.1,1.0,True,0.5336931088959587,2132
1,15558,iv kras-mutated adenocarcinoma,78,34,44,-5.811813270655517e-05,2.994975476556577e-05,-1.9405211548969183,-0.06051627,1.0,1.0,0.03333333333333333,1.0,True,0.5336433175966526,2133
1,4259,a 2.5,68,28,40,-7.316467988206148e-05,3.7704019532517954e-05,-1.9405007951197448,-0.13721411,1.0,1.0,0.03333333333333333,1.0,True,0.5336377186579299,2134
1,25493,she notes mild,111,63,48,7.464188997336287e-05,3.847269078495429e-05,1.9401265794113225,0.1459376,1.0,1.0,0.03333333333333333,1.0,True,0.5335348093381137,2135
1,16603,lobectomy and adjuvant,148,90,58,-6.669060564881208e-05,3.437615421361574e-05,-1.9400252056815943,-0.1655201,1.0,1.0,0.03333333333333333,1.0,True,0.5335069315624384,2136
1,19615,no intracranial metastatic,309,153,156,-6.396051630018745e-05,3.061460264035206e-05,-2.0892159552606206,-0.1782078,0.8571428571428571,1.0,0.03333333333333333,1.0,True,0.5334962171469085,2137
1,15869,kras-mutated g12c,103,52,51,-6.619878368233846e-05,3.41260842529442e-05,-1.939829462755523,-0.25235012,1.0,1.0,0.03333333333333333,1.0,True,0.5334531022577689,2138
1,3213,4.1,337,191,146,7.40357638347862e-05,4.166586028384789e-05,1.776892720573125,0.14959401,1.0,1.0,0.06666666666666667,1.0,True,0.5330678161719375,2139
1,28242,transfusion if,56,22,34,4.6842769263621244e-05,2.4175974857218026e-05,1.9375751977023494,0.13901111,1.0,1.0,0.03333333333333333,1.0,True,0.5328331793681461,2140
1,29190,wbc 6.2,127,66,61,-7.2566600582367e-05,3.7458002410364374e-05,-1.9372789767958452,-0.17908248,1.0,1.0,0.03333333333333333,1.0,True,0.5327517186188575,2141
1,360,- cytology,63,30,33,-4.1235655617929386e-05,2.5159226182378624e-05,-1.6389874362197436,-0.06754238,1.0,1.0,0.1,1.0,True,0.5326709167714166,2142
1,8751,completed .,154,78,76,-6.311832040960399e-05,3.2592682290167034e-05,-1.9365795011184552,-0.18763009,1.0,1.0,0.03333333333333333,1.0,True,0.5325593628075752,2143
1,22634,pet ct whole-body,85,43,42,-4.854584146979538e-05,2.7351166452231924e-05,-1.7749093646364,-0.17273428,1.0,1.0,0.06666666666666667,1.0,True,0.53247280939092,2144
1,9963,demonstrated stable,124,62,62,-5.7698468486657815e-05,3.251726863012606e-05,-1.7743946806529223,-0.15024626,1.0,1.0,0.06666666666666667,1.0,True,0.5323184041958766,2145
1,24979,right-upper-lobectomy,44,22,22,-6.736969794316229e-05,3.4809540925787925e-05,-1.935380247811681,-0.25042528,1.0,1.0,0.03333333333333333,1.0,True,0.5322295681482123,2146
1,15868,kras-mutated adenocarcinoma of,94,40,54,-6.132304533411505e-05,3.169081468981032e-05,-1.9350416180317545,-0.12281239,1.0,1.0,0.03333333333333333,1.0,True,0.5321364449587325,2147
1,17885,metrics -,116,62,54,5.0081805399612315e-05,2.776838292626654e-05,1.803554983111356,0.1472743,1.0,0.9666666666666667,0.06666666666666667,1.0,True,0.53204872001785,2148
1,14821,index,396,215,181,5.537829839973001e-05,2.8629156395611102e-05,1.9343321764178703,0.2735735,1.0,1.0,0.03333333333333333,1.0,True,0.5319413485149144,2149
1,26869,symptoms. no new,67,35,32,-4.656839081756893e-05,2.4094239674221543e-05,-1.9327603380401546,-0.12906316,1.0,1.0,0.03333333333333333,1.0,True,0.5315090929610425,2150
1,13359,growth-factor,213,100,113,0.0001134960526595192,5.872941723905085e-05,1.932524754971559,0.16986762,1.0,1.0,0.03333333333333333,1.0,True,0.5314443076171788,2151
1,3300,45 ml min,31,9,22,-8.593919954975396e-05,4.0427480890614646e-05,-2.1257619237340357,-0.16674748,1.0,1.0,0.0,1.0,True,0.5314404809335089,2152
1,24319,reformats.,69,40,29,-5.212307393527227e-05,2.943646340369963e-05,-1.7706975603842865,-0.24882884,1.0,1.0,0.06666666666666667,1.0,True,0.5312092681152859,2153
1,8020,chemotherapy completed,77,41,36,-6.238373100881366e-05,2.9367440726100673e-05,-2.124248128757415,-0.23313324,1.0,1.0,0.0,1.0,True,0.5310620321893538,2154
1,6009,and persistent,70,38,32,5.104923675155539e-05,2.884376331747701e-05,1.7698535447565416,0.16439247,1.0,1.0,0.06666666666666667,1.0,True,0.5309560634269624,2155
1,7710,cardiovascular rrr,567,290,277,-5.099170346886961e-05,2.641448846173153e-05,-1.9304444809803818,-0.20014063,1.0,1.0,0.03333333333333333,1.0,True,0.530872232269605,2156
1,7711,cardiovascular rrr no,567,290,277,-5.099170346886961e-05,2.641448846173153e-05,-1.9304444809803818,-0.20014063,1.0,1.0,0.03333333333333333,1.0,True,0.530872232269605,2157
1,29637,with expected,94,48,46,-5.599392714621532e-05,2.9009619526200024e-05,-1.9301848166482996,-0.22888027,1.0,1.0,0.03333333333333333,1.0,True,0.5308008245782824,2158
1,26005,spiculated mass is,84,40,44,-4.9136898724955735e-05,2.7772824240649696e-05,-1.7692438586435337,-0.18606417,1.0,1.0,0.06666666666666667,1.0,True,0.5307731575930601,2159
1,21438,or novel,263,139,124,6.101392178959293e-05,3.16128748874399e-05,1.9300339499915065,0.16439508,1.0,1.0,0.03333333333333333,1.0,True,0.5307593362476644,2160
1,13387,h,553,282,271,7.04681099219148e-05,3.320417475735957e-05,2.1222665654804698,0.2467387,1.0,1.0,0.0,1.0,True,0.5305666413701174,2161
1,5773,and cmp,552,291,261,4.845079526417438e-05,2.7396144267700762e-05,1.76852606668802,0.11367217,1.0,1.0,0.06666666666666667,1.0,True,0.530557820006406,2162
1,4982,adrenal glands appear,126,67,59,5.6977871137591235e-05,2.9533213880644488e-05,1.929281092395212,0.2316421,1.0,1.0,0.03333333333333333,1.0,True,0.5305523004086833,2163
1,10420,disease in the,308,157,151,-5.920181186699209e-05,3.3479464160414323e-05,-1.7683022518918188,-0.21795966,1.0,1.0,0.06666666666666667,1.0,True,0.5304906755675456,2164
1,23896,radiographic progression,375,178,197,6.902773579697671e-05,3.5785259662422095e-05,1.9289432701661335,0.15413694,1.0,1.0,0.03333333333333333,1.0,True,0.5304593992956868,2165
1,25465,she,357,200,157,0.0001751002571697853,9.903390480583664e-05,1.7680839457262885,0.20882218,1.0,1.0,0.06666666666666667,1.0,True,0.5304251837178865,2166
1,20940,office to,63,39,24,5.03509480172662e-05,2.6107945632742947e-05,1.928567981776368,0.23086339,1.0,1.0,0.03333333333333333,1.0,True,0.5303561949885012,2167
1,5393,alk -,67,33,34,5.098614151057754e-05,2.644213218072095e-05,1.9282159684441675,0.27195913,1.0,1.0,0.03333333333333333,1.0,True,0.5302593913221462,2168
1,9509,ct to,115,62,53,-5.120303754071841e-05,2.897355049792794e-05,-1.7672337929167579,-0.11775932,1.0,1.0,0.06666666666666667,1.0,True,0.5301701378750273,2169
1,1126,- subcarinal,187,94,93,-5.984689025803197e-05,3.105322710993496e-05,-1.9272357763707257,-0.20767471,1.0,1.0,0.03333333333333333,1.0,True,0.5299898385019496,2170
1,27513,therapies and,136,74,62,5.7716411224892064e-05,2.995160067442027e-05,1.926989206763294,0.13151169,1.0,1.0,0.03333333333333333,1.0,True,0.5299220318599059,2171
1,432,- extra-axial structures,79,45,34,5.185631999899198e-05,2.6911829468865433e-05,1.9268968710947383,0.2568348,1.0,1.0,0.03333333333333333,1.0,True,0.529896639551053,2172
1,7135,blood glucose,309,171,138,-5.012679187229113e-05,2.601776200648808e-05,-1.9266373433576245,-0.1477364,1.0,1.0,0.03333333333333333,1.0,True,0.5298252694233467,2173
1,17050,lymphadenopathy stable.,75,37,38,6.875473395268387e-05,3.5724183130937856e-05,1.9245991909928626,0.297003,1.0,1.0,0.03333333333333333,1.0,True,0.5292647775230372,2174
1,20441,nurse,103,57,46,5.2692014409989006e-05,2.9869233665015076e-05,1.764089932836327,0.18533513,1.0,1.0,0.06666666666666667,1.0,True,0.5292269798508981,2175
1,28899,verbalized understanding of,132,73,59,-5.655519271228886e-05,2.939118386361584e-05,-1.924223024656727,-0.22668959,1.0,1.0,0.03333333333333333,1.0,True,0.5291613317806,2176
1,17547,measuring 2.5 cm,83,45,38,-5.8847808544520854e-05,3.614322057526265e-05,-1.6281838643011743,-0.22114517,1.0,1.0,0.1,1.0,True,0.5291597558978817,2177
1,9014,consultation patient,136,62,74,-5.2986324445253254e-05,2.7539604370079124e-05,-1.924004562056133,-0.13371976,1.0,1.0,0.03333333333333333,1.0,True,0.5291012545654367,2178
1,9461,ct age,69,43,26,-4.8397502254008285e-05,2.746299207642644e-05,-1.762280749283379,-0.14956841,1.0,1.0,0.06666666666666667,1.0,True,0.5286842247850136,2179
1,23451,production is,85,47,38,5.1466838190802124e-05,2.677776697942051e-05,1.921998881772176,0.16620235,1.0,1.0,0.03333333333333333,1.0,True,0.5285496924873484,2180
1,18581,mucin production is,85,47,38,5.1466838190802124e-05,2.677776697942051e-05,1.921998881772176,0.16620235,1.0,1.0,0.03333333333333333,1.0,True,0.5285496924873484,2181
1,29352,well controlled.,219,104,115,-5.873842082436201e-05,3.334036932267788e-05,-1.7617807486136203,-0.15846284,1.0,1.0,0.06666666666666667,1.0,True,0.528534224584086,2182
1,10193,diagnostic contrast-enhanced ct,233,121,112,-5.598118098634517e-05,2.9508753511497294e-05,-1.8971042258539863,-0.18278834,0.8571428571428571,1.0,0.06666666666666667,1.0,True,0.5284790343450391,2183
1,25977,specimen bronchoscopic core,82,49,33,6.281080425120543e-05,3.268650545308356e-05,1.92161270776898,0.14051092,1.0,1.0,0.03333333333333333,1.0,True,0.5284434946364696,2184
1,19781,no radiographic progression,67,38,29,4.976097319057124e-05,2.5896989276903374e-05,1.9214964588548262,0.19446121,1.0,1.0,0.03333333333333333,1.0,True,0.5284115261850773,2185
1,5802,and diffusion-weighted,78,33,45,-5.1868929265904865e-05,2.9460394397186926e-05,-1.7606325484514782,-0.22839472,1.0,1.0,0.06666666666666667,1.0,True,0.5281897645354434,2186
1,6532,assess,783,403,380,2.846068119248964e-05,1.4818892753050403e-05,1.9205673235357708,0.26919672,1.0,1.0,0.03333333333333333,1.0,True,0.528156013972337,2187
1,5405,alk rearrangement,350,194,156,6.454279910689045e-05,3.360833881641057e-05,1.920440027085627,0.2704119,1.0,1.0,0.03333333333333333,1.0,True,0.5281210074485475,2188
1,11953,fda-approved kras,396,208,188,-6.81232708734202e-05,3.5474886550672426e-05,-1.9203238543444734,-0.110582896,1.0,1.0,0.03333333333333333,1.0,True,0.5280890599447302,2189
1,9649,cytoplasmic positive,68,34,34,6.009601712636056e-05,3.414209765604367e-05,1.7601735467979558,0.03718951,1.0,1.0,0.06666666666666667,1.0,True,0.5280520640393868,2190
1,12384,follow-up appointments,67,31,36,6.942104827025352e-05,3.615588261538936e-05,1.9200485024449436,0.2425205,1.0,1.0,0.03333333333333333,1.0,True,0.5280133381723595,2191
1,8363,clinical trials,665,341,324,4.726228485568599e-05,2.4616211412935277e-05,1.9199658332009084,0.2584639,1.0,1.0,0.03333333333333333,1.0,True,0.5279906041302499,2192
1,11007,ecog 0. -,55,40,15,-4.4549172292304836e-05,2.320902381753433e-05,-1.9194763486195443,-0.14270481,1.0,1.0,0.03333333333333333,1.0,True,0.5278559958703747,2193
1,7185,bone pain or,217,130,87,-6.124143845177866e-05,3.190642349181272e-05,-1.9194078103894467,-0.14061652,1.0,1.0,0.03333333333333333,1.0,True,0.5278371478570979,2194
1,11635,examination system,349,193,156,-5.6558723874173794e-05,3.215140496706836e-05,-1.759136931406421,-0.17570743,1.0,1.0,0.06666666666666667,1.0,True,0.5277410794219263,2195
1,11636,examination system findings,349,193,156,-5.6558723874173794e-05,3.215140496706836e-05,-1.759136931406421,-0.17570743,1.0,1.0,0.06666666666666667,1.0,True,0.5277410794219263,2196
1,22668,physical examination system,349,193,156,-5.6558723874173794e-05,3.215140496706836e-05,-1.759136931406421,-0.17570743,1.0,1.0,0.06666666666666667,1.0,True,0.5277410794219263,2197
1,23128,predictive,374,192,182,-5.810719562657969e-05,3.3051625662960804e-05,-1.75807375465036,-0.1420658,1.0,1.0,0.06666666666666667,1.0,True,0.527422126395108,2198
1,3537,555,111,57,54,-7.372535648865219e-05,3.844085990924489e-05,-1.9178904078293395,-0.17041115,1.0,1.0,0.03333333333333333,1.0,True,0.5274198621530684,2199
1,20444,nutrition and,233,132,101,-5.5193016330412606e-05,3.1395129294520694e-05,-1.758012072912383,-0.20400667,1.0,1.0,0.06666666666666667,1.0,True,0.5274036218737148,2200
1,17808,metastasis. 3.,169,86,83,-5.6096966441682805e-05,2.9637765584448878e-05,-1.892752889277093,-0.19369926,0.8571428571428571,1.0,0.06666666666666667,1.0,True,0.5272668762986188,2201
1,14934,information for,216,121,95,5.701360427016702e-05,3.244356566866422e-05,1.7573162226503942,0.22285326,1.0,1.0,0.06666666666666667,1.0,True,0.5271948667951183,2202
1,29670,with ipsilateral mediastinal,132,66,66,6.322200754595889e-05,3.597647478589489e-05,1.7573152434252959,0.1613858,1.0,1.0,0.06666666666666667,1.0,True,0.5271945730275888,2203
1,15353,involvement. 4.,79,35,44,4.6778195013223985e-05,2.8848062674467174e-05,1.6215367922999697,0.12058675,1.0,1.0,0.1,1.0,True,0.5269994574974902,2204
1,29188,wbc 5.9,60,33,27,-6.072794891721266e-05,3.169457267855577e-05,-1.9160362101458643,-0.1545006,1.0,1.0,0.03333333333333333,1.0,True,0.5269099577901127,2205
1,4776,additional distant metastatic,72,34,38,-4.8364843852857125e-05,2.5256034874450733e-05,-1.9149816704515048,-0.22302374,1.0,1.0,0.03333333333333333,1.0,True,0.5266199593741638,2206
1,6545,assess response. -,141,67,74,6.730292814897967e-05,3.5152988370367895e-05,1.9145720255667502,0.16888015,1.0,1.0,0.03333333333333333,1.0,True,0.5265073070308564,2207
1,26680,supraclavicular nodes,44,21,23,6.0115106193375954e-05,3.140071738456086e-05,1.9144500890585838,0.2253698,1.0,1.0,0.03333333333333333,1.0,True,0.5264737744911105,2208
1,18499,mri brain.,73,35,38,-4.1079211776223684e-05,2.5365693473988227e-05,-1.6194791527520904,-0.20610303,1.0,1.0,0.1,1.0,True,0.5263307246444294,2209
1,11226,electrician. -,100,37,63,-5.0545857040105074e-05,2.641719735895813e-05,-1.9133693992320826,-0.17624119,1.0,1.0,0.03333333333333333,1.0,True,0.5261765847888228,2210
1,24787,retired electrician. -,100,37,63,-5.0545857040105074e-05,2.641719735895813e-05,-1.9133693992320826,-0.17624119,1.0,1.0,0.03333333333333333,1.0,True,0.5261765847888228,2211
1,24712,rest chest,91,47,44,5.322241480069803e-05,2.783169064544442e-05,1.912295428930748,0.18346685,1.0,1.0,0.03333333333333333,1.0,True,0.5258812429559557,2212
1,6688,at rest chest,91,47,44,5.322241480069803e-05,2.783169064544442e-05,1.912295428930748,0.18346685,1.0,1.0,0.03333333333333333,1.0,True,0.5258812429559557,2213
1,24713,rest chest pain,91,47,44,5.322241480069803e-05,2.783169064544442e-05,1.912295428930748,0.18346685,1.0,1.0,0.03333333333333333,1.0,True,0.5258812429559557,2214
1,12376,follow-up after,744,395,349,-2.9971021252807035e-05,1.8525177585916532e-05,-1.6178533843363543,-0.13985221,1.0,1.0,0.1,1.0,True,0.5258023499093152,2215
1,29191,wbc 6.2 k,113,59,54,-6.701504481603499e-05,3.505294532524492e-05,-1.9118235056776003,-0.18031852,1.0,1.0,0.03333333333333333,1.0,True,0.5257514640613401,2216
1,28807,vaccinations up to,126,72,54,-4.597683102287592e-05,2.6236663334560817e-05,-1.752388649295657,-0.07901391,1.0,1.0,0.06666666666666667,1.0,True,0.5257165947886971,2217
1,28806,vaccinations up,126,72,54,-4.597683102287592e-05,2.6236663334560817e-05,-1.752388649295657,-0.07901391,1.0,1.0,0.06666666666666667,1.0,True,0.5257165947886971,2218
1,8313,clinical genomics,146,78,68,5.58169666250506e-05,3.185313446051069e-05,1.75232257579701,0.12226969,1.0,1.0,0.06666666666666667,1.0,True,0.525696772739103,2219
1,29595,with arterial and,94,49,45,-4.861798794455813e-05,2.7747489905623996e-05,-1.7521580550139781,-0.20429133,1.0,1.0,0.06666666666666667,1.0,True,0.5256474165041934,2220
1,8238,ck7,571,292,279,-6.455109242270615e-05,3.37756965375055e-05,-1.911169836306019,-0.1928626,1.0,1.0,0.03333333333333333,1.0,True,0.5255717049841553,2221
1,22305,patients with metastatic,135,73,62,-5.4525647427580464e-05,2.8542453920457004e-05,-1.910334955064979,-0.15898024,1.0,1.0,0.03333333333333333,1.0,True,0.5253421126428693,2222
1,11791,extraction from,68,36,32,-4.818244788571339e-05,2.5222164934910442e-05,-1.9103216559742344,-0.23241489,1.0,1.0,0.03333333333333333,1.0,True,0.5253384553929145,2223
1,20205,normocephalic atraumatic. no,241,119,122,6.05397694843104e-05,3.170324073659393e-05,1.9095766892509345,0.22701852,1.0,1.0,0.03333333333333333,1.0,True,0.525133589544007,2224
1,6741,atraumatic. no,241,119,122,6.05397694843104e-05,3.170324073659393e-05,1.9095766892509345,0.22701852,1.0,1.0,0.03333333333333333,1.0,True,0.525133589544007,2225
1,8615,codes - z08,149,85,64,-5.8022363398706574e-05,3.038494003166942e-05,-1.9095763670499728,-0.20493996,1.0,1.0,0.03333333333333333,1.0,True,0.5251335009387426,2226
1,27221,the clinic,97,50,47,-4.806956032997218e-05,2.7464077578060488e-05,-1.750270337437885,-0.17983043,1.0,1.0,0.06666666666666667,1.0,True,0.5250811012313654,2227
1,3260,40 100 appetite,69,38,31,-4.6229921673235597e-05,2.5975827504097588e-05,-1.7797285443916273,-0.17250635,1.0,0.9666666666666667,0.06666666666666667,1.0,True,0.52501992059553,2228
1,17215,malignancy,396,211,185,-6.209948011539776e-05,3.2535551643164755e-05,-1.9086653515660907,-0.12987402,1.0,1.0,0.03333333333333333,1.0,True,0.524882971680675,2229
1,18317,moist. neck,305,147,158,-5.1159478417190686e-05,2.9258355305111853e-05,-1.7485425234497851,-0.24546233,1.0,1.0,0.06666666666666667,1.0,True,0.5245627570349355,2230
1,4548,abnormal fdg uptake.,117,50,67,-4.9098728439887216e-05,2.808364831217166e-05,-1.7483030656884941,-0.22030045,1.0,1.0,0.06666666666666667,1.0,True,0.5244909197065483,2231
1,20526,occasional anxiety,257,121,136,6.38516765486011e-05,3.6546867246650936e-05,1.747117642605942,0.18788564,1.0,1.0,0.06666666666666667,1.0,True,0.5241352927817826,2232
1,16599,lobectomy,314,169,145,-0.00018325432707455436,8.741369274360515e-05,-2.096402992744641,-0.2796973,1.0,1.0,0.0,1.0,True,0.5241007481861603,2233
1,8261,classification,322,168,154,6.179446969231388e-05,3.243322515033543e-05,1.905282912996853,0.06472051,1.0,1.0,0.03333333333333333,1.0,True,0.5239528010741346,2234
1,11085,effect or midline,95,49,46,6.0957021414327694e-05,3.1994179365231874e-05,1.9052534749670682,0.12200903,1.0,1.0,0.03333333333333333,1.0,True,0.5239447056159438,2235
1,22043,paratracheal node,80,43,37,-4.597031763352491e-05,2.634072493291242e-05,-1.74521839283495,-0.1842891,1.0,1.0,0.06666666666666667,1.0,True,0.523565517850485,2236
1,5391,alive hypertension. -,318,189,129,-5.729244201532296e-05,3.283127320214534e-05,-1.7450569663432736,-0.16288824,1.0,1.0,0.06666666666666667,1.0,True,0.5235170899029821,2237
1,16851,lower lobe with,238,113,125,-8.150745881821712e-05,3.8924355733580995e-05,-2.0939963496402494,-0.2337917,1.0,1.0,0.0,1.0,True,0.5234990874100623,2238
1,8451,cm in short,403,226,177,5.079129453330724e-05,3.154418927414364e-05,1.6101632567536042,0.1839786,1.0,1.0,0.1,1.0,True,0.5233030584449214,2239
1,27725,throat sinus congestion,131,75,56,-5.088219785108826e-05,2.9173266820682343e-05,-1.7441378150703164,-0.124855176,1.0,1.0,0.06666666666666667,1.0,True,0.5232413445210949,2240
1,14105,hypertension. -,391,213,178,-5.806233449064802e-05,3.329385093085474e-05,-1.7439356778293056,-0.19317712,1.0,1.0,0.06666666666666667,1.0,True,0.5231807033487916,2241
1,11090,effects of,245,129,116,6.347576818660838e-05,3.3378058901728856e-05,1.9017213785107372,0.1924692,1.0,1.0,0.03333333333333333,1.0,True,0.5229733790904527,2242
1,4815,adenocarcinoma,765,391,374,-7.508855595153239e-05,3.948697865221822e-05,-1.901602971776475,-0.22274159,1.0,1.0,0.03333333333333333,1.0,True,0.5229408172385307,2243
1,1120,- status,148,85,63,-6.135390429672225e-05,3.519742712000899e-05,-1.7431360561534872,-0.14094406,1.0,1.0,0.06666666666666667,1.0,True,0.5229408168460461,2244
1,6641,at age 64,94,50,44,0.00010115955225634051,5.803401083068917e-05,1.7431080638466914,0.15565354,1.0,1.0,0.06666666666666667,1.0,True,0.5229324191540073,2245
1,17882,metoclopramide 10,52,26,26,4.413004505996507e-05,2.3213009777578987e-05,1.9010910469089388,0.17294891,1.0,1.0,0.03333333333333333,1.0,True,0.5228000378999582,2246
1,17883,metoclopramide 10 mg,52,26,26,4.413004505996507e-05,2.3213009777578987e-05,1.9010910469089388,0.17294891,1.0,1.0,0.03333333333333333,1.0,True,0.5228000378999582,2247
1,29413,wheezes rales or,304,168,136,-6.167211504747284e-05,3.244754780484383e-05,-1.900671058978032,-0.31070265,1.0,1.0,0.03333333333333333,1.0,True,0.5226845412189588,2248
1,29619,with coronal,135,70,65,-5.540652959495271e-05,2.91558590493866e-05,-1.9003566144664288,-0.19524948,1.0,1.0,0.03333333333333333,1.0,True,0.522598068978268,2249
1,27992,to next,298,159,139,-6.241564648421633e-05,3.286218271911289e-05,-1.899315301655691,-0.17471313,1.0,1.0,0.03333333333333333,1.0,True,0.522311707955315,2250
1,21837,pain 35,121,68,53,-6.950286306765064e-05,3.992137164180151e-05,-1.7409938639201084,-0.1637217,1.0,1.0,0.06666666666666667,1.0,True,0.5222981591760325,2251
1,195,- architecture,69,36,33,-4.1321530949384325e-05,2.5721369296563778e-05,-1.606505877387509,-0.063373804,1.0,1.0,0.1,1.0,True,0.5221144101509404,2252
1,14671,in mild,89,38,51,5.274192374756228e-05,2.7787760091832147e-05,1.898027173592343,0.20122936,1.0,1.0,0.03333333333333333,1.0,True,0.5219574727378944,2253
1,1213,- verify,113,53,60,5.872812403120964e-05,3.134868581336263e-05,1.8733839236787497,0.118583135,0.8571428571428571,1.0,0.06666666666666667,1.0,True,0.5218712358819374,2254
1,29396,wheeze or,92,54,38,-5.185115508988068e-05,2.7330651521763048e-05,-1.897179620785559,-0.24549535,1.0,1.0,0.03333333333333333,1.0,True,0.5217243957160287,2255
1,9873,deficits dermatologic none,119,59,60,-4.593345806810541e-05,2.8628226269256096e-05,-1.6044814525387985,-0.14831156,1.0,1.0,0.1,1.0,True,0.5214564720751095,2256
1,11282,emergence,75,38,37,4.631866263929584e-05,2.88718880456111e-05,1.6042824274644856,0.1922962,1.0,1.0,0.1,1.0,True,0.5213917889259578,2257
1,11283,emergence of,75,38,37,4.631866263929584e-05,2.88718880456111e-05,1.6042824274644856,0.1922962,1.0,1.0,0.1,1.0,True,0.5213917889259578,2258
1,29198,wbc 6.8 k,246,128,118,7.309473681534709e-05,3.8556659604659725e-05,1.895774622719477,0.11605476,1.0,1.0,0.03333333333333333,1.0,True,0.5213380212478562,2259
1,23345,prior platinum-based chemotherapy.,59,28,31,6.0838780035450114e-05,3.209421412207303e-05,1.895630776439788,0.24315512,1.0,1.0,0.03333333333333333,1.0,True,0.5212984635209418,2260
1,12702,four cycles of,383,203,180,-8.570538646060152e-05,4.522201427644965e-05,-1.8952138207880418,-0.1999562,1.0,1.0,0.03333333333333333,1.0,True,0.5211838007167116,2261
1,17984,midline,309,158,151,6.497419346690465e-05,3.4285211936405926e-05,1.8951084096380186,0.11950463,1.0,1.0,0.03333333333333333,1.0,True,0.5211548126504552,2262
1,10835,dwi,554,298,256,4.70989360403608e-05,2.7112532879360792e-05,1.737164736689522,0.14813974,1.0,1.0,0.06666666666666667,1.0,True,0.5211494210068566,2263
1,13719,her2 no,72,35,37,-5.1074125215686214e-05,2.6953044317605057e-05,-1.8949297383199815,-0.25451806,1.0,1.0,0.03333333333333333,1.0,True,0.5211056780379949,2264
1,7106,biopsy of right,370,193,177,-5.606666740393573e-05,3.2286129890292765e-05,-1.7365558397506442,-0.09223285,1.0,1.0,0.06666666666666667,1.0,True,0.5209667519251933,2265
1,9922,deletion exons 1-2,99,50,49,5.221177090824196e-05,2.756989346914365e-05,1.8937966142915137,0.13549075,1.0,1.0,0.03333333333333333,1.0,True,0.5207940689301663,2266
1,28901,verify,189,94,95,6.440101477327125e-05,3.444875256980115e-05,1.869473056906194,0.1211152,0.8571428571428571,1.0,0.06666666666666667,1.0,True,0.520781780138154,2267
1,25216,sclerotic lesions,390,206,184,-5.815480641760623e-05,3.071653712319126e-05,-1.8932735218286967,-0.17108443,1.0,1.0,0.03333333333333333,1.0,True,0.5206502185028916,2268
1,20671,of fever and,63,32,31,-4.969845004602632e-05,2.6265552502470275e-05,-1.8921532315511804,-0.17181765,1.0,1.0,0.03333333333333333,1.0,True,0.5203421386765746,2269
1,13878,histology. -,62,40,22,5.229347582958687e-05,2.763784510496962e-05,1.8920967112658096,0.31787664,1.0,1.0,0.03333333333333333,1.0,True,0.5203265955980977,2270
1,23336,prior palliative,99,46,53,6.457226175428245e-05,3.7230121819547296e-05,1.7344090913067989,0.14153223,1.0,1.0,0.06666666666666667,1.0,True,0.5203227273920397,2271
1,24235,reduced responsiveness to,176,91,85,5.4135592114835965e-05,2.8618110101636334e-05,1.8916550367084017,0.15976565,1.0,1.0,0.03333333333333333,1.0,True,0.5202051350948105,2272
1,27563,therapy procedure codes,100,51,49,6.117882047536266e-05,2.9413026591438566e-05,2.0799906560166903,0.2954425,1.0,1.0,0.0,1.0,True,0.5199976640041726,2273
1,27562,therapy procedure,100,51,49,6.117882047536266e-05,2.9413026591438566e-05,2.0799906560166903,0.2954425,1.0,1.0,0.0,1.0,True,0.5199976640041726,2274
1,22863,pneumococcal .,86,50,36,-4.9291279200479e-05,2.6070287588748086e-05,-1.8907071520665952,-0.08102316,1.0,1.0,0.03333333333333333,1.0,True,0.5199444668183137,2275
1,6883,baseline cardiac evaluation,113,71,42,6.0356717520165505e-05,2.9022703627029435e-05,2.0796380067070688,0.20989077,1.0,1.0,0.0,1.0,True,0.5199095016767672,2276
1,23830,r273c mutation,176,86,90,-7.61334781306836e-05,4.028829664927222e-05,-1.8897169764574522,-0.16141784,1.0,1.0,0.03333333333333333,1.0,True,0.5196721685257993,2277
1,12082,fever severe,91,43,48,6.529621864112683e-05,3.4570333308420675e-05,1.8887934362270644,0.12946138,1.0,1.0,0.03333333333333333,1.0,True,0.5194181949624428,2278
1,14526,impression 1. progressive,149,64,85,-4.8138703889268445e-05,3.0121110196821478e-05,-1.5981716336055989,-0.20092608,1.0,1.0,0.1,1.0,True,0.5194057809218197,2279
1,13733,heterogeneous enhancement,267,138,129,-5.873099417914036e-05,3.1102787058410194e-05,-1.8882871836805217,-0.22287345,1.0,1.0,0.03333333333333333,1.0,True,0.5192789755121435,2280
1,26883,syndromes allergies -,127,71,56,5.331985780489462e-05,2.8240193618355405e-05,1.888084002732831,0.17113447,1.0,1.0,0.03333333333333333,1.0,True,0.5192231007515286,2281
1,11976,fdg uptake suvmax,509,260,249,-5.823966270741981e-05,3.086157584448271e-05,-1.887125369128927,-0.15122348,1.0,1.0,0.03333333333333333,1.0,True,0.5189594765104549,2282
1,246,- cardiac,129,64,65,-5.9534350356672706e-05,3.155095813833496e-05,-1.8869268595788675,-0.1685065,1.0,1.0,0.03333333333333333,1.0,True,0.5189048863841886,2283
1,10660,dlco to,104,43,61,-5.421063168939726e-05,2.8731332715848555e-05,-1.8868122904543865,-0.20203832,1.0,1.0,0.03333333333333333,1.0,True,0.5188733798749563,2284
1,23512,progression despite,75,39,36,5.824711919977336e-05,3.0879425171567096e-05,1.8862760195874912,0.19048277,1.0,1.0,0.03333333333333333,1.0,True,0.5187259053865602,2285
1,2102,10.8 g dl,54,29,25,-7.144510760026499e-05,3.788205418875181e-05,-1.8859882107839587,-0.16853537,1.0,1.0,0.03333333333333333,1.0,True,0.5186467579655887,2286
1,2101,10.8 g,54,29,25,-7.144510760026499e-05,3.788205418875181e-05,-1.8859882107839587,-0.16853537,1.0,1.0,0.03333333333333333,1.0,True,0.5186467579655887,2287
1,29795,with spouse independent,412,193,219,-5.702591234171392e-05,3.2994960979754935e-05,-1.7283218603199413,-0.21594977,1.0,1.0,0.06666666666666667,1.0,True,0.5184965580959824,2288
1,26059,spouse independent,412,193,219,-5.702591234171392e-05,3.2994960979754935e-05,-1.7283218603199413,-0.21594977,1.0,1.0,0.06666666666666667,1.0,True,0.5184965580959824,2289
1,6953,be explored,95,47,48,-5.493186310132708e-05,2.9144412147596902e-05,-1.8848163010848884,-0.19898286,1.0,1.0,0.03333333333333333,1.0,True,0.5183244827983443,2290
1,13189,genomics,222,111,111,6.769897737366158e-05,3.2658935260975726e-05,2.0729082816902276,0.23048513,1.0,1.0,0.0,1.0,True,0.5182270704225569,2291
1,5971,and obtain,190,100,90,-5.775253626640161e-05,3.3435481527634356e-05,-1.7272829230429734,-0.18272093,1.0,1.0,0.06666666666666667,1.0,True,0.518184876912892,2292
1,21616,origin p40,82,44,38,-6.273650653964617e-05,3.027224129010494e-05,-2.072410362299563,-0.22005545,1.0,1.0,0.0,1.0,True,0.5181025905748907,2293
1,17978,microscopic description -,463,240,223,-4.7051286210408395e-05,2.270659099719522e-05,-2.0721422346586635,-0.19111933,1.0,1.0,0.0,1.0,True,0.5180355586646659,2294
1,3489,500 cancer-relevant,99,58,41,-5.1564281051408176e-05,2.7377959350322302e-05,-1.88342309927497,-0.1023184,1.0,1.0,0.03333333333333333,1.0,True,0.5179413523006168,2295
1,23622,provided written,387,196,191,5.592912349551449e-05,2.970138297088892e-05,1.8830477877185732,0.17708878,1.0,1.0,0.03333333333333333,1.0,True,0.5178381416226077,2296
1,16900,lung adenocarcinomas.,94,57,37,-5.185282173217718e-05,2.7548740179010068e-05,-1.8822211613032263,-0.22445938,1.0,1.0,0.03333333333333333,1.0,True,0.5176108193583873,2297
1,2685,200 mg iv,48,16,32,9.691604498531955e-05,5.1510673607300174e-05,1.8814750069893176,0.21419398,1.0,1.0,0.03333333333333333,1.0,True,0.5174056269220624,2298
1,27050,tan-white firm. -,65,40,25,9.250143358466906e-05,4.9166706262909473e-05,1.8813835746904723,0.18834457,1.0,1.0,0.03333333333333333,1.0,True,0.5173804830398799,2299
1,26065,spouse retired electrician,73,33,40,-5.316943123382341e-05,3.083136148798364e-05,-1.7245242722915728,-0.22735228,1.0,1.0,0.06666666666666667,1.0,True,0.5173572816874719,2300
1,25561,shown,78,45,33,4.828036827367652e-05,2.5669323321440135e-05,1.8808586291540712,0.17874065,1.0,1.0,0.03333333333333333,1.0,True,0.5172361230173697,2301
1,16014,l858r,85,46,39,-7.287082008518509e-05,3.874882680234083e-05,-1.880594229520852,-0.06361754,1.0,1.0,0.03333333333333333,1.0,True,0.5171634131182343,2302
1,21498,or sclerotic lesions,380,202,178,-5.787517181577922e-05,3.0778916126041316e-05,-1.8803511981636156,-0.19037566,1.0,1.0,0.03333333333333333,1.0,True,0.5170965794949943,2303
1,2402,16,755,394,361,-3.0443148214159146e-05,1.7663830640694963e-05,-1.723473737572101,-0.022381002,1.0,1.0,0.06666666666666667,1.0,True,0.5170421212716303,2304
1,13275,glucose,546,277,269,-4.6076644785067194e-05,2.4514249421083707e-05,-1.879586194690446,-0.2020481,1.0,1.0,0.03333333333333333,1.0,True,0.5168862035398727,2305
1,26663,supports non-adenocarcinoma,131,76,55,5.905956490151558e-05,2.856858441771575e-05,2.067290560777382,0.28393748,1.0,1.0,0.0,1.0,True,0.5168226401943455,2306
1,15887,l .,176,89,87,-6.321168065085439e-05,3.3636404974962515e-05,-1.8792638719240784,-0.21461657,1.0,1.0,0.03333333333333333,1.0,True,0.5167975647791216,2307
1,18112,min ast 32,61,35,26,5.796358115650075e-05,3.084695900033774e-05,1.8790695431554894,0.11865051,1.0,1.0,0.03333333333333333,1.0,True,0.5167441243677596,2308
1,8998,constitutional no,483,260,223,-5.987683988879902e-05,3.1877990792643716e-05,-1.8783128547303685,-0.25302905,1.0,1.0,0.03333333333333333,1.0,True,0.5165360350508513,2309
1,3538,555 123-4567,108,57,51,-5.7189616266697616e-05,3.0449962045615896e-05,-1.8781506584810874,-0.14796391,1.0,1.0,0.03333333333333333,1.0,True,0.5164914310822991,2310
1,2283,123-4567,108,57,51,-5.7189616266697616e-05,3.0449962045615896e-05,-1.8781506584810874,-0.14796391,1.0,1.0,0.03333333333333333,1.0,True,0.5164914310822991,2311
1,3512,55 100 emotional,247,140,107,-4.6215213733844524e-05,2.6857035164804798e-05,-1.7207861348153553,-0.07043195,1.0,1.0,0.06666666666666667,1.0,True,0.5162358404446066,2312
1,13216,gland a,74,37,37,5.4839686086905795e-05,3.1869963201170105e-05,1.7207326453672327,0.176225,1.0,1.0,0.06666666666666667,1.0,True,0.5162197936101698,2313
1,4974,adrenal gland a,74,37,37,5.4839686086905795e-05,3.1869963201170105e-05,1.7207326453672327,0.176225,1.0,1.0,0.06666666666666667,1.0,True,0.5162197936101698,2314
1,10820,dry,333,180,153,-7.42787616601608e-05,3.9575535369482165e-05,-1.876885832792531,-0.22379461,1.0,1.0,0.03333333333333333,1.0,True,0.5161436040179461,2315
1,16270,lesions identified. osseous,80,47,33,5.2469771846760146e-05,2.79571619718214e-05,1.8767917823577913,0.17914014,1.0,1.0,0.03333333333333333,1.0,True,0.5161177401483926,2316
1,16517,load,79,46,33,4.9053187779986763e-05,2.3762281209672458e-05,2.0643299078549586,0.22639757,1.0,1.0,0.0,1.0,True,0.5160824769637397,2317
1,923,- platinum-based,108,64,44,-4.8242988543372834e-05,2.571940324616262e-05,-1.8757429199128395,-0.15009327,1.0,1.0,0.03333333333333333,1.0,True,0.5158293029760309,2318
1,29759,with persistent,74,42,32,4.127874581677002e-05,2.6016050098281846e-05,1.5866646036131422,0.2417999,1.0,1.0,0.1,1.0,True,0.5156659961742712,2319
1,20366,nsclc kras,212,118,94,7.727031907951462e-05,4.4981061349331656e-05,1.7178411705188172,0.21797325,1.0,1.0,0.06666666666666667,1.0,True,0.5153523511556451,2320
1,1791,1 mild,99,57,42,-7.560385494656165e-05,4.4014592237716756e-05,-1.717699769618122,-0.20090224,1.0,1.0,0.06666666666666667,1.0,True,0.5153099308854365,2321
1,29452,which she,132,76,56,6.462364974628738e-05,3.4492951694949174e-05,1.8735320281607057,0.13505498,1.0,1.0,0.03333333333333333,1.0,True,0.5152213077441942,2322
1,13793,high complexity <new,160,94,66,-5.4093917883354466e-05,3.1511921389193204e-05,-1.7166175688006635,-0.13426627,1.0,1.0,0.06666666666666667,1.0,True,0.514985270640199,2323
1,17430,maximal,309,158,151,6.516189014321002e-05,3.479850374891148e-05,1.872548619141371,0.16282181,1.0,1.0,0.03333333333333333,1.0,True,0.5149508702638771,2324
1,14902,inflammation.,262,134,128,-5.282117919365532e-05,3.079567739066275e-05,-1.715214071234254,-0.19144745,1.0,1.0,0.06666666666666667,1.0,True,0.5145642213702762,2325
1,11544,evaluate eligibility,206,96,110,5.756013709972439e-05,2.7967768859720914e-05,2.0580882725551377,0.3113992,1.0,1.0,0.0,1.0,True,0.5145220681387844,2326
1,24331,regimen ondansetron,134,62,72,-5.9993504039738366e-05,3.206981273636757e-05,-1.8707157579284825,-0.046384837,1.0,1.0,0.03333333333333333,1.0,True,0.5144468334303327,2327
1,23668,pulmonary adenocarcinoma,222,106,116,-6.665570386102311e-05,3.5644872800568594e-05,-1.8699941569144791,-0.18691957,1.0,1.0,0.03333333333333333,1.0,True,0.5142483931514819,2328
1,17743,met-targeted therapy,91,47,44,-6.436719776596741e-05,3.442175282575191e-05,-1.8699570034043256,-0.2013128,1.0,1.0,0.03333333333333333,1.0,True,0.5142381759361896,2329
1,27843,to a,381,195,186,7.198153313571621e-05,3.8502261859386685e-05,1.869540376578355,0.23008822,1.0,1.0,0.03333333333333333,1.0,True,0.5141236035590476,2330
1,5428,all qc parameters,64,36,28,5.0216586573752835e-05,2.6860519722666586e-05,1.8695314570319703,0.10442916,1.0,1.0,0.03333333333333333,1.0,True,0.5141211506837918,2331
1,978,- quality metrics,127,72,55,5.105125579398771e-05,2.7307551479012295e-05,1.8694922477111895,0.101307616,1.0,1.0,0.03333333333333333,1.0,True,0.5141103681205772,2332
1,18783,na 138 meq,90,37,53,-8.730458283927743e-05,4.671577464598443e-05,-1.868845877027149,-0.04277336,1.0,1.0,0.03333333333333333,1.0,True,0.513932616182466,2333
1,17499,md board-certified,383,189,194,5.618054236399236e-05,3.0071994008657066e-05,1.8682014351232983,0.17320897,1.0,1.0,0.03333333333333333,1.0,True,0.5137553946589071,2334
1,26196,stable. plan,73,38,35,-4.84656256500401e-05,2.595236366113299e-05,-1.8674840674579334,-0.25607288,1.0,1.0,0.03333333333333333,1.0,True,0.5135581185509317,2335
1,16634,logistics of,60,33,27,-4.9538918334165154e-05,2.6529576022763545e-05,-1.8673090852133702,-0.21855305,1.0,1.0,0.03333333333333333,1.0,True,0.5135099984336768,2336
1,15313,intravenous injection of,106,57,49,-4.980394881238174e-05,2.667272798377467e-05,-1.8672236616621316,-0.033051923,1.0,1.0,0.03333333333333333,1.0,True,0.5134865069570862,2337
1,15312,intravenous injection,106,57,49,-4.980394881238174e-05,2.667272798377467e-05,-1.8672236616621316,-0.033051923,1.0,1.0,0.03333333333333333,1.0,True,0.5134865069570862,2338
1,13263,glasses wine,207,115,92,6.548095068884289e-05,3.848474774491607e-05,1.7014779757129392,0.19795331,0.8571428571428571,1.0,0.1,1.0,True,0.5134817462419407,2339
1,1830,1-2 glasses wine,207,115,92,6.548095068884289e-05,3.848474774491607e-05,1.7014779757129392,0.19795331,0.8571428571428571,1.0,0.1,1.0,True,0.5134817462419407,2340
1,20177,normal no,109,53,56,-5.537839035370848e-05,3.181748592298084e-05,-1.7405017633310333,-0.17655072,1.0,0.9666666666666667,0.06666666666666667,1.0,True,0.5134480201826548,2341
1,22500,performed - contrast-enhanced,98,49,49,5.713609905270709e-05,3.060543123172922e-05,1.8668614279635776,0.19278452,1.0,1.0,0.03333333333333333,1.0,True,0.5133868926899838,2342
1,19294,ng extracted from,102,54,48,5.944523234021516e-05,3.184528539424298e-05,1.8666886355165693,0.1280267,1.0,1.0,0.03333333333333333,1.0,True,0.5133393747670566,2343
1,19293,ng extracted,102,54,48,5.944523234021516e-05,3.184528539424298e-05,1.8666886355165693,0.1280267,1.0,1.0,0.03333333333333333,1.0,True,0.5133393747670566,2344
1,23116,pre-operative,81,41,40,-6.391587421451591e-05,3.73533838944504e-05,-1.7111133597727917,-0.19476238,1.0,1.0,0.06666666666666667,1.0,True,0.5133340079318375,2345
1,15562,iv large-cell non-small,40,23,17,6.766408363494236e-05,3.29533289883301e-05,2.053330747218423,0.3228925,1.0,1.0,0.0,1.0,True,0.5133326868046058,2346
1,18350,molecular studies -,187,105,82,-5.4475660900338765e-05,2.7110781110129167e-05,-2.0093726063829824,-0.2451711,0.8571428571428571,1.0,0.03333333333333333,1.0,True,0.5131076477013689,2347
1,7278,brain metastases -,147,70,77,0.00011393603055029994,5.551578165508361e-05,2.052317866263291,0.15524754,1.0,1.0,0.0,1.0,True,0.5130794665658227,2348
1,29083,volume,165,81,84,-6.283433536351173e-05,3.36819036074135e-05,-1.8655220944721687,-0.28275466,1.0,1.0,0.03333333333333333,1.0,True,0.5130185759798465,2349
1,10546,distress. - vital,191,88,103,5.824539402252834e-05,3.406866244835831e-05,1.7096472193710985,0.19403635,1.0,1.0,0.06666666666666667,1.0,True,0.5128941658113295,2350
1,11545,evaluate eligibility for,201,92,109,5.772195115505291e-05,2.8143345824051095e-05,2.0509981832268203,0.30024946,1.0,1.0,0.0,1.0,True,0.5127495458067051,2351
1,13472,he denies chest,113,47,66,-5.925143509072175e-05,2.8890226749796127e-05,-2.050916235579213,-0.29780003,1.0,1.0,0.0,1.0,True,0.5127290588948032,2352
1,28550,unchanged .,59,31,28,-5.0120561105548595e-05,2.9330380513973428e-05,-1.7088275101535222,-0.26333612,1.0,1.0,0.06666666666666667,1.0,True,0.5126482530460567,2353
1,9588,cycle 2,298,173,125,-8.165480569862911e-05,4.380984310077047e-05,-1.863846111267928,-0.1622567,1.0,1.0,0.03333333333333333,1.0,True,0.5125576805986802,2354
1,24270,reference 150-400 -,471,245,226,-7.53097507201694e-05,4.0411901039530114e-05,-1.8635537745799908,-0.1662388,1.0,1.0,0.03333333333333333,1.0,True,0.5124772880094975,2355
1,28541,ul reference 150-400,471,245,226,-7.53097507201694e-05,4.0411901039530114e-05,-1.8635537745799908,-0.1662388,1.0,1.0,0.03333333333333333,1.0,True,0.5124772880094975,2356
1,21714,outpatient growth-factor support,70,38,32,7.606966001767393e-05,3.711621642782234e-05,2.0494993115907163,0.17509878,1.0,1.0,0.0,1.0,True,0.5123748278976791,2357
1,24269,reference 150-400,471,245,226,-7.528953407777147e-05,4.041284313618916e-05,-1.8630100788516586,-0.16619372,1.0,1.0,0.03333333333333333,1.0,True,0.5123277716842062,2358
1,27455,the supratentorial,93,45,48,8.15118115942473e-05,4.376180677480511e-05,1.862624457296766,0.1659402,1.0,1.0,0.03333333333333333,1.0,True,0.5122217257566107,2359
1,3784,7 10r,171,98,73,-6.604476807999203e-05,3.5459957959992046e-05,-1.8625168183929466,-0.23400512,1.0,1.0,0.03333333333333333,1.0,True,0.5121921250580603,2360
1,743,- neurologic grossly,414,205,209,-6.679657393471477e-05,3.2609799347161486e-05,-2.0483589372508377,-0.19239478,1.0,1.0,0.0,1.0,True,0.5120897343127094,2361
1,24620,resistance mechanisms.,68,32,36,5.5949901013285136e-05,2.732298281704826e-05,2.0477230245291898,0.30678546,1.0,1.0,0.0,1.0,True,0.5119307561322974,2362
1,1496,. - illicit,72,59,13,-3.895172960475122e-05,2.092981202766345e-05,-1.86106447364495,-0.18002637,1.0,1.0,0.03333333333333333,1.0,True,0.5117927302523613,2363
1,4755,add,303,149,154,6.0429896119836986e-05,3.542484152749829e-05,1.7058621440247994,0.19494121,1.0,1.0,0.06666666666666667,1.0,True,0.5117586432074398,2364
1,18391,month ago -,61,34,27,4.709061641105346e-05,2.5305738403442573e-05,1.8608671148140568,0.13962573,1.0,1.0,0.03333333333333333,1.0,True,0.5117384565738656,2365
1,12922,fx,284,146,138,0.00010036746050624648,5.395719757375914e-05,1.8601310857378166,0.10683701,1.0,1.0,0.03333333333333333,1.0,True,0.5115360485778996,2366
1,19847,no v600e or,153,77,76,4.8411749259796935e-05,3.075823552779717e-05,1.5739442926121605,0.15996492,1.0,1.0,0.1,1.0,True,0.5115318950989521,2367
1,3776,68. - mother,136,64,72,-6.049997313116256e-05,3.54821449968847e-05,-1.7050821796843003,-0.19368744,1.0,1.0,0.06666666666666667,1.0,True,0.5115246539052901,2368
1,1975,1.5 mg dl,30,7,23,-5.7532144406108935e-05,3.093889494910041e-05,-1.8595410243565198,-0.09676977,1.0,1.0,0.03333333333333333,1.0,True,0.511373781698043,2369
1,12001,fdg-avid soft-tissue masses,95,50,45,-4.838248836062304e-05,2.8410732127602996e-05,-1.70296520847543,-0.074616246,1.0,1.0,0.06666666666666667,1.0,True,0.510889562542629,2370
1,12131,field no rales,62,36,26,4.8608572303121756e-05,2.6514235314498458e-05,1.8333009316147133,0.35400045,0.8571428571428571,1.0,0.06666666666666667,1.0,True,0.5107052595212416,2371
1,23990,rashes bruising or,199,105,94,-5.0595427863336184e-05,3.220045500551224e-05,-1.5712643766889318,-0.092501275,1.0,1.0,0.1,1.0,True,0.5106609224239028,2372
1,3879,70-year-old male,39,11,28,-7.341423663152866e-05,3.5953361616249965e-05,-2.0419296925589117,-0.21545997,1.0,1.0,0.0,1.0,True,0.5104824231397279,2373
1,449,- fda-approved kras,126,62,64,-5.2623418106323815e-05,2.8348801312983517e-05,-1.856283711093729,-0.001938714,1.0,1.0,0.03333333333333333,1.0,True,0.5104780205507755,2374
1,5821,and evaluation,81,40,41,-5.611722032666235e-05,3.0247376113553564e-05,-1.8552756482409973,-0.16396253,1.0,1.0,0.03333333333333333,1.0,True,0.5102008032662743,2375
1,8414,cm 0.9 cm,142,80,62,6.231903198126896e-05,3.05394960107331e-05,2.040604467060195,0.27693266,1.0,1.0,0.0,1.0,True,0.5101511167650488,2376
1,25156,sc on day,71,45,26,-5.739327411079153e-05,3.0943159508529816e-05,-1.8547968281962433,-0.1010945,1.0,1.0,0.03333333333333333,1.0,True,0.510069127753967,2377
1,924,- platinum-based doublet,107,64,43,-4.7776419028948995e-05,2.5763926144949113e-05,-1.8543920192969239,-0.1518751,1.0,1.0,0.03333333333333333,1.0,True,0.5099578053066541,2378
1,18861,nausea recurs. -,62,37,25,-4.491682391659003e-05,2.4231121999107864e-05,-1.8536832061777317,-0.17485882,1.0,1.0,0.03333333333333333,1.0,True,0.5097628816988763,2379
1,29855,within normal,763,396,367,3.627325732389085e-05,1.9573420625266826e-05,1.853189486822075,0.09067862,1.0,1.0,0.03333333333333333,1.0,True,0.5096271088760707,2380
1,4353,a kras g12c,372,196,176,-5.238233538143811e-05,3.0843992341488295e-05,-1.6982994549307602,-0.08585161,1.0,1.0,0.06666666666666667,1.0,True,0.5094898364792281,2381
1,490,- gastrointestinal no,605,310,295,-4.452855295219816e-05,2.622232170199642e-05,-1.6981163398970889,-0.21104662,1.0,1.0,0.06666666666666667,1.0,True,0.5094349019691267,2382
1,1110,- stable.,135,61,74,-5.573768918239487e-05,3.0098468197278648e-05,-1.851844712397503,-0.21248887,1.0,1.0,0.03333333333333333,1.0,True,0.5092572959093133,2383
1,8981,constipation 20,123,47,76,6.552978599897951e-05,3.538855600965979e-05,1.8517225167676314,0.15317628,1.0,1.0,0.03333333333333333,1.0,True,0.5092236921110986,2384
1,7276,brain limited,93,52,41,-4.753543037219141e-05,2.5675927826723662e-05,-1.8513617382393575,-0.12529027,1.0,1.0,0.03333333333333333,1.0,True,0.5091244780158234,2385
1,12059,fever -,169,77,92,5.678003385770241e-05,2.8491340711274324e-05,1.9928873980729855,0.26416603,0.8571428571428571,1.0,0.03333333333333333,1.0,True,0.5088980320079232,2386
1,16758,low complexity,502,256,246,3.737733025673272e-05,2.2035519412934303e-05,1.6962309604008314,0.18357012,1.0,1.0,0.06666666666666667,1.0,True,0.5088692881202495,2387
1,26852,symptoms mild,59,38,21,-5.788996935881841e-05,2.8454599692968646e-05,-2.0344678886177925,-0.18057127,1.0,1.0,0.0,1.0,True,0.5086169721544481,2388
1,27402,the primary lesion,87,49,38,4.844233704648852e-05,2.8586228508952388e-05,1.694603995462982,0.099677585,1.0,1.0,0.06666666666666667,1.0,True,0.5083811986388945,2389
1,22857,plus,286,153,133,-6.827806343790422e-05,3.6939145167573024e-05,-1.8483931647081542,-0.17692094,1.0,1.0,0.03333333333333333,1.0,True,0.5083081202947425,2390
1,276,- clinical genomics,130,69,61,5.5276998048313195e-05,3.2637186181104685e-05,1.6936814877845028,0.09464103,1.0,1.0,0.06666666666666667,1.0,True,0.5081044463353508,2391
1,28257,treated lesions,69,32,37,9.125983734855325e-05,4.941297153521511e-05,1.8468801716066632,0.17717649,1.0,1.0,0.03333333333333333,1.0,True,0.5078920471918325,2392
1,17467,may predict reduced,81,34,47,-4.016459090827174e-05,2.570154812891559e-05,-1.5627304124565347,-0.13477364,1.0,1.0,0.1,1.0,True,0.5078873840483737,2393
1,28396,tumor and,159,82,77,6.458262328504879e-05,3.497239677914599e-05,1.8466742126052784,0.19743228,1.0,1.0,0.03333333333333333,1.0,True,0.5078354084664516,2394
1,11626,exam.,83,41,42,-6.17402451970425e-05,3.0398432570068103e-05,-2.031033838824808,-0.21616986,1.0,1.0,0.0,1.0,True,0.507758459706202,2395
1,4715,activity of,164,78,86,-7.407667551562e-05,3.647644234138227e-05,-2.0308086743311735,-0.08570647,1.0,1.0,0.0,1.0,True,0.5077021685827934,2396
1,24205,recurrent tumor,106,55,51,-4.799094891887016e-05,2.599596165626099e-05,-1.8460924644159793,-0.14102596,1.0,1.0,0.03333333333333333,1.0,True,0.5076754277143943,2397
1,23773,qc parameters,67,38,29,4.940131712419409e-05,2.6772725839264453e-05,1.8452105856080931,0.07987465,1.0,1.0,0.03333333333333333,1.0,True,0.5074329110422257,2398
1,13369,guidelines for,167,95,72,5.6308613801522e-05,3.3301981446954175e-05,1.6908487529852982,0.08820614,1.0,1.0,0.06666666666666667,1.0,True,0.5072546258955895,2399
1,20266,note patient john,133,56,77,-8.860154700115317e-05,4.803431017633569e-05,-1.8445470888598938,-0.21829927,1.0,1.0,0.03333333333333333,1.0,True,0.5072504494364708,2400
1,2792,28 % pathogenic,111,64,47,4.9766253540119113e-05,2.6981032374569207e-05,1.8444903385915643,0.2196548,1.0,1.0,0.03333333333333333,1.0,True,0.5072348431126802,2401
1,19919,node station 7,83,54,29,-5.343494133949155e-05,2.8970380492265833e-05,-1.8444680543204108,-0.18038744,1.0,1.0,0.03333333333333333,1.0,True,0.5072287149381131,2402
1,26280,start. - baseline,82,39,43,-5.8799152817510406e-05,2.898582233828815e-05,-2.0285487205184802,-0.21707217,1.0,1.0,0.0,1.0,True,0.5071371801296201,2403
1,9616,cycles of carboplatin,75,34,41,-7.54131032205207e-05,4.4623396834943835e-05,-1.6899901972829188,-0.1457621,1.0,1.0,0.06666666666666667,1.0,True,0.5069970591848756,2404
1,10399,disease after,357,202,155,-5.560006094299445e-05,3.0163321213896928e-05,-1.8433003630043974,-0.20190944,1.0,1.0,0.03333333333333333,1.0,True,0.5069075998262094,2405
1,22523,performed 60 minutes,161,77,84,-5.126173332332738e-05,2.7811561191844865e-05,-1.843180717893635,-0.048297126,1.0,1.0,0.03333333333333333,1.0,True,0.5068746974207496,2406
1,26715,surrounding lung parenchyma,69,33,36,-4.909415389898281e-05,2.6635725008355995e-05,-1.843169423155604,-0.27505666,1.0,1.0,0.03333333333333333,1.0,True,0.5068715913677911,2407
1,5214,agents. 4.,88,38,50,-5.502374368489884e-05,2.98561890757557e-05,-1.8429593792189674,-0.14935036,1.0,1.0,0.03333333333333333,1.0,True,0.506813829285216,2408
1,29678,with known primary,165,77,88,5.692944613366579e-05,3.089205201842601e-05,1.8428509086968192,0.19285856,1.0,1.0,0.03333333333333333,1.0,True,0.5067839998916254,2409
1,4748,adc,291,165,126,6.931833208832784e-05,3.762251178565324e-05,1.8424695427901046,0.16558526,1.0,1.0,0.03333333333333333,1.0,True,0.5066791242672788,2410
1,11396,enhancing,684,359,325,6.542432558890965e-05,3.22839099369247e-05,2.0265304207803103,0.16390823,1.0,1.0,0.0,1.0,True,0.5066326051950776,2411
1,24735,restriction,324,163,161,6.429956735422481e-05,3.173127556191696e-05,2.0263782724006045,0.16210806,1.0,1.0,0.0,1.0,True,0.5065945681001511,2412
1,18381,monitoring repeat,176,99,77,-5.212994974510733e-05,3.0891671547594435e-05,-1.6875082225573752,-0.1974807,1.0,1.0,0.06666666666666667,1.0,True,0.5062524667672126,2413
1,8413,cm 0.9,142,80,62,6.301107875346275e-05,3.1117176738743277e-05,2.024961302964517,0.28010678,1.0,1.0,0.0,1.0,True,0.5062403257411292,2414
1,7480,by the panel,106,59,47,4.908151376171222e-05,2.6226642072769108e-05,1.8714372059346907,0.14342913,1.0,0.9666666666666667,0.03333333333333333,1.0,True,0.5060678111048393,2415
1,25809,smarca4,65,30,35,-6.003325658555462e-05,3.2639603216807603e-05,-1.8392765434918275,-0.2228521,1.0,1.0,0.03333333333333333,1.0,True,0.5058010494602526,2416
1,23771,q8h prn nausea.,79,47,32,-5.012825358434191e-05,2.7260117404530806e-05,-1.8388861955528584,-0.2267152,1.0,1.0,0.03333333333333333,1.0,True,0.505693703777036,2417
1,691,- met no,90,35,55,-5.4488258157016554e-05,2.9634565779879057e-05,-1.8386723990405953,-0.22000219,1.0,1.0,0.03333333333333333,1.0,True,0.5056349097361638,2418
1,29696,with mediastinal,590,313,277,-8.640483722047262e-05,4.272375937942574e-05,-2.0224071681782325,-0.25391394,1.0,1.0,0.0,1.0,True,0.5056017920445581,2419
1,6378,are fda-approved,105,54,51,5.946053924028306e-05,3.2344989866991354e-05,1.8383230133877275,0.15583958,1.0,1.0,0.03333333333333333,1.0,True,0.5055388286816251,2420
1,2392,150-400 -,474,247,227,-7.402828119128848e-05,4.0269489863922636e-05,-1.8383218024723547,-0.16832584,1.0,1.0,0.03333333333333333,1.0,True,0.5055384956798976,2421
1,24747,results and finalize,181,92,89,-5.1572978653288725e-05,3.060671430910137e-05,-1.685021728645754,-0.19713058,1.0,1.0,0.06666666666666667,1.0,True,0.5055065185937262,2422
1,15460,is limited,243,130,113,-4.827732417863146e-05,3.0525913303937404e-05,-1.581519402808642,-0.18300237,1.0,0.9666666666666667,0.1,1.0,True,0.5054272424809285,2423
1,1559,. all,106,48,58,6.342105649980833e-05,3.4509912161397994e-05,1.8377634867106294,0.16988143,1.0,1.0,0.03333333333333333,1.0,True,0.5053849588454231,2424
1,932,- positive,101,60,41,-5.347210092672188e-05,3.4388429640591425e-05,-1.554944540520817,-0.15939377,1.0,1.0,0.1,1.0,True,0.5053569756692656,2425
1,17585,mediastinal lymph nodes.,57,28,29,5.0771180345651274e-05,2.7633679540116693e-05,1.8372935197408342,0.2700532,1.0,1.0,0.03333333333333333,1.0,True,0.5052557179287295,2426
1,11500,erbb2 her2 no,70,33,37,-4.9772452647380255e-05,2.709881544498893e-05,-1.8367021521076892,-0.25728178,1.0,1.0,0.03333333333333333,1.0,True,0.5050930918296146,2427
1,3864,70 100 role,303,170,133,-4.4540903595110374e-05,2.6460072017563632e-05,-1.6833251083196248,-0.0068366146,1.0,1.0,0.06666666666666667,1.0,True,0.5049975324958874,2428
1,2393,150-400 - normal,471,245,226,-7.386919722799397e-05,4.0226950988738675e-05,-1.8363111151196436,-0.165596,1.0,1.0,0.03333333333333333,1.0,True,0.504985556657902,2429
1,20173,normal morphology,72,34,38,-5.194977099370092e-05,2.5719632034577756e-05,-2.019848920227905,-0.1076882,1.0,1.0,0.0,1.0,True,0.5049622300569763,2430
1,7321,breast,587,303,284,5.8491926083092474e-05,3.186705089396124e-05,1.8354985617503945,0.22538216,1.0,1.0,0.03333333333333333,1.0,True,0.5047621044813585,2431
1,11298,emotional,760,392,368,-3.659836659602989e-05,1.851601402080963e-05,-1.9765791144302447,-0.14649566,0.8571428571428571,1.0,0.03333333333333333,1.0,True,0.504733595292009,2432
1,14785,including platinum-based doublet,79,42,37,-4.885505726699871e-05,2.9042556158599342e-05,-1.6821886131580397,-0.07749427,1.0,1.0,0.06666666666666667,1.0,True,0.5046565839474119,2433
1,29094,vomiting dysphagia genitourinary,74,35,39,5.59589207909415e-05,3.050782274550179e-05,1.8342482601185408,0.18821312,1.0,1.0,0.03333333333333333,1.0,True,0.5044182715325988,2434
1,13229,glands and upper,62,37,25,-4.949984412860143e-05,2.9441754058163832e-05,-1.681280403022582,-0.1852854,1.0,1.0,0.06666666666666667,1.0,True,0.5043841209067746,2435
1,3993,8.0 k,62,34,28,-5.810621517075901e-05,3.168120826863345e-05,-1.8340908805643032,-0.24143454,1.0,1.0,0.03333333333333333,1.0,True,0.5043749921551834,2436
1,18946,negative for intracranial,206,105,101,-6.192427096040244e-05,3.376518585875926e-05,-1.833968017218488,-0.23134819,1.0,1.0,0.03333333333333333,1.0,True,0.5043412047350843,2437
1,17568,mechanisms.,70,33,37,5.488106710122109e-05,2.721641173713808e-05,2.016469607796728,0.30328956,1.0,1.0,0.0,1.0,True,0.504117401949182,2438
1,28784,v600e or,158,79,79,5.153022208559239e-05,3.066815905605176e-05,1.6802515596521894,0.18132384,1.0,1.0,0.06666666666666667,1.0,True,0.5040754678956568,2439
1,15462,is linked,94,48,46,-4.739571474320264e-05,2.5860453714053303e-05,-1.832748770275692,-0.16101807,1.0,1.0,0.03333333333333333,1.0,True,0.5040059118258153,2440
1,3721,65 100 cognitive,140,83,57,-5.890100530668598e-05,2.921967703923961e-05,-2.0157993268572683,-0.1951839,1.0,1.0,0.0,1.0,True,0.5039498317143171,2441
1,22360,pd-l1 inhibitor,225,122,103,6.21256505194512e-05,3.0821930434901585e-05,2.0156313911182693,0.21702006,1.0,1.0,0.0,1.0,True,0.5039078477795673,2442
1,12658,for treatment,281,144,137,6.566243797958186e-05,3.257731980359967e-05,2.0155874815805572,0.149881,1.0,1.0,0.0,1.0,True,0.5038968703951393,2443
1,10093,detected in,80,46,34,5.5213909972329376e-05,3.014460306029985e-05,1.8316349982078737,0.14768146,1.0,1.0,0.03333333333333333,1.0,True,0.5036996245071653,2444
1,23887,radiation-related,55,28,27,5.125509207574992e-05,3.0527567649730946e-05,1.678977266182609,0.2052255,1.0,1.0,0.06666666666666667,1.0,True,0.5036931798547827,2445
1,10637,dl platelets,184,92,92,7.313864028118737e-05,3.9944197924274445e-05,1.8310203754708607,0.14093542,1.0,1.0,0.03333333333333333,1.0,True,0.5035306032544867,2446
1,12946,g dl platelets,184,92,92,7.313864028118737e-05,3.9944197924274445e-05,1.8310203754708607,0.14093542,1.0,1.0,0.03333333333333333,1.0,True,0.5035306032544867,2447
1,24530,reported. past,256,147,109,-5.5331930365926324e-05,3.0223106408692342e-05,-1.830782369545327,-0.18445362,1.0,1.0,0.03333333333333333,1.0,True,0.503465151624965,2448
1,3854,70,779,400,379,-4.197884555731554e-05,2.293148722197854e-05,-1.8306202799215388,-0.24282967,1.0,1.0,0.03333333333333333,1.0,True,0.5034205769784232,2449
1,22766,platelets 210 k,205,91,114,6.705027074830452e-05,3.663531572177811e-05,1.8302086232177883,0.20384035,1.0,1.0,0.03333333333333333,1.0,True,0.5033073713848918,2450
1,25931,sore,527,279,248,-4.937346132060508e-05,2.9430015142233876e-05,-1.6776566740446943,-0.093370564,1.0,1.0,0.06666666666666667,1.0,True,0.5032970022134082,2451
1,13393,h prn for,138,62,76,7.414000692163157e-05,3.6828994220000314e-05,2.0130880164348657,0.22776376,1.0,1.0,0.0,1.0,True,0.5032720041087164,2452
1,13318,grade >= 2,60,32,28,4.409104325675415e-05,2.6286113088110296e-05,1.677351197149698,0.21126218,1.0,1.0,0.06666666666666667,1.0,True,0.5032053591449094,2453
1,5347,alcohol 1-2 drinks,282,147,135,-6.484674827586847e-05,3.543921347584754e-05,-1.8298021292166289,-0.119178824,1.0,1.0,0.03333333333333333,1.0,True,0.503195585534573,2454
1,4165,<=40,177,91,86,-6.421738131569152e-05,3.509768917902571e-05,-1.8296754805745918,-0.11227766,1.0,1.0,0.03333333333333333,1.0,True,0.5031607571580128,2455
1,21793,p40 negative,440,225,215,-4.1632641151836894e-05,2.482358252108167e-05,-1.677140723603451,-0.18450283,1.0,1.0,0.06666666666666667,1.0,True,0.5031422170810352,2456
1,9609,cycles . -,155,85,70,-6.506981944057896e-05,3.233719132158463e-05,-2.0122285449431025,-0.18853267,1.0,1.0,0.0,1.0,True,0.5030571362357756,2457
1,13754,hgb 10.8 g,48,26,22,-6.58344467905196e-05,3.60044060821092e-05,-1.8285108394895346,-0.17762078,1.0,1.0,0.03333333333333333,1.0,True,0.5028404808596221,2458
1,16799,low-dose oral,406,194,212,-5.729660260885223e-05,3.134031172059886e-05,-1.8282078085136988,-0.15927257,1.0,1.0,0.03333333333333333,1.0,True,0.5027571473412672,2459
1,18083,mildly enlarged,175,92,83,6.273225902008085e-05,3.744523727423611e-05,1.6753067569221485,0.25963986,1.0,1.0,0.06666666666666667,1.0,True,0.5025920270766445,2460
1,13120,gene alteration,685,359,326,-1.9861811220065743e-05,1.0868871037507221e-05,-1.8274033385367185,-0.1860582,1.0,1.0,0.03333333333333333,1.0,True,0.5025359180975977,2461
1,4381,a negative excludes,77,42,35,4.925900302441365e-05,2.6962825707733104e-05,1.8269228736766217,0.2290071,1.0,1.0,0.03333333333333333,1.0,True,0.502403790261071,2462
1,17968,michael alvarez,12,8,4,-0.0001512359020638631,7.525853280333982e-05,-2.0095515608716674,-0.27116084,1.0,1.0,0.0,1.0,True,0.5023878902179169,2463
1,8106,chest in 8,81,50,31,5.047900236992427e-05,2.763155149553812e-05,1.8268609483646079,0.27033404,1.0,1.0,0.03333333333333333,1.0,True,0.5023867608002672,2464
1,9589,cycle 3,175,99,76,-7.337941674992337e-05,4.016939000647421e-05,-1.826749590623522,-0.117984146,1.0,1.0,0.03333333333333333,1.0,True,0.5023561374214686,2465
1,13627,hemispheres,124,70,54,7.114784594963326e-05,3.54080360775124e-05,2.0093700140239963,0.25698227,1.0,1.0,0.0,1.0,True,0.5023425035059991,2466
1,26706,surgical staple,185,92,93,-7.404918597239277e-05,3.6857837970873764e-05,-2.0090485511089606,-0.27366897,1.0,1.0,0.0,1.0,True,0.5022621377772402,2467
1,11819,factor-1 positive nuclear,139,71,68,-4.973620133996888e-05,2.7241196452364036e-05,-1.8257715452014476,-0.19920938,1.0,1.0,0.03333333333333333,1.0,True,0.5020871749303981,2468
1,3329,4r node,64,39,25,-4.9056866439387284e-05,2.495084406481746e-05,-1.9661405566860604,-0.25684446,0.8571428571428571,1.0,0.03333333333333333,1.0,True,0.5020680350109048,2469
1,26294,station 4r node,64,39,25,-4.9056866439387284e-05,2.495084406481746e-05,-1.9661405566860604,-0.25684446,0.8571428571428571,1.0,0.03333333333333333,1.0,True,0.5020680350109048,2470
1,29620,with coronal and,133,69,64,-5.3362244549245514e-05,2.9229356439861246e-05,-1.8256387087768131,-0.18254742,1.0,1.0,0.03333333333333333,1.0,True,0.5020506449136236,2471
1,9938,deletion.,157,91,66,6.742293071945019e-05,4.030555359013085e-05,1.672795054623918,0.14532776,1.0,1.0,0.06666666666666667,1.0,True,0.5018385163871754,2472
1,4371,a mild non-productive,76,40,36,-5.171032302277266e-05,3.0914199408031566e-05,-1.672704582779466,-0.19624785,1.0,1.0,0.06666666666666667,1.0,True,0.5018113748338398,2473
1,5027,advise patient,74,41,33,-3.810277226402308e-05,2.467863582771e-05,-1.5439577993707416,-0.28212613,1.0,1.0,0.1,1.0,True,0.501786284795491,2474
1,5028,advise patient to,74,41,33,-3.810277226402308e-05,2.467863582771e-05,-1.5439577993707416,-0.28212613,1.0,1.0,0.1,1.0,True,0.501786284795491,2475
1,29777,with radiographic,133,71,62,-5.832156166528633e-05,3.1972235281157755e-05,-1.8241315051142846,-0.10415364,1.0,1.0,0.03333333333333333,1.0,True,0.5016361639064283,2476
1,20513,obtained today,90,44,46,5.050889946661486e-05,2.7691382640453783e-05,1.8239934106008644,0.13751762,1.0,1.0,0.03333333333333333,1.0,True,0.5015981879152378,2477
1,11435,enlarging,101,46,55,-5.822295393131537e-05,3.192613625157603e-05,-1.8236767979852622,-0.13549705,1.0,1.0,0.03333333333333333,1.0,True,0.5015111194459472,2478
1,9582,cyanosis or,102,64,38,5.2496923463993046e-05,2.8789029726289137e-05,1.8235044377356937,0.18322648,1.0,1.0,0.03333333333333333,1.0,True,0.5014637203773158,2479
1,21820,paclitaxel.,52,33,19,-6.316829907465784e-05,3.4643089665677085e-05,-1.823402579973758,-0.14314635,1.0,1.0,0.03333333333333333,1.0,True,0.5014357094927835,2480
1,2147,100 insomnia 40,70,38,32,-4.4057671246682006e-05,2.593660465260759e-05,-1.6986676489381034,-0.17145653,1.0,0.9666666666666667,0.06666666666666667,1.0,True,0.5011069564367405,2481
1,15101,insomnia 40 100,70,38,32,-4.4057671246682006e-05,2.593660465260759e-05,-1.6986676489381034,-0.17145653,1.0,0.9666666666666667,0.06666666666666667,1.0,True,0.5011069564367405,2482
1,11409,enhancing lesions.,126,65,61,-6.022622174896833e-05,3.071237239886589e-05,-1.9609758883749502,-0.13697492,0.8571428571428571,1.0,0.03333333333333333,1.0,True,0.5007492000671748,2483
1,18548,mrn provider,72,40,32,6.082470419707637e-05,3.037667324101391e-05,2.002349095784202,0.18351002,1.0,1.0,0.0,1.0,True,0.5005872739460505,2484
1,5297,air-fluid,81,46,35,-4.7131608736562995e-05,2.589350054344663e-05,-1.820210004339931,-0.22109757,1.0,1.0,0.03333333333333333,1.0,True,0.500557751193481,2485
1,11578,evelyn martinez age,35,11,24,0.00011804271079925262,5.8965445609684543e-05,2.001896357752025,0.21698743,1.0,1.0,0.0,1.0,True,0.5004740894380062,2486
1,1470,----------------------- kras g12c,86,48,38,-4.757359785669369e-05,2.6140854078221795e-05,-1.8198945495177117,-0.14585134,1.0,1.0,0.03333333333333333,1.0,True,0.5004710011173708,2487
1,26570,suggesting,140,62,78,-5.804877495428982e-05,3.1897642124858456e-05,-1.8198453267193462,-0.13452764,1.0,1.0,0.03333333333333333,1.0,True,0.5004574648478203,2488
1,6291,appetite loss 30,58,33,25,-5.674451567629021e-05,3.118756824210714e-05,-1.8194594472959893,-0.10182652,1.0,1.0,0.03333333333333333,1.0,True,0.5003513480063971,2489
1,16651,loss 30,58,33,25,-5.674451567629021e-05,3.118756824210714e-05,-1.8194594472959893,-0.10182652,1.0,1.0,0.03333333333333333,1.0,True,0.5003513480063971,2490
1,22999,post left,68,35,33,-6.807282223366808e-05,4.0819087708580263e-05,-1.6676713286602685,-0.22059156,1.0,1.0,0.06666666666666667,1.0,True,0.5003013985980805,2491
1,26350,status post left,68,35,33,-6.807282223366808e-05,4.0819087708580263e-05,-1.6676713286602685,-0.22059156,1.0,1.0,0.06666666666666667,1.0,True,0.5003013985980805,2492
1,6832,axial t1-weighted t2-weighted,222,123,99,6.084435211698717e-05,3.344471574042663e-05,1.8192515848906128,0.2216139,1.0,1.0,0.03333333333333333,1.0,True,0.5002941858449186,2493
1,28372,ttf-1 ck7,116,57,59,-5.9128443400308806e-05,3.250623896838346e-05,-1.8189875321417188,-0.043899853,1.0,1.0,0.03333333333333333,1.0,True,0.5002215713389727,2494
1,11458,entered by the,123,64,59,-4.6066764966031304e-05,2.763085941192843e-05,-1.667221575675781,-0.19117622,1.0,1.0,0.06666666666666667,1.0,True,0.5001664727027343,2495
1,19610,no intracranial,538,277,261,-7.70036967719247e-05,3.932543793241187e-05,-1.9581141576673595,-0.20246251,0.8571428571428571,1.0,0.03333333333333333,1.0,True,0.500018436690058,2496
1,13245,glands unremarkable.,66,30,36,-5.3558341581711786e-05,2.6779621812271953e-05,-1.9999663160727794,-0.12581418,1.0,1.0,0.0,1.0,True,0.49999157901819485,2497
1,27952,to hg19 variant,206,93,113,4.4166214064461365e-05,2.6506236013155115e-05,1.6662574815428925,0.18671662,1.0,1.0,0.06666666666666667,1.0,True,0.49987724446286774,2498
1,13748,hg19 variant,206,93,113,4.4166214064461365e-05,2.6506236013155115e-05,1.6662574815428925,0.18671662,1.0,1.0,0.06666666666666667,1.0,True,0.49987724446286774,2499
1,16495,liver spleen adrenal,223,124,99,-6.130781685755081e-05,3.0667430733318855e-05,-1.9991181325451723,-0.13835333,1.0,1.0,0.0,1.0,True,0.4997795331362931,2500
1,18965,negative supports non-adenocarcinoma,126,74,52,5.774504033713953e-05,2.8890194754741823e-05,1.9987764301125621,0.27136454,1.0,1.0,0.0,1.0,True,0.49969410752814053,2501
1,6383,are identified in,99,51,48,6.495393167124266e-05,3.3193938852240484e-05,1.9568009678025446,0.17983176,0.8571428571428571,1.0,0.03333333333333333,1.0,True,0.4996831042781499,2502
1,12306,focal deficits gait,79,40,39,7.7868689788056e-05,3.896204383541624e-05,1.9985781576805752,0.18733437,1.0,1.0,0.0,1.0,True,0.4996445394201438,2503
1,19976,nodule in,198,106,92,-8.19224505986248e-05,4.510021940709739e-05,-1.8164534823911016,-0.18027116,1.0,1.0,0.03333333333333333,1.0,True,0.49952470765755297,2504
1,7313,brain without,123,66,57,-5.3573777807884035e-05,2.949807420499925e-05,-1.8161788269826953,-0.1001755,1.0,1.0,0.03333333333333333,1.0,True,0.49944917742024125,2505
1,24524,reported for,142,81,61,-5.8297544569143e-05,2.918194559995489e-05,-1.9977264493712552,-0.25283533,1.0,1.0,0.0,1.0,True,0.4994316123428138,2506
1,26209,stage iiia,97,47,50,-0.00016034762530681813,8.832384765737372e-05,-1.8154510877836683,-0.21621253,1.0,1.0,0.03333333333333333,1.0,True,0.4992490491405088,2507
1,951,- primary tumor,69,41,28,4.89180825357663e-05,2.6945556690624944e-05,1.8154415251990756,0.19213445,1.0,1.0,0.03333333333333333,1.0,True,0.49924641942974585,2508
1,28874,vasogenic,182,97,85,9.141088858969944e-05,4.57906242057545e-05,1.996279591624607,0.1762467,1.0,1.0,0.0,1.0,True,0.49906989790615175,2509
1,13862,his performance,160,77,83,-6.210319339577328e-05,3.422251526644539e-05,-1.8146881639837982,-0.25294903,1.0,1.0,0.03333333333333333,1.0,True,0.49903924509554454,2510
1,26169,stable on,363,161,202,6.617421118420097e-05,3.647832760663142e-05,1.8140692165989298,0.12761776,1.0,1.0,0.03333333333333333,1.0,True,0.49886903456470577,2511
1,8120,chest pain. -,147,77,70,-5.736856221016387e-05,3.162730206230155e-05,-1.8138936447109995,-0.3020904,1.0,1.0,0.03333333333333333,1.0,True,0.4988207522955249,2512
1,11330,encounter for radiation,100,51,49,5.947492030635257e-05,2.9812115968657896e-05,1.9949915788895964,0.28772676,1.0,1.0,0.0,1.0,True,0.4987478947223991,2513
1,16334,lesions. osseous,65,34,31,5.302313359860781e-05,2.9240364612445038e-05,1.8133540501762604,0.18016902,1.0,1.0,0.03333333333333333,1.0,True,0.49867236379847163,2514
1,9910,deletion,704,358,346,6.581588835233736e-05,3.631493887432398e-05,1.8123640130610728,0.1371332,1.0,1.0,0.03333333333333333,1.0,True,0.49840010359179504,2515
1,22513,performed 3,219,115,104,-5.852681686716603e-05,3.524534054114732e-05,-1.6605547277614938,-0.17287807,1.0,1.0,0.06666666666666667,1.0,True,0.4981664183284481,2516
1,4660,acquisition from lung,67,37,30,-4.4764788601985485e-05,2.471439722725478e-05,-1.8112838516902747,-0.14670077,1.0,1.0,0.03333333333333333,1.0,True,0.4981030592148256,2517
1,34,% of targeted,191,102,89,-4.9217027441558865e-05,2.7174267080626794e-05,-1.811163012990584,-0.25901043,1.0,1.0,0.03333333333333333,1.0,True,0.49806982857241067,2518
1,23378,prior to next,293,155,138,-5.9683462578475766e-05,3.295697049384096e-05,-1.8109511185085865,-0.16360185,1.0,1.0,0.03333333333333333,1.0,True,0.4980115575898613,2519
1,427,- evaluate eligibility,71,34,37,4.912996093286939e-05,2.7130390586561025e-05,1.8108829202483285,0.26798955,1.0,1.0,0.03333333333333333,1.0,True,0.4979928030682904,2520
1,14375,imaging - schedule,61,32,29,5.433713273259047e-05,2.728247966571353e-05,1.9916493441348402,0.19662376,1.0,1.0,0.0,1.0,True,0.49791233603371005,2521
1,13395,h prn pain,82,37,45,6.44268787646161e-05,3.234907003640158e-05,1.9916145562180976,0.21192525,1.0,1.0,0.0,1.0,True,0.4979036390545244,2522
1,25524,shift. -,78,40,38,6.514135213267319e-05,3.539962848879409e-05,1.8401705021648453,0.13975541,1.0,0.9666666666666667,0.03333333333333333,1.0,True,0.49761277329374365,2523
1,28657,up-to-date influenza,343,173,170,-5.5594085510277085e-05,3.073555862682554e-05,-1.808787215656962,-0.18926159,1.0,1.0,0.03333333333333333,1.0,True,0.4974164843056646,2524
1,22324,pd-1 pd-l1 inhibitor,222,121,101,6.1658781611957e-05,3.099468338936317e-05,1.9893341331280452,0.21748374,1.0,1.0,0.0,1.0,True,0.4973335332820113,2525
1,5816,and eligibility,81,37,44,-5.4796374873148435e-05,3.031807396717609e-05,-1.8073831118848056,-0.1851967,1.0,1.0,0.03333333333333333,1.0,True,0.4970303557683216,2526
1,7128,blockade in kras-mutant,64,31,33,-4.378854233137145e-05,2.4236633483678078e-05,-1.8067089375618282,-0.21577519,1.0,1.0,0.03333333333333333,1.0,True,0.4968449578295028,2527
1,20991,on day 7,88,48,40,-5.756611150346301e-05,3.187292143938573e-05,-1.8061134312064633,-0.17447898,1.0,1.0,0.03333333333333333,1.0,True,0.4966811935817774,2528
1,5408,alk ros1 and,133,56,77,6.44280940501365e-05,3.568910685134209e-05,1.8052593559850791,0.1614682,1.0,1.0,0.03333333333333333,1.0,True,0.4964463228958968,2529
1,15922,l albumin 3.9,153,74,79,-6.846862665992073e-05,4.137776642311489e-05,-1.6547202176111675,-0.034789916,1.0,1.0,0.06666666666666667,1.0,True,0.49641606528335025,2530
1,26290,station 4r,409,231,178,-6.978061581257812e-05,3.8661457231440726e-05,-1.8049142688762985,-0.21247517,1.0,1.0,0.03333333333333333,1.0,True,0.49635142394098214,2531
1,24903,right adrenal metastasis,45,17,28,9.210275908202402e-05,5.103054522025169e-05,1.8048554779201664,0.27095845,1.0,1.0,0.03333333333333333,1.0,True,0.4963352564280458,2532
1,13287,goals of care,374,157,217,5.728067572945319e-05,3.1742928995123296e-05,1.8045176529945703,0.15629664,1.0,1.0,0.03333333333333333,1.0,True,0.4962423545735069,2533
1,12422,followed,548,278,270,-5.7053407553684015e-05,3.162075793013222e-05,-1.8043023408783119,-0.21175312,1.0,1.0,0.03333333333333333,1.0,True,0.4961831437415358,2534
1,12224,firm tan-white,121,51,70,5.07612259041022e-05,2.8136109173860673e-05,1.8041309688711675,0.19045217,1.0,1.0,0.03333333333333333,1.0,True,0.4961360164395711,2535
1,29991,z51.0,104,53,51,5.94743941592977e-05,2.9972033251372003e-05,1.9843296469242773,0.28469852,1.0,1.0,0.0,1.0,True,0.4960824117310693,2536
1,26464,strongly,91,50,41,-5.4570590859815896e-05,3.0257865401650052e-05,-1.8035175361987035,-0.28214547,1.0,1.0,0.03333333333333333,1.0,True,0.4959673224546435,2537
1,19854,no vomiting no,209,113,96,5.7359165575943084e-05,3.18048018390313e-05,1.8034750182141086,0.2523755,1.0,1.0,0.03333333333333333,1.0,True,0.49595563000887993,2538
1,3927,77427,82,40,42,6.147163765485265e-05,3.0988731818001085e-05,1.9836770996593125,0.21706577,1.0,1.0,0.0,1.0,True,0.4959192749148281,2539
1,19335,nightly -,569,256,313,5.3558152993531904e-05,2.777223036122971e-05,1.9284786384423622,0.13889682,0.7142857142857143,1.0,0.06666666666666667,1.0,True,0.49589450702803606,2540
1,17042,lymphadenopathy lungs decreased,178,84,94,-6.656181263578038e-05,3.4275533529056194e-05,-1.9419628458694693,-0.21625286,0.8571428571428571,1.0,0.03333333333333333,1.0,True,0.49589408385595385,2541
1,19874,no wheezing,273,141,132,-5.636820147720557e-05,3.126393048007054e-05,-1.8029787237768446,-0.1680817,1.0,1.0,0.03333333333333333,1.0,True,0.49581914903863233,2542
1,21669,other actionable alterations,120,65,55,5.332116044898647e-05,2.958151074824364e-05,1.8025164739820578,0.14732333,1.0,1.0,0.03333333333333333,1.0,True,0.4956920303450659,2543
1,124,- 99213 established,500,255,245,3.578886673358287e-05,2.166593496551027e-05,1.6518496335632282,0.18254378,1.0,1.0,0.06666666666666667,1.0,True,0.49555489006896847,2544
1,29811,with stereotactic,108,56,52,0.00010807167656852397,5.452313054301937e-05,1.9821253015406772,0.16266516,1.0,1.0,0.0,1.0,True,0.4955313253851693,2545
1,3283,44 ml min,17,6,11,-7.388497805491614e-05,3.727702533724783e-05,-1.9820513409123615,-0.22355586,1.0,1.0,0.0,1.0,True,0.49551283522809036,2546
1,4379,a negative,334,187,147,6.171481980547845e-05,3.1143268807909135e-05,1.9816423313215399,0.31556243,1.0,1.0,0.0,1.0,True,0.49541058283038497,2547
1,3282,44 ml,17,6,11,-7.427414506433069e-05,3.7483079995145565e-05,-1.9815379385565417,-0.22132003,1.0,1.0,0.0,1.0,True,0.4953844846391354,2548
1,13821,hilar and,360,188,172,8.777468358008913e-05,4.873153028046542e-05,1.801188739095981,0.23400395,1.0,1.0,0.03333333333333333,1.0,True,0.49532690325139483,2549
1,20155,normal in size,289,148,141,5.8327536269239457e-05,3.53292674663126e-05,1.6509693082330767,0.24224535,1.0,1.0,0.06666666666666667,1.0,True,0.495290792469923,2550
1,14359,images reviewed,206,110,96,-5.640537142036511e-05,3.132154713932767e-05,-1.8008488268302025,-0.005768864,1.0,1.0,0.03333333333333333,1.0,True,0.4952334273783057,2551
1,29909,works,218,165,53,-7.060747857744865e-05,3.640758064129719e-05,-1.9393620046633488,-0.1356631,0.8571428571428571,1.0,0.03333333333333333,1.0,True,0.4952299404765338,2552
1,13740,heterogeneously enhancing,105,59,46,5.005601507884063e-05,2.7799783186400884e-05,1.8005901248656884,0.2531011,1.0,1.0,0.03333333333333333,1.0,True,0.49516228433806436,2553
1,20843,of squamous differentiation.,61,30,31,-5.14299690742273e-05,2.5968136825057394e-05,-1.9805028531966553,-0.24000362,1.0,1.0,0.0,1.0,True,0.4951257132991638,2554
1,9348,covered,287,155,132,5.9758065570919814e-05,3.0175594794651393e-05,1.9803442476471713,0.09344881,1.0,1.0,0.0,1.0,True,0.49508606191179283,2555
1,27737,through the upper,127,55,72,-6.263152529444889e-05,3.4794528617782555e-05,-1.8000394827145205,-0.25156397,1.0,1.0,0.03333333333333333,1.0,True,0.49501085774649317,2556
1,8042,chemotherapy iv infusion,679,342,337,-3.678447839711955e-05,2.043804395372037e-05,-1.7998042513468426,-0.20338891,1.0,1.0,0.03333333333333333,1.0,True,0.49494616912038175,2557
1,3184,4. overall imaging,79,40,39,-4.7499988278191075e-05,2.6391833705128376e-05,-1.7997987108020095,-0.17288148,1.0,1.0,0.03333333333333333,1.0,True,0.49494464547055267,2558
1,22230,patient has,160,78,82,5.353945413145852e-05,2.9752660571846933e-05,1.7994845873420655,0.24489596,1.0,1.0,0.03333333333333333,1.0,True,0.49485826151906803,2559
1,17790,metastases. technique,83,36,47,5.8243012408457736e-05,3.237144818185621e-05,1.7992093551471762,0.25327,1.0,1.0,0.03333333333333333,1.0,True,0.4947825726654735,2560
1,16563,lobe mass to,53,27,26,-4.997929542889117e-05,2.579565052302791e-05,-1.9375086270561155,-0.14648966,0.8571428571428571,1.0,0.03333333333333333,1.0,True,0.4947566672661153,2561
1,4808,address any,150,81,69,-4.8913744992705985e-05,2.983873226581832e-05,-1.63927021285482,-0.10579701,0.8571428571428571,1.0,0.1,1.0,True,0.4947083320936868,2562
1,24200,recurrent disease.,103,56,47,-6.604521568724853e-05,3.671870103819169e-05,-1.7986806128722765,-0.25853413,1.0,1.0,0.03333333333333333,1.0,True,0.4946371685398761,2563
1,18900,necrosis.,443,226,217,5.333425362135231e-05,2.9651982421184837e-05,1.7986741278804916,0.1647498,1.0,1.0,0.03333333333333333,1.0,True,0.49463538516713523,2564
1,3941,78 kg bmi,120,52,68,-5.88684069706921e-05,3.5709984498396603e-05,-1.6485139323803213,-0.2217201,1.0,1.0,0.06666666666666667,1.0,True,0.4945541797140964,2565
1,21307,or crackles. -,155,65,90,5.232003725324378e-05,2.9099054064509126e-05,1.7979978709018,0.13508691,1.0,1.0,0.03333333333333333,1.0,True,0.49444941449799507,2566
1,17264,maps and,81,49,32,6.621469864006122e-05,3.3479189279091135e-05,1.977786800273999,0.19596732,1.0,1.0,0.0,1.0,True,0.4944467000684997,2567
1,17698,meningeal,193,104,89,5.1372193797727264e-05,3.11804329032751e-05,1.6475779524001184,0.20910716,1.0,1.0,0.06666666666666667,1.0,True,0.4942733857200355,2568
1,7995,check-in in,94,45,49,-4.485095302143433e-05,2.495841310144584e-05,-1.797027432759181,-0.15661412,1.0,1.0,0.03333333333333333,1.0,True,0.4941825440087748,2569
1,27121,telephone check-in in,94,45,49,-4.485095302143433e-05,2.495841310144584e-05,-1.797027432759181,-0.15661412,1.0,1.0,0.03333333333333333,1.0,True,0.4941825440087748,2570
1,1748,0.90 mg,45,28,17,8.057537273436782e-05,4.0770138919523906e-05,1.9763330434908595,0.2167654,1.0,1.0,0.0,1.0,True,0.49408326087271487,2571
1,1749,0.90 mg dl,45,28,17,8.057537273436782e-05,4.0770138919523906e-05,1.9763330434908595,0.2167654,1.0,1.0,0.0,1.0,True,0.49408326087271487,2572
1,9888,deficits. - skin,274,137,137,-6.105896436602551e-05,3.398646344081008e-05,-1.7965671677597224,-0.25050366,1.0,1.0,0.03333333333333333,1.0,True,0.4940559711339237,2573
1,12609,for radiation therapy,100,51,49,5.893988714347544e-05,2.982706612457824e-05,1.9760537927968556,0.28564554,1.0,1.0,0.0,1.0,True,0.4940134481992139,2574
1,21778,p.g12c missense,203,99,104,5.196475025922638e-05,2.8944358761199648e-05,1.7953325788956815,0.23481114,1.0,1.0,0.03333333333333333,1.0,True,0.49371645919631246,2575
1,10288,diffusion restriction,312,156,156,6.365716191013026e-05,3.223917223662466e-05,1.9745284228425015,0.134776,1.0,1.0,0.0,1.0,True,0.4936321057106254,2576
1,22990,positivity supports squamous,110,56,54,5.767525002912801e-05,2.9215050341592623e-05,1.9741622675562336,0.19072667,1.0,1.0,0.0,1.0,True,0.4935405668890584,2577
1,14017,husband,235,115,120,0.00010322013364466106,5.341118684920279e-05,1.9325564499453116,0.16280767,0.8571428571428571,1.0,0.03333333333333333,1.0,True,0.49349209346817785,2578
1,14081,hypermetabolism.,63,38,25,-4.988882838601283e-05,2.5816711156146576e-05,-1.9324238507481244,-0.13284092,0.8571428571428571,1.0,0.03333333333333333,1.0,True,0.493458233316039,2579
1,12328,focal hypermetabolism.,63,38,25,-4.988882838601283e-05,2.5816711156146576e-05,-1.9324238507481244,-0.13284092,0.8571428571428571,1.0,0.03333333333333333,1.0,True,0.493458233316039,2580
1,22217,patient evelyn,40,13,27,0.0001809353631292942,9.16765081040611e-05,1.9736284340576788,0.17416406,1.0,1.0,0.0,1.0,True,0.4934071085144197,2581
1,14592,in adls family,79,38,41,5.851814966631165e-05,2.965226187131311e-05,1.9734801318116193,0.15478577,1.0,1.0,0.0,1.0,True,0.4933700329529048,2582
1,19259,newly identified,128,73,55,-4.887889687389859e-05,2.973325118575529e-05,-1.6439136295097008,-0.14394233,1.0,1.0,0.06666666666666667,1.0,True,0.4931740888529102,2583
1,18859,nausea persists.,60,30,30,4.0464393812422726e-05,2.2567742890244864e-05,1.7930190896455964,0.24137592,1.0,1.0,0.03333333333333333,1.0,True,0.49308024965253905,2584
1,3671,60 sex,54,32,22,-7.111404086791745e-05,3.967821548076389e-05,-1.792269133232409,-0.10035377,1.0,1.0,0.03333333333333333,1.0,True,0.49287401163891253,2585
1,5128,age 60 sex,54,32,22,-7.111404086791745e-05,3.967821548076389e-05,-1.792269133232409,-0.10035377,1.0,1.0,0.03333333333333333,1.0,True,0.49287401163891253,2586
1,24498,report patient evelyn,40,13,27,0.00011643388220832473,5.907811079964673e-05,1.9708464037245579,0.16930668,1.0,1.0,0.0,1.0,True,0.49271160093113947,2587
1,29255,week. - illicit,104,68,36,5.035000263027265e-05,3.0657285965221346e-05,1.6423502943930322,0.17985041,1.0,1.0,0.06666666666666667,1.0,True,0.4927050883179096,2588
1,10222,died,431,183,248,6.191609014545853e-05,3.4562281622530104e-05,1.79143526523137,0.064731225,1.0,1.0,0.03333333333333333,1.0,True,0.4926446979386268,2589
1,29445,which,638,335,303,4.3969623207486314e-05,2.454716188535238e-05,1.7912304246351012,0.15391076,1.0,1.0,0.03333333333333333,1.0,True,0.49258836677465284,2590
1,10443,disease recurrence,126,70,56,-6.070994774749894e-05,3.08164987638577e-05,-1.9700468963950235,-0.2014411,1.0,1.0,0.0,1.0,True,0.4925117240987559,2591
1,5737,and attenuation compared,88,38,50,5.395614202015117e-05,3.0141900537412227e-05,1.7900709994441335,0.22235262,1.0,1.0,0.03333333333333333,1.0,True,0.49226952484713676,2592
1,21476,or rales. -,173,89,84,6.123337869069838e-05,3.421037141214294e-05,1.7899068663418147,0.20369674,1.0,1.0,0.03333333333333333,1.0,True,0.4922243882439991,2593
1,27213,the cerebral hemispheres,69,40,29,6.167185848754398e-05,3.132465608277379e-05,1.9687960284249977,0.22459875,1.0,1.0,0.0,1.0,True,0.4921990071062494,2594
1,28079,to treatment,69,35,34,-4.403687504765738e-05,2.4941862598621987e-05,-1.765580853215444,-0.14097558,0.8571428571428571,1.0,0.06666666666666667,1.0,True,0.491840380538588,2595
1,4493,abdomen ct -,145,66,79,-4.856606779044035e-05,2.9626351357266236e-05,-1.6392861613223564,-0.17194007,1.0,1.0,0.06666666666666667,1.0,True,0.4917858483967069,2596
1,17199,male mrn date,103,58,45,5.915281749049932e-05,3.307944342459316e-05,1.7882047388536686,0.14439881,1.0,1.0,0.03333333333333333,1.0,True,0.4917563031847589,2597
1,6202,antibiotics,356,176,180,-5.346339009087564e-05,3.261820284185316e-05,-1.6390660868132054,-0.13516222,1.0,1.0,0.06666666666666667,1.0,True,0.4917198260439616,2598
1,17207,male visit type,107,43,64,-5.8227149822765844e-05,3.256498048041376e-05,-1.788029624577439,-0.22700247,1.0,1.0,0.03333333333333333,1.0,True,0.49170814675879576,2599
1,6342,approximately 1.2 cm,74,41,33,6.696425196089455e-05,3.404912345095105e-05,1.9666953264555807,0.17599718,1.0,1.0,0.0,1.0,True,0.49167383161389516,2600
1,3289,45 100 appetite,90,38,52,5.232367133760371e-05,2.926618560036303e-05,1.787854148541813,0.30730984,1.0,1.0,0.03333333333333333,1.0,True,0.4916598908489986,2601
1,8294,clinic --- chief,111,61,50,-4.7496555498654834e-05,2.8989363109956084e-05,-1.6384132110285188,-0.15359007,1.0,1.0,0.06666666666666667,1.0,True,0.49152396330855563,2602
1,26192,stable. 4.,170,82,88,-5.5554780979622054e-05,3.108565441454415e-05,-1.7871517272491277,-0.20829162,1.0,1.0,0.03333333333333333,1.0,True,0.4914667249935102,2603
1,3494,500 mg po,594,295,299,4.8199421072829386e-05,2.6970484693906702e-05,1.7871173477174782,0.13108467,1.0,1.0,0.03333333333333333,1.0,True,0.49145727062230654,2604
1,23774,qc parameters met,65,36,29,4.8227860527585134e-05,2.6987400214485793e-05,1.7870509995141468,0.08079173,1.0,1.0,0.03333333333333333,1.0,True,0.4914390248663904,2605
1,25496,she received,111,60,51,6.376873777868322e-05,3.568451009147933e-05,1.787014522973927,0.15824208,1.0,1.0,0.03333333333333333,1.0,True,0.49142899381782995,2606
1,25628,significant mass,77,44,33,5.654907392482003e-05,3.452805897533675e-05,1.6377715864425741,0.12766527,1.0,1.0,0.06666666666666667,1.0,True,0.4913314759327722,2607
1,21832,pain 20 100,179,110,69,-5.149388567376609e-05,2.882262023293186e-05,-1.7865789181418947,-0.22950947,1.0,1.0,0.03333333333333333,1.0,True,0.4913092024890211,2608
1,2166,100 pain 20,179,110,69,-5.149388567376609e-05,2.882262023293186e-05,-1.7865789181418947,-0.22950947,1.0,1.0,0.03333333333333333,1.0,True,0.4913092024890211,2609
1,26636,support,711,366,345,4.94501829465341e-05,2.516295759792229e-05,1.965197562889714,0.23775658,1.0,1.0,0.0,1.0,True,0.4912993907224285,2610
1,11560,evaluation ecg,96,61,35,5.458432033812856e-05,2.7777704119065054e-05,1.9650407428980048,0.19695616,1.0,1.0,0.0,1.0,True,0.4912601857245012,2611
1,5341,albuterol inhaler 2,173,65,108,-5.2634075211017106e-05,2.9466438768189125e-05,-1.786238086831141,-0.1275242,1.0,1.0,0.03333333333333333,1.0,True,0.4912154738785638,2612
1,26370,stay 3,325,177,148,4.352518854415604e-05,2.659172554919705e-05,1.6367944405725223,0.09394137,1.0,1.0,0.06666666666666667,1.0,True,0.4910383321717567,2613
1,26371,stay 3 days,325,177,148,4.352518854415604e-05,2.659172554919705e-05,1.6367944405725223,0.09394137,1.0,1.0,0.06666666666666667,1.0,True,0.4910383321717567,2614
1,238,- calcium,307,149,158,-5.9761291856132055e-05,3.6525237966908596e-05,-1.6361643395800742,-0.15588781,1.0,1.0,0.06666666666666667,1.0,True,0.49084930187402226,2615
1,14051,hyperchromatic nuclei,144,74,70,-4.944313533995379e-05,2.7702779118626135e-05,-1.7847716695943474,-0.20611843,1.0,1.0,0.03333333333333333,1.0,True,0.4908122091384456,2616
1,1519,. - review,132,68,64,-5.0200974294636045e-05,3.069275842754647e-05,-1.635596696632556,-0.00468715,1.0,1.0,0.06666666666666667,1.0,True,0.49067900898976674,2617
1,13330,great vessels unremarkable.,68,36,32,-4.3901003236380434e-05,2.684380953659867e-05,-1.6354237343446392,-0.17798676,1.0,1.0,0.06666666666666667,1.0,True,0.49062712030339173,2618
1,17562,measuring approximately,239,125,114,6.351741721081561e-05,3.5615172260177656e-05,1.7834370348346247,0.15596367,1.0,1.0,0.03333333333333333,1.0,True,0.49044518457952185,2619
1,25963,sounds. extremities no,89,55,34,-4.740146316791634e-05,2.658632434586335e-05,-1.782926535886172,-0.19672817,1.0,1.0,0.03333333333333333,1.0,True,0.4903047973686973,2620
1,25383,sequencing panel,77,45,32,-5.2023178492590615e-05,2.9181492356852538e-05,-1.7827456477007175,-0.19028284,1.0,1.0,0.03333333333333333,1.0,True,0.49025505311769735,2621
1,17182,male -,64,32,32,-5.794720767249604e-05,2.7445357338016167e-05,-2.111366485734546,-0.19032915,0.8571428571428571,1.0,0.0,1.0,True,0.4901386484740911,2622
1,27953,to his,131,56,75,-4.79642513290201e-05,2.6916640132355168e-05,-1.7819553663893077,-0.11381477,1.0,1.0,0.03333333333333333,1.0,True,0.4900377257570597,2623
1,17206,male visit,114,47,67,-5.771601378910939e-05,3.23933293278567e-05,-1.7817252806884658,-0.22639823,1.0,1.0,0.03333333333333333,1.0,True,0.4899744521893281,2624
1,19734,no osseous lesions,182,95,87,-4.9959935268473786e-05,3.059051613230318e-05,-1.6331837963242717,-0.24416079,1.0,1.0,0.06666666666666667,1.0,True,0.4899551388972815,2625
1,1617,. no new,516,257,259,-4.881266423743431e-05,2.9889303585125352e-05,-1.6331148063859982,-0.10312153,1.0,1.0,0.06666666666666667,1.0,True,0.48993444191579943,2626
1,21708,outlined,69,33,36,-4.296845810142613e-05,2.6325894050238783e-05,-1.6321746953561258,-0.2038452,1.0,1.0,0.06666666666666667,1.0,True,0.48965240860683773,2627
1,16889,lung adenocarcinoma egfr,46,22,24,-6.651383236617813e-05,3.3970866382399696e-05,-1.9579669125141579,-0.32836655,1.0,1.0,0.0,1.0,True,0.48949172812853947,2628
1,4122,99213 established patient,501,255,246,3.5340999496249875e-05,2.1664664684530528e-05,1.631273782025568,0.18203902,1.0,1.0,0.06666666666666667,1.0,True,0.4893821346076704,2629
1,4121,99213 established,501,255,246,3.5340999496249875e-05,2.1664664684530528e-05,1.631273782025568,0.18203902,1.0,1.0,0.06666666666666667,1.0,True,0.4893821346076704,2630
1,21785,p.r273c missense snv,123,59,64,6.0861805669468056e-05,3.1101952544539155e-05,1.9568483870043747,0.23902924,1.0,1.0,0.0,1.0,True,0.4892120967510937,2631
1,29730,with no evidence,68,43,25,-5.0352636405149806e-05,2.575044553254746e-05,-1.955408357556619,-0.14946508,1.0,1.0,0.0,1.0,True,0.48885208938915475,2632
1,6123,and symptom,290,151,139,-6.0690201328426746e-05,3.414482190966782e-05,-1.7774349940669285,-0.16418096,1.0,1.0,0.03333333333333333,1.0,True,0.4887946233684054,2633
1,5943,and mild dyspnea.,54,32,22,5.0609595535360124e-05,2.847899879837696e-05,1.7770847877645335,0.19361654,1.0,1.0,0.03333333333333333,1.0,True,0.48869831663524677,2634
1,23310,prior examination. no,83,37,46,-5.260485010888506e-05,2.9603702247376092e-05,-1.7769686260625617,-0.16110103,1.0,1.0,0.03333333333333333,1.0,True,0.4886663721672045,2635
1,4036,850,76,37,39,-5.612291306260274e-05,2.871231210804015e-05,-1.9546636596669953,-0.17873152,1.0,1.0,0.0,1.0,True,0.4886659149167488,2636
1,13872,histology .,65,38,27,5.15813875301894e-05,2.6394053333750114e-05,1.954280643368717,0.17548221,1.0,1.0,0.0,1.0,True,0.48857016084217925,2637
1,10823,dry cough no,107,55,52,-5.394618011572325e-05,3.036467744880983e-05,-1.7766096875775546,-0.19959843,1.0,1.0,0.03333333333333333,1.0,True,0.48856766408382757,2638
1,12648,for the,607,311,296,5.1403890101538424e-05,2.8933975737069578e-05,1.7765927008669218,0.25933972,1.0,1.0,0.03333333333333333,1.0,True,0.48856299273840353,2639
1,24889,rib pain,19,13,6,0.00010877231066042854,5.566085070485764e-05,1.954197776049006,0.18821217,1.0,1.0,0.0,1.0,True,0.4885494440122515,2640
1,23636,pruritus psychosocial,63,39,24,4.0931277470910396e-05,2.5137437041002024e-05,1.6282995519450458,0.1523819,1.0,1.0,0.06666666666666667,1.0,True,0.4884898655835137,2641
1,15921,l albumin 3.6,45,17,28,-5.13195974729132e-05,3.414407179109117e-05,-1.5030309737781025,-0.122021884,1.0,1.0,0.1,1.0,True,0.4884850664778833,2642
1,20478,obstructive,296,121,175,5.868869610638199e-05,3.30402439612772e-05,1.77627913931763,0.18412538,1.0,1.0,0.03333333333333333,1.0,True,0.4884767633123483,2643
1,5018,advanced,372,190,182,6.455549282813049e-05,3.6343466319870516e-05,1.776261302649474,0.23175175,1.0,1.0,0.03333333333333333,1.0,True,0.4884718582286054,2644
1,12199,findings gene alteration,647,345,302,-2.340170147747786e-05,1.3177352071209495e-05,-1.7759031822946438,-0.15895683,1.0,1.0,0.03333333333333333,1.0,True,0.4883733751310271,2645
1,3942,78 kg stable,76,28,48,-5.853923331636719e-05,3.296757656321159e-05,-1.7756607982429298,-0.19184925,1.0,1.0,0.03333333333333333,1.0,True,0.4883067195168057,2646
1,28785,v600e or other,149,75,74,4.8852583437448926e-05,3.002941294674733e-05,1.6268244578767381,0.17205468,1.0,1.0,0.06666666666666667,1.0,True,0.4880473373630214,2647
1,8541,cmp and,736,378,358,-3.694056808291557e-05,1.89397443124814e-05,-1.9504259124856045,-0.10541197,1.0,1.0,0.0,1.0,True,0.4876064781214011,2648
1,8933,considerations -,209,99,110,5.084414106625162e-05,3.1289073980099524e-05,1.6249806912978475,0.16416407,1.0,1.0,0.06666666666666667,1.0,True,0.48749420738935423,2649
1,123,- 99213,501,256,245,3.515443300146444e-05,2.163706921022609e-05,1.6247317351487596,0.1826266,1.0,1.0,0.06666666666666667,1.0,True,0.48741952054462784,2650
1,737,- negative -,29,20,9,-6.772980870259003e-05,4.1700327519077957e-05,-1.6242032792573045,-0.14199941,1.0,1.0,0.06666666666666667,1.0,True,0.4872609837771913,2651
1,22260,patient michael alvarez,11,7,4,-0.00014074208920181368,7.22150932508126e-05,-1.9489289962279455,-0.2719423,1.0,1.0,0.0,1.0,True,0.48723224905698637,2652
1,13753,hgb 10.8,48,26,22,-6.429373358863674e-05,3.630222372873663e-05,-1.7710687386277713,-0.17099732,1.0,1.0,0.03333333333333333,1.0,True,0.4870439031226371,2653
1,13619,hematuria.,720,362,358,-3.599395606801306e-05,2.0339133562929267e-05,-1.7696897439926722,-0.19925375,1.0,1.0,0.03333333333333333,1.0,True,0.4866646795979849,2654
1,16803,low-frequency,181,98,83,4.964379170683853e-05,3.061467360272379e-05,1.6215685442559058,0.13785662,1.0,1.0,0.06666666666666667,1.0,True,0.48647056327677174,2655
1,3583,6 positive,106,60,46,-4.968153463052508e-05,2.5537969892446765e-05,-1.9453987470327128,-0.0694011,1.0,1.0,0.0,1.0,True,0.4863496867581782,2656
1,22665,physical exam,82,43,39,-4.872437101569903e-05,3.006266364556916e-05,-1.6207602756078587,-0.15283465,1.0,1.0,0.06666666666666667,1.0,True,0.4862280826823576,2657
1,5650,anc 3.8,98,56,42,6.89240876275309e-05,3.898314282250752e-05,1.768048511156379,0.18463244,1.0,1.0,0.03333333333333333,1.0,True,0.4862133405680043,2658
1,559,- incidental,93,48,45,-5.773312330576078e-05,2.9696569848747587e-05,-1.9441007362065958,-0.08552737,1.0,1.0,0.0,1.0,True,0.48602518405164896,2659
1,14555,in 2 weeks,710,360,350,4.023042356675364e-05,2.0701370386873363e-05,1.9433700675325123,0.21776782,1.0,1.0,0.0,1.0,True,0.4858425168831281,2660
1,4410,a platinum-based doublet,121,64,57,-7.438858480373794e-05,3.829042737744191e-05,-1.942746265808529,-0.19572318,1.0,1.0,0.0,1.0,True,0.48568656645213226,2661
1,22850,plt 230 k,92,50,42,-6.96958571457847e-05,4.305199734679125e-05,-1.6188762761544504,-0.20898299,1.0,1.0,0.06666666666666667,1.0,True,0.4856628828463351,2662
1,27212,the cerebral,107,59,48,6.333981927119629e-05,3.261500685173612e-05,1.9420452541718434,0.23447604,1.0,1.0,0.0,1.0,True,0.48551131354296084,2663
1,26068,spouse works,100,78,22,-6.451602164632086e-05,3.3233454360643454e-05,-1.9412974933693208,-0.14759634,1.0,1.0,0.0,1.0,True,0.4853243733423302,2664
1,28593,underwent a,238,131,107,-6.09211960234581e-05,3.452036772505027e-05,-1.7647898918310085,-0.16932729,1.0,1.0,0.03333333333333333,1.0,True,0.4853172202535274,2665
1,11574,evelyn,40,13,27,0.00019289901701359204,9.942691402693025e-05,1.940108660732892,0.17089513,1.0,1.0,0.0,1.0,True,0.485027165183223,2666
1,23945,rales or rhonchi,106,53,53,-5.1364301020751245e-05,2.6477989555996858e-05,-1.9398867467684313,-0.29751626,1.0,1.0,0.0,1.0,True,0.48497168669210783,2667
1,1968,1.5 cm and,55,28,27,5.3544198632284694e-05,2.760802760401808e-05,1.9394430996762642,0.2147803,1.0,1.0,0.0,1.0,True,0.48486077491906604,2668
1,27647,this specimen.,141,70,71,5.290538012179802e-05,3.0016911797036496e-05,1.762519091888102,0.17099072,1.0,1.0,0.03333333333333333,1.0,True,0.4846927502692281,2669
1,15026,initiate a,140,71,69,6.077900869313134e-05,3.4485879065899994e-05,1.7624317645198226,0.1398793,1.0,1.0,0.03333333333333333,1.0,True,0.4846687352429513,2670
1,25979,specimen core needle,61,31,30,4.799816168995833e-05,2.4766323493199435e-05,1.9380414579151446,0.16450301,1.0,1.0,0.0,1.0,True,0.48451036447878615,2671
1,14285,iiia,98,48,50,-0.0001554961517351383,8.82631447356483e-05,-1.7617336454627304,-0.20903991,1.0,1.0,0.03333333333333333,1.0,True,0.4844767525022509,2672
1,13252,glandular differentiation,70,38,32,4.333875943901365e-05,2.6836627350176794e-05,1.614910803563703,0.22893547,1.0,1.0,0.06666666666666667,1.0,True,0.4844732410691109,2673
1,6661,at age 80,50,10,40,-7.158591197139051e-05,4.063750856723726e-05,-1.7615723624628024,-0.24116057,1.0,1.0,0.03333333333333333,1.0,True,0.4844323996772707,2674
1,22739,planes after,82,46,36,6.334938721116236e-05,3.2695170033903954e-05,1.9375763192383115,0.17573723,1.0,1.0,0.0,1.0,True,0.4843940798095779,2675
1,17211,male with a,202,90,112,-6.404733373685088e-05,3.636455916776505e-05,-1.7612569821449922,-0.17233033,1.0,1.0,0.03333333333333333,1.0,True,0.4843456700898729,2676
1,1389,-------- -------- ----------------,723,381,342,-1.5435725588224162e-05,9.566681007966474e-06,-1.6134880608405726,-0.16064945,1.0,1.0,0.06666666666666667,1.0,True,0.48404641825217176,2677
1,16695,loss met,89,43,46,-9.740899382844372e-05,5.535294267004914e-05,-1.759779862275518,-0.10138414,1.0,1.0,0.03333333333333333,1.0,True,0.4839394621257675,2678
1,27023,t3 n3 m1,24,12,12,-7.913260922253532e-05,4.088640695168462e-05,-1.9354258572059453,-0.13154088,1.0,1.0,0.0,1.0,True,0.4838564643014863,2679
1,27426,the right lower,348,181,167,-0.00010858066952042106,6.171369591157848e-05,-1.7594258116705919,-0.19536746,1.0,1.0,0.03333333333333333,1.0,True,0.4838420982094128,2680
1,14071,hypermetabolic activity,120,63,57,-5.7672242518230066e-05,3.278609423090655e-05,-1.7590458354708205,-0.16482194,1.0,1.0,0.03333333333333333,1.0,True,0.4837376047544757,2681
1,4068,92,578,302,276,-4.7030053700551e-05,2.6739896656613415e-05,-1.7587971376441107,-0.12182547,1.0,1.0,0.03333333333333333,1.0,True,0.4836692128521305,2682
1,1266,--- 2.,382,201,181,5.722972655561186e-05,2.9588155506450218e-05,1.9342106858650172,0.26317084,1.0,1.0,0.0,1.0,True,0.4835526714662543,2683
1,5574,amplification pd-l1,79,40,39,-6.993659219000381e-05,3.9776205301400114e-05,-1.7582519916132386,-0.036526553,1.0,1.0,0.03333333333333333,1.0,True,0.48351929769364066,2684
1,28429,tumor microenvironment,87,49,38,-4.7888418601518045e-05,2.476162427023879e-05,-1.9339772738202619,-0.18915053,1.0,1.0,0.0,1.0,True,0.48349431845506546,2685
1,23975,rash -,49,27,22,7.869377519167421e-05,4.0695993883713396e-05,1.9336983246197998,0.16121832,1.0,1.0,0.0,1.0,True,0.48342458115494996,2686
1,7213,both hands,65,30,35,5.890567021378238e-05,3.3510167247561696e-05,1.7578447095953704,0.28674236,1.0,1.0,0.03333333333333333,1.0,True,0.48340729513872693,2687
1,13372,guidelines. -,110,60,50,-5.941995368736068e-05,3.380668337493043e-05,-1.7576392522262014,-0.2974719,1.0,1.0,0.03333333333333333,1.0,True,0.48335079436220546,2688
1,27113,technique multiplanar,156,80,76,7.072777873436023e-05,3.6582986969142844e-05,1.9333516640950605,0.2638326,1.0,1.0,0.0,1.0,True,0.48333791602376514,2689
1,4246,>=6 h blood,63,36,27,-4.23918364687451e-05,2.1928613244451592e-05,-1.9331745239052516,-0.10533983,1.0,1.0,0.0,1.0,True,0.4832936309763129,2690
1,13389,h blood glucose,63,36,27,-4.23918364687451e-05,2.1928613244451592e-05,-1.9331745239052516,-0.10533983,1.0,1.0,0.0,1.0,True,0.4832936309763129,2691
1,13388,h blood,63,36,27,-4.23918364687451e-05,2.1928613244451592e-05,-1.9331745239052516,-0.10533983,1.0,1.0,0.0,1.0,True,0.4832936309763129,2692
1,26815,symptom burden mild,78,47,31,5.216237326364121e-05,2.9682925203668254e-05,1.7573191626408475,0.18002883,1.0,1.0,0.03333333333333333,1.0,True,0.4832627697262331,2693
1,15270,intra-abdominal or,136,68,68,5.6330251226008324e-05,3.4975267912020866e-05,1.6105738308482787,0.15701428,1.0,1.0,0.06666666666666667,1.0,True,0.4831721492544836,2694
1,185,- anemia,83,38,45,6.368138529329915e-05,3.6256549779667775e-05,1.7564105156252592,0.21541062,1.0,1.0,0.03333333333333333,1.0,True,0.48301289179694634,2695
1,11993,fdg-avid lytic,65,32,33,6.964302106819074e-05,3.6057504205282374e-05,1.9314431933973992,0.2149938,1.0,1.0,0.0,1.0,True,0.4828607983493498,2696
1,20854,of stay 3,325,177,148,4.275750126740488e-05,2.6568200271142935e-05,1.6093488016140094,0.09424196,1.0,1.0,0.06666666666666667,1.0,True,0.4828046404842028,2697
1,27714,threshold for,70,39,31,-4.9193748748661686e-05,2.802046668497235e-05,-1.7556363104774688,-0.100840054,1.0,1.0,0.03333333333333333,1.0,True,0.482799985381304,2698
1,4862,adenocarcinoma. -,144,74,70,-5.520936721921299e-05,3.145979277603491e-05,-1.7549183369468908,-0.20049722,1.0,1.0,0.03333333333333333,1.0,True,0.48260254266039504,2699
1,28987,visit 2,77,48,29,-4.9792430767683216e-05,2.5808800881562682e-05,-1.9292810617657943,-0.08084239,1.0,1.0,0.0,1.0,True,0.48232026544144857,2700
1,25629,significant mass effect,56,36,20,4.5827053620796293e-05,2.8509876985869342e-05,1.6074097283376583,0.11555034,1.0,1.0,0.06666666666666667,1.0,True,0.48222291850129745,2701
1,7400,bun 22 mg,73,20,53,-7.368467225909745e-05,4.202062567524002e-05,-1.753535819018396,-0.082695946,1.0,1.0,0.03333333333333333,1.0,True,0.48222235023005894,2702
1,2727,22 mg,73,20,53,-7.368467225909745e-05,4.202062567524002e-05,-1.753535819018396,-0.082695946,1.0,1.0,0.03333333333333333,1.0,True,0.48222235023005894,2703
1,7399,bun 22,73,20,53,-7.368467225909745e-05,4.202062567524002e-05,-1.753535819018396,-0.082695946,1.0,1.0,0.03333333333333333,1.0,True,0.48222235023005894,2704
1,6169,and without contrast,187,96,91,7.246974599229502e-05,4.133112546147238e-05,1.7533939660038804,0.17521648,1.0,1.0,0.03333333333333333,1.0,True,0.48218334065106716,2705
1,12558,for metastasis.,72,34,38,-5.834032599849885e-05,3.3273972330727535e-05,-1.7533321666143022,-0.1581223,1.0,1.0,0.03333333333333333,1.0,True,0.48216634581893314,2706
1,20767,of next-line,113,48,65,5.313526134897494e-05,3.030909997816183e-05,1.753112477350357,0.14411585,1.0,1.0,0.03333333333333333,1.0,True,0.4821059312713482,2707
1,8457,cm left cerebellar,35,16,19,9.972763050240813e-05,5.171955593955358e-05,1.9282383363647444,0.12289062,1.0,1.0,0.0,1.0,True,0.4820595840911861,2708
1,329,- copy-number alterations,62,29,33,4.457101019333449e-05,2.7739140496940396e-05,1.6067913206701785,0.15063627,1.0,1.0,0.06666666666666667,1.0,True,0.4820373962010535,2709
1,29485,whole-brain,110,59,51,0.00010145138646439384,5.787762083566312e-05,1.7528603456671696,0.12760852,1.0,1.0,0.03333333333333333,1.0,True,0.4820365950584717,2710
1,7141,bmi 25.5,79,31,48,-4.834984350340968e-05,3.009697691721778e-05,-1.606468438222108,-0.14485486,1.0,1.0,0.06666666666666667,1.0,True,0.48194053146663235,2711
1,2772,25.5,79,31,48,-4.834984350340968e-05,3.009697691721778e-05,-1.606468438222108,-0.14485486,1.0,1.0,0.06666666666666667,1.0,True,0.48194053146663235,2712
1,16024,laboratory - clinical,122,66,56,5.737336371375308e-05,3.275189923347107e-05,1.75175684636694,0.11123702,1.0,1.0,0.03333333333333333,1.0,True,0.4817331327509085,2713
1,6341,approximately 1.2,78,44,34,6.479675348532355e-05,3.363518529837989e-05,1.9264574555040321,0.15301466,1.0,1.0,0.0,1.0,True,0.48161436387600803,2714
1,9135,contributing,114,61,53,5.228435638010821e-05,2.7725235032177836e-05,1.8858039010102934,0.11725329,0.8571428571428571,1.0,0.03333333333333333,1.0,True,0.48155349615084286,2715
1,17747,metabolic activity of,151,69,82,-6.979501614783095e-05,3.623948024012576e-05,-1.9259386637270586,-0.07899093,1.0,1.0,0.0,1.0,True,0.48148466593176464,2716
1,8979,constipation 10 100,120,68,52,-5.157149291586225e-05,2.9458151538694792e-05,-1.7506696863895364,-0.09483233,1.0,1.0,0.03333333333333333,1.0,True,0.48143416375712256,2717
1,2028,10 100 diarrhea,120,68,52,-5.157149291586225e-05,2.9458151538694792e-05,-1.7506696863895364,-0.09483233,1.0,1.0,0.03333333333333333,1.0,True,0.48143416375712256,2718
1,2116,100 constipation 10,120,68,52,-5.157149291586225e-05,2.9458151538694792e-05,-1.7506696863895364,-0.09483233,1.0,1.0,0.03333333333333333,1.0,True,0.48143416375712256,2719
1,17798,metastasis in,135,72,63,-6.440845073661867e-05,3.6806155479800075e-05,-1.7499369303041514,-0.16577782,1.0,1.0,0.03333333333333333,1.0,True,0.48123265583364166,2720
1,29010,visit low,500,255,245,3.479763372575517e-05,2.1698048607715656e-05,1.6037218071942838,0.18171424,1.0,1.0,0.06666666666666667,1.0,True,0.48111654215828514,2721
1,29011,visit low complexity,500,255,245,3.479763372575517e-05,2.1698048607715656e-05,1.6037218071942838,0.18171424,1.0,1.0,0.06666666666666667,1.0,True,0.48111654215828514,2722
1,2386,150 bp reads,86,47,39,5.8815257352275665e-05,3.1226322038062384e-05,1.8835153650367333,0.22671331,0.8571428571428571,1.0,0.03333333333333333,1.0,True,0.48096910214330874,2723
1,7246,bp reads,86,47,39,5.8815257352275665e-05,3.1226322038062384e-05,1.8835153650367333,0.22671331,0.8571428571428571,1.0,0.03333333333333333,1.0,True,0.48096910214330874,2724
1,18509,mri no,338,176,162,-7.09426663197778e-05,3.687917283000077e-05,-1.923651233903673,-0.22029535,1.0,1.0,0.0,1.0,True,0.4809128084759183,2725
1,22021,papilledema. - neck,67,32,35,6.194902797410318e-05,3.22051616918147e-05,1.9235745054448277,0.24788852,1.0,1.0,0.0,1.0,True,0.4808936263612069,2726
1,29262,weeks after,475,239,236,5.732847532051635e-05,3.279195925275572e-05,1.7482479433033167,0.16095129,1.0,1.0,0.03333333333333333,1.0,True,0.4807681844084121,2727
1,22438,pending.,241,118,123,-6.940730144387467e-05,3.609513719511852e-05,-1.9228989508664693,-0.117913514,1.0,1.0,0.0,1.0,True,0.48072473771661733,2728
1,7911,cerebellum,224,115,109,6.217556808769449e-05,3.556873767352405e-05,1.748039771846486,0.28471375,1.0,1.0,0.03333333333333333,1.0,True,0.4807109372577837,2729
1,2979,3.7,92,44,48,-8.254976061653486e-05,4.643846184561938e-05,-1.7776161684890501,-0.13853838,1.0,0.9666666666666667,0.03333333333333333,1.0,True,0.4806970388955807,2730
1,20739,of metastatic,421,205,216,-6.13724021243255e-05,3.192098472171154e-05,-1.9226349894708021,-0.27757102,1.0,1.0,0.0,1.0,True,0.48065874736770053,2731
1,8524,cm with mild,58,27,31,3.94917425394243e-05,2.2596145877680753e-05,1.7477202861587162,0.23898275,1.0,1.0,0.03333333333333333,1.0,True,0.480623078693647,2732
1,1030,- return to,531,265,266,5.3181803172745655e-05,2.766987427899345e-05,1.9220110158982717,0.16358171,1.0,1.0,0.0,1.0,True,0.48050275397456793,2733
1,9027,contains a,64,29,35,4.832324760235891e-05,2.514873179445887e-05,1.9214983879626957,0.16761734,1.0,1.0,0.0,1.0,True,0.4803745969906739,2734
1,12804,frontal and,72,32,40,8.49204966478212e-05,4.419826122645035e-05,1.9213537883929406,0.18340611,1.0,1.0,0.0,1.0,True,0.48033844709823514,2735
1,7777,cbc and cmp,493,263,230,4.918885525540955e-05,2.816329666912869e-05,1.746558857554773,0.13934998,1.0,1.0,0.03333333333333333,1.0,True,0.4803036858275626,2736
1,11620,exam -,65,28,37,-4.946886322556232e-05,3.0898588292255914e-05,-1.6010072291218773,-0.09615606,1.0,1.0,0.06666666666666667,1.0,True,0.4803021687365632,2737
1,17756,metastases,704,363,341,6.747746062789201e-05,3.512376008153671e-05,1.9211343111115964,0.15612634,1.0,1.0,0.0,1.0,True,0.4802835777778991,2738
1,4120,99213,502,256,246,3.492952693132299e-05,2.1820151565526674e-05,1.600792131366659,0.18502015,1.0,1.0,0.06666666666666667,1.0,True,0.4802376394099977,2739
1,28045,to rule,94,40,54,-5.371542304184366e-05,3.300214906495168e-05,-1.627634095468331,-0.13796309,1.0,0.9666666666666667,0.06666666666666667,1.0,True,0.48015205816315765,2740
1,28046,to rule out,94,40,54,-5.371542304184366e-05,3.300214906495168e-05,-1.627634095468331,-0.13796309,1.0,0.9666666666666667,0.06666666666666667,1.0,True,0.48015205816315765,2741
1,9782,days -,94,50,44,5.310747149367412e-05,3.041975161833147e-05,1.745821996181936,0.08176867,1.0,1.0,0.03333333333333333,1.0,True,0.4801010489500324,2742
1,13238,glands kidneys,120,61,59,-5.306045833623614e-05,2.9888627794381563e-05,-1.7752724782571114,-0.106689945,1.0,0.9666666666666667,0.03333333333333333,1.0,True,0.4800632659953606,2743
1,4986,adrenal glands kidneys,120,61,59,-5.306045833623614e-05,2.9888627794381563e-05,-1.7752724782571114,-0.106689945,1.0,0.9666666666666667,0.03333333333333333,1.0,True,0.4800632659953606,2744
1,17652,medical oncology thoracic,78,54,24,-5.293591695555917e-05,3.0327675944711217e-05,-1.7454656615318578,-0.1674202,1.0,1.0,0.03333333333333333,1.0,True,0.48000305692126094,2745
1,29774,with progressive,123,59,64,-4.3735983875715315e-05,2.7341125596689422e-05,-1.5996409409351842,-0.16160443,1.0,1.0,0.06666666666666667,1.0,True,0.47989228228055525,2746
1,6909,baseline pulmonary,388,195,193,-4.516129156904204e-05,2.8234405498521433e-05,-1.5995127494859782,-0.10943475,1.0,1.0,0.06666666666666667,1.0,True,0.4798538248457934,2747
1,22534,performed comprehensive,176,91,85,-5.0326642161453176e-05,2.884289956338285e-05,-1.744853774179651,-0.18334275,1.0,1.0,0.03333333333333333,1.0,True,0.4798347878994041,2748
1,25065,ros1 ret,247,124,123,-7.308418354047127e-05,3.807858891621126e-05,-1.919298630032927,-0.13720316,1.0,1.0,0.0,1.0,True,0.4798246575082318,2749
1,24124,recent weight change.,137,70,67,-6.12370376300385e-05,3.191565339643988e-05,-1.9187148346732377,-0.24073717,1.0,1.0,0.0,1.0,True,0.4796787086683094,2750
1,22956,positive ck7 positive,238,110,128,-5.925781892583235e-05,3.397338306484151e-05,-1.7442425092824294,-0.20802106,1.0,1.0,0.03333333333333333,1.0,True,0.4796666900526681,2751
1,25539,short-axis,475,241,234,-5.2442654654509087e-05,3.0068988514927226e-05,-1.7440777772912064,-0.18755677,1.0,1.0,0.03333333333333333,1.0,True,0.4796213887550818,2752
1,8866,configuration. no,112,61,51,5.457323393805581e-05,3.129072928569573e-05,1.7440703743202133,0.18088351,1.0,1.0,0.03333333333333333,1.0,True,0.4796193529380587,2753
1,5785,and configuration. no,112,61,51,5.457323393805581e-05,3.129072928569573e-05,1.7440703743202133,0.18088351,1.0,1.0,0.03333333333333333,1.0,True,0.4796193529380587,2754
1,18652,murmurs. - abdomen,206,127,79,6.418844243659829e-05,3.3460511860775534e-05,1.9183341457440144,0.24957317,1.0,1.0,0.0,1.0,True,0.4795835364360036,2755
1,10787,driver fda-approved,95,55,40,-5.46321925572311e-05,2.8483822762074875e-05,-1.9180077412211602,-0.14081123,1.0,1.0,0.0,1.0,True,0.47950193530529006,2756
1,12229,firm. - core,33,16,17,9.651444807320501e-05,5.443377080291254e-05,1.7730619549149607,0.2175386,1.0,0.9666666666666667,0.03333333333333333,1.0,True,0.47946550364158735,2757
1,2728,22 mg dl,73,20,53,-7.305942693646445e-05,4.192450769109246e-05,-1.7426424533063056,-0.08053314,1.0,1.0,0.03333333333333333,1.0,True,0.4792266746592341,2758
1,7268,braf wild-type,177,90,87,-5.231559536666664e-05,3.0024087194729043e-05,-1.7424541511407228,-0.17999467,1.0,1.0,0.03333333333333333,1.0,True,0.4791748915636988,2759
1,20263,note patient evelyn,36,13,23,9.651175750265413e-05,5.0355965040374064e-05,1.9165903667077693,0.1732474,1.0,1.0,0.0,1.0,True,0.4791475916769423,2760
1,6063,and reporting,69,44,25,-5.5342656379044595e-05,2.8881174751896175e-05,-1.916219019983289,-0.16364038,1.0,1.0,0.0,1.0,True,0.47905475499582223,2761
1,5846,and grade 2,61,29,32,5.279164279035908e-05,3.3060669904125836e-05,1.596811042953818,0.2451901,1.0,1.0,0.06666666666666667,1.0,True,0.4790433128861454,2762
1,11238,electronically,168,87,81,6.121185039748524e-05,3.19450325931589e-05,1.9161617762942555,0.28018942,1.0,1.0,0.0,1.0,True,0.4790404440735639,2763
1,8454,cm irregular,120,64,56,5.208021887387499e-05,2.718145079982786e-05,1.9160205706976028,0.21636291,1.0,1.0,0.0,1.0,True,0.4790051426744007,2764
1,24941,right main bronchus,54,30,24,6.123813115126945e-05,3.516296767624243e-05,1.7415518426974093,0.14191683,1.0,1.0,0.03333333333333333,1.0,True,0.4789267567417876,2765
1,11019,ecog 2 ambulatory,169,66,103,8.411059571482943e-05,4.391243109578086e-05,1.9154165145484472,0.23974834,1.0,1.0,0.0,1.0,True,0.4788541286371118,2766
1,14093,hypertension controlled on,177,82,95,-5.1009339966647274e-05,3.196107225560786e-05,-1.5959833749850874,-0.11258017,1.0,1.0,0.06666666666666667,1.0,True,0.4787950124955262,2767
1,21528,or thickening.,581,309,272,-4.537764786749199e-05,2.3694476997692644e-05,-1.915114981094997,-0.27780876,1.0,1.0,0.0,1.0,True,0.47877874527374925,2768
1,1085,- she,59,33,26,6.366594308516544e-05,3.989563867358213e-05,1.5958121038258601,0.25501043,1.0,1.0,0.06666666666666667,1.0,True,0.47874363114775803,2769
1,25019,role function 60,56,35,21,-6.108615985785013e-05,3.1377797360085566e-05,-1.9467956643621958,-0.06393563,1.0,0.9666666666666667,0.0,1.0,True,0.4785872674890398,2770
1,4861,adenocarcinoma.,436,209,227,-6.694369916069224e-05,3.8467965194697403e-05,-1.7402453917661354,-0.23866981,1.0,1.0,0.03333333333333333,1.0,True,0.4785674827356873,2771
1,6567,assistance,233,97,136,6.570473424303789e-05,4.118907257417205e-05,1.5951981954611572,0.2517253,1.0,1.0,0.06666666666666667,1.0,True,0.47855945863834715,2772
1,3753,68 - no,100,62,38,4.958560844013433e-05,2.849800424336572e-05,1.7399677541165979,0.18441659,1.0,1.0,0.03333333333333333,1.0,True,0.4784911323820645,2773
1,461,- focal,74,38,36,-4.622495829607168e-05,2.9007190426565645e-05,-1.5935689605339196,-0.08938999,1.0,1.0,0.06666666666666667,1.0,True,0.47807068816017584,2774
1,1272,--- 4.,376,198,178,5.666117752033641e-05,2.9635132217766456e-05,1.9119596667892598,0.2622276,1.0,1.0,0.0,1.0,True,0.47798991669731494,2775
1,18227,mm slice,147,91,56,5.0515945987899146e-05,2.9064516840395912e-05,1.738062472027353,0.20701917,1.0,1.0,0.03333333333333333,1.0,True,0.4779671798075221,2776
1,19977,nodule in the,197,105,92,-7.809798552277402e-05,4.4946617102864956e-05,-1.7375720478370764,-0.17600784,1.0,1.0,0.03333333333333333,1.0,True,0.47783231315519603,2777
1,315,- continue ondansetron,289,157,132,6.680758886633968e-05,3.495518184210643e-05,1.9112356264691026,0.29679313,1.0,1.0,0.0,1.0,True,0.47780890661727565,2778
1,8150,chief complaint routine,347,185,162,-4.962876735046463e-05,2.856619103595244e-05,-1.7373253328735199,-0.22363606,1.0,1.0,0.03333333333333333,1.0,True,0.477764466540218,2779
1,8741,complaint routine,347,185,162,-4.962876735046463e-05,2.856619103595244e-05,-1.7373253328735199,-0.22363606,1.0,1.0,0.03333333333333333,1.0,True,0.477764466540218,2780
1,15283,intracranial enhancing,81,46,35,6.0892671198057995e-05,3.187143071635533e-05,1.9105722532503053,0.14792877,1.0,1.0,0.0,1.0,True,0.47764306331257633,2781
1,2729,22 u,421,234,187,-8.055031099615311e-05,4.216288857756351e-05,-1.910455230029401,-0.2730421,1.0,1.0,0.0,1.0,True,0.4776138075073503,2782
1,19063,neuropathy neurologic,69,31,38,-4.744985097539379e-05,2.732069614718632e-05,-1.7367731305148502,-0.093505144,1.0,1.0,0.03333333333333333,1.0,True,0.47761261089158386,2783
1,23430,pro-ctcae last,66,30,36,-4.3972176983788646e-05,2.532361899323534e-05,-1.7364096733383514,-0.13326173,1.0,1.0,0.03333333333333333,1.0,True,0.47751266016804667,2784
1,23370,prior to cycle,59,37,22,-5.0382157234723607e-05,2.6378962598532517e-05,-1.9099370207047643,-0.12344116,1.0,1.0,0.0,1.0,True,0.4774842551761911,2785
1,26668,supports squamous,246,134,112,6.392791308679045e-05,3.68218459987692e-05,1.7361409063773525,0.19656785,1.0,1.0,0.03333333333333333,1.0,True,0.477438749253772,2786
1,26975,t1 t2 flair,324,160,164,-5.6544335990690015e-05,2.9618290261745517e-05,-1.9091019600048191,-0.20717275,1.0,1.0,0.0,1.0,True,0.4772754900012048,2787
1,28835,vaf tp53,90,44,46,7.952173159236102e-05,4.165740191268049e-05,1.9089460201826618,0.16544135,1.0,1.0,0.0,1.0,True,0.47723650504566545,2788
1,12135,field post-lobectomy,123,61,62,-7.064878555858512e-05,3.702126701663974e-05,-1.9083297588607924,-0.20006692,1.0,1.0,0.0,1.0,True,0.4770824397151981,2789
1,20100,norm -,138,71,67,5.722120008327184e-05,3.59823260612423e-05,1.5902585059643102,0.09735724,1.0,1.0,0.06666666666666667,1.0,True,0.477077551789293,2790
1,16924,lung carcinoma right,78,43,35,5.245447152277807e-05,3.0236808345351443e-05,1.7347886365408116,0.26887316,1.0,1.0,0.03333333333333333,1.0,True,0.47706687504872325,2791
1,333,- correlate,77,42,35,4.687920548451437e-05,2.7034175978187916e-05,1.7340719214944111,0.23727533,1.0,1.0,0.03333333333333333,1.0,True,0.4768697784109631,2792
1,24750,results cbc -,157,79,78,-9.184345235079554e-05,4.8173672947648026e-05,-1.9065071590161904,-0.17664023,1.0,1.0,0.0,1.0,True,0.4766267897540476,2793
1,1173,- treated,80,40,40,7.304689026250105e-05,3.831804062782327e-05,1.9063315625136812,0.23417085,1.0,1.0,0.0,1.0,True,0.4765828906284203,2794
1,1247,- z51.0,103,52,51,5.6453873153126966e-05,2.9619009983666047e-05,1.9060013546792922,0.27654874,1.0,1.0,0.0,1.0,True,0.47650033866982305,2795
1,8821,compromise.,65,35,30,6.133683200385546e-05,3.540345155066192e-05,1.7325099479660389,0.29405046,1.0,1.0,0.03333333333333333,1.0,True,0.47644023569066074,2796
1,12810,frontal lobe a,58,25,33,7.294007741936824e-05,3.8275410284773876e-05,1.905664155568415,0.23734099,1.0,1.0,0.0,1.0,True,0.47641603889210377,2797
1,9771,day,643,337,306,-6.49812369921471e-05,3.7514974150420066e-05,-1.7321413239310333,-0.07897469,1.0,1.0,0.03333333333333333,1.0,True,0.4763388640810342,2798
1,29222,weakness,610,307,303,5.802890505144475e-05,3.046460645211774e-05,1.904797462020419,0.1796135,1.0,1.0,0.0,1.0,True,0.4761993655051048,2799
1,27812,tmb and,257,134,123,5.636015903009967e-05,3.022434143097164e-05,1.86472744687651,0.19054642,0.8571428571428571,1.0,0.03333333333333333,1.0,True,0.47617147304168034,2800
1,10676,do,100,51,49,5.9939166204804277e-05,3.1473104575522126e-05,1.9044567421359928,0.14854841,1.0,1.0,0.0,1.0,True,0.4761141855339982,2801
1,27369,the past week,129,61,68,-4.5705257627219556e-05,2.6399469951232896e-05,-1.7312945188539686,-0.200352,1.0,1.0,0.03333333333333333,1.0,True,0.4761059926848414,2802
1,5043,after 4 cycles,51,29,22,-5.6189304255036584e-05,3.246169974865547e-05,-1.730941530791649,-0.17732547,1.0,1.0,0.03333333333333333,1.0,True,0.4760089209677035,2803
1,17060,lymphadenopathy. - cardiovascular,416,190,226,4.269774128384317e-05,2.9164472276379903e-05,1.4640327066169396,0.104736015,1.0,1.0,0.1,1.0,True,0.4758106296505054,2804
1,1269,--- 3.,384,202,182,5.612960862746185e-05,2.950192425646706e-05,1.9025744944470118,0.2611974,1.0,1.0,0.0,1.0,True,0.47564362361175294,2805
1,13874,histology egfr,45,28,17,-5.541750449326611e-05,2.9757079845534135e-05,-1.8623300666911047,-0.060577672,0.8571428571428571,1.0,0.03333333333333333,1.0,True,0.47555928488719285,2806
1,18506,mri in 8,101,48,53,7.468000921261373e-05,3.9262894482586474e-05,1.9020505287946903,0.22422284,1.0,1.0,0.0,1.0,True,0.47551263219867257,2807
1,18025,mild exertional dyspnea,272,137,135,-6.782761616759257e-05,3.566886790588864e-05,-1.9015915040127973,-0.15654932,1.0,1.0,0.0,1.0,True,0.4753978760031993,2808
1,25616,signature provider dr.,464,232,232,5.0149755227782503e-05,2.9025282375995864e-05,1.7277956017150324,0.22828692,1.0,1.0,0.03333333333333333,1.0,True,0.47514379047163396,2809
1,5137,age 64,98,53,45,0.00012507209392983702,7.23905058859403e-05,1.7277416755023471,0.1717445,1.0,1.0,0.03333333333333333,1.0,True,0.4751289607631455,2810
1,13690,hepatic metastasis.,76,35,41,-7.058602215927182e-05,3.7150525552177395e-05,-1.9000006355262655,-0.19740798,1.0,1.0,0.0,1.0,True,0.4750001588815664,2811
1,26283,started on,162,81,81,-5.796811575103698e-05,3.0516288790079677e-05,-1.8995794721237997,-0.24184237,1.0,1.0,0.0,1.0,True,0.47489486803094993,2812
1,10774,drink,84,52,32,6.731973474229336e-05,3.5441080359939706e-05,1.8994831438148598,0.24352135,1.0,1.0,0.0,1.0,True,0.47487078595371496,2813
1,7853,cell carcinoma,320,171,149,0.00013817829544470503,8.003853018251459e-05,1.7263972130624132,0.18272664,1.0,1.0,0.03333333333333333,1.0,True,0.47475923359216365,2814
1,29318,weight change.,209,110,99,-6.146433101803359e-05,3.236619143992735e-05,-1.8990288410087819,-0.2921073,1.0,1.0,0.0,1.0,True,0.47475721025219547,2815
1,7776,cbc and,500,266,234,4.8528951378095546e-05,2.8122979087300007e-05,1.7255978190450891,0.15381815,1.0,1.0,0.03333333333333333,1.0,True,0.47453940023739954,2816
1,18777,n3 m1,56,31,25,-7.962941743387743e-05,4.1971505311538545e-05,-1.8972256735329958,-0.09850513,1.0,1.0,0.0,1.0,True,0.47430641838324894,2817
1,4375,a molecular,74,43,31,-4.846365900519725e-05,2.5544650858289506e-05,-1.8972135995928199,-0.1629726,1.0,1.0,0.0,1.0,True,0.47430339989820497,2818
1,9911,deletion -,372,185,187,6.252273688356822e-05,3.626662056439986e-05,1.7239747158835628,0.23206504,1.0,1.0,0.03333333333333333,1.0,True,0.4740930468679798,2819
1,2083,10% .,83,43,40,-5.7316225880414855e-05,3.626925637211472e-05,-1.5802977952556507,-0.22884871,1.0,1.0,0.06666666666666667,1.0,True,0.4740893385766952,2820
1,20652,of disease progression,158,73,85,-4.96849262738605e-05,2.8828205915548944e-05,-1.72348311994893,-0.20782706,1.0,1.0,0.03333333333333333,1.0,True,0.4739578579859558,2821
1,18005,mild bone,58,30,28,4.727718734175915e-05,2.7431884277360688e-05,1.7234392965406549,0.080517195,1.0,1.0,0.03333333333333333,1.0,True,0.4739458065486801,2822
1,6912,baseline studies,128,67,61,-5.469929973803134e-05,3.173868308355212e-05,-1.7234268855464283,-0.21884793,1.0,1.0,0.03333333333333333,1.0,True,0.47394239352526785,2823
1,13482,he has,411,196,215,-8.184126850648173e-05,4.7497487750574714e-05,-1.723065205811679,-0.12928797,1.0,1.0,0.03333333333333333,1.0,True,0.4738429315982118,2824
1,12331,focal keratin,64,33,31,4.919208808270065e-05,2.8550657448624258e-05,1.7229756677659631,0.15996456,1.0,1.0,0.03333333333333333,1.0,True,0.4738183086356399,2825
1,17190,male clinical history,94,50,44,-4.61573225941847e-05,2.679720408154654e-05,-1.7224678535015596,-0.20157877,1.0,1.0,0.03333333333333333,1.0,True,0.47367865971292894,2826
1,16817,low-level,259,129,130,-9.20190965551126e-05,5.344019147705776e-05,-1.7219080622983365,-0.22165118,1.0,1.0,0.03333333333333333,1.0,True,0.4735247171320426,2827
1,8999,constitutional no fever,457,246,211,-5.6014877847800036e-05,3.253270834631869e-05,-1.7218018632665892,-0.23433906,1.0,1.0,0.03333333333333333,1.0,True,0.47349551239831206,2828
1,26930,systemic therapy initiation.,101,55,46,6.0948406398343424e-05,3.2181904290886986e-05,1.8938719675330806,0.21567225,1.0,1.0,0.0,1.0,True,0.47346799188327016,2829
1,29634,with dose,93,36,57,-4.97318627198392e-05,2.888851459900914e-05,-1.7215098598923801,-0.19967951,1.0,1.0,0.03333333333333333,1.0,True,0.47341521147040455,2830
1,11579,event,113,61,52,-6.075422720537803e-05,3.529785536158763e-05,-1.7211874937731464,-0.26566294,1.0,1.0,0.03333333333333333,1.0,True,0.4733265607876153,2831
1,10519,dissection for stage,145,80,65,-6.617824280978185e-05,3.496843560144713e-05,-1.8925136818829587,-0.18875445,1.0,1.0,0.0,1.0,True,0.47312842047073966,2832
1,2730,22 u l,421,234,187,-7.977243243193905e-05,4.215628479298004e-05,-1.8923022468342119,-0.27319926,1.0,1.0,0.0,1.0,True,0.47307556170855297,2833
1,3342,5 100 financial,140,77,63,-5.4597722745223674e-05,3.173917114044635e-05,-1.7202000173107186,-0.09597152,1.0,1.0,0.03333333333333333,1.0,True,0.47305500476044765,2834
1,2722,22,643,339,304,-5.779958112857393e-05,3.055315722929679e-05,-1.8917711415156502,-0.28002343,1.0,1.0,0.0,1.0,True,0.47294278537891254,2835
1,26275,staples,65,31,34,-5.2995112995645064e-05,2.801818097364063e-05,-1.8914544468644345,-0.26533878,1.0,1.0,0.0,1.0,True,0.47286361171610863,2836
1,26708,surgical staples,65,31,34,-5.2995112995645064e-05,2.801818097364063e-05,-1.8914544468644345,-0.26533878,1.0,1.0,0.0,1.0,True,0.47286361171610863,2837
1,28775,used,282,143,139,-5.320404022723108e-05,3.376234889200058e-05,-1.575839417968839,-0.17589633,1.0,1.0,0.06666666666666667,1.0,True,0.4727518253906517,2838
1,29598,with baseline,124,65,59,-5.6649869937782935e-05,3.295576404005095e-05,-1.7189669724827703,-0.065689184,1.0,1.0,0.03333333333333333,1.0,True,0.47271591743276187,2839
1,4992,adrenal glands unremarkable.,64,28,36,-5.0951876958050605e-05,2.695264566357311e-05,-1.8904220978541193,-0.12742165,1.0,1.0,0.0,1.0,True,0.4726055244635298,2840
1,19085,neutropenia anc 0.9,65,32,33,-5.84299279452203e-05,3.400847238278028e-05,-1.7180991632780744,-0.16332358,1.0,1.0,0.03333333333333333,1.0,True,0.4724772699014705,2841
1,18,% likely,212,110,102,-5.4787978454228944e-05,3.2310738943737004e-05,-1.6956584790472224,-0.27686065,0.8571428571428571,1.0,0.06666666666666667,1.0,True,0.47236200487744057,2842
1,28545,unable to,224,92,132,8.220465833397993e-05,4.350896553588301e-05,1.8893728527326983,0.26830116,1.0,1.0,0.0,1.0,True,0.47234321318317457,2843
1,28544,unable,224,92,132,8.220465833397993e-05,4.350896553588301e-05,1.8893728527326983,0.26830116,1.0,1.0,0.0,1.0,True,0.47234321318317457,2844
1,27183,the absence,243,119,124,5.3624455528263426e-05,3.122098185969799e-05,1.7175774858472739,0.24144326,1.0,1.0,0.03333333333333333,1.0,True,0.47233380860800034,2845
1,27184,the absence of,243,119,124,5.3624455528263426e-05,3.122098185969799e-05,1.7175774858472739,0.24144326,1.0,1.0,0.03333333333333333,1.0,True,0.47233380860800034,2846
1,8563,cmp creatinine 1.1,67,20,47,-5.3200033039484084e-05,3.097596234085898e-05,-1.717461832309576,-0.23107061,1.0,1.0,0.03333333333333333,1.0,True,0.47230200388513344,2847
1,4786,additional hypermetabolic,63,35,28,4.409099332597136e-05,2.3343162935022276e-05,1.8888182997609397,0.26072556,1.0,1.0,0.0,1.0,True,0.47220457494023493,2848
1,13082,gallops. - abdomen,124,52,72,-5.753821063242632e-05,3.046908208193612e-05,-1.8884129977298656,-0.20828116,1.0,1.0,0.0,1.0,True,0.4721032494324664,2849
1,11360,end of report,352,187,165,5.814899361628794e-05,3.079944093243315e-05,1.8879886081001724,0.19792734,1.0,1.0,0.0,1.0,True,0.4719971520250431,2850
1,29364,well-characterized activating,93,54,39,4.937508800940312e-05,2.6152601693904336e-05,1.8879608456282762,0.102243334,1.0,1.0,0.0,1.0,True,0.47199021140706904,2851
1,26127,stable - -,112,55,57,-4.873156773972037e-05,2.8402610979963535e-05,-1.7157425341669392,-0.23768392,1.0,1.0,0.03333333333333333,1.0,True,0.4718291968959083,2852
1,12320,focal fdg uptake,68,37,31,-4.7746937591233134e-05,2.530705183209251e-05,-1.8867048563390558,-0.16689493,1.0,1.0,0.0,1.0,True,0.47167621408476396,2853
1,12716,fragmentation,77,38,39,-5.442906622324139e-05,3.173403357536397e-05,-1.7151638191211918,-0.18324044,1.0,1.0,0.03333333333333333,1.0,True,0.47167005025832776,2854
1,10395,discussion.,148,79,69,5.800524870824837e-05,3.3830552783528254e-05,1.7145817592578778,0.24592818,1.0,1.0,0.03333333333333333,1.0,True,0.4715099837959164,2855
1,8234,ck5 6 positive,104,59,45,-4.832750728630359e-05,2.5625159096166833e-05,-1.885939794751663,-0.06988001,1.0,1.0,0.0,1.0,True,0.47148494868791574,2856
1,26611,superior vena cava,98,55,43,-4.765169097348221e-05,2.7793549250598717e-05,-1.714487435333784,-0.18639156,1.0,1.0,0.03333333333333333,1.0,True,0.4714840447167906,2857
1,23289,primary tumor and,97,50,47,6.080634564325164e-05,3.546954484980593e-05,1.714325512231216,0.150914,1.0,1.0,0.03333333333333333,1.0,True,0.47143951586358446,2858
1,5449,allergies nkda ---,89,39,50,4.516689660265306e-05,2.6350858316910005e-05,1.7140578898588792,0.076686464,1.0,1.0,0.03333333333333333,1.0,True,0.4713659197111918,2859
1,15290,intracranial metastases on,70,31,39,-4.0743383086068475e-05,2.5939264503668917e-05,-1.5707223726526873,-0.16772908,1.0,1.0,0.06666666666666667,1.0,True,0.47121671179580615,2860
1,23571,prophylactic g-csf filgrastim,124,62,62,-5.507656122883431e-05,2.9221477061110668e-05,-1.8847973055452705,-0.15989867,1.0,1.0,0.0,1.0,True,0.4711993263863176,2861
1,1251,--- ---,251,127,124,-7.246992987714566e-05,3.847508404441927e-05,-1.8835548167608815,-0.23796149,1.0,1.0,0.0,1.0,True,0.4708887041902204,2862
1,22959,positive cytoplasmic consistent,202,101,101,-4.9228107241055415e-05,2.875092150638303e-05,-1.7122271100119772,-0.22880247,1.0,1.0,0.03333333333333333,1.0,True,0.4708624552532938,2863
1,7915,cerebral hemispheres,88,50,38,5.792971319909136e-05,3.075886151728166e-05,1.883350369341334,0.24664953,1.0,1.0,0.0,1.0,True,0.4708375923353335,2864
1,3968,8 mm .,58,29,29,-4.9973525528029274e-05,2.653830285417004e-05,-1.883071641869397,-0.22954123,1.0,1.0,0.0,1.0,True,0.4707679104673492,2865
1,26866,symptoms. he has,101,47,54,-4.297449081217179e-05,2.5106273851128633e-05,-1.71170326058719,-0.0557056,1.0,1.0,0.03333333333333333,1.0,True,0.4707183966614773,2866
1,8117,chest pain weight,95,49,46,-4.397900476191285e-05,2.5694700880012697e-05,-1.7115982383793027,-0.12770405,1.0,1.0,0.03333333333333333,1.0,True,0.47068951555430827,2867
1,16033,laboratory imaging,210,107,103,5.340531212552847e-05,3.120954840299196e-05,1.711185033372949,0.22708477,1.0,1.0,0.03333333333333333,1.0,True,0.470575884177561,2868
1,22433,pending -,117,56,61,-6.633590895564417e-05,4.2295084870374143e-05,-1.568407042070025,-0.16324246,1.0,1.0,0.06666666666666667,1.0,True,0.47052211262100746,2869
1,28241,transfusion,130,62,68,6.450201341351809e-05,3.7704678635248146e-05,1.7107164348887596,0.19962126,1.0,1.0,0.03333333333333333,1.0,True,0.47044701959440893,2870
1,16047,laboratory results hgb,106,54,52,7.879256188950239e-05,4.6062147374507163e-05,1.7105707480131438,0.23425262,1.0,1.0,0.03333333333333333,1.0,True,0.47040695570361457,2871
1,24757,results hgb,106,54,52,7.879256188950239e-05,4.6062147374507163e-05,1.7105707480131438,0.23425262,1.0,1.0,0.03333333333333333,1.0,True,0.47040695570361457,2872
1,430,- extra-axial,149,86,63,5.5802306395923585e-05,3.264120899616693e-05,1.7095661622851184,0.1971272,1.0,1.0,0.03333333333333333,1.0,True,0.47013069462840756,2873
1,7697,cardiac evaluation ecg,92,60,32,5.205259142552396e-05,2.7686240042833784e-05,1.8800888580389623,0.19928926,1.0,1.0,0.0,1.0,True,0.4700222145097406,2874
1,19365,no abnormal,775,397,378,-3.383460161048904e-05,1.9798330494311262e-05,-1.7089623602460258,-0.124424964,1.0,1.0,0.03333333333333333,1.0,True,0.4699646490676571,2875
1,4151,<=,366,187,179,-7.186504760794778e-05,3.822907551538475e-05,-1.8798531389812636,-0.17181213,1.0,1.0,0.0,1.0,True,0.4699632847453159,2876
1,16664,loss associated,124,65,59,-4.7409639192100914e-05,2.5224107677005768e-05,-1.8795368224390914,-0.113761604,1.0,1.0,0.0,1.0,True,0.46988420560977284,2877
1,16665,loss associated with,124,65,59,-4.7409639192100914e-05,2.5224107677005768e-05,-1.8795368224390914,-0.113761604,1.0,1.0,0.0,1.0,True,0.46988420560977284,2878
1,2996,3.9 g dl.,132,63,69,-6.18756300960723e-05,3.62159508090036e-05,-1.7085187248677587,-0.061209116,1.0,1.0,0.03333333333333333,1.0,True,0.4698426493386337,2879
1,11136,effusions. -,63,34,29,-4.7570336030330616e-05,2.5313283686203353e-05,-1.8792637344106469,-0.15848474,1.0,1.0,0.0,1.0,True,0.4698159336026617,2880
1,32,% of lung,87,51,36,-4.391916855478706e-05,2.571502008695119e-05,-1.7079188896715414,-0.19504295,1.0,1.0,0.03333333333333333,1.0,True,0.4696776946596739,2881
1,8239,ck7 cytokeratin,170,83,87,-4.8267456877030224e-05,2.8264043954241335e-05,-1.7077335768078281,-0.18547912,1.0,1.0,0.03333333333333333,1.0,True,0.4696267336221528,2882
1,8240,ck7 cytokeratin 7,170,83,87,-4.8267456877030224e-05,2.8264043954241335e-05,-1.7077335768078281,-0.18547912,1.0,1.0,0.03333333333333333,1.0,True,0.4696267336221528,2883
1,20678,of hemorrhage,76,38,38,5.7694417453453445e-05,3.0713073517732e-05,1.8784970322212766,0.2063522,1.0,1.0,0.0,1.0,True,0.46962425805531915,2884
1,9300,cough sputum hemoptysis,127,57,70,-4.9180649420069506e-05,2.8805410015679784e-05,-1.7073407180560447,-0.13302696,1.0,1.0,0.03333333333333333,1.0,True,0.4695186974654123,2885
1,12902,fusion assay,92,50,42,-6.927512313694642e-05,4.0589471471325855e-05,-1.706726415146483,-0.074188314,1.0,1.0,0.03333333333333333,1.0,True,0.46934976416528285,2886
1,8498,cm solid nodule,85,49,36,-6.185042513909034e-05,3.6272236239672485e-05,-1.7051726485901606,-0.14312786,1.0,1.0,0.03333333333333333,1.0,True,0.4689224783622942,2887
1,9573,currently on,292,151,141,-4.8902632274912935e-05,3.333671838989551e-05,-1.4669299990168052,-0.14040598,1.0,0.9666666666666667,0.1,1.0,True,0.4688063788524541,2888
1,18975,negatives system positive,286,143,143,5.380157453656063e-05,3.157309018579875e-05,1.7040325866094674,0.24419998,1.0,1.0,0.03333333333333333,1.0,True,0.4686089613176036,2889
1,24156,recommendations for,129,68,61,5.5843605271916274e-05,2.9796297788786086e-05,1.8741793248197822,0.1996245,1.0,1.0,0.0,1.0,True,0.46854483120494556,2890
1,18235,mmhg hr 88,75,29,46,4.4877486775905714e-05,3.113446565058122e-05,1.4414086074115082,0.14801198,1.0,1.0,0.1,1.0,True,0.46845779740874016,2891
1,28540,ul reference 1.5-8.0,388,203,185,-7.319029813779788e-05,4.29657169692552e-05,-1.7034580893918367,-0.13438058,1.0,1.0,0.03333333333333333,1.0,True,0.46845097458275514,2892
1,24260,reference 1.5-8.0 -,388,203,185,-7.319029813779788e-05,4.29657169692552e-05,-1.7034580893918367,-0.13438058,1.0,1.0,0.03333333333333333,1.0,True,0.46845097458275514,2893
1,24259,reference 1.5-8.0,388,203,185,-7.319029813779788e-05,4.29657169692552e-05,-1.7034580893918367,-0.13438058,1.0,1.0,0.03333333333333333,1.0,True,0.46845097458275514,2894
1,10924,dysuria or hematuria.,696,345,351,-3.6720169815301965e-05,2.155788415305122e-05,-1.703329025919491,-0.22024602,1.0,1.0,0.03333333333333333,1.0,True,0.4684154821278601,2895
1,8037,chemotherapy infusion.,149,74,75,-5.240138652890552e-05,3.077166013748548e-05,-1.7029106097877083,-0.11833216,1.0,1.0,0.03333333333333333,1.0,True,0.4683004176916198,2896
1,10832,duration,66,37,29,5.529534277997015e-05,3.248763954996245e-05,1.702042485879343,0.20129956,1.0,1.0,0.03333333333333333,1.0,True,0.4680616836168194,2897
1,5678,and 0.9,45,24,21,7.270686045721961e-05,3.8840132648709075e-05,1.8719519089911285,0.20863307,1.0,1.0,0.0,1.0,True,0.4679879772477821,2898
1,21441,or ntrk,69,27,42,6.228568343688988e-05,3.327445159959328e-05,1.8718770841485848,0.18231687,1.0,1.0,0.0,1.0,True,0.4679692710371462,2899
1,13851,hip,50,25,25,-8.582911056409565e-05,4.585939941404965e-05,-1.871570750178659,-0.22586109,1.0,1.0,0.0,1.0,True,0.46789268754466473,2900
1,28017,to physical therapy,282,145,137,5.1313277762396554e-05,3.01628596285668e-05,1.7012073256409186,0.21631657,1.0,1.0,0.03333333333333333,1.0,True,0.4678320145512527,2901
1,15519,iterative,92,48,44,-3.961806556566869e-05,2.5413812040316688e-05,-1.5589186503314911,-0.18052673,1.0,1.0,0.06666666666666667,1.0,True,0.46767559509944734,2902
1,1564,. axial images,390,194,196,-5.3370735682981764e-05,2.8534944963284235e-05,-1.8703640659427803,-0.22935201,1.0,1.0,0.0,1.0,True,0.46759101648569507,2903
1,22856,plt 260 k,191,131,60,-6.631027015483384e-05,3.900644928410635e-05,-1.6999822176035069,-0.14293478,1.0,1.0,0.03333333333333333,1.0,True,0.46749510984096443,2904
1,25155,sc on,78,47,31,-5.55230550774673e-05,3.2662683720331314e-05,-1.6998926222007364,-0.11734876,1.0,1.0,0.03333333333333333,1.0,True,0.46747047110520257,2905
1,19459,no cns,60,36,24,-4.839812615347546e-05,2.588478465081129e-05,-1.8697519336695951,-0.26399684,1.0,1.0,0.0,1.0,True,0.4674379834173988,2906
1,12104,ffpe tissue,377,192,185,5.0770203953209644e-05,2.7735930025474142e-05,1.83048500290344,0.2110184,0.8571428571428571,1.0,0.03333333333333333,1.0,True,0.4674274203842714,2907
1,10099,detected. alk,65,39,26,4.466201344874165e-05,2.3894833781814203e-05,1.8691075174054093,0.22830148,1.0,1.0,0.0,1.0,True,0.4672768793513523,2908
1,12812,frontal right,38,19,19,8.102740077353253e-05,4.3352562185561044e-05,1.869033724620766,0.26244837,1.0,1.0,0.0,1.0,True,0.4672584311551915,2909
1,16393,limited benefit,156,85,71,5.602703024176177e-05,2.9980230213789378e-05,1.8687992000805982,0.26095375,1.0,1.0,0.0,1.0,True,0.46719980002014955,2910
1,10057,description -,593,308,285,-4.9304443748319056e-05,2.6387040424444025e-05,-1.8685098046329272,-0.21348304,1.0,1.0,0.0,1.0,True,0.4671274511582318,2911
1,1877,1. progressive,156,67,89,-4.678878753090373e-05,3.0048910936822672e-05,-1.557087630539302,-0.20631535,1.0,1.0,0.06666666666666667,1.0,True,0.46712628916179055,2912
1,19689,no new distant,61,29,32,-5.910038780739348e-05,3.1630742954995276e-05,-1.8684476647128538,-0.13186097,1.0,1.0,0.0,1.0,True,0.46711191617821346,2913
1,10875,dyspnea allergies,65,27,38,4.7942378000605774e-05,2.6211739482012174e-05,1.8290422134519637,0.18179226,0.8571428571428571,1.0,0.03333333333333333,1.0,True,0.46705899379219795,2914
1,26098,squamous histology egfr,33,18,15,-5.350127814829771e-05,2.9258612968693246e-05,-1.8285650863061809,-0.09031495,0.8571428571428571,1.0,0.03333333333333333,1.0,True,0.46693715596747126,2915
1,4573,about,548,273,275,5.144554713491733e-05,3.0298670634578436e-05,1.697947337537805,0.18720677,1.0,1.0,0.03333333333333333,1.0,True,0.4669355178228964,2916
1,6756,attenuation compared,104,44,60,6.111135336540106e-05,3.273443434709445e-05,1.866882827954697,0.23038618,1.0,1.0,0.0,1.0,True,0.46672070698867424,2917
1,6757,attenuation compared with,104,44,60,6.111135336540106e-05,3.273443434709445e-05,1.866882827954697,0.23038618,1.0,1.0,0.0,1.0,True,0.46672070698867424,2918
1,5580,an activating,163,96,67,6.656561756385812e-05,3.924002733317164e-05,1.6963703159193964,0.1259134,1.0,1.0,0.03333333333333333,1.0,True,0.46650183687783403,2919
1,26882,syndromes allergies,137,77,60,4.8048760031091785e-05,2.8337975441488053e-05,1.6955607901595633,0.16475683,1.0,1.0,0.03333333333333333,1.0,True,0.46627921729387994,2920
1,26110,squamous nsclc kras,79,44,35,7.534121016579981e-05,4.444437797516262e-05,1.6951797639715789,0.1497566,1.0,1.0,0.03333333333333333,1.0,True,0.4661744350921842,2921
1,25541,short-axis.,41,17,24,-7.008476625052577e-05,4.134474912889105e-05,-1.695131007616918,-0.18289058,1.0,1.0,0.03333333333333333,1.0,True,0.46616102709465246,2922
1,28999,visit for evaluation,62,21,41,3.750729720483484e-05,2.4146561130286197e-05,1.5533183794768495,0.26530993,1.0,1.0,0.06666666666666667,1.0,True,0.4659955138430548,2923
1,19955,nodes stations 4r,290,154,136,-6.437132020099407e-05,3.799493415738839e-05,-1.6942079682082196,-0.11534963,1.0,1.0,0.03333333333333333,1.0,True,0.46590719125726043,2924
1,29887,without significant,89,51,38,6.04572002760862e-05,3.244105394168375e-05,1.8636016075422353,0.20402455,1.0,1.0,0.0,1.0,True,0.4659004018855588,2925
1,3724,65 encounter,62,36,26,4.9104230783388584e-05,2.6917167116415507e-05,1.8242718697333582,0.14015402,0.8571428571428571,1.0,0.03333333333333333,1.0,True,0.4658408524497683,2926
1,5140,age 65 encounter,62,36,26,4.9104230783388584e-05,2.6917167116415507e-05,1.8242718697333582,0.14015402,0.8571428571428571,1.0,0.03333333333333333,1.0,True,0.4658408524497683,2927
1,3725,65 encounter type,62,36,26,4.9104230783388584e-05,2.6917167116415507e-05,1.8242718697333582,0.14015402,0.8571428571428571,1.0,0.03333333333333333,1.0,True,0.4658408524497683,2928
1,28023,to proceed with,218,104,114,6.489485272573313e-05,3.482719367084604e-05,1.8633385548964523,0.11167746,1.0,1.0,0.0,1.0,True,0.46583463872411307,2929
1,6316,appreciable,228,107,121,6.102772522850277e-05,3.6036460799097906e-05,1.6934994135170585,0.1493149,1.0,1.0,0.03333333333333333,1.0,True,0.4657123387171911,2930
1,15518,item details ------,354,185,169,-5.7568828832989026e-05,3.0926679396448295e-05,-1.8614616879819432,-0.20588571,1.0,1.0,0.0,1.0,True,0.4653654219954858,2931
1,13276,glucose 92,206,103,103,-5.870327937160221e-05,3.469331750101925e-05,-1.6920630138607407,-0.15871044,1.0,1.0,0.03333333333333333,1.0,True,0.46531732881170373,2932
1,13277,glucose 92 mg,206,103,103,-5.870327937160221e-05,3.469331750101925e-05,-1.6920630138607407,-0.15871044,1.0,1.0,0.03333333333333333,1.0,True,0.46531732881170373,2933
1,28304,treatment-related fatigue,58,31,27,5.1059840497643544e-05,2.743366169220096e-05,1.861211276515785,0.20326877,1.0,1.0,0.0,1.0,True,0.4653028191289463,2934
1,18574,mss,314,167,147,6.470200928657768e-05,3.760984384458393e-05,1.7203477247591712,0.101247326,1.0,0.9666666666666667,0.03333333333333333,1.0,True,0.46521069723695924,2935
1,18994,nerves ii-xii intact,673,346,327,4.236351590113682e-05,2.5054584933958614e-05,1.6908488411523408,0.15432143,1.0,1.0,0.03333333333333333,1.0,True,0.46498343131689374,2936
1,29196,wbc 6.8,277,140,137,6.607060163288377e-05,3.907598718408948e-05,1.690823607900702,0.090756446,1.0,1.0,0.03333333333333333,1.0,True,0.4649764921726931,2937
1,4940,administered at,101,56,45,5.5126748094678056e-05,2.9640389355325908e-05,1.8598523600288892,0.25262392,1.0,1.0,0.0,1.0,True,0.4649630900072223,2938
1,18998,nests,409,217,192,4.144454322060708e-05,2.4512563811731242e-05,1.690746979341774,0.19709258,1.0,1.0,0.03333333333333333,1.0,True,0.4649554193189879,2939
1,25615,signature provider,529,266,263,4.477415124427546e-05,2.6829782963461772e-05,1.6688227148632282,0.20327213,0.8571428571428571,1.0,0.06666666666666667,1.0,True,0.4648863277118993,2940
1,6642,at age 65,107,61,46,8.212685347219168e-05,5.300086382221067e-05,1.5495380178648221,0.11492004,1.0,1.0,0.06666666666666667,1.0,True,0.46486140535944664,2941
1,27726,throat sinus pain,84,46,38,-4.1719295048107404e-05,2.468256393258924e-05,-1.6902334442259452,-0.08246455,1.0,1.0,0.03333333333333333,1.0,True,0.46481419716213496,2942
1,13217,gland and,88,42,46,6.972826629789691e-05,4.125650215933615e-05,1.6901158035308073,0.21371037,1.0,1.0,0.03333333333333333,1.0,True,0.46478184597097205,2943
1,29463,white,198,105,93,6.014463590291411e-05,3.559335560117924e-05,1.6897714443344438,0.21712811,1.0,1.0,0.03333333333333333,1.0,True,0.46468714719197207,2944
1,8484,cm right adrenal,40,17,23,7.261042427659664e-05,3.9071019338895725e-05,1.858421548892429,0.21282333,1.0,1.0,0.0,1.0,True,0.46460538722310724,2945
1,14050,hyperchromatic,172,94,78,-4.68196983470043e-05,2.7719782594911086e-05,-1.6890355538213946,-0.17967741,1.0,1.0,0.03333333333333333,1.0,True,0.46448477730088356,2946
1,26023,spleen,781,402,379,-2.2254794369955463e-05,1.4134790832124454e-05,-1.574469310106556,-0.17223467,1.0,0.9666666666666667,0.06666666666666667,1.0,True,0.46446844648143404,2947
1,4575,about diagnosis depression,61,31,30,5.639952007550648e-05,3.0359361392770763e-05,1.8577307785181691,0.15606862,1.0,1.0,0.0,1.0,True,0.4644326946295423,2948
1,22309,patterns.,119,58,61,-4.2247794195492984e-05,2.956754272594689e-05,-1.4288571284761715,-0.19270444,1.0,1.0,0.1,1.0,True,0.46437856675475575,2949
1,23012,post-contrast t1-weighted,279,146,133,6.489598077343586e-05,3.494020224673559e-05,1.8573441651872236,0.15428305,1.0,1.0,0.0,1.0,True,0.4643360412968059,2950
1,24369,rehabilitation for dyspnea,63,30,33,-4.398820567899983e-05,2.6052445446606634e-05,-1.6884482406517947,-0.24479954,1.0,1.0,0.03333333333333333,1.0,True,0.4643232661792436,2951
1,18604,multidisciplinary team,81,46,35,-4.6328423455834173e-05,2.744591708573885e-05,-1.687989631066358,-0.14802228,1.0,1.0,0.03333333333333333,1.0,True,0.4641971485432485,2952
1,17406,masses extremities no,83,36,47,-5.3003446119066704e-05,3.140402518495593e-05,-1.6877914791782158,-0.15309404,1.0,1.0,0.03333333333333333,1.0,True,0.4641426567740094,2953
1,4182,=,496,249,247,-6.120836225516147e-05,3.626602781226825e-05,-1.687760307580628,-0.18512563,1.0,1.0,0.03333333333333333,1.0,True,0.46413408458467276,2954
1,22837,plt,710,371,339,-4.5727646340343325e-05,2.709869784840738e-05,-1.6874481052981956,-0.18835749,1.0,1.0,0.03333333333333333,1.0,True,0.4640482289570038,2955
1,13097,gastrointestinal mild,177,85,92,5.404643083943257e-05,3.2028569497571394e-05,1.6874444187565325,0.16360973,1.0,1.0,0.03333333333333333,1.0,True,0.4640472151580465,2956
1,22156,pathologist dr.,198,96,102,5.323113239051296e-05,2.8686682136520442e-05,1.8556043580496704,0.21155627,1.0,1.0,0.0,1.0,True,0.4639010895124176,2957
1,27842,to 6.2,33,13,20,7.166691293329014e-05,3.862553428644925e-05,1.8554283910173015,0.105740406,1.0,1.0,0.0,1.0,True,0.4638570977543254,2958
1,16034,laboratory imaging follow-up,110,55,55,4.4125078462115415e-05,2.853892718014755e-05,1.5461365517905667,0.16993621,1.0,1.0,0.06666666666666667,1.0,True,0.46384096553717,2959
1,25117,s performance status,93,50,43,4.7047438823043175e-05,2.7895008460751214e-05,1.686589874645128,0.22469287,1.0,1.0,0.03333333333333333,1.0,True,0.46381221552741025,2960
1,9724,daily. - atorvastatin,83,37,46,-5.597207547354936e-05,3.263810767760033e-05,-1.714930167718125,-0.21302624,1.0,0.9666666666666667,0.03333333333333333,1.0,True,0.46374569952044303,2961
1,23893,radiographic disease,61,35,26,-4.7265520936361894e-05,2.8035304200730427e-05,-1.6859285919619322,-0.08972873,1.0,1.0,0.03333333333333333,1.0,True,0.4636303627895314,2962
1,14856,indication surveillance for,61,33,28,-4.719548647843653e-05,2.5449639611777625e-05,-1.854465807704221,-0.2958848,1.0,1.0,0.0,1.0,True,0.4636164519260553,2963
1,25134,sagittal planes. -,126,63,63,-5.2738524400140874e-05,2.844710659932917e-05,-1.8539152379519868,-0.1081564,1.0,1.0,0.0,1.0,True,0.4634788094879967,2964
1,23744,q21,48,24,24,-6.45208276776955e-05,3.828437702925963e-05,-1.6853043639285061,-0.16505294,1.0,1.0,0.03333333333333333,1.0,True,0.46345870008033924,2965
1,26264,standard of care,129,68,61,-5.339161129463887e-05,2.6746340659169264e-05,-1.9962211644206733,-0.16168506,0.8571428571428571,1.0,0.0,1.0,True,0.4634084845976563,2966
1,21280,or bruising.,71,40,31,-4.858870906322723e-05,2.621365205060837e-05,-1.8535650419644438,-0.13995263,1.0,1.0,0.0,1.0,True,0.46339126049111096,2967
1,17612,mediastinal radiation 60,15,8,7,7.669411843148978e-05,4.1378137613580724e-05,1.8534937253028514,0.13307682,1.0,1.0,0.0,1.0,True,0.46337343132571285,2968
1,12807,frontal lesion,51,24,27,9.359630215107618e-05,5.050517160702406e-05,1.8532023389473875,0.20285653,1.0,1.0,0.0,1.0,True,0.4633005847368469,2969
1,26425,stk11 loss the,66,38,28,-4.80282308311552e-05,2.806280235532603e-05,-1.7114552646250576,-0.11330794,1.0,0.9666666666666667,0.03333333333333333,1.0,True,0.462806027809026,2970
1,11924,fatigue severity,142,82,60,-6.485705074759538e-05,3.8544696746319774e-05,-1.6826452462306087,-0.1706482,1.0,1.0,0.03333333333333333,1.0,True,0.4627274427134174,2971
1,2448,18f-fluorodeoxyglucose,175,88,87,-5.370792565091876e-05,2.9018881163439597e-05,-1.8507924322935123,-0.08115611,1.0,1.0,0.0,1.0,True,0.4626981080733781,2972
1,26016,spine ribs or,154,87,67,-5.791774088433222e-05,3.442341579746854e-05,-1.6825099875356189,-0.16442184,1.0,1.0,0.03333333333333333,1.0,True,0.46269024657229524,2973
1,21229,options -,262,134,128,5.993872626727656e-05,3.2414011987659304e-05,1.8491609829137008,0.15929884,1.0,1.0,0.0,1.0,True,0.4622902457284252,2974
1,2974,3.5-5.0 tumor,56,24,32,-5.8321181577108966e-05,3.1539449577648314e-05,-1.849150266035099,-0.11622076,1.0,1.0,0.0,1.0,True,0.4622875665087747,2975
1,3428,5. symptom management,65,34,31,4.471877683945809e-05,2.6606482164025048e-05,1.680747442062179,0.22581813,1.0,1.0,0.03333333333333333,1.0,True,0.4622055465670993,2976
1,29311,weight 62 kg,85,44,41,5.3521660416110306e-05,3.186286075237484e-05,1.6797506298024782,0.18434694,1.0,1.0,0.03333333333333333,1.0,True,0.46193142319568153,2977
1,29310,weight 62,85,44,41,5.3521660416110306e-05,3.186286075237484e-05,1.6797506298024782,0.18434694,1.0,1.0,0.03333333333333333,1.0,True,0.46193142319568153,2978
1,15167,intact. - skin,96,48,48,-5.029081169656359e-05,2.780687375002504e-05,-1.8085748203362235,-0.18229268,0.8571428571428571,1.0,0.03333333333333333,1.0,True,0.46183249876442856,2979
1,5831,and finalize systemic,64,37,27,-4.784809302910472e-05,2.8492884439629997e-05,-1.6792997258836342,-0.14991723,1.0,1.0,0.03333333333333333,1.0,True,0.46180742461799945,2980
1,23047,post-surgical changes consistent,71,36,35,-4.0466947512435674e-05,2.4099317415658723e-05,-1.67917401204658,-0.22490478,1.0,1.0,0.03333333333333333,1.0,True,0.4617728533128095,2981
1,6591,ast 32 u,185,94,91,7.89069678510298e-05,4.273371082928302e-05,1.846480596226604,0.23285879,1.0,1.0,0.0,1.0,True,0.461620149056651,2982
1,17970,microenvironment,89,51,38,-4.5544417743992565e-05,2.4666127375289292e-05,-1.846435682871698,-0.18691345,1.0,1.0,0.0,1.0,True,0.4616089207179245,2983
1,17987,midline shift. -,72,36,36,5.639932902030731e-05,3.360430803799603e-05,1.6783362703537057,0.11447602,1.0,1.0,0.03333333333333333,1.0,True,0.4615424743472691,2984
1,10011,department institution,88,43,45,-5.014724513775268e-05,2.9883480825718594e-05,-1.678092503019076,-0.21719268,1.0,1.0,0.03333333333333333,1.0,True,0.46147543833024596,2985
1,3564,6 .,81,51,30,-6.492529801824113e-05,3.51751530791332e-05,-1.845771584054782,-0.17754576,1.0,1.0,0.0,1.0,True,0.4614428960136955,2986
1,982,- radiographic progression,89,40,49,5.087333691361474e-05,3.0322107597334548e-05,1.6777638807035544,0.12912211,1.0,1.0,0.03333333333333333,1.0,True,0.4613850671934775,2987
1,13232,glands are,102,50,52,5.186441669144497e-05,2.8107836218560996e-05,1.8451942116126436,0.1297979,1.0,1.0,0.0,1.0,True,0.4612985529031609,2988
1,20306,noted.,618,319,299,-4.907830332674004e-05,2.6603765688690883e-05,-1.8447878357161656,-0.18345419,1.0,1.0,0.0,1.0,True,0.4611969589290414,2989
1,7455,by fatigue and,63,24,39,-5.083413282775619e-05,2.7556836646272883e-05,-1.8447013160573207,-0.174405,1.0,1.0,0.0,1.0,True,0.46117532901433017,2990
1,29228,weakness or,250,129,121,6.482755838334968e-05,3.5144459095612256e-05,1.844602536262774,0.13563837,1.0,1.0,0.0,1.0,True,0.4611506340656935,2991
1,14347,images in,179,101,78,5.935059458851104e-05,3.218465336372627e-05,1.8440650554093636,0.18474492,1.0,1.0,0.0,1.0,True,0.4610162638523409,2992
1,14348,images in axial,179,101,78,5.935059458851104e-05,3.218465336372627e-05,1.8440650554093636,0.18474492,1.0,1.0,0.0,1.0,True,0.4610162638523409,2993
1,27499,their entirety in,90,37,53,4.844943226424716e-05,2.6280194900005266e-05,1.8435720301388423,0.23168124,1.0,1.0,0.0,1.0,True,0.4608930075347106,2994
1,18587,mucositis,91,49,42,6.078807331968414e-05,3.297770156317721e-05,1.8433083701491162,0.09495971,1.0,1.0,0.0,1.0,True,0.46082709253727905,2995
1,27266,the imaging,122,67,55,-5.4041666687378074e-05,2.93192461052273e-05,-1.843214743428994,-0.23785685,1.0,1.0,0.0,1.0,True,0.4608036858572485,2996
