topic_index,topic_rank,term_rank,feature,topic_loading,ngram_contrast_rank,ngram_z_score,ngram_ranking_score
63,1,1,lung. 2.,0.20783315645604808,48,3.292827294416053,2.7165825178932437
63,1,2,the lung. 2.,0.20686835279449792,28,3.432915646243529,3.0038011904630877
63,1,3,month,0.15833523793271162,345,2.46777096837597,1.3572740326067836
63,1,4,month ago,0.14463448916681862,848,2.4064537167372078,0.8422588008580226
63,1,5,1 month,0.14109501148198156,1334,2.077535715943565,0.6751991076816587
63,1,6,none rashes psychiatric,0.13410395048245072,73,3.123032909224246,2.4203505046487903
63,1,7,rashes psychiatric,0.13345978811967837,62,3.229812787302089,2.5031049101591187
63,1,8,1 month ago,0.13214673831668122,1085,2.3056133122271643,0.7493243264738284
63,1,9,psychiatric mild,0.1153117614928507,308,2.726612234151893,1.4314714229297434
63,1,10,psychiatric mild anxiety,0.10838395476467035,429,2.6282160066242146,1.2484026031465019
63,1,11,anxiety about diagnosis,0.08798817252253109,150,3.1170854017742533,1.9481783761089084
63,1,12,mild anxiety,0.07367828814875557,1423,2.180232678605435,0.6540698035816305
63,1,13,mild anxiety about,0.07201335615565359,1674,2.008247850834457,0.6024743552503371
63,1,14,- provided,0.057116668865444885,129,3.190549250560955,2.0738570128646208
63,1,15,about diagnosis,0.05705839619672882,719,2.463898284079054,0.9239618565296452
59,2,1,denies nausea vomiting,0.47084183745611297,25,-3.412031508247535,3.0708283574227817
59,2,2,denies nausea,0.469786559460789,12,-3.5676596059136654,3.3000851354701406
59,2,3,a single dose,0.1806742319859341,164,-2.8362676780198828,1.8435739907129238
59,2,4,single dose of,0.14799895471104366,411,-2.4136213241509066,1.2671511951792258
59,2,5,single dose,0.1472477632186265,743,-2.2680878894835335,0.9072351557934134
59,2,6,studies -,0.06515885884837581,91,-3.1349910248924457,2.272868493047023
59,2,7,mg dl ast,0.061106256875025196,940,-2.2805681805769797,0.7981988632019429
59,2,8,calcification.,0.054522213585632716,142,-2.8580152849991363,2.0006106994993953
59,2,9,demonstrates heterogeneous enhancement,0.05284346690457265,234,-2.717829601544503,1.630697760926702
59,2,10,dl ast,0.05148722271349384,945,-2.2752253068366133,0.7963288573928146
59,2,11,patient to,0.04635866383879502,301,-2.7434579529646785,1.440315425306456
59,2,12,of right,0.0451135495375102,506,-2.433958413529658,1.1561302464265875
59,2,13,are identified,0.04440017828537288,156,2.9044848750840004,1.8879151688046003
59,2,14,dl plt 260,0.043522171431216256,641,-2.355539994691729,1.0011044977439847
59,2,15,diarrhea or,0.04338116927775434,1757,-2.140833515311278,0.5887292167106014
81,3,1,respiratory cough dyspnea,0.41957190822429197,61,3.2409352026368454,2.511724782043555
81,3,2,exertion hemoptysis wheezing,0.404660794882798,71,3.1501801979094606,2.4413896533798316
81,3,3,exertion hemoptysis,0.2523850496779269,870,2.20829656934679,0.8281112135050462
81,3,4,on exertion hemoptysis,0.2523850496779269,871,2.20829656934679,0.8281112135050462
81,3,5,rashes psychiatric,0.1783487702034093,62,3.229812787302089,2.5031049101591187
81,3,6,none rashes psychiatric,0.17389976650959535,73,3.123032909224246,2.4203505046487903
81,3,7,psychiatric mild,0.1355033799033425,308,2.726612234151893,1.4314714229297434
81,3,8,palpitations gastrointestinal,0.12862105392364023,678,2.258578828783713,0.959896002233078
81,3,9,psychiatric mild anxiety,0.1262099457082572,429,2.6282160066242146,1.2484026031465019
81,3,10,pain palpitations gastrointestinal,0.12235953442946812,879,2.1973264113137354,0.8239974042426508
81,3,11,anxiety about diagnosis,0.11817430397292068,150,3.1170854017742533,1.9481783761089084
81,3,12,wheezing cardiovascular none,0.1101933277793458,1669,2.0101691771339794,0.6030507531401937
81,3,13,mild anxiety,0.09909946757111047,1423,2.180232678605435,0.6540698035816305
81,3,14,deficits musculoskeletal,0.09773124943520091,780,2.3654450373787035,0.8870418890170138
81,3,15,focal deficits musculoskeletal,0.09773124943520091,781,2.3654450373787035,0.8870418890170138
96,4,1,0.9 cm,0.808767966696168,1,4.3225577380183475,4.3225577380183475
96,4,2,0.9 cm .,0.3538224765839768,83,3.034802810680842,2.351972178277652
96,4,3,0.9,0.23786582182682356,379,2.6065022475297313,1.3032511237648656
96,4,4,0.9 cm and,0.1149020158635203,1464,2.1535758718641858,0.6460727615592557
96,4,5,lesions 1.2,0.10643923487618219,776,2.220566006233654,0.8882264024934616
96,4,6,lesions 1.2 cm,0.10544059429361609,787,2.2082663291546076,0.8833065316618431
96,4,7,cm 0.9,0.10304652414439495,2414,2.024961302964517,0.5062403257411292
96,4,8,cm 0.9 cm,0.10283615930251626,2376,2.040604467060195,0.5101511167650488
96,4,9,and 0.9,0.10137792184600397,2898,1.8719519089911285,0.4679879772477821
96,4,10,0.7 cm,0.08688479302667691,319,2.565514210392488,1.4110328157158687
96,4,11,0.9 cm 0.8,0.08532696202727241,1299,2.104818201679434,0.6840659155458161
96,4,12,hemisphere 0.9,0.07064056590961826,532,2.488871958087865,1.1199923811395394
96,4,13,cerebellar hemisphere 0.9,0.07064056590961826,533,2.488871958087865,1.1199923811395394
96,4,14,hemisphere 0.9 cm,0.07049848020046921,474,2.5164205871123877,1.1952997788783841
96,4,15,two enhancing,0.0483585077870446,805,2.4862219342905076,0.8701776770016776
44,5,1,oncology dr.,0.5682283502596425,112,3.0661914241426076,2.146333996899825
44,5,2,- palliative care,0.41446055206167615,116,2.8502247045647113,2.1376685284235335
44,5,3,- palliative,0.377858360197628,72,2.950417876000158,2.4340947477001307
44,5,4,r.,0.21947497939537883,125,2.9770958259612113,2.0839670781728477
44,5,5,dr. l.,0.18293337963967504,662,2.3059599671298336,0.9800329860301793
44,5,6,dr. l. chen,0.1616358795936013,984,2.0845770973330273,0.7817164114998852
44,5,7,l. chen,0.1392955376422498,1274,2.1252438164177345,0.6907042403357637
44,5,8,e.,0.13785292624520798,456,2.5675159005481025,1.2195700527603486
44,5,9,chen,0.12349501791501671,2053,1.978985773781528,0.5442210877899202
44,5,10,j.,0.12169312483269057,1949,2.234478862581151,0.5586197156452878
44,5,11,radiation oncology,0.09998373069105748,477,2.503187495351737,1.1890140602920751
44,5,12,nurse,0.07060680444548717,2175,1.764089932836327,0.5292269798508981
44,5,13,% pathogenic,0.07031878966587705,249,2.7403504004786834,1.575701480275243
44,5,14,palliative,0.06807335294999166,882,2.3484500508231836,0.8219575177881142
44,5,15,toes,0.06675119801071781,1315,-2.0919202136406683,0.6798740694332173
23,6,1,global health 40,0.31464116139217474,110,-2.982417893466565,2.16225297276326
23,6,2,health 40,0.31464116139217474,109,-2.982417893466565,2.16225297276326
23,6,3,pro-ctcae fatigue,0.27969207722781225,202,-2.852531624833309,1.7115189748999853
23,6,4,pro-ctcae fatigue -,0.22646401748814524,427,-2.629526830659476,1.249025244563251
23,6,5,instrument pro-ctcae fatigue,0.22646401748814524,426,-2.629526830659476,1.249025244563251
23,6,6,moderate nausea,0.18439245313765576,434,-2.610788653961227,1.2401246106315826
23,6,7,pain 45,0.172050735095906,741,-2.268389579003267,0.9073558316013068
23,6,8,moderate nausea -,0.1648293081368506,637,-2.50637384177608,1.002549536710432
23,6,9,4 moderate nausea,0.16426468553689963,647,-2.4886221498802246,0.9954488599520899
23,6,10,100 pain 45,0.1248454900871846,1027,-2.04939000693758,0.7685212526015925
23,6,11,pain 45 100,0.12484549008718455,1026,-2.04939000693758,0.7685212526015925
23,6,12,75 100,0.1071828171006448,15,-3.389045182134938,3.2195929230281912
23,6,13,65 100,0.10645403564563104,418,-2.5257217918067263,1.2628608959033631
23,6,14,4 mild pain,0.08574381706755997,1729,-2.1568324357467428,0.5931289198303543
23,6,15,40,0.08243138152659744,1652,-1.8638509805735066,0.6057515686863897
71,7,1,3.8 cm,0.23758369176846708,1513,-1.9550932666093035,0.6354053116480236
71,7,2,uptake. -,0.22979557045721158,176,-2.652722880483516,1.7905879443263735
71,7,3,fdg uptake. -,0.18687060250550924,153,-2.8132999970592985,1.8989774980150267
71,7,4,period of,0.1499756814297172,242,-2.7884188449148666,1.6033408358260481
71,7,5,3.8,0.14818474401524007,1626,-2.022625836303939,0.6103995827417246
71,7,6,uptake period of,0.13840919163010817,307,-2.729764767569078,1.4331265029737656
71,7,7,period of 60,0.1356964139047824,306,-2.733335541315644,1.435001159190713
71,7,8,measuring 3.8,0.10307769408006234,1124,-1.849280330391696,0.7397121321566784
71,7,9,fdg uptake.,0.09435769205968884,1226,-2.1812698318882697,0.7089126953636877
71,7,10,fdg,0.0900152191368538,521,-2.521771994749605,1.1347973976373222
71,7,11,of 60,0.07928843537943292,1753,-2.146307508370934,0.5902345648020069
71,7,12,suvmax,0.06698294131626623,885,-2.18899649035804,0.820873683884265
71,7,13,lower lobe,0.06049445885669491,1091,-2.1372966810496927,0.7480538383673924
71,7,14,pet ct,0.057530276527879565,675,-2.26762468087628,0.963740489372419
71,7,15,lower,0.05702169636593769,980,-2.0876412243065197,0.7828654591149449
72,8,1,cognitive function 60,0.6832990167174882,14,3.481337745654621,3.2202374147305246
72,8,2,emotional function 50,0.2866870388745984,715,2.4734057843507493,0.927527169131531
72,8,3,60 100 social,0.26078922803273213,1185,2.2113379734606173,0.7186848413747007
72,8,4,physical function 55,0.21272243595166587,1081,2.141976878503288,0.7496919074761508
72,8,5,50 100 cognitive,0.18357019210179035,1327,2.2557233996703077,0.6767170199010922
72,8,6,status 45,0.18028898858151887,483,2.634953168369672,1.1857289257663524
72,8,7,health status 45,0.17520940326485843,534,2.634953168369672,1.1198550965571106
72,8,8,status 45 100,0.13206621263112245,852,2.3987114996053176,0.8395490248618611
72,8,9,40,0.10267014028759273,1652,-1.8638509805735066,0.6057515686863897
72,8,10,declined,0.09413045738736504,135,-2.988416097709416,2.017180865953856
72,8,11,% pathogenic,0.07814738504660672,249,2.7403504004786834,1.575701480275243
72,8,12,20 100 diarrhea,0.07701458142242258,1188,2.0528394530470093,0.7184938085664532
72,8,13,100 constipation 20,0.07701458142242258,1189,2.0528394530470093,0.7184938085664532
72,8,14,constipation 20 100,0.07701458142242255,1187,2.0528394530470093,0.7184938085664532
72,8,15,constipation 20,0.07689257130866972,2384,1.8517225167676314,0.5092236921110986
12,9,1,oral morphine,0.5620152626231608,7,-3.6367894089608654,3.454949938512822
12,9,2,morphine,0.5185938819269945,92,-3.028333629103618,2.2712502218277137
12,9,3,low-dose oral morphine,0.5083089793001793,82,-3.1551463529412076,2.366359764705906
12,9,4,low-dose oral,0.11069128479389952,2459,-1.8282078085136988,0.5027571473412672
12,9,5,declined,0.0768326143140213,135,-2.988416097709416,2.017180865953856
12,9,6,pain management,0.06975198381207823,1161,-2.241862917000894,0.7286054480252906
12,9,7,evidence of intracranial,0.06765460918699188,271,-2.6489684217626306,1.5231568425135125
12,9,8,2.5,0.057627089362725696,551,-2.4475477195056867,1.101396473777559
12,9,9,occasional anxiety,0.05669136798838076,2232,1.747117642605942,0.5241352927817826
12,9,10,to ecog,0.05588040808976707,1817,-1.9285167182633214,0.5785550154789963
12,9,11,symptomatic bone,0.053120898489583956,1573,1.913144152563487,0.6217718495831333
12,9,12,anxiety about,0.052793511435772766,1248,2.1555661249946323,0.7005589906232556
12,9,13,mg iv,0.04757515677438612,2056,1.8131429370451873,0.5439428811135562
12,9,14,has declined,0.046579131073786306,1016,-2.211531108211246,0.7740358878739361
12,9,15,received,0.045177520886831656,134,2.9906054645538886,2.018658688573875
68,10,1,occasional dry cough,0.3256048359717218,383,-2.6015061076428436,1.3007530538214218
68,10,2,dry cough,0.3007533517209126,378,-2.7628724669682523,1.3123644218099197
68,10,3,occasional dry,0.2901040724617157,623,-2.393049692180459,1.017046119176695
68,10,4,met amplification egfr,0.22282486487825473,79,-3.0834937922568715,2.389707688999075
68,10,5,dry,0.1650469086091476,2315,-1.876885832792531,0.5161436040179461
68,10,6,dry cough no,0.15048277446617198,2638,-1.7766096875775546,0.48856766408382757
68,10,7,amplification egfr,0.10544832782400275,1549,-2.0889453888100076,0.6266836166430022
68,10,8,met amplification pd-l1,0.06560680282219472,772,-2.2268263159053103,0.8907305263621241
68,10,9,stable postoperative,0.06497695303609315,191,-2.669398964660876,1.7351093270295692
68,10,10,met amplification,0.061651970026062396,829,-2.2780018143144534,0.85425068036792
68,10,11,improved,0.0536833932953626,664,-2.4761818880578557,0.9772074951085465
68,10,12,amplification pd-l1,0.04431050530194126,2684,-1.7582519916132386,0.48351929769364066
68,10,13,brain mri no,0.04226478727355567,1206,-2.1972819478182903,0.7141166330409444
68,10,14,lower lobe,0.04174783624554776,1091,-2.1372966810496927,0.7480538383673924
68,10,15,no wheezing,0.041506338391549685,2542,-1.8029787237768446,0.49581914903863233
64,11,1,lesion shows,0.29622894792686555,124,3.0002072688019283,2.1001450881613497
64,11,2,the lesion shows,0.26607984332751156,55,3.142147455784015,2.5922716510218127
64,11,3,non-platinum doublet,0.2619677591862903,1288,2.2904801146893545,0.6871440344068064
64,11,4,non-platinum,0.20049484182453048,2082,1.9630848002757606,0.5398483200758342
64,11,5,lower lobe,0.13256388772182326,1091,-2.1372966810496927,0.7480538383673924
64,11,6,node,0.13183729710363876,65,-3.121405877420767,2.497124701936613
64,11,7,lower,0.12443157607338662,980,-2.0876412243065197,0.7828654591149449
64,11,8,no brain,0.10039876513953601,102,-3.031777167901823,2.1980384467288214
64,11,9,demonstrated kras,0.10033076306073933,229,2.7563048725803316,1.653782923548199
64,11,10,demonstrated kras g12c,0.10033076306073929,230,2.7563048725803316,1.653782923548199
64,11,11,the right lower,0.09814466032653944,2680,-1.7594258116705919,0.4838420982094128
64,11,12,iv t3 n2,0.08911809598360405,2111,1.9488109458608658,0.5359230101117382
64,11,13,lobe. -,0.08070237873444802,205,2.8457328595293836,1.7074397157176302
64,11,14,lower lobe. -,0.07561804299873866,431,2.621464512539529,1.2451956434562763
64,11,15,lymph node,0.070802887725273,950,-2.26784133801483,0.7937444683051905
78,12,1,thorax -,0.5069045900828113,32,-3.451309727905777,2.933613268719911
78,12,2,findings thorax -,0.4346125016355578,185,-3.0800374070522745,1.7710215090550576
78,12,3,findings thorax,0.3937176365161215,266,-2.7874524734170687,1.5330988603793878
78,12,4,thorax - right,0.2821201206764792,566,-2.4034127184570355,1.081535723305666
78,12,5,fdg,0.1445699459667675,521,-2.521771994749605,1.1347973976373222
78,12,6,suvmax,0.13148127071175333,885,-2.18899649035804,0.820873683884265
78,12,7,suvmax =,0.11315406803452949,524,-2.3835689400938325,1.1321952465445704
78,12,8,fdg uptake,0.10823955829437593,424,-2.6343239947683643,1.251303897514973
78,12,9,pet ct,0.0914984040134474,675,-2.26762468087628,0.963740489372419
78,12,10,fdg-avid,0.09040398680440546,1207,-2.1967762191242395,0.7139522712153779
78,12,11,pet,0.09033944623212035,995,-2.2255873517559115,0.778955573114569
78,12,12,uptake,0.08886399359006526,1286,-2.293121899920114,0.6879365699760343
78,12,13,92 mg,0.08285004633478003,277,-2.7453529326995953,1.5099441129847775
78,12,14,fdg uptake.,0.06771090727778294,1226,-2.1812698318882697,0.7089126953636877
78,12,15,uptake. -,0.06726811061058662,176,-2.652722880483516,1.7905879443263735
15,13,1,mg daily.,0.4183633458992997,13,-3.544836499189412,3.278973761750206
15,13,2,mg daily. -,0.4120175424541816,6,-3.7199170041651826,3.533921153956923
15,13,3,10 mg daily.,0.3799680434292741,3,-3.8042753250204555,3.709168441894944
15,13,4,nightly. -,0.30137081773857927,93,-3.228506258600687,2.2599543810204805
15,13,5,nightly.,0.2929818551110395,246,-2.889332824263153,1.589133053344734
15,13,6,20 mg nightly.,0.2718578034227679,269,-2.6639016169912697,1.53174342976998
15,13,7,mg nightly.,0.24294925014832536,489,-2.4784444324768033,1.1772611054264814
15,13,8,mg nightly. -,0.21016887573296436,430,-2.6261493248764025,1.2474209293162912
15,13,9,daily. - hyperlipidemia,0.19956057193745272,970,-2.2469548327567646,0.7864341914648676
15,13,10,daily.,0.1628130137003667,1075,-2.311973167477184,0.7513912794300849
15,13,11,daily. -,0.154937023903063,1653,-2.0189636591380813,0.6056890977414243
15,13,12,on lisinopril 10,0.09660845981742949,564,-2.2884172403709173,1.0869981891761857
15,13,13,controlled on lisinopril,0.0732856261865965,930,-2.1392311133017423,0.8022116674881534
15,13,14,hypertension. - no,0.06837215757387559,833,-2.269210434419077,0.8509539129071538
15,13,15,controlled on,0.05532340643292017,593,-2.326368130859193,1.0468656588866367
82,14,1,frontal 1.2 cm,0.16200981596556155,468,2.5329263570339697,1.2031400195911355
82,14,2,frontal 1.2,0.16200981596556152,467,2.5329263570339697,1.2031400195911355
82,14,3,hemisphere 0.9 cm,0.15043313429321714,474,2.5164205871123877,1.1952997788783841
82,14,4,hemisphere 0.9,0.1491796228561945,532,2.488871958087865,1.1199923811395394
82,14,5,cerebellar hemisphere 0.9,0.1491796228561945,533,2.488871958087865,1.1199923811395394
82,14,6,swi,0.12208738497716953,280,2.606305071205455,1.4986254159431367
82,14,7,susceptibility-weighted imaging,0.11256216983457122,294,2.644419278400036,1.4544306031200198
82,14,8,on swi.,0.10942046391590028,100,3.037101583315752,2.20189864790392
82,14,9,swi.,0.10942046391590028,99,3.037101583315752,2.20189864790392
82,14,10,0.9 cm,0.10863567226158967,1,4.3225577380183475,4.3225577380183475
82,14,11,imaging swi,0.10626938859616081,370,2.5294607634897277,1.327966900832107
82,14,12,susceptibility-weighted imaging swi,0.10626938859616081,371,2.5294607634897277,1.327966900832107
82,14,13,susceptibility-weighted,0.10224643541116778,321,2.682433322476014,1.408277494299907
82,14,14,enhancing lesions left,0.09194869416733563,42,3.2045339742112255,2.803967227434822
82,14,15,perilesional,0.0811714906276689,5,3.658053755527793,3.658053755527793
86,15,1,weeks for pre-cycle,0.32825461512615656,215,-2.798680746797817,1.6792084480786902
86,15,2,for pre-cycle,0.30480755825302097,377,-2.6274872418285162,1.3137436209142581
86,15,3,pre-cycle,0.2901461279350912,807,-2.31473783537214,0.8680266882645524
86,15,4,pre-cycle labs,0.23293122992822454,1071,-2.15190464132625,0.7531666244641875
86,15,5,on day,0.20343007519910086,810,-2.303949416919702,0.8639810313448884
86,15,6,pre-cycle labs and,0.19441485209443887,1722,-1.9814492860080843,0.5944347858024253
86,15,7,for pre-cycle labs,0.19136503016732523,1814,-1.9317185522388172,0.5795155656716451
86,15,8,with cycle,0.16898382802136383,333,-2.7795924640991947,1.3897962320495973
86,15,9,proceed with cycle,0.15432213313030826,480,-2.639742051223437,1.1878839230505467
86,15,10,cycle 2,0.1464725879880079,2354,-1.863846111267928,0.5125576805986802
86,15,11,clinic in 3,0.1385796312347417,293,-2.650808898248954,1.4579448940369248
86,15,12,cycle 3,0.13571526876907694,2465,-1.826749590623522,0.5023561374214686
86,15,13,day,0.1241675719020311,2798,-1.7321413239310333,0.4763388640810342
86,15,14,- proceed,0.11238065782837971,865,-2.375116487713789,0.8312907706998262
86,15,15,- proceed with,0.11238065782837968,866,-2.375116487713789,0.8312907706998262
75,16,1,diagnosis non-small cell,0.5907152494322302,54,-3.2675237106899506,2.61401896855196
75,16,2,diagnosis non-small,0.5907152494322302,53,-3.2675237106899506,2.61401896855196
75,16,3,primary diagnosis non-small,0.2601170328346898,1271,-2.129378015339135,0.6920478549852188
75,16,4,- sex age,0.21067956012661307,216,-2.792740331663539,1.6756441989981234
75,16,5,- sex,0.1826946530718597,614,-2.426768817988556,1.0313767476451363
75,16,6,years -,0.1325910018510039,1850,-1.9167841134468202,0.575035234034046
75,16,7,sex age,0.11290903978750362,122,-3.014137228738044,2.109896060116631
75,16,8,nodal metastasis.,0.057464015998415024,222,-2.766825324612458,1.660095194767475
75,16,9,ra,0.055680099158167295,103,-3.0261099197252928,2.1939296918008373
75,16,10,nodal metastasis. 3.,0.05225739342150134,413,-2.663810777123341,1.265310119133587
75,16,11,pelvis in 8,0.04952153930710995,761,-2.2435827633608962,0.8974331053443585
75,16,12,resolved with,0.044536017063107995,1398,1.88523903344899,0.6598336617071464
75,16,13,germline,0.043707517706743,567,-2.276469989500084,1.0813232450125398
75,16,14,no new respiratory,0.04335905576901274,636,-2.2292043739098006,1.0031419682594103
75,16,15,male -,0.04321473478376774,2622,-2.111366485734546,0.4901386484740911
87,17,1,chills chest pain,0.523159976519939,184,-2.8370911279013216,1.7731819549383259
87,17,2,chills chest,0.5231599765199388,183,-2.8370911279013216,1.7731819549383259
87,17,3,fever chills chest,0.3921777041653666,554,-2.4442344931024684,1.099905521896111
87,17,4,dry cough,0.20214471862528963,378,-2.7628724669682523,1.3123644218099197
87,17,5,dry,0.1170728623660438,2315,-1.876885832792531,0.5161436040179461
87,17,6,kg since,0.0766974898833838,547,-2.4577510080643648,1.105987953628964
87,17,7,month,0.06923504027255979,345,2.46777096837597,1.3572740326067836
87,17,8,occasional dry cough,0.06185460162447228,383,-2.6015061076428436,1.3007530538214218
87,17,9,discussion and,0.061604446208612294,24,3.4296119864101504,3.0866507877691354
87,17,10,exertional,0.06029585574619165,126,-2.9725722145204054,2.080800550164284
87,17,11,toes,0.06027257297698795,1315,-2.0919202136406683,0.6798740694332173
87,17,12,any systemic,0.05798672385851215,665,2.3346115197345028,0.9755340993176316
87,17,13,2 moderate,0.05625629348967961,401,-2.6963404443189822,1.2807617110515166
87,17,14,occasional dry,0.05569921457901203,623,-2.393049692180459,1.017046119176695
87,17,15,wild-type. -,0.05553397174461508,504,-2.5697040064988124,1.1563668029244656
57,18,1,was negative,0.37021216418302944,4,-3.7927481483104066,3.6979294446026465
57,18,2,was negative for,0.2536465731558648,461,-2.5533531656954036,1.2128427537053166
57,18,3,mri was negative,0.242924074145215,417,-2.6593728689533394,1.2632021127528361
57,18,4,mri was,0.24240114519167566,428,-2.6290924944342393,1.2488189348562637
57,18,5,brain mri was,0.18212669060042955,1122,-2.278707223140199,0.7405798475205647
57,18,6,sore throat sinus,0.15448923024385333,283,-2.7047795227662923,1.487628737521461
57,18,7,throat sinus,0.15448923024385333,282,-2.7047795227662923,1.487628737521461
57,18,8,no sore throat,0.14670084396845925,386,-2.7289308034245505,1.2962421316266615
57,18,9,no sore,0.13026560327172856,591,-2.4691094880390865,1.0493715324166117
57,18,10,heent no sore,0.12079697510638308,877,-2.20059980577397,0.8252249271652388
57,18,11,mri - no,0.10193896234486317,343,-2.5897925067580125,1.3596410660479563
57,18,12,brain mri no,0.09836911858868357,1206,-2.1972819478182903,0.7141166330409444
57,18,13,negative for intracranial,0.09468794040838212,2437,-1.833968017218488,0.5043412047350843
57,18,14,mri no intracranial,0.08828489928947696,1812,-2.108053781643298,0.5797147899519071
57,18,15,mri no,0.07769777033648363,2725,-1.923651233903673,0.4809128084759183
51,19,1,low-dose ct obtained,0.42760795053355477,64,-3.126697405091248,2.501357924072998
51,19,2,ct obtained for,0.40268726134957156,107,-2.987731553373531,2.16610537619581
51,19,3,ct obtained,0.3902027744487169,131,-2.9533197536341818,2.067323827543927
51,19,4,obtained for attenuation,0.2843681827440536,60,-3.1508460033742076,2.520676802699366
51,19,5,obtained for,0.22872533756101432,161,-2.8713693472582857,1.8663900757178857
51,19,6,fdg,0.18326886144483642,521,-2.521771994749605,1.1347973976373222
51,19,7,fdg uptake,0.15826490893066789,424,-2.6343239947683643,1.251303897514973
51,19,8,suvmax,0.15087886741117348,885,-2.18899649035804,0.820873683884265
51,19,9,pet ct,0.14266591887204916,675,-2.26762468087628,0.963740489372419
51,19,10,pet,0.1284914182381066,995,-2.2255873517559115,0.778955573114569
51,19,11,uptake,0.11685405312306861,1286,-2.293121899920114,0.6879365699760343
51,19,12,fdg-avid,0.10640716370704495,1207,-2.1967762191242395,0.7139522712153779
51,19,13,technique whole-body,0.09565730045769966,1592,-2.058045871096251,0.6174137613288753
51,19,14,10 mci,0.09391246925133327,172,-2.7730804723162312,1.8025023070055504
51,19,15,minutes after intravenous,0.09222451143262478,1501,-2.125610855625294,0.6376832566875882
28,20,1,1 000,0.4630650801193437,27,-3.497511727564363,3.0603227616188176
28,20,2,1 000 mg,0.44685435560703884,41,-3.30564702013042,2.809799967110857
28,20,3,000 mg,0.44667111680202226,63,-3.2289039303725637,2.5024005460387366
28,20,4,000 mg m,0.4457550046470295,40,-3.311005536925083,2.814354706386321
28,20,5,000,0.26516334311950196,803,-2.3221294780984056,0.8707985542869021
28,20,6,iv on,0.070489049859694,1509,-1.958348408237466,0.6364632326771765
28,20,7,mild cough,0.05468151210945794,620,-2.154844840352541,1.023551299167457
28,20,8,every 21,0.04319432567265855,672,-2.422455530344221,0.9689822121376883
28,20,9,neutropenia grade,0.04273781205531981,785,-2.213950944535325,0.8855803778141301
28,20,10,- neurologic cranial,0.0398316700009243,21,3.4510293474665046,3.105926412719854
28,20,11,1.5 k,0.039519594004334156,485,-2.4924268456054426,1.183902751662585
28,20,12,the surrounding lung,0.039516738202004,384,-2.5978207118799084,1.2989103559399542
28,20,13,pd-l1 10%,0.037711348176712484,1506,-1.9599223517926445,0.6369747643326095
28,20,14,5 days ago,0.03600612619356535,900,-2.3219321637710695,0.8126762573198743
28,20,15,at age 80,0.03583178740584809,2674,-1.7615723624628024,0.4844323996772707
16,21,1,is dominated,0.3523588324578813,16,-3.570549067098979,3.213494160389081
16,21,2,is dominated by,0.3523588324578813,17,-3.570549067098979,3.213494160389081
16,21,3,profile is dominated,0.3432612997982152,38,-3.3378686783738747,2.8371883766177937
16,21,4,dominated by a,0.33984248796568367,39,-3.233260490140357,2.8291029288728127
16,21,5,dominated by,0.33271114554439574,86,-3.114301512177028,2.335726134132771
16,21,6,dominated,0.33271114554439574,87,-3.114301512177028,2.335726134132771
16,21,7,by a kras,0.3187233448021514,29,-3.328588840993592,2.995729956894233
16,21,8,g12c driver with,0.2513977314634975,221,-2.7690205597287147,1.6614123358372288
16,21,9,driver with,0.17623117408717684,756,-2.4031844241483573,0.901194159055634
16,21,10,kras g12c driver,0.14044972770018008,821,-2.287563497883625,0.8578363117063594
16,21,11,g12c driver,0.14044972770018008,822,-2.287563497883625,0.8578363117063594
16,21,12,driver with concurrent,0.10696442854459581,1213,-2.188295823483362,0.7111961426320927
16,21,13,molecular profile is,0.10442215468377036,1840,-1.9214030747419433,0.5764209224225829
16,21,14,overall the,0.08211758140946718,1903,-2.0619705808322166,0.5670419097288596
16,21,15,a kras g12c,0.0612464394789467,2381,-1.6982994549307602,0.5094898364792281
27,22,1,short axis <=,0.455617563949052,173,-2.8784591768903542,1.7990369855564714
27,22,2,axis <=,0.455617563949052,174,-2.8784591768903542,1.7990369855564714
27,22,3,lymph nodes short,0.2989559276956293,708,-2.486961915219931,0.9326107182074741
27,22,4,nodes short axis,0.2602304138286838,1263,-2.135147422557469,0.6939229123311774
27,22,5,nodes short,0.2602304138286838,1264,-2.135147422557469,0.6939229123311774
27,22,6,mm .,0.15242578445702712,1900,-2.062911467053369,0.5673006534396765
27,22,7,8 mm .,0.1324499351319438,2865,-1.883071641869397,0.4707679104673492
27,22,8,or hilar lymph,0.11811375354307503,1344,-1.9247417607067911,0.6736596162473769
27,22,9,<=,0.11280708931691041,2876,-1.8798531389812636,0.4699632847453159
27,22,10,enlarged mediastinal or,0.11097613534245361,896,-2.038704888795305,0.8154819555181221
27,22,11,mediastinal or hilar,0.09659436864505844,516,-2.4056465828852933,1.1426821268705143
27,22,12,or hilar,0.08782050307905102,650,-2.3281740564237645,0.9894739739800998
27,22,13,mediastinum hilum no,0.0758627814275073,1261,-2.1368221567599734,0.6944672009469914
27,22,14,hilum no,0.0758627814275073,1262,-2.1368221567599734,0.6944672009469914
27,22,15,thickening or effusion.,0.07498770919946678,104,-3.1307372059262875,2.191516044148401
48,23,1,performance status 2,0.5963133529833029,45,3.323721828364907,2.7420705084010484
48,23,2,status 2,0.5949093335921946,34,3.417697811223467,2.905043139539947
48,23,3,status 2 -,0.422730310931516,120,2.931682752939338,2.1254699958810197
48,23,4,2 - functional,0.18773053845742313,233,2.96845317532999,1.6326492464314946
48,23,5,- functional,0.12404294098693291,297,2.6267780354883614,1.444727919518599
48,23,6,- limited,0.07667432106151927,232,2.636498281558674,1.6478114259741714
48,23,7,but limited,0.05904448609020343,2052,1.9790346800858947,0.5442345370236211
48,23,8,functional but limited,0.05306510865995002,2113,1.9485063379634662,0.5358392429399532
48,23,9,encourage low-impact exercise,0.03924046968000389,397,2.5652802431858746,1.2826401215929373
48,23,10,reports persistent,0.03517309446182936,1298,2.104886677074954,0.6840881700493601
48,23,11,2 ambulatory,0.03489123370915037,2059,2.172975475826297,0.5432438689565743
48,23,12,toes,0.03193792304565279,1315,-2.0919202136406683,0.6798740694332173
48,23,13,by fatigue and,0.031898757248576805,2990,-1.8447013160573207,0.46117532901433017
48,23,14,4. ecog performance,0.028215153589768144,961,2.1063976591481857,0.7898991221805696
48,23,15,anxiety about,0.025780147283206694,1248,2.1555661249946323,0.7005589906232556
32,24,1,unknown.,0.8217018036995999,70,2.966542477087424,2.4473975435971247
32,24,2,intracranial disease,0.15010371362623723,927,2.294671449040335,0.8031350071641171
32,24,3,no brain,0.1353278088923819,102,-3.031777167901823,2.1980384467288214
32,24,4,and right,0.07815835268393369,35,3.2923110701338905,2.880772186367154
32,24,5,are identified,0.06755700992568758,156,2.9044848750840004,1.8879151688046003
32,24,6,or focal deficits.,0.06520737914079608,211,-2.8166896882331,1.69001381293986
32,24,7,nausea 5,0.061582720576345375,158,2.775023352557937,1.8731407629766077
32,24,8,lesions are,0.061242090365509094,1866,2.054192772307054,0.5722394151426793
32,24,9,focal deficits. -,0.05727827619168635,640,-2.2251613588768784,1.0013226114945952
32,24,10,myelosuppression nausea,0.056314541372454126,382,2.6035898711432868,1.3017949355716434
32,24,11,nsclc . ---,0.05616454811832505,2,-3.9155095220034193,3.9155095220034193
32,24,12,- mediastinum hilum,0.056141072537017285,515,-2.6939705252789987,1.1449374732435744
32,24,13,extensive,0.05353280314709077,1539,2.097192495422657,0.6291577486267971
32,24,14,neurologic grossly,0.05075792922868514,835,-2.1245908798807136,0.8498363519522855
32,24,15,- neurologic no,0.0502797532978154,1064,-2.161321076631422,0.7564623768209977
43,25,1,appetite loss 20,0.5303362967785902,76,-3.206015319681025,2.4045114897607687
43,25,2,loss 20,0.5292555756988798,77,-3.201447681119846,2.4010857608398846
43,25,3,loss 20 100,0.46103977252812856,44,-3.3490701739272914,2.762982893490016
43,25,4,20 100 constipation,0.1950768273862921,797,-2.194172331798119,0.8776689327192477
43,25,5,10 100 diarrhea,0.10256576699156526,2718,-1.7506696863895364,0.48143416375712256
43,25,6,100 constipation 10,0.10256576699156524,2719,-1.7506696863895364,0.48143416375712256
43,25,7,constipation 10 100,0.10256576699156524,2717,-1.7506696863895364,0.48143416375712256
43,25,8,5 100 financial,0.09781798486153044,2834,-1.7202000173107186,0.47305500476044765
43,25,9,function 65 100,0.087531026412676,845,-2.251635194287098,0.8443631978576617
43,25,10,function 70,0.08651745747298588,400,-2.6966118398846732,1.2808906239452198
43,25,11,cognitive function 75,0.07327296950504857,1872,-2.0768035460861354,0.5711209751736873
43,25,12,65 100,0.07170656302869402,418,-2.5257217918067263,1.2628608959033631
43,25,13,emotional function 65,0.0612532560005749,1289,-2.1134243586485058,0.6868629165607644
43,25,14,70 100 role,0.06063680652326712,2428,-1.6833251083196248,0.5049975324958874
43,25,15,function 70 100,0.06049549411211221,802,-2.3245876040708535,0.8717203515265701
2,26,1,residual or,0.3575734287623396,49,-3.3477050321233968,2.678164025698717
2,26,2,or recurrent,0.3568298575987054,47,-3.205386566592371,2.7245785816035157
2,26,3,residual or recurrent,0.3466168071032267,85,-3.1240316733928943,2.343023755044671
2,26,4,no residual or,0.25203261051946785,81,-3.2794981636854494,2.377636168671951
2,26,5,dissection for,0.16139846816487813,562,-2.4196796775278018,1.088855854887511
2,26,6,node dissection for,0.15566886138331262,603,-2.442341737374004,1.0379952383839517
2,26,7,node dissection,0.13899656832021148,499,-2.5936179758766422,1.167128089144489
2,26,8,lymph node dissection,0.13694369345488389,553,-2.5893575102384085,1.1004769418513236
2,26,9,no residual,0.1308053566742414,253,-2.7338172047305593,1.5719448927200714
2,26,10,postoperative changes,0.11749425926374137,314,-2.7111598561381594,1.4233589244725333
2,26,11,recurrence,0.11590285780145702,281,-2.7140235858574675,1.4927129722216073
2,26,12,dissection,0.10921121555761171,1033,-2.3583352622088216,0.7664589602178671
2,26,13,mediastinal lymph node,0.10272847529625313,1627,-2.2190696205711244,0.6102441456570593
2,26,14,3 months for,0.09654259073327777,78,-3.085250803661869,2.391069372837948
2,26,15,dissection for stage,0.09603286499944591,2832,-1.8925136818829587,0.47312842047073966
95,27,1,with brain,0.5476292966354849,67,3.194133330291755,2.47545333097611
95,27,2,with brain metastases,0.46226061239881217,119,3.0381973245127574,2.12673812715893
95,27,3,brain metastases.,0.21549327148142408,323,2.8030964696257947,1.4015482348128974
95,27,4,brain metastases,0.19524200712025283,262,2.8187374786072743,1.550305613234001
95,27,5,with brain metastases.,0.15191722140106406,1196,2.202997168108123,0.7159740796351399
95,27,6,surrounding edema.,0.1406640430386915,204,2.848510733804541,1.7091064402827245
95,27,7,whole-brain,0.13578180624907818,2710,1.7528603456671696,0.4820365950584717
95,27,8,known brain,0.1332164252117264,931,2.2912896200071313,0.8019513670024959
95,27,9,frontal,0.12699213964012407,618,2.409686167347712,1.0241166211227775
95,27,10,frontal lobe,0.12631602004774345,336,2.636395522379395,1.3841076492491822
95,27,11,brain metastases -,0.10920936058318685,2348,2.052317866263291,0.5130794665658227
95,27,12,enhancing lesions,0.10884744621063736,712,2.475972793519188,0.9284897975696955
95,27,13,and right,0.10072894169718453,35,3.2923110701338905,2.880772186367154
95,27,14,surrounding edema. -,0.09579003208560642,20,3.393662219587994,3.1391375531188945
95,27,15,enhancing lesions left,0.09136347433497832,42,3.2045339742112255,2.803967227434822
83,28,1,ck5 6 diffuse,0.3335477428266273,140,2.974681538117885,2.0079100382295723
83,28,2,histology.,0.3308759539467326,50,3.3237201386198003,2.65897611089584
83,28,3,6 diffuse,0.3020207448248129,236,2.824844587399894,1.624285637754939
83,28,4,6 diffuse cytoplasmic,0.3020207448248129,237,2.824844587399894,1.624285637754939
83,28,5,cell carcinoma,0.27491706954972467,2814,1.7263972130624132,0.47475923359216365
83,28,6,squamous histology.,0.2550067704260435,272,2.7674580605590364,1.5221019333074701
83,28,7,negative excludes adenocarcinoma,0.16634201689045142,1583,2.067148092925754,0.6201444278777263
83,28,8,supports squamous,0.150236020162257,2786,1.7361409063773525,0.477438749253772
83,28,9,p40 strong,0.14693825243696626,1444,2.361261265630084,0.6493468480482731
83,28,10,---------------- p40 strong,0.1425749094149956,1766,2.34737187979081,0.5868429699477025
83,28,11,squamous nsclc.,0.1399444445370663,706,2.3388920771741857,0.9355568308696743
83,28,12,p40 strong nuclear,0.13556105836888413,2003,2.202643801434675,0.5506609503586688
83,28,13,supports squamous differentiation,0.12459965562132606,905,2.4960579750326035,0.8112188418855961
83,28,14,histology,0.12074852059394421,621,2.5490552777500946,1.0196221111000379
83,28,15,positivity supports squamous,0.12039920349835366,2577,1.9741622675562336,0.4935405668890584
39,29,1,spouse in,0.4787359703559401,30,-3.2719828730050033,2.944784585704503
39,29,2,spouse in a,0.47356936991806203,26,-3.315297589821695,3.0666502705850682
39,29,3,with spouse in,0.47146800999785876,36,-3.248318726713365,2.8422788858741943
39,29,4,a single-family,0.2442566887765292,1012,-2.066666369531682,0.7749998885743807
39,29,5,in a single-family,0.2442566887765292,1011,-2.066666369531682,0.7749998885743807
39,29,6,single-family,0.2376482369512042,1139,-1.9542778967142131,0.7328542112678299
39,29,7,home. -,0.14323059346828623,1224,-2.0259287342332217,0.7090750569816275
39,29,8,home.,0.1362409616810303,895,-2.1783371488489194,0.8168764308183447
39,29,9,age 80,0.06368194092356268,2018,-1.8282103065657838,0.5484630919697351
39,29,10,obstructive,0.04609602709765453,2643,1.77627913931763,0.4884767633123483
39,29,11,node,0.04589034536986206,65,-3.121405877420767,2.497124701936613
39,29,12,at 78,0.045772636395465395,476,-2.3856752823134766,1.1928376411567383
39,29,13,monitoring of,0.04072893838042076,201,2.8529183023180216,1.711750981390813
39,29,14,he,0.036614576064644425,1885,-1.897511823685668,0.5692535471057004
39,29,15,. he,0.03641180262917067,69,-3.163883302578308,2.4520095594981886
79,30,1,spirometry,0.4211729469285173,97,-2.8645870637016047,2.220054974368743
79,30,2,dlco,0.334879824592971,123,-2.8996526494853554,2.1022481708768828
79,30,3,tests spirometry,0.2551449061198216,954,-1.977446451025738,0.7909785804102952
79,30,4,function tests spirometry,0.25514490611982144,955,-1.977446451025738,0.7909785804102952
79,30,5,pulmonary function tests,0.22108503445447178,528,-2.3749112515600133,1.1280828444910063
79,30,6,spirometry dlco,0.20024698307885336,1043,-2.172833242969712,0.7604916350393992
79,30,7,pulmonary function,0.19483439746507025,910,-2.307277274174007,0.8075470459609024
79,30,8,6. documentation,0.19295689989726614,57,-3.306357027345229,2.5624266961925524
79,30,9,tests spirometry dlco,0.17152275888228774,1608,-2.048017703541974,0.6144053110625922
79,30,10,dlco to,0.12353704918293072,2284,-1.8868122904543865,0.5188733798749563
79,30,11,was negative,0.10791812648991651,4,-3.7927481483104066,3.6979294446026465
79,30,12,6. documentation -,0.10381610604648095,611,-2.5840895780035384,1.0336358312014153
79,30,13,baseline pulmonary function,0.09747325900363707,2030,-1.6800463796783933,0.5460150733954778
79,30,14,baseline pulmonary,0.09044187943130376,2747,-1.5995127494859782,0.4798538248457934
79,30,15,baseline cardiac,0.08806476542244995,409,2.6768153068100413,1.2714872707347695
52,31,1,glands and,0.5123952795793337,43,-3.3783953048493474,2.787176126500712
52,31,2,adrenal glands and,0.3679867122655223,454,-2.571232215101319,1.2213353021731266
52,31,3,node,0.23018980446002577,65,-3.121405877420767,2.497124701936613
52,31,4,spleen adrenal,0.17697010646539416,1054,-2.167294194207046,0.7585529679724661
52,31,5,spleen adrenal glands,0.1757502567891831,1048,-2.169934073123311,0.7594769255931588
52,31,6,liver adrenal,0.1718906818279442,752,-2.259413888349213,0.9037655553396853
52,31,7,liver adrenal glands,0.1684705702308986,782,-2.2173029295755144,0.8869211718302058
52,31,8,liver spleen adrenal,0.14711332032531585,2500,-1.9991181325451723,0.4997795331362931
52,31,9,mediastinal or hilar,0.1211203546722734,516,-2.4056465828852933,1.1426821268705143
52,31,10,kidneys appear,0.1115682897567437,1244,-2.15829981691193,0.7014474404963773
52,31,11,or hilar,0.10829425595846798,650,-2.3281740564237645,0.9894739739800998
52,31,12,lymph node,0.10697311226581781,950,-2.26784133801483,0.7937444683051905
52,31,13,thickening or effusion.,0.10286825243875991,104,-3.1307372059262875,2.191516044148401
52,31,14,or effusion.,0.09879829681810154,619,-2.559121223509799,1.0236484894039195
52,31,15,mediastinal or,0.09770601996510468,860,-2.2204526797256183,0.8326697548971069
20,32,1,dissection followed,0.38412732344391537,250,-2.8603288141250025,1.5731808477687514
20,32,2,dissection followed by,0.38412732344391537,251,-2.8603288141250025,1.5731808477687514
20,32,3,node dissection followed,0.2926308249788581,651,-2.637753804379117,0.9891576766421689
20,32,4,he underwent,0.24816534406132376,118,-3.0391158486630987,2.127381094064169
20,32,5,by four cycles,0.24139222519839806,750,-2.4112932977226103,0.9042349866459789
20,32,6,by four,0.241392225198398,749,-2.4112932977226103,0.9042349866459789
20,32,7,followed by four,0.241392225198398,751,-2.4112932977226103,0.9042349866459789
20,32,8,node dissection,0.1838008682777136,499,-2.5936179758766422,1.167128089144489
20,32,9,lymph node dissection,0.17630069876650623,553,-2.5893575102384085,1.1004769418513236
20,32,10,dissection,0.16572617390363012,1033,-2.3583352622088216,0.7664589602178671
20,32,11,lobectomy with,0.1407260910382416,863,-2.375884381356086,0.8315595334746301
20,32,12,adjuvant,0.131237518888382,1088,-2.3040505462818177,0.7488164275415908
20,32,13,lobectomy with mediastinal,0.12205086875546806,1269,-2.3086072369355213,0.6925821710806563
20,32,14,mediastinal lymph node,0.11054371797042384,1627,-2.2190696205711244,0.6102441456570593
20,32,15,with mediastinal lymph,0.1091481221265398,1330,-2.2525752724184347,0.6757725817255303
40,33,1,7.5 k,0.5689250703619452,152,-2.9265032802160453,1.9022271321404296
40,33,2,7.5 k l,0.4893472120973705,46,-3.1142759728881204,2.7249914762771055
40,33,3,7.5,0.35023586165464904,731,-2.294573898250794,0.9178295593003176
40,33,4,wbc 7.5,0.2898318581222584,1427,-1.8658869622139067,0.6530604367748674
40,33,5,wbc 7.5 k,0.2558676022268713,1765,-1.6780384974428766,0.5873134741050068
40,33,6,cbc wbc 7.5,0.24503934326725704,1694,-1.7089791041729179,0.5981426864605213
40,33,7,7.5 k ul,0.1520389397653952,1880,-2.047114006692182,0.5702674732928221
40,33,8,and right,0.07451541257925066,35,3.2923110701338905,2.880772186367154
40,33,9,risks and,0.03854477447458448,414,-2.528707839326667,1.2643539196633335
40,33,10,anc 5.0,0.0347411013071174,1547,-2.078330388716539,0.627210420880527
40,33,11,0.9,0.03454195086959679,379,2.6065022475297313,1.3032511237648656
40,33,12,week to finalize,0.03267585215067532,1192,-2.2063178764414473,0.7170533098434704
40,33,13,nsclc . ---,0.031543667662703424,2,-3.9155095220034193,3.9155095220034193
40,33,14,anc 5.0 k,0.030441437105217396,878,-2.197790499754121,0.8241714374077954
40,33,15,complaint follow-up after,0.029307178770859837,52,-3.1926264751948303,2.633916842035735
45,34,1,to radiation oncology,0.5613489496098555,51,3.1226116079663626,2.6542198667714083
45,34,2,to radiation,0.542986353527413,88,3.1078822902220806,2.3309117176665604
45,34,3,oncology for,0.3671641896020443,338,2.513200602362291,1.3822603312992603
45,34,4,radiation oncology for,0.2668564898098173,1375,2.0463512086056457,0.6650641427968349
45,34,5,refer to radiation,0.19427947266681866,1004,2.217246138028242,0.7760361483098847
45,34,6,referral to radiation,0.17530693175605075,1150,2.0863980739281858,0.730239325874865
45,34,7,radiation oncology,0.17366083717424954,477,2.503187495351737,1.1890140602920751
45,34,8,radiation,0.10318083921642641,241,2.922741090082179,1.6075075995451984
45,34,9,symptomatic bone,0.06085896663945815,1573,1.913144152563487,0.6217718495831333
45,34,10,to proceed,0.049571961082937106,858,2.3821926352181144,0.83376742232634
45,34,11,consider referral to,0.04701444213882647,759,2.2463542919440704,0.8985417167776282
45,34,12,prn for bone,0.041775083979056216,1545,2.0914567471272765,0.6274370241381829
45,34,13,mg iv,0.040196894165168244,2056,1.8131429370451873,0.5439428811135562
45,34,14,stereotactic,0.03942756141796249,373,2.651915240851123,1.3259576204255614
45,34,15,- calcium,0.03818080258459785,2615,-1.6361643395800742,0.49084930187402226
46,35,1,iv q3 weeks,0.5311230617787346,287,2.8143186488807803,1.4775172906624094
46,35,2,iv q3,0.5103299871227946,364,2.804734232983086,1.3322487606669657
46,35,3,q3,0.3671786934765376,690,2.5391978640549766,0.9521991990206162
46,35,4,q3 weeks,0.29645648358973914,1676,2.1896179637918,0.602144940042745
46,35,5,200 mg iv,0.2248504131351692,2298,1.8814750069893176,0.5174056269220624
46,35,6,mg iv q3,0.21404099547851477,2033,1.9845052718426657,0.5457389497567331
46,35,7,mg iv,0.13340641199651568,2056,1.8131429370451873,0.5439428811135562
46,35,8,pembro,0.0879839842304921,1666,2.194073106450073,0.6033701042737701
46,35,9,clinic in 3,0.0629902030820691,293,-2.650808898248954,1.4579448940369248
46,35,10,partial response per,0.0585178381002996,220,2.770324608919644,1.6621947653517863
46,35,11,a partial,0.05700238470372638,740,2.1363543852710936,0.9079506137402147
46,35,12,low-impact exercise,0.050880633207730175,686,2.3838590751207636,0.9535436300483054
46,35,13,mild fatigue grade,0.050692241095052985,463,2.5494963715400867,1.2110107764815412
46,35,14,pelvis in 8,0.049965726750964785,761,-2.2435827633608962,0.8974331053443585
46,35,15,as tolerated. -,0.043465752399445,133,2.822989947126987,2.0466677116670655
19,36,1,gy,0.3940443806597103,146,3.1532543724961624,1.9707839828101015
19,36,2,palliative external-beam,0.31495816658718867,1839,1.9215069379502796,0.5764520813850839
19,36,3,palliative external-beam radiation,0.31437319241911044,1827,1.9256968139438282,0.5777090441831484
19,36,4,radiation,0.29037729982385657,241,2.922741090082179,1.6075075995451984
19,36,5,prior palliative radiation,0.21458427944084515,327,2.6634566102630197,1.398314720388085
19,36,6,prior palliative,0.16446134887193528,2271,1.7344090913067989,0.5203227273920397
19,36,7,radiation to a,0.15230863860457908,1671,2.00845115306592,0.602535345919776
19,36,8,received palliative,0.1517004467743274,1237,2.167859125950979,0.7045542159340682
19,36,9,improved,0.14708114727870572,664,-2.4761818880578557,0.9772074951085465
19,36,10,palliative,0.14661468881288586,882,2.3484500508231836,0.8219575177881142
19,36,11,fx,0.12892345504818747,2366,1.8601310857378166,0.5115360485778996
19,36,12,previously irradiated,0.1221923389704438,1919,1.7369997275745193,0.5645249114617188
19,36,13,- palliative,0.11928045080012774,72,2.950417876000158,2.4340947477001307
19,36,14,prior radiation,0.1127919037386715,1154,1.9458599318676628,0.7296974744503736
19,36,15,to a,0.10563790649878474,2330,1.869540376578355,0.5141236035590476
65,37,1,michael alvarez,0.35142049556666316,2463,-2.0095515608716674,0.5023878902179169
65,37,2,patient michael alvarez,0.331130220869082,2652,-1.9489289962279455,0.48723224905698637
65,37,3,surveillance imaging at,0.14899454610019583,302,-2.7423080258957486,1.4397117135952677
65,37,4,imaging at age,0.14655871972451706,363,-2.6693224107165903,1.3346612053582951
65,37,5,imaging at,0.12055632009263596,613,-2.4275875884939713,1.0317247251099377
65,37,6,. he,0.09234864911853953,69,-3.163883302578308,2.4520095594981886
65,37,7,he,0.08870238494829452,1885,-1.897511823685668,0.5692535471057004
65,37,8,male,0.0732772317300858,1623,-1.8809915877125698,0.6113222660065852
65,37,9,he reports,0.07196524952452198,714,-2.3189600395942773,0.927584015837711
65,37,10,he denies,0.06730087669999031,444,-2.5933657478105534,1.2318487302100127
65,37,11,1-2 drinks week,0.06700220823479146,443,-2.4671845180210714,1.2335922590105357
65,37,12,he underwent,0.06074510934904365,118,-3.0391158486630987,2.127381094064169
65,37,13,he has been,0.05722952200075854,178,-2.977706996391811,1.7866241978350865
65,37,14,1-2 drinks,0.05498093247226099,1431,-2.007031119443581,0.6522851138191638
65,37,15,ct identified a,0.054026849079763274,391,-2.7205077560994853,1.2922411841472554
49,38,1,exertional,0.5656614300208201,126,-2.9725722145204054,2.080800550164284
49,38,2,mild exertional,0.5443606661615591,175,-2.8656409680180173,1.7910256050112607
49,38,3,exertional dyspnea,0.30261564346021524,1597,-2.053733626113807,0.6161200878341421
49,38,4,mild exertional dyspnea,0.2660221805269572,2808,-1.9015915040127973,0.4753978760031993
49,38,5,rest mild,0.2341853410964246,493,-2.4670796577363516,1.171862837424767
49,38,6,at rest mild,0.23347370785982838,492,-2.4695013424134524,1.17301313764639
49,38,7,rest mild exertional,0.2291536558793262,540,-2.4743666025899462,1.1134649711654758
49,38,8,sputum hemoptysis,0.08031841831506557,1937,-2.0427421712855307,0.561754097103521
49,38,9,cough sputum hemoptysis,0.06907489151982783,2885,-1.7073407180560447,0.4695186974654123
49,38,10,stairs.,0.06744863595408096,671,-2.4239823732421266,0.9695929492968507
49,38,11,complaint follow-up after,0.05016351676508037,52,-3.1926264751948303,2.633916842035735
49,38,12,walk,0.044623635601580336,1078,-2.144862260139931,0.7507017910489758
49,38,13,breathing,0.04315629406271426,600,-2.603786014220799,1.0415144056883197
49,38,14,spirometry,0.04065261564536563,97,-2.8645870637016047,2.220054974368743
49,38,15,climbing,0.03974842663807766,2064,-1.8078374659090466,0.5423512397727139
8,39,1,seizure,0.5422202177523169,114,3.05866425113401,2.1410649757938067
8,39,2,levetiracetam,0.5002996395686434,101,3.0337421733898964,2.199463075707675
8,39,3,levetiracetam 500 mg,0.3543163089410554,200,2.8624176593238038,1.7174505955942823
8,39,4,levetiracetam 500,0.3543163089410554,199,2.8624176593238038,1.7174505955942823
8,39,5,seizure disorder,0.2107080472337253,538,2.62674169547952,1.116365220578796
8,39,6,disorder,0.20382571256983714,543,2.6105915079599593,1.1095013908829827
8,39,7,secondary to brain,0.1318920253690632,392,2.580830647431899,1.2904153237159495
8,39,8,500 mg bid,0.12485353680299621,1542,2.2865443222920963,0.6287996886303265
8,39,9,to brain,0.11952815119429822,147,2.919006196251266,1.9703291824696045
8,39,10,to brain metastases,0.0643540544508901,80,3.0831189209511862,2.389417163737169
8,39,11,frontal,0.05546265923830058,618,2.409686167347712,1.0241166211227775
8,39,12,focal deficits gait,0.037898895247302826,2503,1.9985781576805752,0.4996445394201438
8,39,13,deficits gait,0.037147145562495425,2114,2.14179720847507,0.5354493021187675
8,39,14,intracranial disease,0.036163495132886615,927,2.294671449040335,0.8031350071641171
8,39,15,secondary,0.03452560589537156,1596,2.2410564584979165,0.616290526086927
69,40,1,75 100,0.36714449839639235,15,-3.389045182134938,3.2195929230281912
69,40,2,nausea 10,0.32206610402891717,375,-2.6294652246754966,1.3147326123377483
69,40,3,pain 20,0.2686916972911028,937,-2.131119294349063,0.7991697353808986
69,40,4,function 75 100,0.2642709779380701,381,-2.603632414818566,1.301816207409283
69,40,5,function 75,0.23155896072550994,1293,-2.111149937166567,0.6861237295791344
69,40,6,function 70,0.21725248369833924,400,-2.6966118398846732,1.2808906239452198
69,40,7,20 100 dyspnea,0.21278017602857288,723,-2.1707651244041832,0.9225751778717779
69,40,8,nausea 10 100,0.18420656596965168,1166,-2.236592060925858,0.7268924198009039
69,40,9,75,0.18271888828558594,580,-2.5043496172454747,1.0643485873293268
69,40,10,100 nausea 10,0.1758459943986922,1376,-2.2162588617072334,0.66487765851217
69,40,11,function 70 100,0.15945806573522006,802,-2.3245876040708535,0.8717203515265701
69,40,12,pain 20 100,0.15926085839529855,2608,-1.7865789181418947,0.4913092024890211
69,40,13,100 pain 20,0.15926085839529855,2609,-1.7865789181418947,0.4913092024890211
69,40,14,20 dyspnea,0.11691473805506547,902,-2.1650856404550796,0.8119071151706548
69,40,15,pro-ctcae fatigue,0.10921702309047965,202,-2.852531624833309,1.7115189748999853
0,41,1,no kras,0.26020701287917,1369,2.049931509279933,0.6662277405159782
0,41,2,19 deletion -,0.2505545504850362,513,2.4189881276821557,1.149019360649024
0,41,3,no kras alk,0.23171384377880747,2095,1.9570026325357996,0.5381757239473449
0,41,4,tagrisso,0.21444651931705405,929,2.2921146135768162,0.8022401147518856
0,41,5,deletion,0.18527399558491478,2515,1.8123640130610728,0.49840010359179504
0,41,6,an activating,0.17853419932387235,2919,1.6963703159193964,0.46650183687783403
0,41,7,and cdkn2a,0.17532579710257115,830,2.2777194552305704,0.8541447957114638
0,41,8,deletion.,0.1722184978550926,2472,1.672795054623918,0.5018385163871754
0,41,9,cdkn2a,0.16631450339962506,839,2.2599899666553136,0.8474962374957427
0,41,10,3. cdkn2a,0.1456545976043274,252,2.621313275901321,1.5727879655407926
0,41,11,cell-cycle,0.1263799055191203,1183,2.220166588550306,0.7215541412788495
0,41,12,a well-characterized activating,0.11693113911377923,2040,1.9831588581201298,0.5453686859830358
0,41,13,duration,0.11584526347387329,2897,1.702042485879343,0.4680616836168194
0,41,14,3. cdkn2a homozygous,0.11574324515156346,372,2.5291217590255024,1.3277889234883886
0,41,15,node,0.11279496736781552,65,-3.121405877420767,2.497124701936613
10,42,1,capmatinib,0.4062916715232816,240,-2.679570751639721,1.6077424509838327
10,42,2,e.g. capmatinib,0.39340553559868413,31,-3.3653635001019273,2.9446930625891863
10,42,3,e.g. capmatinib tepotinib,0.37575656893197723,58,-3.180006838897661,2.5440054711181284
10,42,4,tepotinib,0.3214809044805537,529,-2.502370215359772,1.1260665969118975
10,42,5,capmatinib tepotinib,0.29147743308052887,673,-2.4221994867375183,0.9688797946950074
10,42,6,met amplification,0.2846818420686275,829,-2.2780018143144534,0.85425068036792
10,42,7,loss met,0.232524740144214,2678,-1.759779862275518,0.4839394621257675
10,42,8,and met amplification,0.14173260550626166,412,-2.6664537538256456,1.2665655330671817
10,42,9,inhibitors e.g. capmatinib,0.1415418942445771,1335,-2.0775136420077938,0.675191933652533
10,42,10,and met,0.13501155632666537,2035,-1.984385235955636,0.5457059398877999
10,42,11,met amplification pd-l1,0.13004547962594523,772,-2.2268263159053103,0.8907305263621241
10,42,12,met amplification copy,0.1175764421691395,1066,-2.325693971857551,0.7558505408537042
10,42,13,to met,0.1068553107660975,1625,-2.03563833496311,0.6106915004889331
10,42,14,met amplification egfr,0.10663640978852666,79,-3.0834937922568715,2.389707688999075
10,42,15,- met,0.08762425960444582,1459,-1.9888659936450683,0.6463814479346472
5,43,1,diffusion coefficient,0.20526539971417024,226,2.761383799721525,1.6568302798329149
5,43,2,coefficient,0.20526539971417024,225,2.761383799721525,1.6568302798329149
5,43,3,apparent diffusion coefficient,0.20526539971417024,223,2.761383799721525,1.6568302798329149
5,43,4,apparent diffusion,0.20526539971417024,224,2.761383799721525,1.6568302798329149
5,43,5,apparent,0.19811642283751704,255,2.730785231915643,1.5702015083514946
5,43,6,diffusion coefficient adc,0.19654698996013062,268,2.6655971652248573,1.5327183700042928
5,43,7,coefficient adc,0.19222674832790224,291,2.6655971652248573,1.4660784408736716
5,43,8,with apparent,0.18614428003408445,352,2.577973297215387,1.353435981038078
5,43,9,with apparent diffusion,0.18614428003408445,351,2.577973297215387,1.353435981038078
5,43,10,dwi with apparent,0.18255053185343076,368,2.5313248415014113,1.3289455417882408
5,43,11,dwi with,0.15919618943022848,451,2.4498368586785317,1.2249184293392659
5,43,12,diffusion-weighted imaging,0.15774671232390372,33,3.352444780818763,2.9333891832164176
5,43,13,flair diffusion-weighted imaging,0.15689203765303483,89,3.1038472775245447,2.3278854581434087
5,43,14,imaging dwi with,0.15042462404652837,586,2.3403307525138164,1.0531488386312173
5,43,15,imaging dwi,0.1438870905700577,243,2.7817955666387615,1.5995324508172877
31,44,1,dl 0.6-1.2,0.4521401835603594,207,2.842919959570621,1.7057519757423725
31,44,2,mg dl 0.6-1.2,0.45214018356035934,206,2.842919959570621,1.7057519757423725
31,44,3,dl 12.0-16.0,0.37576969298890966,310,2.7257315545618197,1.431009066144955
31,44,4,g dl 12.0-16.0,0.37576969298890966,309,2.7257315545618197,1.431009066144955
31,44,5,0.6-1.2 egfr,0.2176995849559602,1050,2.1691893175190664,0.7592162611316732
31,44,6,12.0-16.0 platelets,0.20953476677052826,707,2.3316349515136023,0.932653980605441
31,44,7,dl 0.6-1.2 egfr,0.19825309569965932,1548,1.9297036273181076,0.627153678878385
31,44,8,dl 12.0-16.0 platelets,0.18090231148242156,1199,2.1995685898067117,0.7148597916871813
31,44,9,she,0.11963603321622444,2166,1.7680839457262885,0.5304251837178865
31,44,10,female,0.10013654104325066,1991,1.8423651348780161,0.5527095404634048
31,44,11,her,0.09244342471823748,1176,2.2253473704952915,0.7232378954109697
31,44,12,female mrn,0.07116439894650023,1040,2.17878670739543,0.7625753475884004
31,44,13,woman,0.07091115717168389,1967,1.8534091926976364,0.5560227578092909
31,44,14,she reports persistent,0.07062320180029735,10,3.4934553611199446,3.3187825930639474
31,44,15,she reports,0.06895557340597298,1871,1.9043551744844907,0.5713065523453472
73,45,1,q6 h prn,0.45050720006203243,113,3.17826550364134,2.1453292149579046
73,45,2,h prn,0.3706012043447208,354,2.8415339800629265,1.34972864052989
73,45,3,q6,0.36107745369501226,350,2.7072999707248386,1.3536499853624193
73,45,4,q6 h,0.3496798254434319,435,2.755153755811872,1.2398191901153426
73,45,5,po q6,0.2468305835823825,1197,2.386392632288274,0.7159177896864822
73,45,6,mg po q6,0.24624853554156378,1163,2.4276374720407845,0.7282912416122354
73,45,7,po q6 h,0.23126185336364558,1560,2.2718029298369795,0.6247458057051695
73,45,8,h prn for,0.13979800457861966,2452,2.0130880164348657,0.5032720041087164
73,45,9,q8 h,0.13350434789558163,1119,2.2828241569028322,0.7419178509934206
73,45,10,po q8 h,0.12997206644188342,1001,2.3882744336440314,0.7761891909343103
73,45,11,h,0.12829353538199587,2161,2.1222665654804698,0.5305666413701174
73,45,12,mg po q8,0.12526137446323074,1236,2.1682132648097734,0.7046693110631764
73,45,13,po q8,0.12526137446323074,1235,2.1682132648097734,0.7046693110631764
73,45,14,q8,0.12384598218239003,1579,2.0684988525624695,0.6205496557687408
73,45,15,q8 h prn,0.11221496237231976,1658,2.0150093067027215,0.6045027920108165
9,46,1,albumin 3.9,0.4830461479797228,194,-2.882517545991455,1.729510527594873
9,46,2,albumin 3.9 g,0.4830461479797228,193,-2.882517545991455,1.729510527594873
9,46,3,3.9 g,0.4727885786548089,231,-2.875054963195865,1.6531566038376222
9,46,4,3.9 g dl,0.42557063689647007,213,-2.807954447596285,1.6847726685577709
9,46,5,3.9,0.21839656726196988,1994,-1.8405941156342553,0.5521782346902766
9,46,6,normal albumin 3.9,0.21502851619334176,270,-2.662473217612287,1.530922100127065
9,46,7,l albumin 3.9,0.11666698669776042,2530,-1.6547202176111675,0.49641606528335025
9,46,8,3.9 g dl.,0.09755985794577172,2879,-1.7085187248677587,0.4698426493386337
9,46,9,3.8,0.02908052666001106,1626,-2.022625836303939,0.6103995827417246
9,46,10,ast 32 u,0.02070609014918145,2982,1.846480596226604,0.461620149056651
9,46,11,node,0.01814683546061402,65,-3.121405877420767,2.497124701936613
9,46,12,moist. neck supple,0.017595347582108293,387,-2.4663384488426128,1.2948276856423715
9,46,13,membranes moist. neck,0.013636235722878884,1051,-2.168410750439353,0.7589437626537735
9,46,14,cockcroft-gault,0.013557025687405827,1422,-1.8691349486437796,0.6541972320253229
9,46,15,g12c mutation tp53,0.012856148104926768,361,2.546851003897599,1.3370967770462392
33,47,1,dizziness or,0.47590087667596276,18,-3.565754597735039,3.209179137961535
33,47,2,dizziness or focal,0.39011880801186166,238,-2.8120457775714995,1.616926322103612
33,47,3,dizziness,0.32950917739680735,59,-3.164811934426293,2.531849547541034
33,47,4,headaches dizziness,0.27969683188909156,565,-2.407618447650543,1.0834283014427444
33,47,5,no headaches dizziness,0.2785969614276011,572,-2.395009920419165,1.0777544641886243
33,47,6,headaches dizziness or,0.24439839794482054,1097,-2.299214531604558,0.7472447227714814
33,47,7,or focal deficits.,0.22317199351081665,211,-2.8166896882331,1.69001381293986
33,47,8,focal deficits. -,0.1481449234742842,640,-2.2251613588768784,1.0013226114945952
33,47,9,deficits. -,0.10654338142507236,1918,-1.7386694351621548,0.5650675664277003
33,47,10,focal deficits.,0.09570051345091679,1858,-1.765239646401993,0.5737028850806477
33,47,11,grossly intact,0.09125961698430217,497,-2.4580832280882854,1.1675895333419355
33,47,12,neurologic grossly,0.08638727967270188,835,-2.1245908798807136,0.8498363519522855
33,47,13,- neurologic no,0.08446176709789967,1064,-2.161321076631422,0.7564623768209977
33,47,14,neurologic grossly intact,0.08407828636336771,792,-2.1967255294280426,0.8786902117712171
33,47,15,grossly,0.07524789912025164,1057,-2.1634901196069354,0.7572215418624273
24,48,1,- mother died,0.4599603415314039,90,3.291159452820732,2.3038116169745124
24,48,2,mother died,0.3975213479353741,217,2.9074711312039208,1.6717959004422542
24,48,3,mother died of,0.38562079944838246,247,2.879424811585412,1.5836836463719768
24,48,4,of breast cancer,0.3473362143569996,311,2.8611974023893487,1.4305987011946744
24,48,5,died of breast,0.3467550563334935,356,2.8331669116517566,1.3457542830345843
24,48,6,of breast,0.33601499240452687,369,2.79603779263216,1.328117951500276
24,48,7,died,0.16426666144637456,2589,1.79143526523137,0.4926446979386268
24,48,8,retired schoolteacher,0.09722735307086772,1123,2.1141489755408367,0.7399521414392928
24,48,9,schoolteacher,0.09634881509573422,1101,2.1315705403821985,0.7460496891337695
24,48,10,age 80,0.0808828370963176,2018,-1.8282103065657838,0.5484630919697351
24,48,11,at age 80,0.06203168535627507,2674,-1.7615723624628024,0.4844323996772707
24,48,12,age 82,0.05205026676575949,2009,-2.0016743512944393,0.5504604466059708
24,48,13,elementary school teacher.,0.04861761593964131,1401,2.197780766712621,0.6593342300137862
24,48,14,husband,0.04501906234427592,2578,1.9325564499453116,0.49349209346817785
24,48,15,breast,0.04066753540981247,2431,1.8354985617503945,0.5047621044813585
29,49,1,wbc 9.0 k,0.4460652479845036,286,-2.692378271610844,1.4808080493859643
29,49,2,cbc wbc 9.0,0.43335828109345625,346,-2.584817200490289,1.3570290302574015
29,49,3,9.0,0.430703133575967,402,-2.4377909174692345,1.279840231671348
29,49,4,wbc 9.0,0.430277865803747,555,-2.314842270019396,1.099550078259213
29,49,5,9.0 k,0.32452297706850874,1000,-2.071243857049499,0.7767164463935621
29,49,6,osteoblastic,0.06451177400791096,862,-2.377240224364889,0.832034078527711
29,49,7,evidence of intracranial,0.04167849604669594,271,-2.6489684217626306,1.5231568425135125
29,49,8,low-level,0.03866381455250925,2827,-1.7219080622983365,0.4735247171320426
29,49,9,abdomen pelvis ct,0.038081454474720354,558,2.5783939584902047,1.095817432358337
29,49,10,disease or,0.03722267437293141,537,-2.3519096692649097,1.117157092900832
29,49,11,or focal deficits.,0.03589852829328601,211,-2.8166896882331,1.69001381293986
29,49,12,of intracranial,0.0357742243413501,479,-2.5014918257468426,1.1882086172297501
29,49,13,lung or,0.032629489165898,192,-2.7703506823976047,1.731469176498503
29,49,14,3 months for,0.031753267064828096,78,-3.085250803661869,2.391069372837948
29,49,15,strongly,0.03065980221559819,2537,-1.8035175361987035,0.4959673224546435
41,50,1,deletion egfr,0.6390126818141302,149,2.906944522842995,1.9621875529190216
41,50,2,cdkn2a deletion egfr,0.3663704442918476,659,2.4553668846035897,0.9821467538414359
41,50,3,deletion egfr wild-type,0.26167928006182933,2019,1.993810499257145,0.5482978872957149
41,50,4,cdkn2a,0.23548736542780171,839,2.2599899666553136,0.8474962374957427
41,50,5,and cdkn2a,0.19930696708360904,830,2.2777194552305704,0.8541447957114638
41,50,6,cdkn2a homozygous,0.1445309369576947,1777,1.949818183608402,0.5849454550825206
41,50,7,demonstrated kras,0.12971626713238235,229,2.7563048725803316,1.653782923548199
41,50,8,demonstrated kras g12c,0.12971626713238235,230,2.7563048725803316,1.653782923548199
41,50,9,deletion,0.1256501971997889,2515,1.8123640130610728,0.49840010359179504
41,50,10,homozygous,0.11379172369800387,1372,1.9025975499830192,0.6659091424940566
41,50,11,cell-cycle,0.11330703013602479,1183,2.220166588550306,0.7215541412788495
41,50,12,deletion.,0.09913242141623568,2472,1.672795054623918,0.5018385163871754
41,50,13,deletion exons,0.07869795224560676,2028,1.9856257522518284,0.5460470818692529
41,50,14,exons 1-2,0.07700284638543899,1052,2.168237390231664,0.7588830865810823
41,50,15,homozygous deletion exons,0.07537087644533592,1886,2.0687678228384874,0.5689111512805841
67,51,1,segment vii,0.4674121183779884,1223,-2.0264037715880376,0.7092413200558131
67,51,2,vii,0.4563293593207494,1250,-1.99511964529092,0.698291875851822
67,51,3,in segment vii,0.39413248290789116,1249,-2.150380400354888,0.6988736301153387
67,51,4,segment,0.2436167314075157,915,-2.017172171983999,0.8068688687935996
67,51,5,- spleen,0.21826616310198066,256,-2.615312536940792,1.5691875221644753
67,51,6,hepatic lesion in,0.175388791383301,788,-2.3528638958101067,0.8823239609287901
67,51,7,- spleen pancreas,0.1487932008670007,470,-2.4037485044530658,1.2018742522265329
67,51,8,hepatic segment,0.14638664199859042,1023,-2.0523838171191193,0.7696439314196697
67,51,9,in hepatic,0.1384007718733472,1582,-1.9082042975829299,0.6201663967144522
67,51,10,in hepatic segment,0.1274506722586091,1455,-1.9916493172334764,0.6472860281008799
67,51,11,lesion in hepatic,0.11435105549432116,1764,-1.808286752612952,0.5876931945992094
67,51,12,portal-venous phase,0.10256030917683057,1804,1.9239189955075868,0.5806112682871111
67,51,13,1.2 cm hypodense,0.08241037760293614,1593,-2.0570638697136214,0.6171191609140864
67,51,14,identified. - spleen,0.08131793955383763,1281,-2.120015224100719,0.6890049478327337
67,51,15,hepatic metastasis.,0.07871970086984528,2811,-1.9000006355262655,0.4750001588815664
13,52,1,left lower lobectomy,0.6535061450454022,228,-2.7581316290786453,1.654878977447187
13,52,2,lower lobectomy,0.31910586068382346,1049,-2.169202028486131,0.7592207099701458
13,52,3,lower lobectomy with,0.2546763977373655,1272,-2.1273920432515747,0.6914024140567618
13,52,4,history - left,0.23585010393798536,496,-2.595730636612583,1.1680787864756625
13,52,5,left lower-lobe adenocarcinoma,0.20878975944947112,295,-2.6359819794795714,1.4497900887137645
13,52,6,underwent a left,0.20796150651371562,136,-2.9869654497239804,2.0162016785636867
13,52,7,post left lower,0.181070631521175,996,-2.396648353447807,0.7789107148705373
13,52,8,post left,0.1373335877128988,2491,-1.6676713286602685,0.5003013985980805
13,52,9,status post left,0.1373335877128988,2492,-1.6676713286602685,0.5003013985980805
13,52,10,prior left,0.1313770705837883,267,-2.6659393512603065,1.5329151269746761
13,52,11,a left lower,0.12487535406872959,1488,-1.9711523159922404,0.6406245026974782
13,52,12,lower lobectomy and,0.09988416610055763,1136,-2.099917176552274,0.7349710117932959
13,52,13,lower-lobe adenocarcinoma,0.09603933370020205,588,-2.3349208575063574,1.050714385877861
13,52,14,adjuvant,0.08092866371310885,1088,-2.3040505462818177,0.7488164275415908
13,52,15,node dissection,0.07553988090013146,499,-2.5936179758766422,1.167128089144489
56,53,1,perilesional,0.58044983991648,5,3.658053755527793,3.658053755527793
56,53,2,perilesional edema,0.29752449466968156,332,2.6500656719177074,1.391284477756796
56,53,3,perilesional edema.,0.2474934206862179,288,2.680732916950907,1.474403104322999
56,53,4,frontal,0.20465075726127532,618,2.409686167347712,1.0241166211227775
56,53,5,three enhancing,0.1781791263361517,453,2.573985997271593,1.2226433487040065
56,53,6,frontal lobe,0.16252008284020728,336,2.636395522379395,1.3841076492491822
56,53,7,brain metastases,0.1204721739966901,262,2.8187374786072743,1.550305613234001
56,53,8,three enhancing lesions,0.1160783401693617,1169,2.420464647449431,0.7261393942348292
56,53,9,- neurologic cranial,0.10691498831062977,21,3.4510293474665046,3.105926412719854
56,53,10,mass effect,0.10056219457114864,576,2.523670727199853,1.0725600590599373
56,53,11,effect,0.09831835273897804,486,2.629840362390834,1.1834281630758754
56,53,12,stereotactic,0.09303598656026683,373,2.651915240851123,1.3259576204255614
56,53,13,srs,0.0894284479777366,1425,2.3751248202345527,0.6531593255645021
56,53,14,surrounding,0.08459070954263896,1173,2.2286236920186697,0.7243026999060677
56,53,15,radiosurgery,0.08439255476808595,1024,2.3654173583016957,0.7687606414480511
47,54,1,88,0.7313405229746842,37,3.0691391217094406,2.838953687581233
47,54,2,hr 88,0.2735685360934958,1462,1.846422737488625,0.6462479581210188
47,54,3,hr 88 bpm,0.2735685360934958,1461,1.846422737488625,0.6462479581210188
47,54,4,88 bpm,0.26481456861732416,1680,1.8477389431638034,0.6005151565282362
47,54,5,mmhg hr 88,0.1807163571796461,2891,1.4414086074115082,0.46845779740874016
47,54,6,limited functional,0.11763048227506313,911,2.306471376096349,0.8072649816337221
47,54,7,- limited functional,0.0985862910588121,450,2.584071409123594,1.227433919333707
47,54,8,- limited,0.09848916065863643,232,2.636498281558674,1.6478114259741714
47,54,9,3 - limited,0.09140730748005949,1419,2.3818438155161816,0.65500704926695
47,54,10,respiratory cough dyspnea,0.06391809904293318,61,3.2409352026368454,2.511724782043555
47,54,11,and ldh in,0.059575263386440085,777,2.368594410855027,0.8882229040706352
47,54,12,bilaterally. no,0.058447480637594564,469,2.5306559756912947,1.202061588453365
47,54,13,ldh in,0.056725610583909646,953,2.260419199642365,0.7911467198748278
47,54,14,1.5 k l,0.0561996628465379,448,-2.5869913699082163,1.2288209007064026
47,54,15,in mild,0.05325777203307475,2253,1.898027173592343,0.5219574727378944
35,55,1,left occipital,0.510963574428359,19,3.2659278625196206,3.18427966595663
35,55,2,occipital,0.4052511997830526,791,2.344991551215338,0.8793718317057517
35,55,3,occipital lobe,0.3977514071797827,318,2.5686322587218133,1.4127477422969974
35,55,4,three enhancing,0.1624969011764118,453,2.573985997271593,1.2226433487040065
35,55,5,right cerebellar,0.13862262110506557,796,2.3415181823116256,0.8780693183668595
35,55,6,cerebellar,0.13604707827453985,275,2.74875819352511,1.5118170064388108
35,55,7,right cerebellar hemisphere,0.12919509020132794,602,2.4449187581984737,1.0390904722343512
35,55,8,hemisphere,0.12617575727784539,316,2.6938030984758528,1.4142466266998224
35,55,9,cerebellar hemisphere,0.12056393089136296,457,2.566847839469304,1.2192527237479194
35,55,10,three enhancing lesions,0.11621780077727435,1169,2.420464647449431,0.7261393942348292
35,55,11,brain metastases,0.11210555391152244,262,2.8187374786072743,1.550305613234001
35,55,12,0.7 cm,0.10813556131714068,319,2.565514210392488,1.4110328157158687
35,55,13,stereotactic,0.10434416692162259,373,2.651915240851123,1.3259576204255614
35,55,14,radiosurgery,0.10010105420069108,1024,2.3654173583016957,0.7687606414480511
35,55,15,stereotactic radiosurgery,0.09713440825678994,1010,2.385370588076064,0.7752454411247208
6,56,1,out work activities,0.2593616185991296,151,3.0594901242717283,1.9121813276698303
6,56,2,ambulatory capable of,0.25826075981416136,75,3.1207027336123923,2.418544618549604
6,56,3,ambulatory capable,0.25826075981416136,74,3.1207027336123923,2.418544618549604
6,56,4,out work,0.24898939531591804,195,2.875237684339159,1.7251426106034953
6,56,5,carry out work,0.24898939531591804,196,2.875237684339159,1.7251426106034953
6,56,6,2 ambulatory capable,0.22969647624018638,292,2.9237036125254843,1.4618518062627421
6,56,7,of self-care but,0.20630084102017132,609,2.5866911540114086,1.0346764616045634
6,56,8,self-care but unable,0.19813320783232255,681,2.5531376384564157,0.9574266144211558
6,56,9,work activities,0.19072461147464112,754,2.5779055709727507,0.9022669498404627
6,56,10,unable to carry,0.18188890516541945,997,2.394108012472594,0.7780851040535931
6,56,11,but unable,0.17746902091082342,1063,2.327603359176486,0.756471091732358
6,56,12,but unable to,0.17746902091082342,1062,2.327603359176486,0.756471091732358
6,56,13,capable of self-care,0.17093725346911604,624,2.5416550060667404,1.0166620024266961
6,56,14,of self-care,0.17093725346911604,625,2.5416550060667404,1.0166620024266961
6,56,15,work,0.165875459382979,328,2.7954725897237354,1.3977362948618677
85,57,1,>50 % of,0.3829350305877561,501,2.587003017058683,1.1641513576764073
85,57,2,>50 %,0.3746959633268947,574,2.5327028149584594,1.0763986963573453
85,57,3,>50,0.35321514331329734,653,2.464773633960913,0.9859094535843653
85,57,4,% of waking,0.3346421513746376,728,2.4539219675489736,0.9202207378308651
85,57,5,waking,0.28223079998984235,1339,2.075682523885935,0.6745968202629289
85,57,6,of waking,0.2641278901353505,1667,2.011220995442637,0.6033662986327911
85,57,7,- limited,0.2406472360148634,232,2.636498281558674,1.6478114259741714
85,57,8,self-care,0.2255469952224417,166,3.0239171615548224,1.8143502969328933
85,57,9,3 - limited,0.16446531244546211,1419,2.3818438155161816,0.65500704926695
85,57,10,assistance,0.11795043319994554,2772,1.5951981954611572,0.47855945863834715
85,57,11,- limited functional,0.10107873669701944,450,2.584071409123594,1.227433919333707
85,57,12,limited functional,0.09310374211291993,911,2.306471376096349,0.8072649816337221
85,57,13,goals of care,0.06893989887251077,2533,1.8045176529945703,0.4962423545735069
85,57,14,reports persistent,0.061025896969212616,1298,2.104886677074954,0.6840881700493601
85,57,15,any systemic,0.05948588848219275,665,2.3346115197345028,0.9755340993176316
66,58,1,bun 22 mg,0.3492700538104716,2702,-1.753535819018396,0.48222235023005894
66,58,2,bun 22,0.3492700538104716,2704,-1.753535819018396,0.48222235023005894
66,58,3,22 mg,0.3492700538104716,2703,-1.753535819018396,0.48222235023005894
66,58,4,22 mg dl,0.3478242478601681,2758,-1.7426424533063056,0.4792266746592341
66,58,5,1.5 mg,0.23532395634209133,1567,-2.0764050440536725,0.6229215132161018
66,58,6,45 ml,0.2269246575211166,1517,-2.307809344055729,0.6346475696153255
66,58,7,1.5 mg dl,0.21520846215170555,2369,-1.8595410243565198,0.511373781698043
66,58,8,high bun,0.19866986510251294,1572,-1.7766897087710218,0.6218413980698576
66,58,9,45 ml min,0.1926035040775943,2152,-2.1257619237340357,0.5314404809335089
66,58,10,48 ml,0.1615526391396923,1917,-2.055500724726158,0.5652626992996935
66,58,11,48 ml min,0.16055157952017207,1873,-2.0766707061284775,0.5710844441853313
66,58,12,44 ml,0.13143407805481447,2548,-1.9815379385565417,0.4953844846391354
66,58,13,44 ml min,0.13056004231155724,2546,-1.9820513409123615,0.49551283522809036
66,58,14,avoid,0.07834319573953435,1639,-1.8712484556135602,0.6081557480744071
66,58,15,and renal function.,0.07347845405832042,2010,-2.0013912439763537,0.5503825920934973
90,59,1,iv large-cell nsclc,0.5364451630639636,590,2.4702194730295104,1.0498432760375418
90,59,2,iv large-cell non-small,0.20909621168308054,2346,2.053330747218423,0.5133326868046058
90,59,3,of sheets,0.18584683672529725,1837,1.9216591548627255,0.5764977464588177
90,59,4,composed of sheets,0.18584683672529725,1836,1.9216591548627255,0.5764977464588177
90,59,5,of sheets and,0.18584683672529725,1838,1.9216591548627255,0.5764977464588177
90,59,6,nsclc kras,0.17609548643050807,2320,1.7178411705188172,0.5153523511556451
90,59,7,frequent mitoses,0.15155080558728606,691,2.379601105139788,0.9518404420559152
90,59,8,a negative,0.14609693384578729,2547,1.9816423313215399,0.49541058283038497
90,59,9,lower lobe,0.1361195808181621,1091,-2.1372966810496927,0.7480538383673924
90,59,10,lower,0.12554323788956678,980,-2.0876412243065197,0.7828654591149449
90,59,11,napsin a negative,0.11275221600349923,2105,1.9514021891979372,0.5366356020294327
90,59,12,histology,0.11008045776653856,621,2.5490552777500946,1.0196221111000379
90,59,13,negative no squamous,0.10440642850246118,1424,-2.0111992954428324,0.6536397710189206
90,59,14,the right lower,0.09995381113940767,2680,-1.7594258116705919,0.4838420982094128
90,59,15,differentiated,0.09402484233339953,1981,2.0179999655681233,0.554949990531234
25,60,1,new 2.5 cm,0.5072392888485883,445,-2.4624480334660035,1.2312240167330017
25,60,2,new 2.5,0.5061527537484359,447,-2.4595427968780337,1.2297713984390168
25,60,3,2.5 cm,0.41744591091631317,1285,-2.1175328287485606,0.6881981693432823
25,60,4,2.5,0.33746212677415555,551,-2.4475477195056867,1.101396473777559
25,60,5,a new 2.5,0.26152513120238036,1507,-2.122289239203879,0.6366867717611636
25,60,6,measuring 2.5 cm,0.15518118531858113,2177,-1.6281838643011743,0.5291597558978817
25,60,7,a 2.5,0.11767954715924307,2134,-1.9405007951197448,0.5336377186579299
25,60,8,ct identified a,0.057499448513914475,391,-2.7205077560994853,1.2922411841472554
25,60,9,ct identified,0.056401446354049374,403,-2.682355459753441,1.2741188433828843
25,60,10,recurrence,0.05104880790281439,281,-2.7140235858574675,1.4927129722216073
25,60,11,parenchyma.,0.049109098493332705,322,-2.5588904233263774,1.4073897328295077
25,60,12,solid nodule in,0.04687523296134025,799,-2.1899239107960957,0.8759695643184383
25,60,13,nodule in the,0.04240713228744474,2777,-1.7375720478370764,0.47783231315519603
25,60,14,- no enhancing,0.04200082309698841,958,-2.2585754191482095,0.7905013967018732
25,60,15,nodule in,0.04136334523939895,2504,-1.8164534823911016,0.49952470765755297
80,61,1,laboratory results cbc,0.3786940236423188,1635,-2.0292864320967325,0.6087859296290198
80,61,2,results cbc,0.37391646329738526,1713,-1.9837815651432584,0.5951344695429776
80,61,3,results cbc -,0.33538685086736325,2793,-1.9065071590161904,0.4766267897540476
80,61,4,ul,0.29302857670111937,1751,-1.967788300391898,0.5903364901175694
80,61,5,k ul,0.2930285767011193,1752,-1.967788300391898,0.5903364901175694
80,61,6,k ul reference,0.21522160380952257,1930,-1.8761388649200021,0.5628416594760006
80,61,7,ul reference,0.21522160380952252,1929,-1.8761388649200021,0.5628416594760006
80,61,8,reference 150-400,0.16243310946063214,2358,-1.8630100788516586,0.5123277716842062
80,61,9,ul reference 150-400,0.16242094532923884,2356,-1.8635537745799908,0.5124772880094975
80,61,10,reference 150-400 -,0.16242094532923881,2355,-1.8635537745799908,0.5124772880094975
80,61,11,150-400 -,0.16018639760964562,2421,-1.8383218024723547,0.5055384956798976
80,61,12,150-400 - normal,0.15918800235183714,2429,-1.8363111151196436,0.504985556657902
80,61,13,reference 1.5-8.0 -,0.14875362914778353,2893,-1.7034580893918367,0.46845097458275514
80,61,14,reference 1.5-8.0,0.14875362914778353,2894,-1.7034580893918367,0.46845097458275514
80,61,15,ul reference 1.5-8.0,0.14875362914778353,2892,-1.7034580893918367,0.46845097458275514
42,62,1,weight 78,0.47502747134282725,303,-2.6166273583363613,1.439145047084999
42,62,2,78 kg,0.46271824607110124,366,-2.534286371678142,1.3305003451310242
42,62,3,weight 78 kg,0.4527510242244923,380,-2.4814234040459153,1.3027472871241053
42,62,4,air weight 78,0.3389250972331624,758,-2.248809783595138,0.8995239134380553
42,62,5,--- bp 128,0.1428699884924531,261,-2.5989803742224344,1.5593882245334607
42,62,6,78 kg bmi,0.13535430948187427,2565,-1.6485139323803213,0.4945541797140964
42,62,7,25.5,0.12613163146289577,2712,-1.606468438222108,0.48194053146663235
42,62,8,bmi 25.5,0.12613163146289577,2711,-1.606468438222108,0.48194053146663235
42,62,9,78 kg stable,0.11339949935495568,2646,-1.7756607982429298,0.4883067195168057
42,62,10,physical examination vital,0.09098833878118319,1094,-2.1360137676895823,0.7476048186913538
42,62,11,examination vital,0.09098833878118318,1093,-2.1360137676895823,0.7476048186913538
42,62,12,examination vital signs,0.09098833878118318,1095,-2.1360137676895823,0.7476048186913538
42,62,13,. he,0.09025443916487151,69,-3.163883302578308,2.4520095594981886
42,62,14,--- ---,0.08837821868088473,2862,-1.8835548167608815,0.4708887041902204
42,62,15,he,0.08787299632492858,1885,-1.897511823685668,0.5692535471057004
17,63,1,right frontal,0.5773273479473234,353,2.7065952135234346,1.3532976067617173
17,63,2,right frontal lobe,0.46489340867675183,171,2.8841572323402858,1.8025982702126786
17,63,3,cerebellar,0.22302564781042236,275,2.74875819352511,1.5118170064388108
17,63,4,- right frontal,0.2143890636304603,1061,2.3278318196959376,0.7565453414011797
17,63,5,frontal,0.20735219696594562,618,2.409686167347712,1.0241166211227775
17,63,6,hemisphere,0.16641321650293095,316,2.6938030984758528,1.4142466266998224
17,63,7,cerebellar hemisphere,0.15713505318661553,457,2.566847839469304,1.2192527237479194
17,63,8,frontal lobe,0.1501905672073508,336,2.636395522379395,1.3841076492491822
17,63,9,brain metastases,0.14393589968403475,262,2.8187374786072743,1.550305613234001
17,63,10,the right frontal,0.13546234377569036,1749,2.1478627186647943,0.5906622476328185
17,63,11,cm left cerebellar,0.1260650217478354,2708,1.9282383363647444,0.4820595840911861
17,63,12,brain metastases.,0.09100473872246058,323,2.8030964696257947,1.4015482348128974
17,63,13,stereotactic,0.08884320201330287,373,2.651915240851123,1.3259576204255614
17,63,14,stereotactic radiosurgery,0.0882063621020228,1010,2.385370588076064,0.7752454411247208
17,63,15,radiosurgery,0.08772032958820253,1024,2.3654173583016957,0.7687606414480511
37,64,1,hgb 12.8,0.5017295044594418,348,-2.5790427008143175,1.3539974179275165
37,64,2,hgb 12.8 g,0.5017295044594418,349,-2.5790427008143175,1.3539974179275165
37,64,3,12.8 g,0.3717930498473078,1275,-1.971123243488514,0.6898931352209798
37,64,4,12.8 g dl,0.37029177135926544,1287,-1.9648840121509634,0.6877094042528371
37,64,5,12.8,0.34048951106907105,1541,-1.9354976476777133,0.6290367354952568
37,64,6,radiation,0.04146564359214205,241,2.922741090082179,1.6075075995451984
37,64,7,vomiting diarrhea or,0.039491255020239736,1039,-2.3489115171753543,0.7633962430819902
37,64,8,ml min cockcroft-gault,0.03934909744541688,433,-2.4826805986748894,1.2413402993374447
37,64,9,min cockcroft-gault,0.038352756045432555,488,-2.4826805986748894,1.1792732843705724
37,64,10,wbc 6.2,0.03512922202475189,2141,-1.9372789767958452,0.5327517186188575
37,64,11,secondary,0.03508045989021294,1596,2.2410564584979165,0.616290526086927
37,64,12,lower lobe,0.03462229421687071,1091,-2.1372966810496927,0.7480538383673924
37,64,13,lower,0.03256678555335559,980,-2.0876412243065197,0.7828654591149449
37,64,14,5.9,0.03214307715118634,914,-2.1519488699030935,0.8069808262136601
37,64,15,vomiting diarrhea,0.03126299508125652,1193,-2.204859777793368,0.7165794277828446
98,65,1,growth-factor,0.39953396783086176,2151,1.932524754971559,0.5314443076171788
98,65,2,growth-factor support <new,0.3637716659627406,331,2.7859166328048794,1.3929583164024397
98,65,3,growth-factor support,0.3564014089060375,1816,2.1047565088631917,0.5788080399373777
98,65,4,with outpatient growth-factor,0.24239699996419606,1859,2.0857177401893114,0.5735723785520607
98,65,5,outpatient growth-factor support,0.21538692918514876,2357,2.0494993115907163,0.5123748278976791
98,65,6,support <new,0.18698599435113797,1576,2.071818421517549,0.6215455264552646
98,65,7,support <new note>,0.18698599435113797,1575,2.071818421517549,0.6215455264552646
98,65,8,and right,0.11619827824903245,35,3.2923110701338905,2.880772186367154
98,65,9,- spleen,0.10434966196280693,256,-2.615312536940792,1.5691875221644753
98,65,10,home with,0.09343967827784605,748,2.4117628281164265,0.9044110605436599
98,65,11,support,0.09228105640758877,2610,1.965197562889714,0.4912993907224285
98,65,12,1.5 k,0.09185676331208482,485,-2.4924268456054426,1.183902751662585
98,65,13,taxane-based,0.0907927746053619,1177,2.223744249263906,0.7227168810107695
98,65,14,disposition home with,0.08301945791591736,1069,2.3211996724903656,0.7543898935593688
98,65,15,on day,0.0824293955602156,810,-2.303949416919702,0.8639810313448884
38,66,1,hemoptysis unexplained weight,0.29888058210069607,439,-2.3539209258304794,1.2358084860610015
38,66,2,hemoptysis unexplained,0.29888058210069607,438,-2.3539209258304794,1.2358084860610015
38,66,3,cough hemoptysis unexplained,0.2800683400364761,571,-2.2703254501339725,1.0784045888136369
38,66,4,signs of recurrence,0.25414370250388746,511,-2.420829652708759,1.1498940850366604
38,66,5,recurrence new cough,0.24768029730088434,736,-2.2813432282022794,0.9125372912809118
38,66,6,of recurrence new,0.23358589367878893,841,-2.2582050727861755,0.8468269022948158
38,66,7,recurrence new,0.21787949281077634,1243,-2.1605739277495326,0.7021865265185981
38,66,8,3 months for,0.20246017298418417,78,-3.085250803661869,2.391069372837948
38,66,9,recurrence,0.1593589795880779,281,-2.7140235858574675,1.4927129722216073
38,66,10,continue lisinopril,0.13501687108717236,177,-2.7495536928342497,1.7872099003422623
38,66,11,postoperative changes,0.11866274113958082,314,-2.7111598561381594,1.4233589244725333
38,66,12,post-lobectomy,0.112761222703941,616,-2.5640963634025637,1.0256385453610255
38,66,13,in 3 months,0.10877237465814128,1260,-2.137189424739968,0.6945865630404896
38,66,14,- status post,0.10159541024313894,1105,-1.9876315975767993,0.7453618490912998
38,66,15,post-operative,0.09954816716940128,552,-2.5904736010544336,1.1009512804481343
7,67,1,john,0.4647143989747371,701,-2.3502984571685603,0.9401193828674241
7,67,2,patient john,0.4146519805589852,722,-2.306619413756683,0.9226477655026732
7,67,3,present illness john,0.3363245300563969,289,-2.679867480195117,1.4739271141073143
7,67,4,illness john,0.3363245300563969,290,-2.679867480195117,1.4739271141073143
7,67,5,report patient john,0.2658898091717176,639,-2.5043068080285633,1.0017227232114254
7,67,6,illness john is,0.23867501438417107,419,-2.398393392436962,1.2591565310294048
7,67,7,john is,0.23000888000841657,626,-2.257347372527489,1.0158063176373702
7,67,8,john is a,0.19329646168409811,959,-2.107945775806181,0.7904796659273179
7,67,9,note patient john,0.1506963140471067,2400,-1.8445470888598938,0.5072504494364708
7,67,10,he,0.1467761703744007,1885,-1.897511823685668,0.5692535471057004
7,67,11,. he,0.14466199585341652,69,-3.163883302578308,2.4520095594981886
7,67,12,male,0.12488685000303901,1623,-1.8809915877125698,0.6113222660065852
7,67,13,he denies,0.10821295967286505,444,-2.5933657478105534,1.2318487302100127
7,67,14,he reports,0.10228153484589257,714,-2.3189600395942773,0.927584015837711
7,67,15,ago. he,0.07900860950706055,494,-2.339877038857971,1.1699385194289855
93,68,1,number 5,0.3714831695543661,939,-2.4577799864142436,0.7987784955846292
93,68,2,copy number 5,0.3714831695543661,938,-2.4577799864142436,0.7987784955846292
93,68,3,met amplification copy,0.35803640302505735,1066,-2.325693971857551,0.7558505408537042
93,68,4,5 .,0.3253090518085009,11,-3.4832246459326406,3.309063413636008
93,68,5,amplification copy,0.27339582737390783,1006,-2.2168278483082986,0.7758897469079045
93,68,6,and met amplification,0.26785194886756947,412,-2.6664537538256456,1.2665655330671817
93,68,7,amplification copy number,0.2458390453424308,1337,-2.076184202135786,0.6747598656941305
93,68,8,met amplification,0.23907426101860438,829,-2.2780018143144534,0.85425068036792
93,68,9,5 -,0.14797078444046693,1805,-1.9349287340567214,0.5804786202170164
93,68,10,and met,0.13822556335871883,2035,-1.984385235955636,0.5457059398877999
93,68,11,met amplification pd-l1,0.1260533238691089,772,-2.2268263159053103,0.8907305263621241
93,68,12,amplification pd-l1,0.08237917246009836,2684,-1.7582519916132386,0.48351929769364066
93,68,13,demonstrated kras g12c,0.06496423766157984,230,2.7563048725803316,1.653782923548199
93,68,14,demonstrated kras,0.06496423766157984,229,2.7563048725803316,1.653782923548199
93,68,15,capmatinib,0.06394989381192218,240,-2.679570751639721,1.6077424509838327
26,69,1,right adrenal,0.5320547363672926,1282,1.9674140041706303,0.6885949014597206
26,69,2,- right adrenal,0.3806647883872725,817,2.2928772676278486,0.8598289753604432
26,69,3,right adrenal gland,0.3092680239607908,1888,1.7504048670598928,0.5688815817944652
26,69,4,right adrenal lesion,0.2609475808808273,1853,2.089435736455044,0.5745948275251371
26,69,5,the right adrenal,0.22639019896590754,1209,2.1908139172698515,0.7120145231127017
26,69,6,right adrenal metastasis,0.2076999488517587,2532,1.8048554779201664,0.4963352564280458
26,69,7,adrenal metastasis.,0.1498406189155763,1074,2.312201230324644,0.7514653998555094
26,69,8,cm right adrenal,0.14530724158986122,2945,1.858421548892429,0.46460538722310724
26,69,9,and right,0.12792089451125024,35,3.2923110701338905,2.880772186367154
26,69,10,gland and,0.0995381274386944,2943,1.6901158035308073,0.46478184597097205
26,69,11,adrenal gland a,0.084966501311121,2314,1.7207326453672327,0.5162197936101698
26,69,12,gland a,0.084966501311121,2313,1.7207326453672327,0.5162197936101698
26,69,13,ago - left,0.07302384738389654,514,2.410714460057287,1.1450893685272112
26,69,14,left adrenal metastasis.,0.0664164959792811,1100,2.2963756503906514,0.7463220863769617
26,69,15,metastasis.,0.0625782080021803,928,-2.4691318739848613,0.80246785904508
88,70,1,lobe nodule,0.590756625668431,680,-2.254082408615314,0.9579850236615084
88,70,2,lower lobe nodule,0.458130317701479,1472,-1.843445193424564,0.6452058176985973
88,70,3,solid nodule in,0.25230690573173253,799,-2.1899239107960957,0.8759695643184383
88,70,4,nodule in,0.2117634631264793,2504,-1.8164534823911016,0.49952470765755297
88,70,5,lobe nodule and,0.2095122553176784,1448,-2.1622444249013006,0.6486733274703902
88,70,6,nodule in the,0.20387831278898902,2777,-1.7375720478370764,0.47783231315519603
88,70,7,cm solid nodule,0.16936944872879367,2887,-1.7051726485901606,0.4689224783622942
88,70,8,lower lobe,0.10550895883790612,1091,-2.1372966810496927,0.7480538383673924
88,70,9,underwent right upper,0.08644524152809722,1179,-2.4070920770705704,0.7221276231211711
88,70,10,lower,0.07394600874606387,980,-2.0876412243065197,0.7828654591149449
88,70,11,calcification.,0.06561799581190378,142,-2.8580152849991363,2.0006106994993953
88,70,12,underwent right,0.06129131654722275,1980,-2.0186591175288084,0.5551312573204223
88,70,13,cm axial,0.05957468697001735,410,-2.4156530183874256,1.2682178346533983
88,70,14,well-circumscribed,0.05792868601292378,818,2.4547881879388127,0.8591758657785844
88,70,15,suvmax =,0.05166224508318095,524,-2.3835689400938325,1.1321952465445704
30,71,1,jensen,0.5247120160130737,1203,-2.3818313881461823,0.7145494164438547
30,71,2,harold jensen,0.5117871560379688,1201,-2.3822892665458006,0.7146867799637402
30,71,3,patient harold jensen,0.47353658245221936,1208,-2.373385504892902,0.7120156514678706
30,71,4,he,0.1303942191988137,1885,-1.897511823685668,0.5692535471057004
30,71,5,. he,0.12147134927386849,69,-3.163883302578308,2.4520095594981886
30,71,6,male,0.11118999213073218,1623,-1.8809915877125698,0.6113222660065852
30,71,7,he denies,0.09379984257341052,444,-2.5933657478105534,1.2318487302100127
30,71,8,age 80,0.09023009531351951,2018,-1.8282103065657838,0.5484630919697351
30,71,9,he reports,0.08917129732163882,714,-2.3189600395942773,0.927584015837711
30,71,10,at age 80,0.07175037607116201,2674,-1.7615723624628024,0.4844323996772707
30,71,11,age 82,0.059919723535896675,2009,-2.0016743512944393,0.5504604466059708
30,71,12,he has,0.0574482333190919,2824,-1.723065205811679,0.4738429315982118
30,71,13,he has been,0.050271028541581074,178,-2.977706996391811,1.7866241978350865
30,71,14,he was,0.04728858050131914,1899,-1.8914433455900177,0.5674330036770053
30,71,15,recent imaging.,0.043682266684232585,108,3.08961402058026,2.1627298144061817
36,72,1,0.6-1.3,0.36431438215082107,548,-2.452165662397609,1.103474548078924
36,72,2,dl 0.6-1.3,0.35148381251721633,628,-2.3856780997839127,1.0139131924081628
36,72,3,mg dl 0.6-1.3,0.35148381251721633,629,-2.3856780997839127,1.0139131924081628
36,72,4,dl 13.5-17.5,0.3495108294614286,583,-2.494094574739889,1.0599901942644527
36,72,5,g dl 13.5-17.5,0.3495108294614286,582,-2.494094574739889,1.0599901942644527
36,72,6,13.5-17.5,0.349101782098823,601,-2.448395133414133,1.0405679317010066
36,72,7,dl 0.6-1.3 egfr,0.2501412771480296,842,-2.2572783077813794,0.8464793654180173
36,72,8,0.6-1.3 egfr,0.24868723000472093,883,-2.1917476128178897,0.8219053548067086
36,72,9,0.6-1.3 egfr ckd-epi,0.1499268436801966,1215,-2.031290983212693,0.7109518441244425
36,72,10,<=40,0.12392975211102336,2455,-1.8296754805745918,0.5031607571580128
36,72,11,he,0.07127951422547851,1885,-1.897511823685668,0.5692535471057004
36,72,12,. he,0.06987447726744435,69,-3.163883302578308,2.4520095594981886
36,72,13,male,0.06345820227576952,1623,-1.8809915877125698,0.6113222660065852
36,72,14,he denies,0.05872619329683893,444,-2.5933657478105534,1.2318487302100127
36,72,15,he reports,0.05294293733991196,714,-2.3189600395942773,0.927584015837711
22,73,1,mediastinal radiation,0.40618567203679307,1800,2.1132950692491335,0.5811561440435118
22,73,2,postoperative mediastinal,0.40055291809017696,1310,2.2693805920594716,0.6808141776178415
22,73,3,and postoperative mediastinal,0.35944649167274617,924,2.2970734788611717,0.8039757176014101
22,73,4,postoperative mediastinal radiation,0.33126520268407195,1958,2.230562846554976,0.557640711638744
22,73,5,gy,0.22702229276251087,146,3.1532543724961624,1.9707839828101015
22,73,6,chemotherapy and postoperative,0.1549598628648925,1984,1.847610442179769,0.5542831326539307
22,73,7,mediastinal radiation 60,0.15083731485970678,2968,1.8534937253028514,0.46337343132571285
22,73,8,node dissection,0.12795789806216815,499,-2.5936179758766422,1.167128089144489
22,73,9,lymph node dissection,0.12545896470315612,553,-2.5893575102384085,1.1004769418513236
22,73,10,fx,0.12118781922680137,2366,1.8601310857378166,0.5115360485778996
22,73,11,radiation,0.12045645816022148,241,2.922741090082179,1.6075075995451984
22,73,12,dissection,0.10995796908248694,1033,-2.3583352622088216,0.7664589602178671
22,73,13,adjuvant,0.09815109939444648,1088,-2.3040505462818177,0.7488164275415908
22,73,14,lobectomy with,0.09174972567370304,863,-2.375884381356086,0.8315595334746301
22,73,15,- post-operative,0.0906857610095655,1333,-2.250945190437091,0.6752835571311273
97,74,1,metastases treated,0.36359384757774266,337,2.636329241358639,1.3840728517132854
97,74,2,brain metastases treated,0.36323013540961896,340,2.6091671029232404,1.369812729034701
97,74,3,metastases treated with,0.35256722583098554,393,2.5768209357598595,1.2884104678799297
97,74,4,- brain metastases,0.23641952256259327,376,2.6284605040695137,1.3142302520347569
97,74,5,stereotactic,0.21956353757572303,373,2.651915240851123,1.3259576204255614
97,74,6,radiosurgery,0.18969892499739074,1024,2.3654173583016957,0.7687606414480511
97,74,7,stereotactic radiosurgery,0.18745006870945832,1010,2.385370588076064,0.7752454411247208
97,74,8,brain metastases,0.1764999075913112,262,2.8187374786072743,1.550305613234001
97,74,9,with stereotactic radiosurgery,0.16694126553785402,1640,2.2107755098307846,0.6079632652034658
97,74,10,with stereotactic,0.16683325840942206,2545,1.9821253015406772,0.4955313253851693
97,74,11,cerebellar,0.15770829878191475,275,2.74875819352511,1.5118170064388108
97,74,12,to brain,0.1541317306035142,147,2.919006196251266,1.9703291824696045
97,74,13,gy,0.15367912531561967,146,3.1532543724961624,1.9707839828101015
97,74,14,srs,0.14733804996120928,1425,2.3751248202345527,0.6531593255645021
97,74,15,brain metastases.,0.12407497273386157,323,2.8030964696257947,1.4015482348128974
34,75,1,hgb 13.8,0.49208902103066415,405,-2.4245682114394937,1.272898311005734
34,75,2,hgb 13.8 g,0.4920890210306641,406,-2.4245682114394937,1.272898311005734
34,75,3,13.8,0.37224778843318945,1305,-1.9510222393195813,0.6828577837618535
34,75,4,13.8 g,0.37224778843318945,1304,-1.9510222393195813,0.6828577837618535
34,75,5,13.8 g dl,0.37224778843318945,1303,-1.9510222393195813,0.6828577837618535
34,75,6,node,0.07053228857384211,65,-3.121405877420767,2.497124701936613
34,75,7,4.1,0.041997107799220945,2139,1.776892720573125,0.5330678161719375
34,75,8,no enhancing intracranial,0.039895403476254275,254,-2.7062915379080827,1.5706156246787981
34,75,9,infiltrates.,0.03351664877736387,605,-2.439470612887207,1.0367750104770628
34,75,10,and right,0.03329111226930904,35,3.2923110701338905,2.880772186367154
34,75,11,an oncogenic,0.03326281140004658,757,-2.2502296704091904,0.9000918681636763
34,75,12,plt 230 k,0.03307195719484875,2662,-1.6188762761544504,0.4856628828463351
34,75,13,ki-67,0.03260570023612217,1923,2.051912805766216,0.5642760215857094
34,75,14,but denies,0.031178768547254158,300,2.745701888384003,1.4414934914016015
34,75,15,fdg-avid lesions in,0.03006955231328325,1083,-2.30669598450081,0.7496761949627633
89,76,1,age 64,0.49974357813626497,2810,1.7277416755023471,0.4751289607631455
89,76,2,at age 64,0.42756948341912304,2245,1.7431080638466914,0.5229324191540073
89,76,3,64-year-old,0.3548012583632192,2024,1.8246885923427167,0.547406577702815
89,76,4,age 65,0.35275720722013304,2129,1.7807852710331615,0.5342355813099484
89,76,5,at age 65,0.27780892164374116,2941,1.5495380178648221,0.46486140535944664
89,76,6,64 encounter type,0.19510033141934338,2091,1.9575578395933322,0.5383284058881664
89,76,7,64 encounter,0.19510033141934338,2093,1.9575578395933322,0.5383284058881664
89,76,8,age 64 encounter,0.19510033141934338,2092,1.9575578395933322,0.5383284058881664
89,76,9,65 encounter type,0.10842913956057733,2928,1.8242718697333582,0.4658408524497683
89,76,10,age 65 encounter,0.10842913956057731,2927,1.8242718697333582,0.4658408524497683
89,76,11,65 encounter,0.10842913956057731,2926,1.8242718697333582,0.4658408524497683
89,76,12,no lymphadenopathy. -,0.056404163130768396,106,3.0989815451236686,2.169287081586568
89,76,13,calcification.,0.03842660132683568,142,-2.8580152849991363,2.0006106994993953
89,76,14,extra-axial,0.03756022018896543,144,3.0728332057380707,1.9973415837297461
89,76,15,bowel no wall,0.0363156188496496,1613,2.0451107727772766,0.613533231833183
60,77,1,firm.,0.5348346955015834,1228,2.175770929165943,0.7071255519789315
60,77,2,firm. -,0.4671853575171545,1642,2.208986674382043,0.6074713354550618
60,77,3,tan-white firm. -,0.43430922702753993,2299,1.8813835746904723,0.5173804830398799
60,77,4,firm. - core,0.3094096625048092,2757,1.7730619549149607,0.47946550364158735
60,77,5,0.7 cm,0.08460436272657051,319,2.565514210392488,1.4110328157158687
60,77,6,radiation,0.06717318678422791,241,2.922741090082179,1.6075075995451984
60,77,7,no necrosis is,0.06487749561925082,652,2.467699245669162,0.9870796982676648
60,77,8,required at this,0.06340776104090808,265,2.6704902761249185,1.535531908771828
60,77,9,plan and,0.06324006917087598,96,-2.9752074199088714,2.2314055649316535
60,77,10,- cbc and,0.05968286607642236,404,2.42685003616113,1.2740962689845932
60,77,11,required at,0.05617664543187225,359,2.5497067001925315,1.338596017601079
60,77,12,smoking history,0.05128925635342371,487,2.361815732361701,1.1809078661808505
60,77,13,- sex age,0.05030017327264868,216,-2.792740331663539,1.6756441989981234
60,77,14,0.9 cm,0.0471166472353031,1,4.3225577380183475,4.3225577380183475
60,77,15,brain metastases.,0.0465830446114302,323,2.8030964696257947,1.4015482348128974
99,78,1,adenocarcinoma of,0.2729260185015699,1558,-2.083338799590518,0.6250016398771554
99,78,2,a positive,0.2566617855781584,182,-2.8409749207557122,1.7756093254723202
99,78,3,napsin a positive,0.25660542261504565,181,-2.8422550335932417,1.776409395995776
99,78,4,adenocarcinoma of the,0.24315907660178238,1969,-2.021158193756941,0.5558185032831588
99,78,5,adenocarcinoma,0.18057547543585448,2243,-1.901602971776475,0.5229408172385307
99,78,6,supports pulmonary,0.1799038340583402,212,-2.814134807510877,1.6884808845065262
99,78,7,---------------- ttf-1 thyroid,0.17302971478067944,963,-2.426205290849965,0.7885167195262386
99,78,8,ttf-1 thyroid transcription,0.17227810158073256,975,-2.2409841547171645,0.7843444541510075
99,78,9,ttf-1 thyroid,0.17227810158073256,976,-2.2409841547171645,0.7843444541510075
99,78,10,---------------- ttf-1,0.15234194563172998,607,-2.439309928129535,1.0367067194550523
99,78,11,-------- ---------------- ttf-1,0.15234194563172995,606,-2.439309928129535,1.0367067194550523
99,78,12,factor-1,0.1345662992666146,1954,-1.7159751256718763,0.5576919158433598
99,78,13,transcription,0.1345662992666146,1956,-1.7159751256718763,0.5576919158433598
99,78,14,thyroid transcription factor-1,0.1345662992666146,1953,-1.7159751256718763,0.5576919158433598
99,78,15,thyroid transcription,0.1345662992666146,1957,-1.7159751256718763,0.5576919158433598
61,79,1,10.8,0.4037583560778548,2042,-1.982967567749784,0.5453160811311907
61,79,2,10.8 g dl,0.39205742708001373,2286,-1.8859882107839587,0.5186467579655887
61,79,3,10.8 g,0.39205742708001373,2287,-1.8859882107839587,0.5186467579655887
61,79,4,hgb 10.8 g,0.3585887846876395,2458,-1.8285108394895346,0.5028404808596221
61,79,5,hgb 10.8,0.3548246173108649,2653,-1.7710687386277713,0.4870439031226371
61,79,6,transfusion,0.12017686051911199,2870,1.7107164348887596,0.47044701959440893
61,79,7,lower lobe,0.07908860194474712,1091,-2.1372966810496927,0.7480538383673924
61,79,8,- anemia,0.07483935243860375,2695,1.7564105156252592,0.48301289179694634
61,79,9,lower,0.0747660105475945,980,-2.0876412243065197,0.7828654591149449
61,79,10,no brain,0.07177741848885627,102,-3.031777167901823,2.1980384467288214
61,79,11,physical function 55,0.07090710825462856,1081,2.141976878503288,0.7496919074761508
61,79,12,monitoring of,0.0585766329441138,201,2.8529183023180216,1.711750981390813
61,79,13,cough or,0.04673103529729447,573,2.532850621170877,1.0764615139976226
61,79,14,chills and,0.045563351472635544,399,-2.699047980924547,1.2820477909391599
61,79,15,low anc,0.045158733818665885,663,-2.4487399143406097,0.9794959657362439
18,80,1,evelyn,0.4126227967529972,2666,1.940108660732892,0.485027165183223
18,80,2,patient evelyn martinez,0.4092260866193275,1727,2.158024807695303,0.5934568221162083
18,80,3,evelyn martinez,0.3965746192061979,2123,2.1387068141641743,0.5346767035410436
18,80,4,patient evelyn,0.38547139854609463,2581,1.9736284340576788,0.4934071085144197
18,80,5,report patient evelyn,0.24840285513060922,2587,1.9708464037245579,0.49271160093113947
18,80,6,evelyn martinez age,0.23108880517389632,2486,2.001896357752025,0.5004740894380062
18,80,7,note patient evelyn,0.18094992979345167,2760,1.9165903667077693,0.4791475916769423
18,80,8,she,0.1545551512789951,2166,1.7680839457262885,0.5304251837178865
18,80,9,female,0.12978233751966792,1991,1.8423651348780161,0.5527095404634048
18,80,10,female mrn,0.10246216020409936,1040,2.17878670739543,0.7625753475884004
18,80,11,woman with stage,0.09864800497138483,127,2.8691269212810058,2.080117017928729
18,80,12,her,0.09771153273876954,1176,2.2253473704952915,0.7232378954109697
18,80,13,she reports,0.09234197179112257,1871,1.9043551744844907,0.5713065523453472
18,80,14,ms.,0.08925837908554927,1721,1.829453268239228,0.5945723121777491
18,80,15,husband,0.08076364847802929,2578,1.9325564499453116,0.49349209346817785
54,81,1,adenocarcinoma of,0.25542298278097053,1558,-2.083338799590518,0.6250016398771554
54,81,2,adenocarcinoma of the,0.2344377291317461,1969,-2.021158193756941,0.5558185032831588
54,81,3,clone,0.2178331563302293,2076,-1.8034507630085255,0.5410352289025576
54,81,4,---------------- ttf-1 clone,0.20625281685210686,1149,-2.0881521701834114,0.7308532595641939
54,81,5,ttf-1 clone,0.19662093487529875,1619,-1.882650293881626,0.6118613455115285
54,81,6,clone 8g7g3,0.19637095008576366,1604,-1.8918533676036575,0.6148523444711887
54,81,7,clone 8g7g3 1,0.19637095008576366,1603,-1.8918533676036575,0.6148523444711887
54,81,8,ttf-1 clone 8g7g3,0.19637095008576366,1605,-1.8918533676036575,0.6148523444711887
54,81,9,a positive,0.1918666352114353,182,-2.8409749207557122,1.7756093254723202
54,81,10,napsin a positive,0.1914147165057963,181,-2.8422550335932417,1.776409395995776
54,81,11,8g7g3,0.18908092028807,1941,-1.8704723531008522,0.5611417059302557
54,81,12,8g7g3 1,0.18908092028807,1942,-1.8704723531008522,0.5611417059302557
54,81,13,supports pulmonary,0.17182919152329312,212,-2.814134807510877,1.6884808845065262
54,81,14,adenocarcinoma,0.16822729633370617,2243,-1.901602971776475,0.5229408172385307
54,81,15,-------- ---------------- ttf-1,0.13876985552925716,606,-2.439309928129535,1.0367067194550523
70,82,1,138 meq,0.5597961352103056,1367,-2.0503216994576494,0.6663545523237361
70,82,2,138 meq l,0.5597961352103056,1368,-2.0503216994576494,0.6663545523237361
70,82,3,na 138 meq,0.4472105702377649,2333,-1.868845877027149,0.513932616182466
70,82,4,meq l 3.5-5.0,0.13751649675293562,2127,-1.943419057692979,0.5344402408655693
70,82,5,4.1,0.09447461938156175,2139,1.776892720573125,0.5330678161719375
70,82,6,high bun,0.05889988868369675,1572,-1.7766897087710218,0.6218413980698576
70,82,7,radiation,0.05379037717875044,241,2.922741090082179,1.6075075995451984
70,82,8,ast 32 u,0.05119254593575926,2982,1.846480596226604,0.461620149056651
70,82,9,squamous nsclc. -,0.045460995964325006,8,3.5298911347320856,3.4416438563637834
70,82,10,node,0.04498433259074721,65,-3.121405877420767,2.497124701936613
70,82,11,- spleen,0.04109841752638846,256,-2.615312536940792,1.5691875221644753
70,82,12,extracted,0.0397166939301667,84,3.1357129252221587,2.351784693916619
70,82,13,mediastinal or hilar,0.03600257117612559,516,-2.4056465828852933,1.1426821268705143
70,82,14,or hilar,0.035659559552670965,650,-2.3281740564237645,0.9894739739800998
70,82,15,new weakness,0.03465724579301874,676,2.402639829824051,0.9610559319296205
74,83,1,stage iiia,0.6106321890225433,2507,-1.8154510877836683,0.4992490491405088
74,83,2,iiia,0.6027631051397591,2672,-1.7617336454627304,0.4844767525022509
74,83,3,for stage iiia,0.27911854801691,1685,-2.1529542220584723,0.5997515332877174
74,83,4,post-operative,0.10262789724449212,552,-2.5904736010544336,1.1009512804481343
74,83,5,stable postoperative,0.08247711839944528,191,-2.669398964660876,1.7351093270295692
74,83,6,postoperative changes,0.07937533014421412,314,-2.7111598561381594,1.4233589244725333
74,83,7,dlco,0.0660754408218182,123,-2.8996526494853554,2.1022481708768828
74,83,8,pre-operative,0.06226465794370598,2345,-1.7111133597727917,0.5133340079318375
74,83,9,lung or,0.055764150870585706,192,-2.7703506823976047,1.731469176498503
74,83,10,adjuvant,0.05166642555295146,1088,-2.3040505462818177,0.7488164275415908
74,83,11,or hilar,0.05146593540705924,650,-2.3281740564237645,0.9894739739800998
74,83,12,- post-operative,0.05047937889782297,1333,-2.250945190437091,0.6752835571311273
74,83,13,hemithorax,0.05011347453202936,169,-2.8917417589969983,1.807338599373124
74,83,14,mediastinal or hilar,0.04834934015315484,516,-2.4056465828852933,1.1426821268705143
74,83,15,dissection,0.048235048634278764,1033,-2.3583352622088216,0.7664589602178671
91,84,1,555,0.35444762389737233,2199,-1.9178904078293395,0.5274198621530684
91,84,2,medical oncology contact,0.334499080600313,887,-2.0516309010403457,0.8206523604161383
91,84,3,oncology contact,0.3271090204057405,969,-1.9670601733833226,0.786824069353329
91,84,4,contact 555 123-4567,0.31774266698547443,1502,-1.9618634811723947,0.6376056313810283
91,84,5,oncology contact 555,0.31336867807040863,1409,-2.0220401788473366,0.6571630581253844
91,84,6,contact 555,0.3018138008506818,1861,-1.9108065836663848,0.5732419750999154
91,84,7,555 123-4567,0.29504448974905534,2310,-1.8781506584810874,0.5164914310822991
91,84,8,123-4567,0.29504448974905534,2311,-1.8781506584810874,0.5164914310822991
91,84,9,signature provider dr.,0.09039825697599145,2809,1.7277956017150324,0.47514379047163396
91,84,10,- palliative,0.08113576390614331,72,2.950417876000158,2.4340947477001307
91,84,11,signature provider,0.0756058607725086,2940,1.6688227148632282,0.4648863277118993
91,84,12,- palliative care,0.05822943404319538,116,2.8502247045647113,2.1376685284235335
91,84,13,clinic --- chief,0.05226627594158991,2602,-1.6384132110285188,0.49152396330855563
91,84,14,l858r,0.0515355843984921,2302,-1.880594229520852,0.5171634131182343
91,84,15,the entire,0.051303921986987744,1366,-2.222873697831174,0.6668621093493522
1,85,1,right cerebellar,0.38218844883702285,796,2.3415181823116256,0.8780693183668595
1,85,2,cerebellar,0.3640346300513028,275,2.74875819352511,1.5118170064388108
1,85,3,hemisphere,0.2822654494371026,316,2.6938030984758528,1.4142466266998224
1,85,4,right cerebellar hemisphere,0.27814149500669605,602,2.4449187581984737,1.0390904722343512
1,85,5,cerebellar hemisphere,0.26509151658420294,457,2.566847839469304,1.2192527237479194
1,85,6,and right cerebellar,0.2312053180856617,633,2.5140533780034495,1.0056213512013799
1,85,7,- right cerebellar,0.22423205786559305,423,2.5042066477874383,1.2521033238937191
1,85,8,frontal,0.1803957094542572,618,2.409686167347712,1.0241166211227775
1,85,9,enhancing lesions left,0.17806617192894292,42,3.2045339742112255,2.803967227434822
1,85,10,frontal lobe,0.16751254650479028,336,2.636395522379395,1.3841076492491822
1,85,11,and right,0.16296201154494894,35,3.2923110701338905,2.880772186367154
1,85,12,cm right cerebellar,0.14563076955355478,2036,1.8189903885077505,0.5456971165523251
1,85,13,brain metastases,0.14385321351416738,262,2.8187374786072743,1.550305613234001
1,85,14,- left frontal,0.12527565586205316,1529,1.942127251395799,0.6311913567036347
1,85,15,cm and right,0.0966638584921919,458,2.704253781357051,1.216914201610673
4,86,1,iv squamous,0.42491035659345194,1940,1.870497041212035,0.5611491123636104
4,86,2,stage iv squamous,0.4173617807511163,2107,1.7877500951439023,0.5363250285431707
4,86,3,iv squamous nsclc,0.3407939546791172,1791,1.9436043818270965,0.583081314548129
4,86,4,cell carcinoma,0.2547237904349413,2814,1.7263972130624132,0.47475923359216365
4,86,5,iv squamous non-small,0.18337307868163003,2117,1.9456713299336892,0.5350596157317645
4,86,6,iv t3 n2,0.1740713090655199,2111,1.9488109458608658,0.5359230101117382
4,86,7,squamous nsclc.,0.1733246228563731,706,2.3388920771741857,0.9355568308696743
4,86,8,cdkn2a,0.1414229232458166,839,2.2599899666553136,0.8474962374957427
4,86,9,squamous nsclc. -,0.10830648613173648,8,3.5298911347320856,3.4416438563637834
4,86,10,cdkn2a homozygous,0.10593698194614,1777,1.949818183608402,0.5849454550825206
4,86,11,histology,0.09954210633504752,621,2.5490552777500946,1.0196221111000379
4,86,12,subset,0.09864824356815098,341,2.7298222199639315,1.3649111099819657
4,86,13,differentiated,0.09501478961641084,1981,2.0179999655681233,0.554949990531234
4,86,14,supports squamous,0.09331110921543351,2786,1.7361409063773525,0.477438749253772
4,86,15,squamous nsclc kras,0.091786987780561,2921,1.6951797639715789,0.4661744350921842
21,87,1,post-operative changes,0.35570321059317317,95,-3.1889036693232566,2.2322325685262796
21,87,2,post-surgical,0.22736460501235042,160,-2.8733916686577765,1.8677045846275548
21,87,3,post-operative,0.22380723638458364,552,-2.5904736010544336,1.1009512804481343
21,87,4,residual or,0.22319445248356065,49,-3.3477050321233968,2.678164025698717
21,87,5,no residual or,0.2187585955111272,81,-3.2794981636854494,2.377636168671951
21,87,6,no residual,0.20542403740931547,253,-2.7338172047305593,1.5719448927200714
21,87,7,post-surgical changes,0.178615580109482,465,-2.6837559667299513,1.207690185028478
21,87,8,or recurrent,0.17814144284598918,47,-3.205386566592371,2.7245785816035157
21,87,9,residual or recurrent,0.17138550366261152,85,-3.1240316733928943,2.343023755044671
21,87,10,adjuvant,0.14265587093061,1088,-2.3040505462818177,0.7488164275415908
21,87,11,lobectomy,0.13402719042466646,2233,-2.096402992744641,0.5241007481861603
21,87,12,staple,0.13306853703413835,868,-2.5508958093596807,0.8290411380418963
21,87,13,changes consistent with,0.12653766051285295,794,-2.341658642566526,0.8781219909624473
21,87,14,changes consistent,0.12653766051285292,795,-2.341658642566526,0.8781219909624473
21,87,15,lobectomy.,0.12049995137137744,284,-2.5830741115893354,1.4852676141638677
77,88,1,plt 240 k,0.4678008010829274,656,-2.4619076389984627,0.9847630555993852
77,88,2,240 k,0.4065301799665188,1146,-2.089484702738529,0.7313196459584851
77,88,3,plt 240,0.37831806954423003,1854,-1.9147261816355596,0.5744178544906678
77,88,4,dl plt 240,0.23374557357093784,1657,-2.015489936933221,0.6046469810799663
77,88,5,240 k l,0.21818617509120705,1995,-2.006840748715713,0.5518812058968211
77,88,6,240 k ul,0.1742358285898629,1982,-1.848380019769635,0.5545140059308905
77,88,7,0.,0.12775725649071282,1265,-2.133537721007658,0.6933997593274889
77,88,8,dry cough,0.08302837005717807,378,-2.7628724669682523,1.3123644218099197
77,88,9,plt 260 k,0.07438224533612864,2904,-1.6999822176035069,0.46749510984096443
77,88,10,spouse,0.07314480545867903,415,-2.6617346896363494,1.264323977577266
77,88,11,with spouse,0.07085101018668744,510,-2.5558078091412244,1.150113514113551
77,88,12,lives with spouse,0.06780507868594828,596,-2.4584373649304534,1.0448358800954427
77,88,13,studies -,0.06565827125928926,91,-3.1349910248924457,2.272868493047023
77,88,14,260 k ul,0.06299240424750964,1200,-2.199544529395452,0.7148519720535219
77,88,15,dl plt 260,0.06287601630144903,641,-2.355539994691729,1.0011044977439847
55,89,1,t1-weighted,0.36235493117558776,214,2.7993039538768385,1.679582372326103
55,89,2,t1-weighted t2-weighted,0.31856980299051324,163,2.9549540078593712,1.846846254912107
55,89,3,t2-weighted,0.3173878595208806,111,2.972181109354995,2.154831304282371
55,89,4,t2-weighted flair diffusion-weighted,0.298768433677358,503,2.434714201828463,1.1564892458685199
55,89,5,t1-weighted t2-weighted flair,0.29574170084283,645,2.3438227385311015,0.9961246638757181
55,89,6,t2-weighted flair,0.2627626823051516,962,2.1029114040757393,0.7885917765284023
55,89,7,flair diffusion-weighted,0.22856077238442052,154,2.9148742191674426,1.8946682424588377
55,89,8,flair diffusion-weighted imaging,0.20500322133635054,89,3.1038472775245447,2.3278854581434087
55,89,9,diffusion-weighted imaging,0.20145222639366045,33,3.352444780818763,2.9333891832164176
55,89,10,diffusion-weighted,0.1377907344303919,699,2.3526121031608405,0.9410448412643362
55,89,11,diffusion-weighted imaging dwi,0.13559327874550847,244,2.7817955666387615,1.5995324508172877
55,89,12,imaging dwi,0.13559327874550844,243,2.7817955666387615,1.5995324508172877
55,89,13,post-contrast t1-weighted,0.12467941161040434,2950,1.8573441651872236,0.4643360412968059
55,89,14,post-contrast t1-weighted images,0.11560393940431174,523,2.51692510817905,1.1326162986805723
55,89,15,t1-weighted images,0.11147159211122896,709,2.327344878329201,0.9309379513316804
84,90,1,she,0.43643606337559976,2166,1.7680839457262885,0.5304251837178865
84,90,2,female,0.3613616093626892,1991,1.8423651348780161,0.5527095404634048
84,90,3,female mrn,0.2760109905658559,1040,2.17878670739543,0.7625753475884004
84,90,4,woman with stage,0.26233116871209744,127,2.8691269212810058,2.080117017928729
84,90,5,she reports,0.2608384859167572,1871,1.9043551744844907,0.5713065523453472
84,90,6,woman,0.2550738575048644,1967,1.8534091926976364,0.5560227578092909
84,90,7,her,0.24683237746965905,1176,2.2253473704952915,0.7232378954109697
84,90,8,sex female,0.24175481581664457,1867,1.9072942093097898,0.5721882627929369
84,90,9,woman with,0.23677292472049485,1559,1.9226559230601077,0.624863174994535
84,90,10,female mrn redacted,0.1381165109738616,1273,1.97494437090217,0.6912305298157594
84,90,11,history - mother,0.13042627216725436,1216,2.1870948306356577,0.7108058199565888
84,90,12,husband,0.12169012505539106,2578,1.9325564499453116,0.49349209346817785
84,90,13,cancer diagnosed,0.1206416441093679,919,2.1463727324684556,0.8048897746756709
84,90,14,she has not,0.10606436789656726,1806,2.1095429632767986,0.5801243149011197
84,90,15,cancer diagnosed at,0.10403702901108243,1565,1.9199761477714128,0.6239922480257092
92,91,1,demonstrated activity in,0.3486663287840075,128,-2.7723417306879785,2.079256298015984
92,91,2,demonstrated activity,0.34055427897591156,145,-2.722214358607504,1.9736054099904403
92,91,3,have demonstrated activity,0.32352421487335853,168,-2.6835915846596983,1.8114243196452964
92,91,4,gy,0.1973123916750272,146,3.1532543724961624,1.9707839828101015
92,91,5,have demonstrated,0.13089826609438468,993,-2.0781856356117743,0.7793196133544154
92,91,6,activity in,0.1283792921870198,767,-2.1047361388868557,0.8945128590269137
92,91,7,radiation,0.12157196310320417,241,2.922741090082179,1.6075075995451984
92,91,8,fractions,0.1120476237478407,560,2.420808113376168,1.0893636510192757
92,91,9,gy in,0.10332682871655542,669,2.287536949524487,0.9722032035479069
92,91,10,fx,0.09558492648425088,2366,1.8601310857378166,0.5115360485778996
92,91,11,ondansetron 4,0.04805547491106225,1045,2.3395635821630942,0.7603581642030056
92,91,12,ondansetron 4 mg,0.04805547491106223,1044,2.3395635821630942,0.7603581642030056
92,91,13,palliative,0.04720754962076076,882,2.3484500508231836,0.8219575177881142
92,91,14,completed,0.045026321580534635,531,-2.489409522538836,1.1202342851424762
92,91,15,- provided,0.044756149559828366,129,3.190549250560955,2.0738570128646208
14,92,1,throat sinus,0.16026186260423317,282,-2.7047795227662923,1.487628737521461
14,92,2,sore throat sinus,0.16026186260423317,283,-2.7047795227662923,1.487628737521461
14,92,3,surveillance imaging at,0.1513083740516862,302,-2.7423080258957486,1.4397117135952677
14,92,4,imaging at age,0.14934846512237207,363,-2.6693224107165903,1.3346612053582951
14,92,5,no sore throat,0.14287097038343882,386,-2.7289308034245505,1.2962421316266615
14,92,6,no sore,0.12657056137727898,591,-2.4691094880390865,1.0493715324166117
14,92,7,po q8 h,0.12419013926590855,1001,2.3882744336440314,0.7761891909343103
14,92,8,imaging at,0.12387955238123365,613,-2.4275875884939713,1.0317247251099377
14,92,9,q8 h,0.12272140121066731,1119,2.2828241569028322,0.7419178509934206
14,92,10,po q8,0.11911901662952347,1235,2.1682132648097734,0.7046693110631764
14,92,11,mg po q8,0.11911901662952347,1236,2.1682132648097734,0.7046693110631764
14,92,12,heent no sore,0.11794120341708571,877,-2.20059980577397,0.8252249271652388
14,92,13,q8,0.11322484319527513,1579,2.0684988525624695,0.6205496557687408
14,92,14,q8 h prn,0.10611637251828887,1658,2.0150093067027215,0.6045027920108165
14,92,15,h prn,0.09631345994542968,354,2.8415339800629265,1.34972864052989
94,93,1,fdg,0.34902732968469835,521,-2.521771994749605,1.1347973976373222
94,93,2,suvmax,0.2933008263031359,885,-2.18899649035804,0.820873683884265
94,93,3,fdg uptake,0.2784560146241948,424,-2.6343239947683643,1.251303897514973
94,93,4,pet ct,0.2566127045827497,675,-2.26762468087628,0.963740489372419
94,93,5,pet,0.2504160972128499,995,-2.2255873517559115,0.778955573114569
94,93,6,uptake,0.2397664424185387,1286,-2.293121899920114,0.6879365699760343
94,93,7,fdg-avid,0.22441209176763863,1207,-2.1967762191242395,0.7139522712153779
94,93,8,mbq,0.19218603088722108,189,-2.911413230084605,1.746847938050763
94,93,9,10 mci,0.18997909430686624,172,-2.7730804723162312,1.8025023070055504
94,93,10,370,0.18270158181318052,248,-2.74300904129079,1.5772301987422042
94,93,11,370 mbq,0.18160278414052936,259,-2.7152556539611568,1.561272001027665
94,93,12,and anatomic,0.1530198518096352,342,-2.5984734712685555,1.3641985724159915
94,93,13,correction and anatomic,0.14865698657307805,395,-2.5740884569293216,1.2870442284646608
94,93,14,mci,0.14294970033215781,578,-2.3694831889022008,1.0662674350059904
94,93,15,attenuation correction and,0.1397221339840138,509,-2.556684821219375,1.1505081695487187
62,94,1,lower lobectomy,0.5816110516191121,1049,-2.169202028486131,0.7592207099701458
62,94,2,lower lobectomy with,0.49528838008304366,1272,-2.1273920432515747,0.6914024140567618
62,94,3,lower lobectomy and,0.16525562024325882,1136,-2.099917176552274,0.7349710117932959
62,94,4,node dissection,0.14982037211839236,499,-2.5936179758766422,1.167128089144489
62,94,5,lymph node dissection,0.14495696022806803,553,-2.5893575102384085,1.1004769418513236
62,94,6,the right lower,0.14386114209775946,2680,-1.7594258116705919,0.4838420982094128
62,94,7,lower-lobe adenocarcinoma,0.14183690857471487,588,-2.3349208575063574,1.050714385877861
62,94,8,adjuvant,0.1299832645824071,1088,-2.3040505462818177,0.7488164275415908
62,94,9,lobectomy with,0.12734022099908834,863,-2.375884381356086,0.8315595334746301
62,94,10,with mediastinal lymph,0.1164050989601227,1330,-2.2525752724184347,0.6757725817255303
62,94,11,lobectomy with mediastinal,0.11325120623540973,1269,-2.3086072369355213,0.6925821710806563
62,94,12,dissection,0.11159029116965574,1033,-2.3583352622088216,0.7664589602178671
62,94,13,lobectomy,0.11078708369786065,2233,-2.096402992744641,0.5241007481861603
62,94,14,mediastinal lymph node,0.11055858160133013,1627,-2.2190696205711244,0.6102441456570593
62,94,15,node,0.101438198153923,65,-3.121405877420767,2.497124701936613
50,95,1,every 21,0.3484281077396744,672,-2.422455530344221,0.9689822121376883
50,95,2,every 21 days,0.26804605992760716,864,-2.3758143885549763,0.8315350359942416
50,95,3,21 days,0.2149428274119918,1651,-2.019192346098986,0.6057577038296957
50,95,4,a partial,0.19029409578816825,740,2.1363543852710936,0.9079506137402147
50,95,5,cycles of carboplatin,0.1828893272822134,2404,-1.6899901972829188,0.5069970591848756
50,95,6,four cycles,0.1784283489916697,783,-2.3645655730794166,0.8867120899047812
50,95,7,four,0.16496559286212786,502,-2.5836785621261313,1.1626553529567591
50,95,8,+ pemetrexed,0.15868999386111696,1950,-2.0308121451571517,0.5584733399182168
50,95,9,plus,0.1418446718466885,2390,-1.8483931647081542,0.5083081202947425
50,95,10,partial response per,0.13833134747802833,220,2.770324608919644,1.6621947653517863
50,95,11,progressive disease after,0.13586701489189118,800,-2.335484037386443,0.875806514019916
50,95,12,four cycles of,0.12820394908809712,2261,-1.8952138207880418,0.5211838007167116
50,95,13,a partial response,0.12218234295934678,1038,2.181222726747291,0.7634279543615518
50,95,14,75,0.1167250507355946,580,-2.5043496172454747,1.0643485873293268
50,95,15,q21,0.11649910880882797,2965,-1.6853043639285061,0.46345870008033924
11,96,1,k ul,0.39188525748118935,1752,-1.967788300391898,0.5903364901175694
11,96,2,ul,0.39188525748118935,1751,-1.967788300391898,0.5903364901175694
11,96,3,k ul reference,0.36398046488476915,1930,-1.8761388649200021,0.5628416594760006
11,96,4,ul reference,0.36398046488476915,1929,-1.8761388649200021,0.5628416594760006
11,96,5,reference 150-400,0.22499135746728804,2358,-1.8630100788516586,0.5123277716842062
11,96,6,reference 150-400 -,0.22496528576162664,2355,-1.8635537745799908,0.5124772880094975
11,96,7,ul reference 150-400,0.22496528576162664,2356,-1.8635537745799908,0.5124772880094975
11,96,8,150-400 -,0.22173786754677569,2421,-1.8383218024723547,0.5055384956798976
11,96,9,150-400 - normal,0.21958955595475316,2429,-1.8363111151196436,0.504985556657902
11,96,10,reference 1.5-8.0 -,0.19280335285533448,2893,-1.7034580893918367,0.46845097458275514
11,96,11,ul reference 1.5-8.0,0.19280335285533448,2892,-1.7034580893918367,0.46845097458275514
11,96,12,reference 1.5-8.0,0.19280335285533448,2894,-1.7034580893918367,0.46845097458275514
11,96,13,low anc,0.08613127308293404,663,-2.4487399143406097,0.9794959657362439
11,96,14,1.5-8.0 - low,0.08255643758488013,1684,-2.0003013519925057,0.6000904055977517
11,96,15,5.5 k ul,0.07620176858551587,56,-3.338792933997266,2.5875645238478806
58,97,1,no extra-axial,0.27451913788814347,117,3.0392807337315078,2.1274965136120554
58,97,2,extra-axial fluid,0.2561857277075239,132,3.038694938281367,2.051119083339923
58,97,3,no extra-axial fluid,0.2441020544825383,235,2.8334823850733324,1.629252371417166
58,97,4,extra-axial,0.21941022951984732,144,3.0728332057380707,1.9973415837297461
58,97,5,extra-axial structures,0.17149452141438182,94,3.084463571882965,2.2362360896151494
58,97,6,extra-axial fluid collections,0.16178234136231093,1013,2.2142294147011485,0.7749802951454019
58,97,7,node dissection performed,0.15713155988125227,141,-2.9692495894862856,2.004243472903243
58,97,8,extra-axial structures no,0.1482057061666159,315,2.5790496023525082,1.4184772812938797
58,97,9,dissection performed,0.1443894988305261,203,-2.8510581140800464,1.7106348684480277
58,97,10,collections,0.1420881387864751,968,2.248703418956803,0.787046196634881
58,97,11,fluid collections,0.1347035380137049,1570,2.0750217557617887,0.6225065267285366
58,97,12,structures no extra-axial,0.10706120849404617,1418,2.1841853936664033,0.655255618099921
58,97,13,- extra-axial structures,0.08185232134920827,2172,1.9268968710947383,0.529896639551053
58,97,14,node dissection,0.07449825416182439,499,-2.5936179758766422,1.167128089144489
58,97,15,lymph node dissection,0.07219318192486775,553,-2.5893575102384085,1.1004769418513236
3,98,1,he,0.39950746398710196,1885,-1.897511823685668,0.5692535471057004
3,98,2,. he,0.3842483524540284,69,-3.163883302578308,2.4520095594981886
3,98,3,male,0.332615935186042,1623,-1.8809915877125698,0.6113222660065852
3,98,4,he denies,0.29750672321149246,444,-2.5933657478105534,1.2318487302100127
3,98,5,he reports,0.2899355317786491,714,-2.3189600395942773,0.927584015837711
3,98,6,ago. he,0.18974281428144454,494,-2.339877038857971,1.1699385194289855
3,98,7,he has,0.18905598616507205,2824,-1.723065205811679,0.4738429315982118
3,98,8,1-2 drinks week,0.17074745345659306,443,-2.4671845180210714,1.2335922590105357
3,98,9,he has been,0.16764055344107995,178,-2.977706996391811,1.7866241978350865
3,98,10,spouse,0.14016635330911262,415,-2.6617346896363494,1.264323977577266
3,98,11,. he denies,0.13183337420360844,186,-2.8116503911506086,1.7572814944691304
3,98,12,with spouse,0.1315492147874234,510,-2.5558078091412244,1.150113514113551
3,98,13,1-2 drinks,0.12744691333202976,1431,-2.007031119443581,0.6522851138191638
3,98,14,lives with spouse,0.12558367804310505,596,-2.4584373649304534,1.0448358800954427
3,98,15,he underwent,0.11544565439507876,118,-3.0391158486630987,2.127381094064169
53,99,1,node dissection,0.3437353723096324,499,-2.5936179758766422,1.167128089144489
53,99,2,lymph node dissection,0.33269501372383353,553,-2.5893575102384085,1.1004769418513236
53,99,3,dissection,0.27716408832645967,1033,-2.3583352622088216,0.7664589602178671
53,99,4,lobectomy with,0.24814570470136452,863,-2.375884381356086,0.8315595334746301
53,99,5,with mediastinal lymph,0.23730760284603766,1330,-2.2525752724184347,0.6757725817255303
53,99,6,lobectomy with mediastinal,0.23698612027936908,1269,-2.3086072369355213,0.6925821710806563
53,99,7,mediastinal lymph node,0.2277163087889945,1627,-2.2190696205711244,0.6102441456570593
53,99,8,adjuvant,0.2239882002877427,1088,-2.3040505462818177,0.7488164275415908
53,99,9,lobectomy,0.20212872574589294,2233,-2.096402992744641,0.5241007481861603
53,99,10,node,0.18577810386823845,65,-3.121405877420767,2.497124701936613
53,99,11,post-surgical,0.17692807689898857,160,-2.8733916686577765,1.8677045846275548
53,99,12,lymph node,0.15044856315080213,950,-2.26784133801483,0.7937444683051905
53,99,13,node dissection and,0.13582103852933128,594,-2.3263122347419514,1.046840505633878
53,99,14,post-surgical changes,0.13484286186863376,465,-2.6837559667299513,1.207690185028478
53,99,15,post-lobectomy,0.12211615485432074,616,-2.5640963634025637,1.0256385453610255
76,100,1,frontal,0.26114594379919004,618,2.409686167347712,1.0241166211227775
76,100,2,gy,0.24847428955318637,146,3.1532543724961624,1.9707839828101015
76,100,3,frontal lobe,0.21937958097227298,336,2.636395522379395,1.3841076492491822
76,100,4,stereotactic,0.19413391165018853,373,2.651915240851123,1.3259576204255614
76,100,5,radiosurgery,0.1774723755228167,1024,2.3654173583016957,0.7687606414480511
76,100,6,stereotactic radiosurgery,0.1747547757829142,1010,2.385370588076064,0.7752454411247208
76,100,7,srs,0.15794918747772002,1425,2.3751248202345527,0.6531593255645021
76,100,8,radiation,0.15696039268055806,241,2.922741090082179,1.6075075995451984
76,100,9,fractions,0.11771317133453611,560,2.420808113376168,1.0893636510192757
76,100,10,gy in,0.10842130421896257,669,2.287536949524487,0.9722032035479069
76,100,11,stereotactic radiosurgery srs,0.10293572232723891,1574,2.260473215173666,0.6216301341727583
76,100,12,radiosurgery srs,0.10245598758224354,1591,2.245451933551813,0.6174992817267486
76,100,13,fx,0.09891975186186058,2366,1.8601310857378166,0.5115360485778996
76,100,14,surrounding edema.,0.09088364653095725,204,2.848510733804541,1.7091064402827245
76,100,15,surrounding,0.08379462716387585,1173,2.2286236920186697,0.7243026999060677
