top_k,feature,outer_fold_count,mean_rank,mean_z_score,mean_abs_z_score,mean_ranking_score
25,% low,5,9.0,-3.7329096945239413,3.7329096945239413,3.621923173180715
25,syndromes --- physical,4,5.0,-3.896294406304595,3.8962944063045954,3.8248540658899195
25,neurologic symptoms or,4,10.5,-3.5877658622013673,3.5877658622013673,3.4817827075675876
25,hour <new,4,15.5,3.5732883513913025,3.5732883513913025,3.418909714774191
25,hour <new note>,4,15.5,3.5732883513913025,3.5732883513913025,3.418909714774191
25,lung no,3,10.0,3.6043013021730697,3.6043013021730697,3.519301797568987
25,55.,3,15.666666666666666,3.4761818513935,3.4761818513935,3.4455739568518347
25,syndromes ---,3,15.666666666666666,-3.561434210192344,3.561434210192345,3.355004128682539
25,cancer syndromes ---,3,17.666666666666668,-3.5313898426488475,3.5313898426488475,3.3267014806004958
25,or masses.,3,15.666666666666666,3.469268988542554,3.469268988542554,3.208418236605516
25,superior vena cava,2,5.0,-3.9348821533473344,3.9348821533473344,3.9348821533473344
25,cava,2,6.0,-3.909743389087448,3.909743389087448,3.909743389087448
25,vena cava,2,7.0,-3.909743389087448,3.909743389087448,3.909743389087448
25,superior vena,2,9.0,-3.813798603725078,3.813798603725078,3.7679988607625354
25,vena,2,10.5,-3.7896872814741203,3.7896872814741203,3.7444582157691566
25,high pd-l1 expression,2,6.0,3.725542374902921,3.725542374902921,3.6802682662230586
25,kidneys,2,4.0,3.8542313601614584,3.8542313601614584,3.6615197921533857
25,pd-l1 <1,2,10.5,-3.770350414033177,3.770350414033177,3.551033319520907
25,moderate complexity <new,2,7.0,-3.652901355864577,3.652901355864577,3.518678906609957
25,reasonable,2,13.0,-3.593979738757265,3.593979738757265,3.506848735569407
25,high pd-l1,2,12.5,3.624565901975182,3.624565901975182,3.4879726311311936
25,canal,2,14.5,3.5631715764401943,3.5631715764401943,3.476176030200287
25,- metastatic nsclc,2,10.5,3.5430695114541826,3.5430695114541826,3.461013042033594
25,carcinoma adenocarcinoma,1,1.0,4.510378809207653,4.510378809207653,4.510378809207653
25,lung carcinoma adenocarcinoma,1,2.0,4.4375200027657264,4.4375200027657264,4.4375200027657264
25,-------------------,1,4.0,-4.050533997648014,4.050533997648014,4.050533997648014
25,pain no new,1,2.0,-3.825713738182066,3.825713738182066,3.825713738182066
25,anc <1.0,1,1.0,-3.7469242118119856,3.7469242118119856,3.7469242118119856
25,cell lung carcinoma,1,12.0,3.834324293368293,3.834324293368293,3.7384661860340853
25,nkda social,1,14.0,-3.731809418078169,3.731809418078169,3.731809418078169
25,nkda social history,1,13.0,-3.731809418078169,3.731809418078169,3.731809418078169
25,evidence of superior,1,7.0,-3.7167206530991024,3.7167206530991024,3.7167206530991024
25,of superior,1,6.0,-3.7167206530991024,3.7167206530991024,3.7167206530991024
25,pelvic lymphadenopathy.,1,5.0,-3.805335870910294,3.805335870910294,3.7102024741375366
25,and immunophenotypic profile,1,8.0,-3.701785887594039,3.701785887594039,3.701785887594039
25,immunophenotypic profile,1,9.0,-3.701785887594039,3.701785887594039,3.701785887594039
25,spinal,1,15.0,3.6785838592368556,3.6785838592368556,3.6785838592368556
25,recist criteria,1,10.0,3.670701775799044,3.670701775799044,3.670701775799044
25,lesions identified. overall,1,7.0,-3.685491871765771,3.685491871765771,3.5933545749716265
25,lung shows,1,6.0,3.6620978737581247,3.6620978737581247,3.5705454269141716
25,general fatigue,1,7.0,3.5635184840390077,3.5635184840390077,3.5635184840390077
25,axial dimension previously,1,22.0,-3.5971762206862223,3.5971762206862223,3.507246815169067
25,metastasis in,1,11.0,3.584134710904405,3.584134710904405,3.494531343131795
25,low pd-l1 expression,1,10.0,-3.573027993847545,3.573027993847545,3.4837022940013562
25,pd-l1 <1 %,1,23.0,-3.6453636551690853,3.6453636551690853,3.463095472410631
25,complexity <new,1,15.0,-3.616807863753066,3.616807863753066,3.4359674705654126
25,complexity <new note>,1,16.0,-3.616807863753066,3.616807863753066,3.4359674705654126
25,pain palpitations or,1,13.0,3.6006024141527377,3.6006024141527377,3.4205722934451006
25,nodules or masses.,1,14.0,3.4799599909796544,3.4799599909796544,3.392960991205163
25,cytopenias,1,24.0,-3.4595145917951022,3.4595145917951022,3.3730267270002248
25,adenopathy.,1,15.0,3.642047860673996,3.642047860673996,3.3688942711234464
25,initial oncology,1,12.0,-3.4547440824183533,3.4547440824183533,3.3683754803578942
25,cancer nsclc -,1,20.0,3.5362574039005383,3.5362574039005383,3.359444533705511
25,mediastinum hilar nodes,1,6.0,-3.5294712348522075,3.5294712348522075,3.3529976731095967
25,tingling in feet,1,16.0,-3.424533486225931,3.424533486225931,3.3389201490702827
25,tps >=,1,21.0,3.4094126017660664,3.4094126017660664,3.324177286721915
25,and portal-venous,1,22.0,3.3980632995599938,3.3980632995599938,3.313111717070994
25,global health 70,1,7.0,-3.4662404659223207,3.4662404659223207,3.2929284426262044
25,health 70,1,8.0,-3.450465138739984,3.450465138739984,3.2779418818029846
25,the two,1,18.0,-3.4320830439054766,3.4320830439054766,3.2604788917102026
25,are seen in,1,13.0,-3.4055217022675026,3.4055217022675026,3.2352456171541273
25,patient reports a,1,24.0,3.4960636901835977,3.4960636901835977,3.233858913419828
25,analgesia,1,25.0,-3.40284927726306,3.40284927726306,3.232706813399907
25,to obtain,1,14.0,-3.491592028206076,3.491592028206076,3.2297226260906204
25,on quality,1,12.0,-3.472343835909887,3.472343835909887,3.2119180482166456
25,on quality of,1,11.0,-3.472343835909887,3.472343835909887,3.2119180482166456
25,- metastatic,1,15.0,3.3709267440917836,3.3709267440917836,3.2023804068871944
25,seizures dermatologic,1,21.0,-3.527108484630503,3.527108484630503,3.174397636167453
25,with primary,1,14.0,3.3349158373573826,3.3349158373573826,3.1681700454895134
25,of the primary,1,22.0,-3.514137875208284,3.514137875208284,3.1627240876874554
25,impact on quality,1,15.0,-3.4077022322536235,3.4077022322536235,3.152124564834602
25,health 70 100,1,16.0,-3.388242781214603,3.388242781214603,3.134124572623508
25,- age,1,24.0,-3.3869165701364032,3.3869165701364032,3.132897827376173
25,may be,1,25.0,-3.385474649348922,3.385474649348922,3.131564050647753
25,increasing,1,20.0,-3.4329137939918697,3.4329137939918697,3.0896224145926827
25,to reduced,1,18.0,3.285725270576866,3.285725270576866,3.0392958752836012
25,reports increasing,1,21.0,-3.2533991256254793,3.2533991256254793,3.0093941912035684
25,erythema over,1,20.0,-3.206722556835615,3.206722556835615,2.966218365072944
25,lung no new,1,23.0,3.191624249460506,3.191624249460506,2.9522524307509683
25,mass or,1,24.0,3.2214240053637946,3.2214240053637946,2.899281604827415
25,pd-l1 <1 %.,1,21.0,-3.3692218918957306,3.3692218918957306,2.8638386081113714
25,is within,1,22.0,-3.178790684825627,3.178790684825627,2.8609116163430643
25,rubs,1,25.0,3.2677117559622983,3.2677117559622983,2.859247786467011
25,anc <1.0 k,1,23.0,-3.2616931219542993,3.2616931219542993,2.853981481710012
25,clinician,1,24.0,3.1342693288951815,3.1342693288951815,2.820842396005663
25,epidural,1,25.0,3.10814435504964,3.10814435504964,2.7973299195446764
50,% low,5,9.0,-3.7329096945239413,3.7329096945239413,3.621923173180715
50,syndromes --- physical,4,5.0,-3.896294406304595,3.8962944063045954,3.8248540658899195
50,neurologic symptoms or,4,10.5,-3.5877658622013673,3.5877658622013673,3.4817827075675876
50,hour <new,4,15.5,3.5732883513913025,3.5732883513913025,3.418909714774191
50,hour <new note>,4,15.5,3.5732883513913025,3.5732883513913025,3.418909714774191
50,lung no,4,16.5,3.5150975667455917,3.5150975667455917,3.3904575690338454
50,55.,4,23.5,3.3763609790718037,3.3763609790718037,3.295713213876054
50,syndromes ---,4,23.0,-3.4912785458863675,3.491278545886368,3.23393062372375
50,cancer syndromes ---,4,24.25,-3.468745270228745,3.468745270228745,3.212703637662217
50,superior vena cava,3,15.333333333333334,-3.6515608800063526,3.6515608800063526,3.4973149633401337
50,cava,3,15.333333333333334,-3.6406367307334935,3.6406367307334935,3.485515560032214
50,vena cava,3,16.333333333333332,-3.6406367307334935,3.6406367307334935,3.485515560032214
50,pd-l1 <1,3,16.666666666666668,-3.6481789291782287,3.6481789291782287,3.4168716338500063
50,kidneys,3,19.0,3.649386261410266,3.649386261410266,3.385924546742056
50,canal,3,19.666666666666668,3.472321225124533,3.472321225124533,3.2497931681732672
50,reasonable,3,24.333333333333332,-3.427181387692795,3.427181387692795,3.21441481795603
50,nkda social,3,27.333333333333332,-3.459713197079654,3.459713197079654,3.210599102342242
50,nkda social history,3,27.666666666666668,-3.459713197079654,3.459713197079654,3.210599102342242
50,or masses.,3,15.666666666666666,3.469268988542554,3.469268988542554,3.208418236605516
50,is within,3,30.333333333333332,-3.2627768295034105,3.2627768295034105,2.9075654077837108
50,superior vena,2,9.0,-3.813798603725078,3.813798603725078,3.7679988607625354
50,vena,2,10.5,-3.7896872814741203,3.7896872814741203,3.7444582157691566
50,high pd-l1 expression,2,6.0,3.725542374902921,3.725542374902921,3.6802682662230586
50,moderate complexity <new,2,7.0,-3.652901355864577,3.652901355864577,3.518678906609957
50,high pd-l1,2,12.5,3.624565901975182,3.624565901975182,3.4879726311311936
50,- metastatic nsclc,2,10.5,3.5430695114541826,3.5430695114541826,3.461013042033594
50,evidence of superior,2,21.5,-3.4950542505572386,3.4950542505572386,3.3723022062566623
50,adenopathy.,2,22.0,3.5543192475883867,3.5543192475883867,3.287745304019258
50,low pd-l1 expression,2,24.0,-3.4967207674880156,3.4967207674880156,3.2382820712443907
50,may be,2,31.0,-3.280502647227073,3.280502647227073,3.074159081748858
50,tps >=,2,26.5,3.2354175041164615,3.2354175041164615,3.001460946190207
50,objective,2,44.0,3.190137840598261,3.190137840598261,2.792156630205943
50,he reports increasing,2,31.0,-3.1457383903994875,3.1457383903994875,2.7128877743584807
50,55 emotional,2,33.5,3.0706975549366247,3.0706975549366247,2.6868603605695465
50,55 emotional function,2,38.0,3.055937388859017,3.055937388859017,2.6370246582562555
50,carcinoma adenocarcinoma,1,1.0,4.510378809207653,4.510378809207653,4.510378809207653
50,lung carcinoma adenocarcinoma,1,2.0,4.4375200027657264,4.4375200027657264,4.4375200027657264
50,-------------------,1,4.0,-4.050533997648014,4.050533997648014,4.050533997648014
50,pain no new,1,2.0,-3.825713738182066,3.825713738182066,3.825713738182066
50,anc <1.0,1,1.0,-3.7469242118119856,3.7469242118119856,3.7469242118119856
50,cell lung carcinoma,1,12.0,3.834324293368293,3.834324293368293,3.7384661860340853
50,of superior,1,6.0,-3.7167206530991024,3.7167206530991024,3.7167206530991024
50,pelvic lymphadenopathy.,1,5.0,-3.805335870910294,3.805335870910294,3.7102024741375366
50,and immunophenotypic profile,1,8.0,-3.701785887594039,3.701785887594039,3.701785887594039
50,immunophenotypic profile,1,9.0,-3.701785887594039,3.701785887594039,3.701785887594039
50,spinal,1,15.0,3.6785838592368556,3.6785838592368556,3.6785838592368556
50,recist criteria,1,10.0,3.670701775799044,3.670701775799044,3.670701775799044
50,lesions identified. overall,1,7.0,-3.685491871765771,3.685491871765771,3.5933545749716265
50,lung shows,1,6.0,3.6620978737581247,3.6620978737581247,3.5705454269141716
50,general fatigue,1,7.0,3.5635184840390077,3.5635184840390077,3.5635184840390077
50,axial dimension previously,1,22.0,-3.5971762206862223,3.5971762206862223,3.507246815169067
50,metastasis in,1,11.0,3.584134710904405,3.584134710904405,3.494531343131795
50,pd-l1 <1 %,1,23.0,-3.6453636551690853,3.6453636551690853,3.463095472410631
50,complexity <new,1,15.0,-3.616807863753066,3.616807863753066,3.4359674705654126
50,complexity <new note>,1,16.0,-3.616807863753066,3.616807863753066,3.4359674705654126
50,pain palpitations or,1,13.0,3.6006024141527377,3.6006024141527377,3.4205722934451006
50,nodules or masses.,1,14.0,3.4799599909796544,3.4799599909796544,3.392960991205163
50,cytopenias,1,24.0,-3.4595145917951022,3.4595145917951022,3.3730267270002248
50,initial oncology,1,12.0,-3.4547440824183533,3.4547440824183533,3.3683754803578942
50,cancer nsclc -,1,20.0,3.5362574039005383,3.5362574039005383,3.359444533705511
50,mediastinum hilar nodes,1,6.0,-3.5294712348522075,3.5294712348522075,3.3529976731095967
50,tingling in feet,1,16.0,-3.424533486225931,3.424533486225931,3.3389201490702827
50,and portal-venous,1,22.0,3.3980632995599938,3.3980632995599938,3.313111717070994
50,global health 70,1,7.0,-3.4662404659223207,3.4662404659223207,3.2929284426262044
50,intra-abdominal,1,26.0,3.5569243405258177,3.5569243405258177,3.2901550149863814
50,health 70,1,8.0,-3.450465138739984,3.450465138739984,3.2779418818029846
50,the two,1,18.0,-3.4320830439054766,3.4320830439054766,3.2604788917102026
50,<1,1,27.0,-3.5158017195692346,3.5158017195692346,3.2521165906015423
50,are seen in,1,13.0,-3.4055217022675026,3.4055217022675026,3.2352456171541273
50,patient reports a,1,24.0,3.4960636901835977,3.4960636901835977,3.233858913419828
50,analgesia,1,25.0,-3.40284927726306,3.40284927726306,3.232706813399907
50,to obtain,1,14.0,-3.491592028206076,3.491592028206076,3.2297226260906204
50,immunophenotypic profile is,1,26.0,-3.395561249763183,3.395561249763183,3.2257831872750238
50,on quality,1,12.0,-3.472343835909887,3.472343835909887,3.2119180482166456
50,on quality of,1,11.0,-3.472343835909887,3.472343835909887,3.2119180482166456
50,lisinopril - no,1,28.0,-3.46805280094168,3.46805280094168,3.207948840871054
50,- metastatic,1,15.0,3.3709267440917836,3.3709267440917836,3.2023804068871944
50,are normal in,1,27.0,3.4584518080543725,3.4584518080543725,3.1990679224502947
50,-------- -------------------,1,30.0,-3.343898350548475,3.343898350548475,3.176703433021051
50,seizures dermatologic,1,21.0,-3.527108484630503,3.527108484630503,3.174397636167453
50,score <1 %,1,28.0,-3.253660771426868,3.253660771426868,3.1723192521411963
50,with primary,1,14.0,3.3349158373573826,3.3349158373573826,3.1681700454895134
50,lymphadenopathy. - lungs,1,31.0,-3.3326332096097393,3.3326332096097393,3.1660015491292524
50,of the primary,1,22.0,-3.514137875208284,3.514137875208284,3.1627240876874554
50,impact on quality,1,15.0,-3.4077022322536235,3.4077022322536235,3.152124564834602
50,70 100 fatigue,1,30.0,-3.3922959622631286,3.3922959622631286,3.137873765093394
50,health 70 100,1,16.0,-3.388242781214603,3.388242781214603,3.134124572623508
50,- age,1,24.0,-3.3869165701364032,3.3869165701364032,3.132897827376173
50,and to discuss,1,32.0,-3.4776051145110674,3.4776051145110674,3.1298446030599605
50,occasional alcohol,1,26.0,-3.4665297458877267,3.4665297458877267,3.119876771298954
50,of superior vena,1,31.0,-3.364765120078855,3.364765120078855,3.112407736072941
50,increasing,1,20.0,-3.4329137939918697,3.4329137939918697,3.0896224145926827
50,- a,1,27.0,-3.3268669536966358,3.3268669536966358,3.077351932169388
50,left lung,1,28.0,3.3261071610363078,3.3261071610363078,3.076649123958585
50,no cervical adenopathy.,1,33.0,3.413006255481466,3.413006255481466,3.0717056299333194
50,allergies nkda social,1,34.0,-3.318058210243047,3.318058210243047,3.069203844474819
50,phase ii,1,35.0,-3.3902829195877873,3.3902829195877873,3.0512546276290085
50,to reduced,1,18.0,3.285725270576866,3.285725270576866,3.0392958752836012
50,ago - occasional,1,29.0,-3.196665205146557,3.196665205146557,3.036831944889229
50,- high pd-l1,1,33.0,3.281330981846152,3.281330981846152,3.035231158207691
50,reports increasing,1,21.0,-3.2533991256254793,3.2533991256254793,3.0093941912035684
50,adenopathy. -,1,30.0,3.152033513339565,3.152033513339565,2.9944318376725865
50,spinal canal,1,39.0,3.3093961909972602,3.3093961909972602,2.978456571897534
50,and may,1,31.0,-3.218174706431515,3.218174706431515,2.9768116034491516
50,in previously,1,37.0,3.3074296490378465,3.3074296490378465,2.976686684134062
50,lung carcinoma,1,40.0,3.400804181063516,3.400804181063516,2.9757036584305765
50,40 100 emotional,1,38.0,-3.1249513231380313,3.1249513231380313,2.9687037569811294
50,erythema over,1,20.0,-3.206722556835615,3.206722556835615,2.966218365072944
50,surgeries medications -,1,32.0,-3.379071740588888,3.379071740588888,2.956687773015277
50,cell-cycle progression.,1,41.0,-3.2808434361598233,3.2808434361598233,2.952759092543841
50,lung no new,1,23.0,3.191624249460506,3.191624249460506,2.9522524307509683
50,wild-type other,1,42.0,-3.1890841323439063,3.1890841323439063,2.9499028224181134
50,morphine 2.5,1,39.0,-3.2775691191188336,3.2775691191188336,2.9498122072069504
50,morphine 2.5 mg,1,40.0,-3.2775691191188336,3.2775691191188336,2.9498122072069504
50,social function 70,1,41.0,-3.270379150045955,3.270379150045955,2.9433412350413595
50,mass or,1,24.0,3.2214240053637946,3.2214240053637946,2.899281604827415
50,wall bones,1,44.0,-3.2172154577069705,3.2172154577069705,2.8954939119362737
50,palpitations or,1,33.0,3.3057321885319495,3.3057321885319495,2.892515664965456
50,e.g. new,1,42.0,3.400860755346706,3.400860755346706,2.8907316420447002
50,and unchanged,1,43.0,-3.120954755796891,3.120954755796891,2.8868831491121245
50,mass now,1,45.0,-3.3822420374407023,3.3822420374407023,2.8749057318245974
50,pd-l1 <1 %.,1,21.0,-3.3692218918957306,3.3692218918957306,2.8638386081113714
50,rubs,1,25.0,3.2677117559622983,3.2677117559622983,2.859247786467011
50,deletion exons 1-2,1,47.0,-3.266631511333627,3.266631511333627,2.8583025724169233
50,exons 1-2,1,46.0,-3.266631511333627,3.266631511333627,2.8583025724169233
50,are normal,1,46.0,3.261739035351764,3.261739035351764,2.8540216559327938
50,anc <1.0 k,1,23.0,-3.2616931219542993,3.2616931219542993,2.853981481710012
50,multiplanar reconstructions,1,26.0,3.1670096207354437,3.1670096207354437,2.8503086586618993
50,<1 %,1,48.0,-3.2561173158745427,3.2561173158745427,2.8491026513902247
50,chest wall bones,1,49.0,-3.1652802029829923,3.1652802029829923,2.8487521826846933
50,left lung no,1,27.0,3.162794542118113,3.162794542118113,2.846515087906302
50,- general fatigue,1,36.0,3.2454641967504245,3.2454641967504245,2.8397811721566213
50,2.5 mg,1,48.0,-3.2444330091384153,3.2444330091384153,2.8388788829961134
50,ml s,1,28.0,3.2322058745964504,3.2322058745964504,2.8281801402718942
50,lobe primary nsclc,1,50.0,3.228419653012336,3.228419653012336,2.824867196385794
50,clinician,1,24.0,3.1342693288951815,3.1342693288951815,2.820842396005663
50,30 nausea,1,39.0,-3.1230795761526946,3.1230795761526946,2.810771618537425
50,fatigue 30 nausea,1,38.0,-3.1230795761526946,3.1230795761526946,2.810771618537425
50,ttf-1 napsin,1,51.0,3.2078122903113155,3.2078122903113155,2.806835754022401
50,epidural,1,25.0,3.10814435504964,3.10814435504964,2.7973299195446764
50,- fda-approved,1,29.0,3.107920156025072,3.107920156025072,2.797128140422565
50,indicated,1,40.0,3.1035943787159814,3.1035943787159814,2.7932349408443833
50,first hour <new,1,41.0,3.384706762023645,3.384706762023645,2.7923830786695074
50,if anc <1.0,1,26.0,-3.179379157207741,3.179379157207741,2.7819567625567734
50,follow-up progress note,1,43.0,-3.267755626652646,3.267755626652646,2.7775922826547492
50,oncology follow-up progress,1,42.0,-3.267755626652646,3.267755626652646,2.7775922826547492
50,of first-line carboplatin,1,27.0,-3.1634590621561216,3.1634590621561216,2.7680266793866064
50,3 ml s,1,32.0,3.1333941326277492,3.1333941326277492,2.7417198660492805
50,trends mild anemia,1,33.0,3.222866686278407,3.222866686278407,2.739436683336646
50,the limited upper,1,29.0,-3.3080019036347985,3.3080019036347985,2.729101570498709
50,deficits. he,1,44.0,-3.1162511993940036,3.1162511993940036,2.726719799469753
50,pd-l1 22c3,1,35.0,-3.169698700013369,3.169698700013369,2.694243895011364
50,l anc 1.2,1,31.0,-3.073313239372152,3.073313239372152,2.689149084450633
50,multiplanar,1,36.0,3.1578805732241233,3.1578805732241233,2.684198487240505
50,g12c mutant stk11,1,46.0,-3.2498199835083827,3.2498199835083827,2.681101486394416
50,disease progression depression,1,38.0,-3.242056342389411,3.242056342389411,2.6746964824712642
50,- left lung,1,39.0,3.1283252795798586,3.1283252795798586,2.65907648764288
50,the immunophenotype ttf-1+,1,40.0,-3.038418189053369,3.038418189053369,2.6586159154216977
50,lungs - a,1,47.0,-3.0368269544822653,3.0368269544822653,2.657223585171982
50,reports increasing fatigue,1,33.0,-3.031464681484756,3.031464681484756,2.6525315962991614
50,with a more,1,41.0,-3.1113056582535017,3.1113056582535017,2.644609809515477
50,differential and,1,42.0,-3.3050786313745415,3.3050786313745415,2.644062905099633
50,with differential and,1,43.0,-3.3050786313745415,3.3050786313745415,2.644062905099633
50,progression depression,1,44.0,-3.2032824855426214,3.2032824855426214,2.642708050572663
50,murmurs rubs,1,46.0,3.188592264650396,3.188592264650396,2.630588618336577
50,no murmurs rubs,1,45.0,3.188592264650396,3.188592264650396,2.630588618336577
50,prior surgeries medications,1,48.0,-3.2848033125623366,3.2848033125623366,2.6278426500498693
50,surgeries medications,1,49.0,-3.277268243718,3.277268243718,2.6218145949743996
50,difficulty,1,48.0,-3.083060603958027,3.083060603958027,2.6206015133643232
50,bowel sounds.,1,49.0,3.0818603471935178,3.0818603471935178,2.6195812951144903
50,fdg-avid osseous lesions,1,37.0,-3.0799001588235284,3.0799001588235284,2.6179151349999996
50,1 % low,1,38.0,-3.1680471221751576,3.1680471221751576,2.6136388757945053
50,. physical examination,1,50.0,3.166568984116428,3.166568984116428,2.6124194118960533
50,loss -,1,50.0,3.157320913059324,3.157320913059324,2.6047897532739426
50,3 nad in,1,39.0,2.976470432419841,2.976470432419841,2.604411628367361
50,60 %,1,40.0,3.1073227954785416,3.1073227954785416,2.563541306269797
50,offer early,1,41.0,-3.202680116746514,3.202680116746514,2.5621440933972113
50,role function 40,1,42.0,-3.200672568676207,3.200672568676207,2.5605380549409653
50,status. ---,1,43.0,-2.989343768593887,2.989343768593887,2.5409422033048044
50,tmb and stk11,1,44.0,-2.964258209946448,2.964258209946448,2.519619478454481
50,1.8 cm in,1,46.0,-2.895285047171518,2.895285047171518,2.4609922900957906
50,increasing fatigue,1,47.0,-2.9820763951340945,2.9820763951340945,2.4602130259856283
50,not currently,1,48.0,-3.1515390210122107,3.1515390210122107,2.442442741284463
50,immunoprofile,1,49.0,2.955272773494607,2.955272773494607,2.438100038133051
50,------ --------------------------------,1,50.0,3.0089775109294314,3.0089775109294314,2.407182008743545
100,% low,5,9.0,-3.7329096945239413,3.7329096945239413,3.621923173180715
100,lung no,5,29.4,3.4207339030786814,3.4207339030786814,3.1688579424887324
100,55.,5,33.4,3.281059234514372,3.281059234514372,3.1150461933878093
100,nkda social history,5,52.4,-3.2768271965955607,3.2768271965955598,2.783667356235026
100,syndromes --- physical,4,5.0,-3.896294406304595,3.8962944063045954,3.8248540658899195
100,neurologic symptoms or,4,10.5,-3.5877658622013673,3.5877658622013673,3.4817827075675876
100,hour <new,4,15.5,3.5732883513913025,3.5732883513913025,3.418909714774191
100,hour <new note>,4,15.5,3.5732883513913025,3.5732883513913025,3.418909714774191
100,syndromes ---,4,23.0,-3.4912785458863675,3.491278545886368,3.23393062372375
100,cancer syndromes ---,4,24.25,-3.468745270228745,3.468745270228745,3.212703637662217
100,pd-l1 <1,4,29.5,-3.489204432695658,3.489204432695658,3.165109914037094
100,kidneys,4,31.75,3.5361703846586465,3.5361703846586465,3.138791426507252
100,nkda social,4,40.75,-3.372007930225357,3.372007930225357,2.990866601068394
100,low pd-l1 expression,4,49.0,-3.2761028072166187,3.2761028072166187,2.8225737336539445
100,is within,4,46.75,-3.207087728180134,3.2070877281801335,2.7316777577259006
100,superior vena cava,3,15.333333333333334,-3.6515608800063526,3.6515608800063526,3.4973149633401337
100,cava,3,15.333333333333334,-3.6406367307334935,3.6406367307334935,3.485515560032214
100,vena cava,3,16.333333333333332,-3.6406367307334935,3.6406367307334935,3.485515560032214
100,canal,3,19.666666666666668,3.472321225124533,3.472321225124533,3.2497931681732672
100,vena,3,29.333333333333332,-3.4913162206468074,3.4913162206468074,3.244070452752418
100,superior vena,3,31.0,-3.501177449951941,3.501177449951941,3.2309830261097736
100,reasonable,3,24.333333333333332,-3.427181387692795,3.427181387692795,3.21441481795603
100,or masses.,3,15.666666666666666,3.469268988542554,3.469268988542554,3.208418236605516
100,high pd-l1 expression,3,35.333333333333336,3.5050755943559966,3.5050755943559966,3.1940131688537243
100,high pd-l1,3,32.0,3.4483798219083517,3.4483798219083517,3.1509171305607127
100,carcinoma adenocarcinoma,3,45.333333333333336,3.4660323164259688,3.4660323164259688,3.0728860218094662
100,lung carcinoma adenocarcinoma,3,54.666666666666664,3.4120409023903395,3.4120409023903395,2.949412212074647
100,pd-l1 <1 %.,3,52.666666666666664,-3.1962448864059607,3.1962448864059607,2.6398364401988323
100,<1,3,56.333333333333336,-3.239451000679889,3.239451000679889,2.636842366149201
100,he reports increasing,3,51.333333333333336,-3.0925281128652813,3.0925281128652813,2.5551187390215375
100,800,3,68.33333333333333,3.033134678406021,3.033134678406021,2.5030629548333025
100,with a more,3,70.66666666666667,-3.026495084210852,3.026495084210852,2.4745472846806975
100,left lung no,3,64.0,2.9905513253418228,2.9905513253418228,2.4052175108092135
100,symptoms or,3,81.33333333333333,-3.0110446760979896,3.0110446760979896,2.318284822723253
100,moderate complexity <new,2,7.0,-3.652901355864577,3.652901355864577,3.518678906609957
100,- metastatic nsclc,2,10.5,3.5430695114541826,3.5430695114541826,3.461013042033594
100,evidence of superior,2,21.5,-3.4950542505572386,3.4950542505572386,3.3723022062566623
100,adenopathy.,2,22.0,3.5543192475883867,3.5543192475883867,3.287745304019258
100,of superior,2,34.0,-3.340616632827561,3.340616632827561,3.19239100219976
100,may be,2,31.0,-3.280502647227073,3.280502647227073,3.074159081748858
100,spinal,2,35.0,3.311198826445063,3.311198826445063,3.016817447079736
100,tps >=,2,26.5,3.2354175041164615,3.2354175041164615,3.001460946190207
100,pain palpitations or,2,42.5,3.315266315046512,3.315266315046512,2.9222582330986646
100,of superior vena,2,44.0,-3.2407881739211883,3.2407881739211883,2.9198087801830113
100,lung shows,2,50.5,3.309240194360113,3.309240194360113,2.893916156567874
100,mediastinum hilar nodes,2,47.5,-3.3290376625631692,3.3290376625631692,2.888832921536024
100,metastasis in,2,49.0,3.236586168450538,3.236586168450538,2.866767751639607
100,cell-cycle progression.,2,51.0,-3.1634516034051154,3.1634516034051154,2.847106443064604
100,recist criteria,2,51.5,3.2264104781158816,3.2264104781158816,2.8438690908063826
100,complexity <new,2,54.5,-3.3303986977910007,3.3303986977910007,2.8214299405706953
100,complexity <new note>,2,55.5,-3.3303986977910007,3.3303986977910007,2.8214299405706953
100,objective,2,44.0,3.190137840598261,3.190137840598261,2.792156630205943
100,cancer nsclc -,2,45.5,3.185990062419434,3.185990062419434,2.7785648212163583
100,spinal canal,2,48.0,3.196289873366638,3.196289873366638,2.7610415026898734
100,superior,2,57.5,-3.2893836425230356,3.2893836425230356,2.7548105010920194
100,55 emotional,2,33.5,3.0706975549366247,3.0706975549366247,2.6868603605695465
100,70 100 fatigue,2,61.5,-3.1214214512093106,3.1214214512093106,2.67352382185695
100,<1 %,2,55.0,-3.2265245008768666,3.2265245008768666,2.6633623539732985
100,40 100 emotional,2,46.0,-3.1331602976629584,3.1331602976629584,2.662365355561022
100,role function 40,2,51.0,-3.129313754099454,3.129313754099454,2.656348750255698
100,of first-line carboplatin,2,43.0,-3.214469521776863,3.214469521776863,2.6493868324848746
100,55 emotional function,2,38.0,3.055937388859017,3.055937388859017,2.6370246582562555
100,infusion hold chemotherapy,2,59.0,-3.1446734173498023,3.1446734173498023,2.63402589199415
100,analgesia,2,58.0,-3.1507104126694134,3.1507104126694134,2.630853448526472
100,rubs,2,48.0,3.074236250285015,3.074236250285015,2.6179377003841946
100,reports increasing,2,47.0,-3.0819935464088664,3.0819935464088664,2.5961675832988793
100,phase ii,2,60.5,-3.126379273817877,3.126379273817877,2.5632747289818916
100,m1 right,2,66.0,2.980668099359753,2.980668099359753,2.536981542631172
100,reports increasing fatigue,2,53.5,-3.0463659516589763,3.0463659516589763,2.512506846609944
100,upper-normal,2,73.0,-3.034818153746989,3.034818153746989,2.507633231896329
100,pd-l1 22c3,2,57.0,-3.07748932706579,3.07748932706579,2.503917929726488
100,- left lung,2,57.0,3.0678578008168884,3.0678578008168884,2.494901993617333
100,are diagnostic,2,65.0,3.020091240685532,3.020091240685532,2.4936596798932955
100,are diagnostic of,2,65.0,3.020091240685532,3.020091240685532,2.4936596798932955
100,trends mild anemia,2,61.0,3.10116292858815,3.10116292858815,2.487015530755033
100,laboratory trends mild,2,66.0,3.031513117527174,3.031513117527174,2.4272179950323083
100,trends mild,2,67.0,3.031513117527174,3.031513117527174,2.4272179950323083
100,1 % low,2,66.5,-3.063723331204444,3.063723331204444,2.4165942654849015
100,offer early,2,70.5,-3.060772110454482,3.060772110454482,2.3756460857595245
100,immunoprofile,2,66.0,2.961326711027937,2.961326711027937,2.3689100203840163
100,function 55 emotional,2,66.5,2.969617274672955,2.969617274672955,2.340171846364375
100,given molecular,2,81.0,2.8955789150813103,2.8955789150813103,2.3319789668863313
100,john martinez age,2,66.5,-2.914691134006565,2.914691134006565,2.3317529072052516
100,definitive squamous,2,92.0,3.0292370136641447,3.0292370136641447,2.3079003540848633
100,no definitive squamous,2,91.0,3.0292370136641447,3.0292370136641447,2.3079003540848633
100,-------------------,1,4.0,-4.050533997648014,4.050533997648014,4.050533997648014
100,pain no new,1,2.0,-3.825713738182066,3.825713738182066,3.825713738182066
100,anc <1.0,1,1.0,-3.7469242118119856,3.7469242118119856,3.7469242118119856
100,cell lung carcinoma,1,12.0,3.834324293368293,3.834324293368293,3.7384661860340853
100,pelvic lymphadenopathy.,1,5.0,-3.805335870910294,3.805335870910294,3.7102024741375366
100,and immunophenotypic profile,1,8.0,-3.701785887594039,3.701785887594039,3.701785887594039
100,immunophenotypic profile,1,9.0,-3.701785887594039,3.701785887594039,3.701785887594039
100,lesions identified. overall,1,7.0,-3.685491871765771,3.685491871765771,3.5933545749716265
100,general fatigue,1,7.0,3.5635184840390077,3.5635184840390077,3.5635184840390077
100,axial dimension previously,1,22.0,-3.5971762206862223,3.5971762206862223,3.507246815169067
100,pd-l1 <1 %,1,23.0,-3.6453636551690853,3.6453636551690853,3.463095472410631
100,nodules or masses.,1,14.0,3.4799599909796544,3.4799599909796544,3.392960991205163
100,cytopenias,1,24.0,-3.4595145917951022,3.4595145917951022,3.3730267270002248
100,initial oncology,1,12.0,-3.4547440824183533,3.4547440824183533,3.3683754803578942
100,tingling in feet,1,16.0,-3.424533486225931,3.424533486225931,3.3389201490702827
100,and portal-venous,1,22.0,3.3980632995599938,3.3980632995599938,3.313111717070994
100,global health 70,1,7.0,-3.4662404659223207,3.4662404659223207,3.2929284426262044
100,intra-abdominal,1,26.0,3.5569243405258177,3.5569243405258177,3.2901550149863814
100,health 70,1,8.0,-3.450465138739984,3.450465138739984,3.2779418818029846
100,the two,1,18.0,-3.4320830439054766,3.4320830439054766,3.2604788917102026
100,are seen in,1,13.0,-3.4055217022675026,3.4055217022675026,3.2352456171541273
100,patient reports a,1,24.0,3.4960636901835977,3.4960636901835977,3.233858913419828
100,to obtain,1,14.0,-3.491592028206076,3.491592028206076,3.2297226260906204
100,immunophenotypic profile is,1,26.0,-3.395561249763183,3.395561249763183,3.2257831872750238
100,on quality,1,12.0,-3.472343835909887,3.472343835909887,3.2119180482166456
100,on quality of,1,11.0,-3.472343835909887,3.472343835909887,3.2119180482166456
100,lisinopril - no,1,28.0,-3.46805280094168,3.46805280094168,3.207948840871054
100,- metastatic,1,15.0,3.3709267440917836,3.3709267440917836,3.2023804068871944
100,are normal in,1,27.0,3.4584518080543725,3.4584518080543725,3.1990679224502947
100,-------- -------------------,1,30.0,-3.343898350548475,3.343898350548475,3.176703433021051
100,seizures dermatologic,1,21.0,-3.527108484630503,3.527108484630503,3.174397636167453
100,score <1 %,1,28.0,-3.253660771426868,3.253660771426868,3.1723192521411963
100,with primary,1,14.0,3.3349158373573826,3.3349158373573826,3.1681700454895134
100,lymphadenopathy. - lungs,1,31.0,-3.3326332096097393,3.3326332096097393,3.1660015491292524
100,of the primary,1,22.0,-3.514137875208284,3.514137875208284,3.1627240876874554
100,impact on quality,1,15.0,-3.4077022322536235,3.4077022322536235,3.152124564834602
100,health 70 100,1,16.0,-3.388242781214603,3.388242781214603,3.134124572623508
100,- age,1,24.0,-3.3869165701364032,3.3869165701364032,3.132897827376173
100,and to discuss,1,32.0,-3.4776051145110674,3.4776051145110674,3.1298446030599605
100,occasional alcohol,1,26.0,-3.4665297458877267,3.4665297458877267,3.119876771298954
100,increasing,1,20.0,-3.4329137939918697,3.4329137939918697,3.0896224145926827
100,- a,1,27.0,-3.3268669536966358,3.3268669536966358,3.077351932169388
100,left lung,1,28.0,3.3261071610363078,3.3261071610363078,3.076649123958585
100,no cervical adenopathy.,1,33.0,3.413006255481466,3.413006255481466,3.0717056299333194
100,allergies nkda social,1,34.0,-3.318058210243047,3.318058210243047,3.069203844474819
100,to reduced,1,18.0,3.285725270576866,3.285725270576866,3.0392958752836012
100,ago - occasional,1,29.0,-3.196665205146557,3.196665205146557,3.036831944889229
100,- high pd-l1,1,33.0,3.281330981846152,3.281330981846152,3.035231158207691
100,adenopathy. -,1,30.0,3.152033513339565,3.152033513339565,2.9944318376725865
100,and may,1,31.0,-3.218174706431515,3.218174706431515,2.9768116034491516
100,in previously,1,37.0,3.3074296490378465,3.3074296490378465,2.976686684134062
100,lung carcinoma,1,40.0,3.400804181063516,3.400804181063516,2.9757036584305765
100,erythema over,1,20.0,-3.206722556835615,3.206722556835615,2.966218365072944
100,surgeries medications -,1,32.0,-3.379071740588888,3.379071740588888,2.956687773015277
100,lung no new,1,23.0,3.191624249460506,3.191624249460506,2.9522524307509683
100,wild-type other,1,42.0,-3.1890841323439063,3.1890841323439063,2.9499028224181134
100,morphine 2.5,1,39.0,-3.2775691191188336,3.2775691191188336,2.9498122072069504
100,morphine 2.5 mg,1,40.0,-3.2775691191188336,3.2775691191188336,2.9498122072069504
100,social function 70,1,41.0,-3.270379150045955,3.270379150045955,2.9433412350413595
100,mass or,1,24.0,3.2214240053637946,3.2214240053637946,2.899281604827415
100,wall bones,1,44.0,-3.2172154577069705,3.2172154577069705,2.8954939119362737
100,palpitations or,1,33.0,3.3057321885319495,3.3057321885319495,2.892515664965456
100,e.g. new,1,42.0,3.400860755346706,3.400860755346706,2.8907316420447002
100,and unchanged,1,43.0,-3.120954755796891,3.120954755796891,2.8868831491121245
100,mass now,1,45.0,-3.3822420374407023,3.3822420374407023,2.8749057318245974
100,deletion exons 1-2,1,47.0,-3.266631511333627,3.266631511333627,2.8583025724169233
100,exons 1-2,1,46.0,-3.266631511333627,3.266631511333627,2.8583025724169233
100,are normal,1,46.0,3.261739035351764,3.261739035351764,2.8540216559327938
100,anc <1.0 k,1,23.0,-3.2616931219542993,3.2616931219542993,2.853981481710012
100,multiplanar reconstructions,1,26.0,3.1670096207354437,3.1670096207354437,2.8503086586618993
100,chest wall bones,1,49.0,-3.1652802029829923,3.1652802029829923,2.8487521826846933
100,- general fatigue,1,36.0,3.2454641967504245,3.2454641967504245,2.8397811721566213
100,2.5 mg,1,48.0,-3.2444330091384153,3.2444330091384153,2.8388788829961134
100,ml s,1,28.0,3.2322058745964504,3.2322058745964504,2.8281801402718942
100,lobe primary nsclc,1,50.0,3.228419653012336,3.228419653012336,2.824867196385794
100,clinician,1,24.0,3.1342693288951815,3.1342693288951815,2.820842396005663
100,vaf copy-number,1,51.0,3.221428069545627,3.221428069545627,2.8187495608524236
100,30 nausea,1,39.0,-3.1230795761526946,3.1230795761526946,2.810771618537425
100,fatigue 30 nausea,1,38.0,-3.1230795761526946,3.1230795761526946,2.810771618537425
100,ttf-1 napsin,1,51.0,3.2078122903113155,3.2078122903113155,2.806835754022401
100,ttf-1 napsin a,1,50.0,3.2078122903113155,3.2078122903113155,2.806835754022401
100,epidural,1,25.0,3.10814435504964,3.10814435504964,2.7973299195446764
100,- fda-approved,1,29.0,3.107920156025072,3.107920156025072,2.797128140422565
100,calcium carbonate +,1,54.0,-3.1060841930797634,3.1060841930797634,2.7954757737717872
100,carbonate +,1,52.0,-3.1060841930797634,3.1060841930797634,2.7954757737717872
100,carbonate + vitamin,1,53.0,-3.1060841930797634,3.1060841930797634,2.7954757737717872
100,smarca4,1,55.0,-3.28631090351791,3.28631090351791,2.7933642679902237
100,indicated,1,40.0,3.1035943787159814,3.1035943787159814,2.7932349408443833
100,first hour <new,1,41.0,3.384706762023645,3.384706762023645,2.7923830786695074
100,loss-of-function cdkn2a,1,56.0,3.0961399023841722,3.0961399023841722,2.786525912145755
100,if anc <1.0,1,26.0,-3.179379157207741,3.179379157207741,2.7819567625567734
100,minutes post-injection. low-dose,1,57.0,-3.17606822061463,3.17606822061463,2.779059693037801
100,follow-up progress note,1,43.0,-3.267755626652646,3.267755626652646,2.7775922826547492
100,oncology follow-up progress,1,42.0,-3.267755626652646,3.267755626652646,2.7775922826547492
100,imaging follow-up -,1,54.0,-3.364340425606289,3.364340425606289,2.7755808511251887
100,for 3,1,58.0,3.1544766055223534,3.1544766055223534,2.760167029832059
100,cervical adenopathy.,1,55.0,3.24184713221517,3.24184713221517,2.7555700623828945
100,3 ml s,1,32.0,3.1333941326277492,3.1333941326277492,2.7417198660492805
100,the limited upper,1,29.0,-3.3080019036347985,3.3080019036347985,2.729101570498709
100,deficits. he,1,44.0,-3.1162511993940036,3.1162511993940036,2.726719799469753
100,achieved,1,58.0,-3.2064998784901557,3.2064998784901557,2.7255248967166326
100,loss-of-function cdkn2a homozygous,1,62.0,3.025036905460371,3.025036905460371,2.722533214914334
100,on recent,1,59.0,3.1877136645696447,3.1877136645696447,2.7095566148841983
100,mucosa moist.,1,60.0,3.176879250435517,3.176879250435517,2.7003473628701897
100,l anc 1.2,1,31.0,-3.073313239372152,3.073313239372152,2.689149084450633
100,oral mucosa moist.,1,61.0,3.163075011652439,3.163075011652439,2.6886137599045736
100,report specimen,1,66.0,3.0717710390562143,3.0717710390562143,2.6877996591741873
100,multiplanar,1,36.0,3.1578805732241233,3.1578805732241233,2.684198487240505
100,g12c mutant stk11,1,46.0,-3.2498199835083827,3.2498199835083827,2.681101486394416
100,disease progression depression,1,38.0,-3.242056342389411,3.242056342389411,2.6746964824712642
100,evidence of acute,1,67.0,3.1448604869353955,3.1448604869353955,2.6731314138950864
100,maintaining quality,1,69.0,3.131193019375607,3.131193019375607,2.661514066469266
100,the immunophenotype ttf-1+,1,40.0,-3.038418189053369,3.038418189053369,2.6586159154216977
100,lungs - a,1,47.0,-3.0368269544822653,3.0368269544822653,2.657223585171982
100,complexity - 96413,1,70.0,3.1257406272313424,3.1257406272313424,2.6568795331466415
100,differential and,1,42.0,-3.3050786313745415,3.3050786313745415,2.644062905099633
100,with differential and,1,43.0,-3.3050786313745415,3.3050786313745415,2.644062905099633
100,progression depression,1,44.0,-3.2032824855426214,3.2032824855426214,2.642708050572663
100,abdominal pain or,1,72.0,3.1064259296813166,3.1064259296813166,2.6404620402291195
100,murmurs rubs,1,46.0,3.188592264650396,3.188592264650396,2.630588618336577
100,no murmurs rubs,1,45.0,3.188592264650396,3.188592264650396,2.630588618336577
100,prior surgeries medications,1,48.0,-3.2848033125623366,3.2848033125623366,2.6278426500498693
100,surgeries medications,1,49.0,-3.277268243718,3.277268243718,2.6218145949743996
100,difficulty,1,48.0,-3.083060603958027,3.083060603958027,2.6206015133643232
100,thickness 1.25 mm,1,75.0,3.17597783285492,3.17597783285492,2.6201817121053095
100,bowel sounds.,1,49.0,3.0818603471935178,3.0818603471935178,2.6195812951144903
100,fdg-avid osseous lesions,1,37.0,-3.0799001588235284,3.0799001588235284,2.6179151349999996
100,. physical examination,1,50.0,3.166568984116428,3.166568984116428,2.6124194118960533
100,no vomiting,1,76.0,3.069742117292941,3.069742117292941,2.609280799699
100,- chest pain,1,51.0,-3.066731546408126,3.066731546408126,2.6067218144469075
100,loss -,1,50.0,3.157320913059324,3.157320913059324,2.6047897532739426
100,3 nad in,1,39.0,2.976470432419841,2.976470432419841,2.604411628367361
100,70 100,1,51.0,-3.052165995794902,3.052165995794902,2.594341096425667
100,fatigue grade,1,63.0,3.139333188184677,3.139333188184677,2.589949880252359
100,70 100 instrument,1,52.0,-3.134352713796802,3.134352713796802,2.585840988882362
100,missense snv,1,64.0,2.953887333643565,2.953887333643565,2.5846514169381196
100,alk or,1,53.0,-3.132687159744397,3.132687159744397,2.5844669067891277
100,pd-l1 blockade tp53,1,52.0,-3.035929147178446,3.035929147178446,2.5805397751016796
100,pack-years quit 2,1,54.0,-3.0236702011419063,3.0236702011419063,2.5701196709706204
100,foci identified,1,55.0,-3.2085551865963593,3.2085551865963593,2.5668441492770873
100,60 %,1,40.0,3.1073227954785416,3.1073227954785416,2.563541306269797
100,none cough,1,77.0,-3.101843711047492,3.101843711047492,2.5590210616141813
100,respiratory none cough,1,78.0,-3.101843711047492,3.101843711047492,2.5590210616141813
100,three cycles,1,65.0,3.0077625932041214,3.0077625932041214,2.5565982042235036
100,administer,1,56.0,3.0932381204012027,3.0932381204012027,2.5519214493309925
100,follow-up progress,1,57.0,-3.0844389767841425,3.0844389767841425,2.544662155846918
100,resolved .,1,79.0,3.082261601669613,3.082261601669613,2.542865821377431
100,status. ---,1,43.0,-2.989343768593887,2.989343768593887,2.5409422033048044
100,maintaining quality of,1,80.0,3.074772977210738,3.074772977210738,2.536687706198859
100,neurologic deficits. he,1,58.0,-3.073679113158491,3.073679113158491,2.535785268355755
100,mass now measures,1,66.0,-3.2669035874506642,3.2669035874506642,2.5318502802742646
100,dyspnea hemoptysis,1,58.0,-3.0685396084844223,3.0685396084844223,2.5315451769996486
100,biopsy demonstrated,1,67.0,-3.1557662842474667,3.1557662842474667,2.524613027397973
100,kidneys are,1,82.0,3.0593771875521893,3.0593771875521893,2.5239861797305565
100,additional focal hepatic,1,68.0,3.0578463039173482,3.0578463039173482,2.5227232007318126
100,new dyspnea,1,69.0,3.0561476415952686,3.0561476415952686,2.5213218043160968
100,tmb and stk11,1,44.0,-2.964258209946448,2.964258209946448,2.519619478454481
100,tract,1,60.0,3.053262481788103,3.053262481788103,2.518941547475185
100,30 s,1,70.0,3.051647448127714,3.051647448127714,2.5176091447053643
100,- schedule next,1,83.0,3.0238013404406763,3.0238013404406763,2.494636105863558
100,metastatic nsclc,1,61.0,3.208648231945925,3.208648231945925,2.4867023797580914
100,---------------- kras g12c,1,62.0,-3.0084367131695844,3.0084367131695844,2.4819602883649075
100,lesions. past,1,84.0,3.0016460474467164,3.0016460474467164,2.476357989143541
100,lesions. past medical,1,85.0,3.0016460474467164,3.0016460474467164,2.476357989143541
100,. physical,1,63.0,3.0945556314447757,3.0945556314447757,2.4756445051558202
100,systemic treatment,1,64.0,-3.0932423763075656,3.0932423763075656,2.4745939010460525
100,suggestive of nodal,1,65.0,3.0855915840782004,3.0855915840782004,2.46847326726256
100,gem,1,66.0,3.0824316358171746,3.0824316358171746,2.4659453086537395
100,- fixation,1,63.0,-3.0800229017837766,3.0800229017837766,2.4640183214270213
100,focal fdg-avid osseous,1,67.0,-3.0795359527211317,3.0795359527211317,2.463628762176905
100,------------------- ----------------,1,72.0,-3.078260161020428,3.078260161020428,2.462608128816342
100,cm. the,1,68.0,3.0765276629198,3.0765276629198,2.4612221303358397
100,1.8 cm in,1,46.0,-2.895285047171518,2.895285047171518,2.4609922900957906
100,increasing fatigue,1,47.0,-2.9820763951340945,2.9820763951340945,2.4602130259856283
100,benefits and risks,1,86.0,3.0644095571113428,3.0644095571113428,2.451527645689074
100,nodules multiple bilateral,1,69.0,-3.0595530853288215,3.0595530853288215,2.447642468263057
100,medications current,1,87.0,2.9617900607780916,2.9617900607780916,2.4434768001419256
100,not currently,1,48.0,-3.1515390210122107,3.1515390210122107,2.442442741284463
100,sensation,1,70.0,3.0525809002260242,3.0525809002260242,2.442064720180819
100,none cough dyspnea,1,88.0,-3.0420142594066526,3.0420142594066526,2.433611407525322
100,of stairs .,1,71.0,-3.133069205557105,3.133069205557105,2.428128634306756
100,moderate complexity -,1,90.0,3.1238674916522844,3.1238674916522844,2.4209973060305203
100,note patient john,1,67.0,-2.9230915625261793,2.9230915625261793,2.4115505390840983
100,------ --------------------------------,1,50.0,3.0089775109294314,3.0089775109294314,2.407182008743545
100,m and pembrolizumab,1,91.0,-2.9143689378261612,2.9143689378261612,2.404354373706583
100,genitourinary none,1,69.0,-3.098225169518159,3.098225169518159,2.401124506376573
100,none rash,1,74.0,-3.0916740251789334,3.0916740251789334,2.3960473695136733
100,nodules identified in,1,94.0,-2.9729287976434,2.9729287976434,2.3783430381147195
100,chest pain no,1,52.0,2.878757519678219,2.878757519678219,2.374974953734531
100,- rna-based,1,53.0,2.962752531994655,2.962752531994655,2.3702020255957237
100,differential and cmp,1,75.0,-3.055003459444269,3.055003459444269,2.367627681069308
100,alk or ros1,1,76.0,-3.0479526317707046,3.0479526317707046,2.3621632896222957
100,intra-abdominal or,1,75.0,2.947463873742338,2.947463873742338,2.35797109899387
100,positive pd-l1,1,76.0,-2.944622152422746,2.944622152422746,2.3556977219381965
100,--- review,1,78.0,-3.03663612336152,3.03663612336152,2.3533929956051773
100,--- review of,1,77.0,-3.03663612336152,3.03663612336152,2.3533929956051773
100,--- subjective chief,1,72.0,2.8454651412541265,2.8454651412541265,2.3475087415346545
100,70,1,95.0,-3.0274312087614548,3.0274312087614548,2.3462591867901272
100,seen in,1,58.0,-2.92646972521147,2.92646972521147,2.3411757801691757
100,with associated,1,59.0,-3.1177656144118386,3.1177656144118386,2.338324210808879
100,----------------------- kras c.34g>t,1,79.0,3.0165815875602022,3.0165815875602022,2.3378507303591562
100,cycles.,1,60.0,-2.9212302904424887,2.9212302904424887,2.336984232353991
100,new chest pain,1,73.0,-3.012334444219983,3.012334444219983,2.3345591942704864
100,70 role,1,61.0,2.916969277238152,2.916969277238152,2.3335754217905214
100,- sequencing platform,1,80.0,3.110830851036997,3.110830851036997,2.3331231382777475
100,--- technique,1,74.0,2.8264793832929693,2.8264793832929693,2.3318454912166997
100,identified. overall imaging,1,96.0,-2.74167183552481,2.74167183552481,2.330421060196089
100,calcium carbonate,1,98.0,-3.2081581595665485,3.2081581595665485,2.3259146656857475
100,carbonate,1,97.0,-3.2081581595665485,3.2081581595665485,2.3259146656857475
100,dr. emily s.,1,78.0,-2.9930978348387662,2.9930978348387662,2.3196508220000434
100,at a,1,62.0,-2.9801502887193903,2.9801502887193903,2.309616473757527
100,no associated,1,80.0,2.9718207164386152,2.9718207164386152,2.3031610552399266
100,arteries.,1,77.0,-2.8703685658127203,2.8703685658127203,2.296294852650176
100,previously 4.5,1,84.0,-2.9627182520288136,2.9627182520288136,2.29610664532233
100,fatigued,1,63.0,-2.962532768567164,2.962532768567164,2.2959628956395517
100,75 cognitive,1,81.0,-2.9609717027802627,2.9609717027802627,2.2947530696547034
100,rhythm no murmurs.,1,85.0,-2.9589150141581912,2.9589150141581912,2.293159135972598
100,the sampled tissue.,1,86.0,2.953912897278086,2.953912897278086,2.289282495390516
100,ma,1,64.0,-2.9521746713421497,2.9521746713421497,2.2879353702901657
100,murmurs rubs or,1,88.0,3.047468922994501,3.047468922994501,2.285601692245876
100,rubs or,1,87.0,3.047468922994501,3.047468922994501,2.285601692245876
100,without focal,1,80.0,2.9489988102250733,2.9489988102250733,2.2854740779244316
100,dermatologic none rash,1,83.0,-3.0446826361206125,3.0446826361206125,2.2835119770904595
100,complexity -,1,99.0,2.9428171441363697,2.9428171441363697,2.280683286705686
100,<1 %.,1,82.0,-3.141961111811242,3.141961111811242,2.27792180606315
100,blockade tp53,1,84.0,-2.938986261858648,2.938986261858648,2.277714352940452
100,snv 28 %,1,83.0,2.9389850119425844,2.9389850119425844,2.277713384255503
100,- occasional,1,85.0,-3.033381436118617,3.033381436118617,2.275036077088963
100,genitourinary none dysuria,1,86.0,-3.0324291289956005,3.0324291289956005,2.2743218467467003
100,or infiltrates.,1,65.0,2.934393950186493,2.934393950186493,2.274155311394532
100,snv 28,1,84.0,2.927623979146654,2.927623979146654,2.2689085838386567
100,subjective chief,1,87.0,2.8336177857265787,2.8336177857265787,2.266894228581263
100,subjective chief complaint,1,88.0,2.8336177857265787,2.8336177857265787,2.266894228581263
100,no new enlarged,1,100.0,3.1255103737599903,3.1255103737599903,2.2659950209759927
100,consistent with primary,1,90.0,3.0182096049303984,3.0182096049303984,2.263657203697799
100,. --- plan,1,91.0,-2.9124219277098944,2.9124219277098944,2.257126993975168
100,emily s.,1,89.0,-2.9086028254015144,2.9086028254015144,2.2541671896861732
100,. imaging -,1,66.0,-2.8174459211257337,2.8174459211257337,2.253956736900587
100,nodules identified,1,85.0,-2.9033046056345686,2.9033046056345686,2.2500610693667906
100,cmp creatinine 0.9,1,91.0,-2.80260158075244,2.80260158075244,2.2420812646019517
100,completed 4 cycles,1,88.0,-3.0856427530595862,3.0856427530595862,2.2370909959682
100,patient -,1,94.0,2.9771578624557398,2.9771578624557398,2.2328683968418046
100,------------ ------ --------------------------------,1,68.0,2.9746100949862337,2.9746100949862337,2.230957571239675
100,55. -,1,92.0,3.0765900604247736,3.0765900604247736,2.2305277938079606
100,70 s,1,93.0,2.7872719593389084,2.7872719593389084,2.2298175674711267
100,in the context,1,69.0,2.8666611424589847,2.8666611424589847,2.221662385405713
100,cores 5 cores,1,96.0,-2.863177161570711,2.863177161570711,2.2189623002173007
100,low-dose dexamethasone 4,1,70.0,-2.9586085619968365,2.9586085619968365,2.2189564214976274
100,dimension previously,1,96.0,-3.282914290852246,3.282914290852246,2.215967146325266
100,or neurologic changes.,1,92.0,-3.0519385917142787,3.0519385917142787,2.212655478992852
100,chest in 6,1,97.0,-3.0398028340233036,3.0398028340233036,2.203857054666895
100,established patient -,1,97.0,3.039794454247022,3.039794454247022,2.203850979329091
100,nausea 10 pain,1,98.0,-3.0315474996338705,3.0315474996338705,2.197871937234556
100,patient john martinez,1,98.0,-2.8335443192292065,2.8335443192292065,2.195996847402635
100,neurologic no weakness,1,99.0,2.9220437393884366,2.9220437393884366,2.1915328045413274
100,mild tenderness over,1,97.0,2.8201768900922897,2.8201768900922897,2.1856370898215243
100,chest wall,1,98.0,-3.0110619107709904,3.0110619107709904,2.183019885308968
100,none bone,1,101.0,-2.9066608819052497,2.9066608819052497,2.1799956614289373
100,none bone pain,1,100.0,-2.9066608819052497,2.9066608819052497,2.1799956614289373
100,0.6 cm,1,99.0,3.1118898138095643,3.1118898138095643,2.1783228696666947
100,organ,1,100.0,-2.8810064426822803,2.8810064426822803,2.16075483201171
100,oncologic management -,1,74.0,3.0845225436592565,3.0845225436592565,2.1591657805614792
100,each core,1,76.0,-2.6950289583760285,2.6950289583760285,2.1560231667008227
100,to reduced responsiveness,1,77.0,2.874499047796538,2.874499047796538,2.1558742858474034
100,linked to reduced,1,78.0,2.972032023780926,2.972032023780926,2.1547232172411714
100,mildly fatigued,1,80.0,-2.9383935782736406,2.9383935782736406,2.1303353442483894
100,if a,1,81.0,2.935817493562935,2.935817493562935,2.128467682833128
100,weeks earlier,1,83.0,-2.9152453189019774,2.9152453189019774,2.1135528562039334
100,low pd-l1,1,84.0,-2.9851453535442993,2.9851453535442993,2.0896017474810096
100,are common in,1,87.0,-2.9416930204190894,2.9416930204190894,2.0591851142933626
100,constitutional fatigue weight,1,88.0,-2.917795118554035,2.917795118554035,2.0424565829878243
100,--- laboratory results,1,89.0,-2.711240122559179,2.711240122559179,2.033430091919384
100,appears mildly fatigued,1,90.0,-2.901491962784187,2.901491962784187,2.031044373948931
100,routine follow-up,1,92.0,2.7835285075093577,2.7835285075093577,2.018058167944284
100,stable. - no,1,94.0,2.770612725872063,2.770612725872063,2.0086942262572456
100,show mild,1,95.0,-2.8643879135581143,2.8643879135581143,2.0050715394906797
100,lung no focal,1,96.0,2.810486907164709,2.810486907164709,1.9673408350152963
200,% low,5,9.0,-3.7329096945239413,3.7329096945239413,3.621923173180715
200,neurologic symptoms or,5,33.6,-3.443944520641184,3.443944520641184,3.2013817434421354
200,lung no,5,29.4,3.4207339030786814,3.4207339030786814,3.1688579424887324
200,55.,5,33.4,3.281059234514372,3.281059234514372,3.1150461933878093
200,kidneys,5,46.0,3.4151140663049353,3.4151140663049353,2.936012016174865
200,pd-l1 <1,5,61.0,-3.35308766577941,3.35308766577941,2.8691224030034057
200,nkda social history,5,52.4,-3.2768271965955607,3.2768271965955598,2.783667356235026
200,nkda social,5,57.0,-3.2768271965955607,3.2768271965955598,2.7691868349246436
200,canal,5,64.8,3.2016965339573438,3.2016965339573438,2.761086166388402
200,low pd-l1 expression,5,62.6,-3.2121857503096516,3.2121857503096516,2.6867540277120137
200,syndromes --- physical,4,5.0,-3.896294406304595,3.8962944063045954,3.8248540658899195
200,hour <new,4,15.5,3.5732883513913025,3.5732883513913025,3.418909714774191
200,hour <new note>,4,15.5,3.5732883513913025,3.5732883513913025,3.418909714774191
200,syndromes ---,4,23.0,-3.4912785458863675,3.491278545886368,3.23393062372375
200,cancer syndromes ---,4,24.25,-3.468745270228745,3.468745270228745,3.212703637662217
200,or masses.,4,39.5,3.348716752006747,3.348716752006747,2.947718310139015
200,high pd-l1 expression,4,53.0,3.35790670452095,3.35790670452095,2.924107382986909
200,reasonable,4,55.0,-3.251102212486755,3.251102212486755,2.870294529376105
200,high pd-l1,4,63.0,3.291231262636173,3.291231262636173,2.8214030054537256
200,carcinoma adenocarcinoma,4,77.5,3.3328055741341793,3.3328055741341793,2.7629653518662884
200,is within,4,46.75,-3.207087728180134,3.2070877281801335,2.7316777577259006
200,lung carcinoma adenocarcinoma,4,86.25,3.269743732436055,3.269743732436055,2.656254818833048
200,he reports increasing,4,68.0,-3.0848889682551315,3.084888968255132,2.4521840727904727
200,<1,4,90.75,-3.113225731575686,3.113225731575686,2.4049052002780065
200,mediastinum hilar nodes,4,91.0,-3.101237346895532,3.101237346895532,2.3780378048653565
200,spinal canal,4,94.5,3.0039100476727447,3.0039100476727447,2.364556329037535
200,cancer nsclc -,4,90.75,3.031786359508291,3.031786359508291,2.3604665572097163
200,cell-cycle progression.,4,108.25,-2.878161716189502,2.878161716189502,2.281973866460134
200,of first-line carboplatin,4,110.25,-3.0573090987592275,3.0573090987592275,2.230989877411685
200,1 % low,4,102.25,-2.9730336153458308,2.9730336153458308,2.1996825147391394
200,lung no new,4,109.75,2.886083529180487,2.886083529180487,2.182494592265936
200,epidural,4,138.75,2.793762094092339,2.793762094092339,2.026366964481907
200,superior vena cava,3,15.333333333333334,-3.6515608800063526,3.6515608800063526,3.4973149633401337
200,cava,3,15.333333333333334,-3.6406367307334935,3.6406367307334935,3.485515560032214
200,vena cava,3,16.333333333333332,-3.6406367307334935,3.6406367307334935,3.485515560032214
200,vena,3,29.333333333333332,-3.4913162206468074,3.4913162206468074,3.244070452752418
200,superior vena,3,31.0,-3.501177449951941,3.501177449951941,3.2309830261097736
200,moderate complexity <new,3,43.0,-3.3992472927007547,3.3992472927007547,3.0446712362801396
200,- metastatic nsclc,3,51.666666666666664,3.2886987591053267,3.2886987591053267,2.9096660998107127
200,evidence of superior,3,80.66666666666667,-3.220716472023311,3.220716472023311,2.7603426462042377
200,tps >=,3,57.666666666666664,3.103644050973864,3.103644050973863,2.663663297887494
200,pd-l1 <1 %.,3,52.666666666666664,-3.1962448864059607,3.1962448864059607,2.6398364401988323
200,pain palpitations or,3,73.0,3.144824781238676,3.144824781238676,2.6257914028580025
200,spinal,3,80.66666666666667,3.0771893668287404,3.0771893668287404,2.6200180691589128
200,anc <1.0,3,77.66666666666667,-3.1875398130204613,3.187539813020462,2.6064253074986534
200,800,3,68.33333333333333,3.033134678406021,3.033134678406021,2.5030629548333025
200,objective,3,66.66666666666667,3.0382787212561406,3.0382787212561406,2.499501866070738
200,70 100 fatigue,3,75.0,-3.066513530396657,3.066513530396657,2.4968844893577096
200,with a more,3,70.66666666666667,-3.026495084210852,3.026495084210852,2.4745472846806975
200,phase ii,3,74.0,-3.0837354727986455,3.0837354727986455,2.458461787011307
200,m1 right,3,79.33333333333333,2.9391967363155103,2.9391967363155103,2.429186647729429
200,left lung no,3,64.0,2.9905513253418228,2.9905513253418228,2.4052175108092135
200,nodules or masses.,3,97.33333333333333,3.0563006396655763,3.0563006396655763,2.3635910814720873
200,are diagnostic,3,80.66666666666667,2.963941121673131,2.963941121673131,2.35158633347721
200,are diagnostic of,3,81.0,2.963941121673131,2.963941121673131,2.35158633347721
200,infusion hold chemotherapy,3,98.33333333333333,-2.98689416819276,2.98689416819276,2.3348066564698127
200,symptoms or,3,81.33333333333333,-3.0110446760979896,3.0110446760979896,2.318284822723253
200,- left lung,3,71.66666666666667,2.970530968358467,2.970530968358467,2.310972699881267
200,lobe primary nsclc,3,103.66666666666667,3.0295798145845736,3.0295798145845736,2.3107670583696236
200,social function 70,3,97.0,-2.9565912432444015,2.9565912432444006,2.2865196979150255
200,first hour <new,3,105.0,3.046181849993714,3.046181849993714,2.2514870512945966
200,2.5 mg,3,101.66666666666667,-3.003557517796216,3.003557517796216,2.2222475723998216
200,left lung,3,110.0,2.93481120088814,2.9348112008881397,2.2125204370056193
200,with differential and,3,87.0,-3.0317270971279506,3.0317270971279506,2.2086473941840836
200,differential and,3,88.66666666666667,-3.0200203994825543,3.0200203994825543,2.2005979888175733
200,seizures dermatologic,3,117.33333333333333,-2.9623515101989626,2.962351510198962,2.1960015892192932
200,lesions. past,3,104.33333333333333,2.9175549892893,2.9175549892893,2.1440941341269526
200,lesions. past medical,3,104.0,2.9175549892893,2.9175549892893,2.1440941341269526
200,disease progression depression,3,131.66666666666666,-2.917157277784572,2.917157277784572,2.0625327322556966
200,status. ---,3,123.66666666666667,-2.85605826807647,2.85605826807647,2.0326194243682942
200,none rash,3,143.66666666666666,-2.904536023862424,2.904536023862424,1.9938494535643538
200,dermatologic none rash,3,126.33333333333333,-2.8946405514423588,2.8946405514423588,1.9911923946677916
200,--- subjective chief,3,131.0,2.7407920322179735,2.7407920322179735,1.9475002875148402
200,after prior,3,138.0,2.877284747308696,2.877284747308696,1.9184553030167815
200,whichever,3,148.33333333333334,-2.82175678744373,2.82175678744373,1.8575704010707241
200,adenopathy.,2,22.0,3.5543192475883867,3.5543192475883867,3.287745304019258
200,of superior,2,34.0,-3.340616632827561,3.340616632827561,3.19239100219976
200,may be,2,31.0,-3.280502647227073,3.280502647227073,3.074159081748858
200,of superior vena,2,44.0,-3.2407881739211883,3.2407881739211883,2.9198087801830113
200,lung shows,2,50.5,3.309240194360113,3.309240194360113,2.893916156567874
200,metastasis in,2,49.0,3.236586168450538,3.236586168450538,2.866767751639607
200,recist criteria,2,51.5,3.2264104781158816,3.2264104781158816,2.8438690908063826
200,pain no new,2,87.5,-3.3301602582753205,3.3301602582753205,2.83410407206082
200,complexity <new,2,54.5,-3.3303986977910007,3.3303986977910007,2.8214299405706953
200,complexity <new note>,2,55.5,-3.3303986977910007,3.3303986977910007,2.8214299405706953
200,pelvic lymphadenopathy.,2,70.5,-3.3860289533913646,3.3860289533913646,2.8192858987273097
200,superior,2,57.5,-3.2893836425230356,3.2893836425230356,2.7548105010920194
200,55 emotional,2,33.5,3.0706975549366247,3.0706975549366247,2.6868603605695465
200,<1 %,2,55.0,-3.2265245008768666,3.2265245008768666,2.6633623539732985
200,40 100 emotional,2,46.0,-3.1331602976629584,3.1331602976629584,2.662365355561022
200,role function 40,2,51.0,-3.129313754099454,3.129313754099454,2.656348750255698
200,55 emotional function,2,38.0,3.055937388859017,3.055937388859017,2.6370246582562555
200,analgesia,2,58.0,-3.1507104126694134,3.1507104126694134,2.630853448526472
200,rubs,2,48.0,3.074236250285015,3.074236250285015,2.6179377003841946
200,with primary,2,66.5,3.131837112845017,3.131837112845017,2.6091504586611842
200,reports increasing,2,47.0,-3.0819935464088664,3.0819935464088664,2.5961675832988793
200,cytopenias,2,79.5,-3.118746247682076,3.118746247682076,2.5893561821600537
200,- metastatic,2,75.0,3.2036195881636553,3.2036195881636553,2.5879917439201434
200,and may,2,70.0,-3.026877225879976,3.026877225879976,2.587192953039345
200,allergies nkda social,2,84.5,-3.110001978131044,3.110001978131044,2.550282933344074
200,no cervical adenopathy.,2,82.0,3.0755053473819602,3.0755053473819602,2.5283794242065496
200,on quality,2,84.5,-3.135279227368687,3.135279227368687,2.5153787752272563
200,on quality of,2,83.5,-3.135279227368687,3.135279227368687,2.5153787752272563
200,reports increasing fatigue,2,53.5,-3.0463659516589763,3.0463659516589763,2.512506846609944
200,upper-normal,2,73.0,-3.034818153746989,3.034818153746989,2.507633231896329
200,pd-l1 22c3,2,57.0,-3.07748932706579,3.07748932706579,2.503917929726488
200,trends mild anemia,2,61.0,3.10116292858815,3.10116292858815,2.487015530755033
200,and to discuss,2,79.5,-3.103130463163162,3.103130463163162,2.4858436380176294
200,- fda-approved,2,72.5,2.9959933425430187,2.9959933425430187,2.4440381869958827
200,laboratory trends mild,2,66.0,3.031513117527174,3.031513117527174,2.4272179950323083
200,trends mild,2,67.0,3.031513117527174,3.031513117527174,2.4272179950323083
200,morphine 2.5,2,88.5,-3.088527680672959,3.088527680672959,2.4172391323272775
200,morphine 2.5 mg,2,89.5,-3.088527680672959,3.088527680672959,2.4172391323272775
200,palpitations or,2,83.5,3.085886373759622,3.085886373759622,2.4135465211409395
200,mass or,2,84.0,3.0345372556565176,3.0345372556565176,2.4107228481715763
200,indicated,2,79.5,2.9928161941794618,2.9928161941794618,2.405330773797221
200,increasing,2,86.5,-3.087260076675313,3.087260076675313,2.4015631945959526
200,cervical adenopathy.,2,89.5,3.0044028208489317,3.0044028208489317,2.380807490878924
200,offer early,2,70.5,-3.060772110454482,3.060772110454482,2.3756460857595245
200,immunoprofile,2,66.0,2.961326711027937,2.961326711027937,2.3689100203840163
200,alk or,2,86.0,-3.0937396519671005,3.0937396519671005,2.3614107038609955
200,70 100,2,87.0,-2.9899401445178198,2.9899401445178198,2.3584669795126008
200,60 %,2,80.0,3.027543684901336,3.027543684901336,2.350335311327396
200,the limited upper,2,77.0,-3.051817123752449,3.051817123752449,2.3430221056038896
200,function 55 emotional,2,66.5,2.969617274672955,2.969617274672955,2.340171846364375
200,given molecular,2,81.0,2.8955789150813103,2.8955789150813103,2.3319789668863313
200,john martinez age,2,66.5,-2.914691134006565,2.914691134006565,2.3317529072052516
200,murmurs rubs,2,86.5,2.9724237159866793,2.9724237159866793,2.3144368073228625
200,no murmurs rubs,2,86.5,2.9724237159866793,2.9724237159866793,2.3144368073228625
200,fdg-avid osseous lesions,2,76.5,-2.974577051943808,2.974577051943808,2.3131964482724303
200,definitive squamous,2,92.0,3.0292370136641447,3.0292370136641447,2.3079003540848633
200,no definitive squamous,2,91.0,3.0292370136641447,3.0292370136641447,2.3079003540848633
200,maintaining quality,2,102.0,2.9972255056396433,2.9972255056396433,2.297106605502125
200,clinician,2,104.5,2.9143401523631205,2.9143401523631205,2.2861047651479263
200,- rna-based,2,79.0,2.9081765497699648,2.9081765497699648,2.2552012256273395
200,gem,2,101.0,2.948877971473001,2.948877971473001,2.2183361618219593
200,alk or ros1,2,102.5,-3.0009596081403944,3.0009596081403944,2.214969949389677
200,----------------------- kras c.34g>t,2,108.0,3.0086550453233847,3.0086550453233847,2.1816712349712946
200,mass now measures,2,111.5,-3.033628535224497,3.033628535224497,2.1760400221115894
200,tract,2,105.5,2.9878737490112126,2.9878737490112126,2.172747341310818
200,lungs - a,2,104.5,-2.866310791395186,2.866310791395186,2.1710476139322745
200,additional focal hepatic,2,113.5,2.8736794097501432,2.8736794097501432,2.1690720743751477
200,---------------- kras g12c,2,105.0,-2.860055203161549,2.860055203161549,2.1561700156217647
200,murmurs rubs or,2,104.5,2.912763872960971,2.912763872960971,2.1498471694341355
200,rubs or,2,104.5,2.912763872960971,2.912763872960971,2.1498471694341355
200,maintaining quality of,2,124.0,2.9473630702776674,2.9473630702776674,2.149579216644616
200,fatigue grade,2,111.5,2.92275636989878,2.92275636989878,2.1406560500052056
200,administer,2,125.5,2.9133381439741703,2.9133381439741703,2.130160152023977
200,pack-years quit 2,2,126.5,-2.8859200435317325,2.8859200435317325,2.1095108012617776
200,increasing fatigue,2,116.0,-2.844244698482794,2.844244698482794,2.075860576065156
200,metastatic nsclc,2,115.0,2.9301243626704823,2.9301243626704823,2.0719763440649954
200,medications current,2,134.5,2.785681392834653,2.785681392834653,2.069849535660608
200,70,2,142.5,-2.8995258013406033,2.8995258013406033,2.039260966494986
200,identified. overall imaging,2,125.0,-2.6851492583022205,2.6851492583022205,2.0195142014489247
200,nodules identified in,2,143.5,-2.8547269089767813,2.8547269089767813,2.010129025150409
200,dyspnea 25,2,135.5,-2.913639017857379,2.913639017857379,2.0020683310003626
200,dimension previously,2,116.5,-3.070737308808047,3.070737308808047,2.001283675276335
200,of stairs .,2,134.5,-2.9663659797156585,2.9663659797156585,1.9839715744687862
200,patient john martinez,2,123.0,-2.759768311172065,2.759768311172065,1.9709459222136674
200,low pd-l1,2,122.0,-2.9412231325013707,2.9412231325013707,1.9502074085712677
200,current -,2,147.0,2.7739323825881512,2.7739323825881512,1.9495547991860982
200,. imaging -,2,130.0,-2.7762673280994226,2.7762673280994226,1.9475049889722267
200,- within normal,2,147.0,-2.7896830306575024,2.7896830306575024,1.9185278840158988
200,unchecked cell-cycle progression.,2,148.5,-2.71181705674656,2.71181705674656,1.8995935182444974
200,stairs .,2,152.0,-2.7983347494286184,2.7983347494286184,1.893248258048717
200,and may contribute,2,163.5,-2.793261215871164,2.793261215871164,1.8854513207130355
200,of oral prednisone,2,147.0,-2.756340347598192,2.756340347598192,1.8337917569240143
200,unremarkable. - no,2,158.0,-2.742126017958573,2.742126017958573,1.8170591902495778
200,for ongoing trials,2,142.5,2.9010689018463394,2.9010689018463394,1.8131680636539622
200,primary nsclc,2,164.0,2.6733664344042087,2.6733664344042087,1.8057679540629068
200,10 days ago,2,159.5,-2.72590559658336,2.72590559658336,1.8046695821857166
200,metastasis management,2,156.0,2.667542701973873,2.667542701973873,1.8018396560396845
200,- discuss potential,2,152.0,-2.7459217150187456,2.7459217150187456,1.7854387792850503
200,0.2 cm 0.2,2,169.5,-2.761072229631761,2.761072229631761,1.7641256564849166
200,core biopsy .,2,188.5,-2.783064441857131,2.783064441857131,1.7394152761607067
200,testing.,2,190.0,2.73910997577942,2.73910997577942,1.7116108488995583
200,collections,2,178.0,-2.6128300538308387,2.6128300538308387,1.6983395349900452
200,score < 1,2,181.0,-2.7521908215650273,2.7521908215650273,1.6864055637212303
200,have demonstrated activity,2,193.5,-2.68984850717808,2.68984850717808,1.6811553169862998
200,-------------------,1,4.0,-4.050533997648014,4.050533997648014,4.050533997648014
200,cell lung carcinoma,1,12.0,3.834324293368293,3.834324293368293,3.7384661860340853
200,and immunophenotypic profile,1,8.0,-3.701785887594039,3.701785887594039,3.701785887594039
200,immunophenotypic profile,1,9.0,-3.701785887594039,3.701785887594039,3.701785887594039
200,lesions identified. overall,1,7.0,-3.685491871765771,3.685491871765771,3.5933545749716265
200,general fatigue,1,7.0,3.5635184840390077,3.5635184840390077,3.5635184840390077
200,axial dimension previously,1,22.0,-3.5971762206862223,3.5971762206862223,3.507246815169067
200,pd-l1 <1 %,1,23.0,-3.6453636551690853,3.6453636551690853,3.463095472410631
200,initial oncology,1,12.0,-3.4547440824183533,3.4547440824183533,3.3683754803578942
200,tingling in feet,1,16.0,-3.424533486225931,3.424533486225931,3.3389201490702827
200,and portal-venous,1,22.0,3.3980632995599938,3.3980632995599938,3.313111717070994
200,global health 70,1,7.0,-3.4662404659223207,3.4662404659223207,3.2929284426262044
200,intra-abdominal,1,26.0,3.5569243405258177,3.5569243405258177,3.2901550149863814
200,health 70,1,8.0,-3.450465138739984,3.450465138739984,3.2779418818029846
200,the two,1,18.0,-3.4320830439054766,3.4320830439054766,3.2604788917102026
200,are seen in,1,13.0,-3.4055217022675026,3.4055217022675026,3.2352456171541273
200,patient reports a,1,24.0,3.4960636901835977,3.4960636901835977,3.233858913419828
200,to obtain,1,14.0,-3.491592028206076,3.491592028206076,3.2297226260906204
200,immunophenotypic profile is,1,26.0,-3.395561249763183,3.395561249763183,3.2257831872750238
200,lisinopril - no,1,28.0,-3.46805280094168,3.46805280094168,3.207948840871054
200,are normal in,1,27.0,3.4584518080543725,3.4584518080543725,3.1990679224502947
200,-------- -------------------,1,30.0,-3.343898350548475,3.343898350548475,3.176703433021051
200,score <1 %,1,28.0,-3.253660771426868,3.253660771426868,3.1723192521411963
200,lymphadenopathy. - lungs,1,31.0,-3.3326332096097393,3.3326332096097393,3.1660015491292524
200,of the primary,1,22.0,-3.514137875208284,3.514137875208284,3.1627240876874554
200,impact on quality,1,15.0,-3.4077022322536235,3.4077022322536235,3.152124564834602
200,health 70 100,1,16.0,-3.388242781214603,3.388242781214603,3.134124572623508
200,- age,1,24.0,-3.3869165701364032,3.3869165701364032,3.132897827376173
200,occasional alcohol,1,26.0,-3.4665297458877267,3.4665297458877267,3.119876771298954
200,- a,1,27.0,-3.3268669536966358,3.3268669536966358,3.077351932169388
200,to reduced,1,18.0,3.285725270576866,3.285725270576866,3.0392958752836012
200,ago - occasional,1,29.0,-3.196665205146557,3.196665205146557,3.036831944889229
200,- high pd-l1,1,33.0,3.281330981846152,3.281330981846152,3.035231158207691
200,adenopathy. -,1,30.0,3.152033513339565,3.152033513339565,2.9944318376725865
200,in previously,1,37.0,3.3074296490378465,3.3074296490378465,2.976686684134062
200,lung carcinoma,1,40.0,3.400804181063516,3.400804181063516,2.9757036584305765
200,erythema over,1,20.0,-3.206722556835615,3.206722556835615,2.966218365072944
200,surgeries medications -,1,32.0,-3.379071740588888,3.379071740588888,2.956687773015277
200,wild-type other,1,42.0,-3.1890841323439063,3.1890841323439063,2.9499028224181134
200,wall bones,1,44.0,-3.2172154577069705,3.2172154577069705,2.8954939119362737
200,e.g. new,1,42.0,3.400860755346706,3.400860755346706,2.8907316420447002
200,and unchanged,1,43.0,-3.120954755796891,3.120954755796891,2.8868831491121245
200,mass now,1,45.0,-3.3822420374407023,3.3822420374407023,2.8749057318245974
200,deletion exons 1-2,1,47.0,-3.266631511333627,3.266631511333627,2.8583025724169233
200,exons 1-2,1,46.0,-3.266631511333627,3.266631511333627,2.8583025724169233
200,are normal,1,46.0,3.261739035351764,3.261739035351764,2.8540216559327938
200,anc <1.0 k,1,23.0,-3.2616931219542993,3.2616931219542993,2.853981481710012
200,multiplanar reconstructions,1,26.0,3.1670096207354437,3.1670096207354437,2.8503086586618993
200,chest wall bones,1,49.0,-3.1652802029829923,3.1652802029829923,2.8487521826846933
200,- general fatigue,1,36.0,3.2454641967504245,3.2454641967504245,2.8397811721566213
200,ml s,1,28.0,3.2322058745964504,3.2322058745964504,2.8281801402718942
200,vaf copy-number,1,51.0,3.221428069545627,3.221428069545627,2.8187495608524236
200,30 nausea,1,39.0,-3.1230795761526946,3.1230795761526946,2.810771618537425
200,fatigue 30 nausea,1,38.0,-3.1230795761526946,3.1230795761526946,2.810771618537425
200,ttf-1 napsin,1,51.0,3.2078122903113155,3.2078122903113155,2.806835754022401
200,ttf-1 napsin a,1,50.0,3.2078122903113155,3.2078122903113155,2.806835754022401
200,calcium carbonate +,1,54.0,-3.1060841930797634,3.1060841930797634,2.7954757737717872
200,carbonate +,1,52.0,-3.1060841930797634,3.1060841930797634,2.7954757737717872
200,carbonate + vitamin,1,53.0,-3.1060841930797634,3.1060841930797634,2.7954757737717872
200,smarca4,1,55.0,-3.28631090351791,3.28631090351791,2.7933642679902237
200,loss-of-function cdkn2a,1,56.0,3.0961399023841722,3.0961399023841722,2.786525912145755
200,if anc <1.0,1,26.0,-3.179379157207741,3.179379157207741,2.7819567625567734
200,minutes post-injection. low-dose,1,57.0,-3.17606822061463,3.17606822061463,2.779059693037801
200,follow-up progress note,1,43.0,-3.267755626652646,3.267755626652646,2.7775922826547492
200,oncology follow-up progress,1,42.0,-3.267755626652646,3.267755626652646,2.7775922826547492
200,imaging follow-up -,1,54.0,-3.364340425606289,3.364340425606289,2.7755808511251887
200,for 3,1,58.0,3.1544766055223534,3.1544766055223534,2.760167029832059
200,3 ml s,1,32.0,3.1333941326277492,3.1333941326277492,2.7417198660492805
200,deficits. he,1,44.0,-3.1162511993940036,3.1162511993940036,2.726719799469753
200,achieved,1,58.0,-3.2064998784901557,3.2064998784901557,2.7255248967166326
200,loss-of-function cdkn2a homozygous,1,62.0,3.025036905460371,3.025036905460371,2.722533214914334
200,on recent,1,59.0,3.1877136645696447,3.1877136645696447,2.7095566148841983
200,mucosa moist.,1,60.0,3.176879250435517,3.176879250435517,2.7003473628701897
200,l anc 1.2,1,31.0,-3.073313239372152,3.073313239372152,2.689149084450633
200,oral mucosa moist.,1,61.0,3.163075011652439,3.163075011652439,2.6886137599045736
200,report specimen,1,66.0,3.0717710390562143,3.0717710390562143,2.6877996591741873
200,multiplanar,1,36.0,3.1578805732241233,3.1578805732241233,2.684198487240505
200,g12c mutant stk11,1,46.0,-3.2498199835083827,3.2498199835083827,2.681101486394416
200,evidence of acute,1,67.0,3.1448604869353955,3.1448604869353955,2.6731314138950864
200,the immunophenotype ttf-1+,1,40.0,-3.038418189053369,3.038418189053369,2.6586159154216977
200,complexity - 96413,1,70.0,3.1257406272313424,3.1257406272313424,2.6568795331466415
200,progression depression,1,44.0,-3.2032824855426214,3.2032824855426214,2.642708050572663
200,abdominal pain or,1,72.0,3.1064259296813166,3.1064259296813166,2.6404620402291195
200,prior surgeries medications,1,48.0,-3.2848033125623366,3.2848033125623366,2.6278426500498693
200,surgeries medications,1,49.0,-3.277268243718,3.277268243718,2.6218145949743996
200,difficulty,1,48.0,-3.083060603958027,3.083060603958027,2.6206015133643232
200,thickness 1.25 mm,1,75.0,3.17597783285492,3.17597783285492,2.6201817121053095
200,bowel sounds.,1,49.0,3.0818603471935178,3.0818603471935178,2.6195812951144903
200,. physical examination,1,50.0,3.166568984116428,3.166568984116428,2.6124194118960533
200,no vomiting,1,76.0,3.069742117292941,3.069742117292941,2.609280799699
200,- chest pain,1,51.0,-3.066731546408126,3.066731546408126,2.6067218144469075
200,loss -,1,50.0,3.157320913059324,3.157320913059324,2.6047897532739426
200,3 nad in,1,39.0,2.976470432419841,2.976470432419841,2.604411628367361
200,70 100 instrument,1,52.0,-3.134352713796802,3.134352713796802,2.585840988882362
200,missense snv,1,64.0,2.953887333643565,2.953887333643565,2.5846514169381196
200,pd-l1 blockade tp53,1,52.0,-3.035929147178446,3.035929147178446,2.5805397751016796
200,foci identified,1,55.0,-3.2085551865963593,3.2085551865963593,2.5668441492770873
200,none cough,1,77.0,-3.101843711047492,3.101843711047492,2.5590210616141813
200,respiratory none cough,1,78.0,-3.101843711047492,3.101843711047492,2.5590210616141813
200,three cycles,1,65.0,3.0077625932041214,3.0077625932041214,2.5565982042235036
200,follow-up progress,1,57.0,-3.0844389767841425,3.0844389767841425,2.544662155846918
200,resolved .,1,79.0,3.082261601669613,3.082261601669613,2.542865821377431
200,neurologic deficits. he,1,58.0,-3.073679113158491,3.073679113158491,2.535785268355755
200,dyspnea hemoptysis,1,58.0,-3.0685396084844223,3.0685396084844223,2.5315451769996486
200,biopsy demonstrated,1,67.0,-3.1557662842474667,3.1557662842474667,2.524613027397973
200,kidneys are,1,82.0,3.0593771875521893,3.0593771875521893,2.5239861797305565
200,new dyspnea,1,69.0,3.0561476415952686,3.0561476415952686,2.5213218043160968
200,tmb and stk11,1,44.0,-2.964258209946448,2.964258209946448,2.519619478454481
200,30 s,1,70.0,3.051647448127714,3.051647448127714,2.5176091447053643
200,- schedule next,1,83.0,3.0238013404406763,3.0238013404406763,2.494636105863558
200,. physical,1,63.0,3.0945556314447757,3.0945556314447757,2.4756445051558202
200,systemic treatment,1,64.0,-3.0932423763075656,3.0932423763075656,2.4745939010460525
200,suggestive of nodal,1,65.0,3.0855915840782004,3.0855915840782004,2.46847326726256
200,- fixation,1,63.0,-3.0800229017837766,3.0800229017837766,2.4640183214270213
200,focal fdg-avid osseous,1,67.0,-3.0795359527211317,3.0795359527211317,2.463628762176905
200,------------------- ----------------,1,72.0,-3.078260161020428,3.078260161020428,2.462608128816342
200,cm. the,1,68.0,3.0765276629198,3.0765276629198,2.4612221303358397
200,1.8 cm in,1,46.0,-2.895285047171518,2.895285047171518,2.4609922900957906
200,benefits and risks,1,86.0,3.0644095571113428,3.0644095571113428,2.451527645689074
200,nodules multiple bilateral,1,69.0,-3.0595530853288215,3.0595530853288215,2.447642468263057
200,not currently,1,48.0,-3.1515390210122107,3.1515390210122107,2.442442741284463
200,sensation,1,70.0,3.0525809002260242,3.0525809002260242,2.442064720180819
200,none cough dyspnea,1,88.0,-3.0420142594066526,3.0420142594066526,2.433611407525322
200,moderate complexity -,1,90.0,3.1238674916522844,3.1238674916522844,2.4209973060305203
200,note patient john,1,67.0,-2.9230915625261793,2.9230915625261793,2.4115505390840983
200,------ --------------------------------,1,50.0,3.0089775109294314,3.0089775109294314,2.407182008743545
200,m and pembrolizumab,1,91.0,-2.9143689378261612,2.9143689378261612,2.404354373706583
200,genitourinary none,1,69.0,-3.098225169518159,3.098225169518159,2.401124506376573
200,chest pain no,1,52.0,2.878757519678219,2.878757519678219,2.374974953734531
200,differential and cmp,1,75.0,-3.055003459444269,3.055003459444269,2.367627681069308
200,intra-abdominal or,1,75.0,2.947463873742338,2.947463873742338,2.35797109899387
200,positive pd-l1,1,76.0,-2.944622152422746,2.944622152422746,2.3556977219381965
200,--- review,1,78.0,-3.03663612336152,3.03663612336152,2.3533929956051773
200,--- review of,1,77.0,-3.03663612336152,3.03663612336152,2.3533929956051773
200,seen in,1,58.0,-2.92646972521147,2.92646972521147,2.3411757801691757
200,with associated,1,59.0,-3.1177656144118386,3.1177656144118386,2.338324210808879
200,cycles.,1,60.0,-2.9212302904424887,2.9212302904424887,2.336984232353991
200,new chest pain,1,73.0,-3.012334444219983,3.012334444219983,2.3345591942704864
200,70 role,1,61.0,2.916969277238152,2.916969277238152,2.3335754217905214
200,- sequencing platform,1,80.0,3.110830851036997,3.110830851036997,2.3331231382777475
200,--- technique,1,74.0,2.8264793832929693,2.8264793832929693,2.3318454912166997
200,calcium carbonate,1,98.0,-3.2081581595665485,3.2081581595665485,2.3259146656857475
200,carbonate,1,97.0,-3.2081581595665485,3.2081581595665485,2.3259146656857475
200,dr. emily s.,1,78.0,-2.9930978348387662,2.9930978348387662,2.3196508220000434
200,at a,1,62.0,-2.9801502887193903,2.9801502887193903,2.309616473757527
200,no associated,1,80.0,2.9718207164386152,2.9718207164386152,2.3031610552399266
200,arteries.,1,77.0,-2.8703685658127203,2.8703685658127203,2.296294852650176
200,previously 4.5,1,84.0,-2.9627182520288136,2.9627182520288136,2.29610664532233
200,fatigued,1,63.0,-2.962532768567164,2.962532768567164,2.2959628956395517
200,75 cognitive,1,81.0,-2.9609717027802627,2.9609717027802627,2.2947530696547034
200,rhythm no murmurs.,1,85.0,-2.9589150141581912,2.9589150141581912,2.293159135972598
200,the sampled tissue.,1,86.0,2.953912897278086,2.953912897278086,2.289282495390516
200,ma,1,64.0,-2.9521746713421497,2.9521746713421497,2.2879353702901657
200,without focal,1,80.0,2.9489988102250733,2.9489988102250733,2.2854740779244316
200,complexity -,1,99.0,2.9428171441363697,2.9428171441363697,2.280683286705686
200,<1 %.,1,82.0,-3.141961111811242,3.141961111811242,2.27792180606315
200,blockade tp53,1,84.0,-2.938986261858648,2.938986261858648,2.277714352940452
200,snv 28 %,1,83.0,2.9389850119425844,2.9389850119425844,2.277713384255503
200,- occasional,1,85.0,-3.033381436118617,3.033381436118617,2.275036077088963
200,genitourinary none dysuria,1,86.0,-3.0324291289956005,3.0324291289956005,2.2743218467467003
200,or infiltrates.,1,65.0,2.934393950186493,2.934393950186493,2.274155311394532
200,snv 28,1,84.0,2.927623979146654,2.927623979146654,2.2689085838386567
200,subjective chief,1,87.0,2.8336177857265787,2.8336177857265787,2.266894228581263
200,subjective chief complaint,1,88.0,2.8336177857265787,2.8336177857265787,2.266894228581263
200,no new enlarged,1,100.0,3.1255103737599903,3.1255103737599903,2.2659950209759927
200,consistent with primary,1,90.0,3.0182096049303984,3.0182096049303984,2.263657203697799
200,. --- plan,1,91.0,-2.9124219277098944,2.9124219277098944,2.257126993975168
200,emily s.,1,89.0,-2.9086028254015144,2.9086028254015144,2.2541671896861732
200,nodules identified,1,85.0,-2.9033046056345686,2.9033046056345686,2.2500610693667906
200,presence of kras,1,102.0,-2.8931417888277284,2.8931417888277284,2.2421848863414895
200,cmp creatinine 0.9,1,91.0,-2.80260158075244,2.80260158075244,2.2420812646019517
200,nodes up,1,104.0,-2.8925000761441857,2.8925000761441857,2.2416875590117438
200,nodes up to,1,103.0,-2.8925000761441857,2.8925000761441857,2.2416875590117438
200,completed 4 cycles,1,88.0,-3.0856427530595862,3.0856427530595862,2.2370909959682
200,patient -,1,94.0,2.9771578624557398,2.9771578624557398,2.2328683968418046
200,------------ ------ --------------------------------,1,68.0,2.9746100949862337,2.9746100949862337,2.230957571239675
200,55. -,1,92.0,3.0765900604247736,3.0765900604247736,2.2305277938079606
200,70 s,1,93.0,2.7872719593389084,2.7872719593389084,2.2298175674711267
200,in the context,1,69.0,2.8666611424589847,2.8666611424589847,2.221662385405713
200,cores 5 cores,1,96.0,-2.863177161570711,2.863177161570711,2.2189623002173007
200,low-dose dexamethasone 4,1,70.0,-2.9586085619968365,2.9586085619968365,2.2189564214976274
200,- normal. -,1,107.0,-2.950477715799653,2.950477715799653,2.2128582868497397
200,or neurologic changes.,1,92.0,-3.0519385917142787,3.0519385917142787,2.212655478992852
200,chest in 6,1,97.0,-3.0398028340233036,3.0398028340233036,2.203857054666895
200,established patient -,1,97.0,3.039794454247022,3.039794454247022,2.203850979329091
200,nausea 10 pain,1,98.0,-3.0315474996338705,3.0315474996338705,2.197871937234556
200,week - lives,1,110.0,-3.026444552986474,3.026444552986474,2.1941723009151937
200,neurologic no weakness,1,99.0,2.9220437393884366,2.9220437393884366,2.1915328045413274
200,mild tenderness over,1,97.0,2.8201768900922897,2.8201768900922897,2.1856370898215243
200,chest wall,1,98.0,-3.0110619107709904,3.0110619107709904,2.183019885308968
200,musculoskeletal none bone,1,99.0,-2.9066608819052497,2.9066608819052497,2.1799956614289373
200,none bone,1,101.0,-2.9066608819052497,2.9066608819052497,2.1799956614289373
200,none bone pain,1,100.0,-2.9066608819052497,2.9066608819052497,2.1799956614289373
200,0.6 cm,1,99.0,3.1118898138095643,3.1118898138095643,2.1783228696666947
200,artery disease,1,101.0,-2.902825652933503,2.902825652933503,2.177119239700127
200,coronary artery disease,1,102.0,-2.902825652933503,2.902825652933503,2.177119239700127
200,john martinez,1,102.0,-2.807630936237053,2.807630936237053,2.1759139755837156
200,adrenal nodule,1,112.0,-2.98464096824625,2.98464096824625,2.163864701978531
200,robust response,1,113.0,2.8811416454042753,2.8811416454042753,2.1608562340532065
200,organ,1,100.0,-2.8810064426822803,2.8810064426822803,2.16075483201171
200,oncologic management -,1,74.0,3.0845225436592565,3.0845225436592565,2.1591657805614792
200,each core,1,76.0,-2.6950289583760285,2.6950289583760285,2.1560231667008227
200,to reduced responsiveness,1,77.0,2.874499047796538,2.874499047796538,2.1558742858474034
200,robust response to,1,114.0,2.8737405000998284,2.8737405000998284,2.1553053750748714
200,linked to reduced,1,78.0,2.972032023780926,2.972032023780926,2.1547232172411714
200,therapy. 5.,1,115.0,-2.9674073661713822,2.9674073661713822,2.151370340474252
200,immunotherapy procedure,1,103.0,2.962248902968044,2.962248902968044,2.147630454651832
200,immunotherapy procedure codes,1,104.0,2.962248902968044,2.962248902968044,2.147630454651832
200,other no abnormal,1,103.0,-2.951155799769224,2.951155799769224,2.1395879548326873
200,depression,1,106.0,-2.949172545907107,2.949172545907107,2.1381500957826525
200,detected -,1,107.0,-2.850591117967972,2.850591117967972,2.1379433384759787
200,tp53 missense,1,104.0,-2.9482059271607493,2.9482059271607493,2.137449297191543
200,9.8,1,121.0,-2.848243083816357,2.848243083816357,2.136182312862268
200,mildly fatigued,1,80.0,-2.9383935782736406,2.9383935782736406,2.1303353442483894
200,if a,1,81.0,2.935817493562935,2.935817493562935,2.128467682833128
200,no lymphadenopathy. neck,1,109.0,2.8374227850574205,2.8374227850574205,2.1280670887930655
200,illness john is,1,110.0,-2.8344411346818785,2.8344411346818785,2.125830851011409
200,- discontinued,1,122.0,-2.83179755585573,2.83179755585573,2.1238481668917975
200,subjective,1,111.0,2.8288981350696227,2.8288981350696227,2.1216736013022173
200,weeks earlier,1,83.0,-2.9152453189019774,2.9152453189019774,2.1135528562039334
200,no active,1,112.0,-2.725501952258133,2.725501952258133,2.112264013000053
200,--- subjective,1,113.0,2.8149215861090795,2.8149215861090795,2.1111911895818096
200,metastasis management -,1,114.0,2.909689456928727,2.909689456928727,2.109524856273327
200,55. - pro-ctcae,1,105.0,3.0046761756640255,3.0046761756640255,2.1032733229648177
200,reinforce,1,106.0,2.8875440786186055,2.8875440786186055,2.093469456998489
200,l - within,1,125.0,-2.88188794463181,2.88188794463181,2.089368759858062
200,resolution,1,127.0,2.8677986090490326,2.8677986090490326,2.0791539915605486
200,and portal-venous phase,1,128.0,2.9691443468983785,2.9691443468983785,2.078401042828865
200,new chest,1,117.0,-2.7672734330460993,2.7672734330460993,2.0754550747845744
200,--- laboratory,1,110.0,-2.964766450936134,2.964766450936134,2.0753365156552936
200,and growth,1,111.0,-2.787190167625974,2.787190167625974,2.0704841245221517
200,l hgb 13.2,1,118.0,-2.94245928735498,2.94245928735498,2.059721501148486
200,are common in,1,87.0,-2.9416930204190894,2.9416930204190894,2.0591851142933626
200,lung mass -,1,130.0,2.829633931702601,2.829633931702601,2.0514846004843856
200,at bases,1,114.0,-2.823507536718013,2.823507536718013,2.047042964120559
200,mrn redacted referring,1,120.0,2.9241007119589173,2.9241007119589173,2.046870498371242
200,ago. she completed,1,115.0,-2.8214150266705307,2.8214150266705307,2.0455258943361345
200,constitutional fatigue weight,1,88.0,-2.917795118554035,2.917795118554035,2.0424565829878243
200,---------------- kras,1,112.0,-2.8157409725372577,2.8157409725372577,2.041412205089512
200,- within,1,132.0,-2.916179590639675,2.916179590639675,2.0413257134477725
200,and risks of,1,133.0,2.9112160787244443,2.9112160787244443,2.037851255107111
200,--- laboratory results,1,89.0,-2.711240122559179,2.711240122559179,2.033430091919384
200,bone or,1,116.0,-2.903711623150323,2.903711623150323,2.032598136205226
200,appears mildly fatigued,1,90.0,-2.901491962784187,2.901491962784187,2.031044373948931
200,of nodal,1,117.0,2.8950202861405914,2.8950202861405914,2.026514200298414
200,left hilar and,1,136.0,-2.894353448360278,2.894353448360278,2.0260474138521944
200,and acinar,1,113.0,-2.997595053861938,2.997595053861938,2.0233766613568083
200,pd-l1 22c3 tumor,1,118.0,-2.890294632573958,2.890294632573958,2.0232062428017703
200,1.25 mm,1,139.0,2.788652757316057,2.788652757316057,2.0217732490541414
200,-----------------------,1,114.0,2.884946548909738,2.884946548909738,2.0194625842368166
200,wall bones -,1,115.0,-2.883580867394182,2.883580867394182,2.0185066071759272
200,routine follow-up,1,92.0,2.7835285075093577,2.7835285075093577,2.018058167944284
200,prior to next,1,123.0,2.777447906445121,2.777447906445121,2.0136497321727127
200,stable. - no,1,94.0,2.770612725872063,2.770612725872063,2.0086942262572456
200,show mild,1,95.0,-2.8643879135581143,2.8643879135581143,2.0050715394906797
200,associated with a,1,125.0,-2.861435972105627,2.861435972105627,2.003005180473939
200,plt 140,1,126.0,2.858284012804171,2.858284012804171,2.0007988089629194
200,frontal lobe,1,140.0,2.8493305216666696,2.8493305216666696,1.9945313651666685
200,500,1,129.0,-2.9527020848997307,2.9527020848997307,1.9930739073073185
200,infiltrated,1,118.0,2.9521103014899337,2.9521103014899337,1.9926744535057053
200,infiltrated by,1,117.0,2.9521103014899337,2.9521103014899337,1.9926744535057053
200,three cycles of,1,119.0,2.845385769769518,2.845385769769518,1.9917700388386625
200,braf no,1,120.0,-2.838582874619273,2.838582874619273,1.987008012233491
200,82,1,130.0,2.943621453313523,2.943621453313523,1.9869444809866281
200,brain -,1,142.0,2.8368079816360714,2.8368079816360714,1.9857655871452498
200,direct targeted,1,132.0,2.737474982781933,2.737474982781933,1.9846693625169014
200,aortic aneurysm,1,121.0,-2.7365221762102867,2.7365221762102867,1.983978577752458
200,fullness,1,121.0,2.7360498271726144,2.7360498271726144,1.9836361247001453
200,alt 24 u,1,144.0,2.8308786564052606,2.8308786564052606,1.9816150594836823
200,sputum. - cardiovascular,1,123.0,-2.934554800223339,2.934554800223339,1.980824490150754
200,areas of hemorrhage.,1,122.0,2.8255710134113388,2.8255710134113388,1.977899709387937
200,breast,1,124.0,-2.825451300700614,2.825451300700614,1.9778159104904296
200,thigh,1,134.0,-2.8239800680859295,2.8239800680859295,1.9767860476601504
200,sampled tissue.,1,125.0,2.8214421524595013,2.8214421524595013,1.9750095067216507
200,in appetite,1,123.0,2.8203037427930298,2.8203037427930298,1.9742126199551207
200,no vomiting abdominal,1,145.0,2.7205732244661895,2.7205732244661895,1.9724155877379874
200,completed 4,1,124.0,-2.8171880850249957,2.8171880850249957,1.972031659517497
200,demonstrated activity,1,137.0,-2.9190494231062356,2.9190494231062356,1.9703583605967092
200,lung no focal,1,96.0,2.810486907164709,2.810486907164709,1.9673408350152963
200,type established,1,138.0,2.914382850513241,2.914382850513241,1.9672084240964378
200,22c3 tumor,1,128.0,-2.9137709539703414,2.9137709539703414,1.9667953939299805
200,22c3 tumor proportion,1,127.0,-2.9137709539703414,2.9137709539703414,1.9667953939299805
200,post-injection. low-dose,1,148.0,-2.801823539496177,2.801823539496177,1.9612764776473237
200,post-injection. low-dose ct,1,147.0,-2.801823539496177,2.801823539496177,1.9612764776473237
200,all extremities sensation,1,129.0,2.904131777401093,2.904131777401093,1.9602889497457379
200,administration of 10,1,149.0,-2.7963598927093374,2.7963598927093374,1.957451924896536
200,e.g. carboplatin +,1,150.0,-2.899160628861291,2.899160628861291,1.9569334244813714
200,wheezes. cardiovascular,1,126.0,2.79430918280272,2.79430918280272,1.9560164279619037
200,4-5,1,130.0,-2.790102932002994,2.790102932002994,1.9530720524020957
200,he continues,1,131.0,2.787225170256754,2.787225170256754,1.9510576191797275
200,and risks,1,151.0,2.9935994520050175,2.9935994520050175,1.9458396438032615
200,slice thickness and,1,152.0,-2.7790186242781845,2.7790186242781845,1.945313036994729
200,new enlarged,1,153.0,2.9896876134157155,2.9896876134157155,1.9432969487202152
200,75 100 cognitive,1,141.0,-2.7760553392688547,2.7760553392688547,1.943238737488198
200,75 100,1,154.0,-2.7692805831905125,2.7692805831905125,1.9384964082333587
200,attenuation no focal,1,133.0,2.8702941567330877,2.8702941567330877,1.9374485557948344
200,review of recent,1,102.0,2.767694416306895,2.767694416306895,1.9373860914148262
200,mild cough,1,142.0,-2.764364040992706,2.764364040992706,1.935054828694894
200,and multiple bilateral,1,103.0,-2.7642889965226973,2.7642889965226973,1.935002297565888
200,<=3.0,1,143.0,2.7601405614989236,2.7601405614989236,1.9320983930492464
200,systemic progression,1,156.0,-2.8611392345947935,2.8611392345947935,1.9312689833514858
200,effect or,1,105.0,-2.9641889510913835,2.9641889510913835,1.9267228182093994
200,mass effect or,1,104.0,-2.9641889510913835,2.9641889510913835,1.9267228182093994
200,segment iv,1,129.0,2.751283662405917,2.751283662405917,1.925898563684142
200,limited likelihood,1,107.0,-2.74982431703573,2.74982431703573,1.9248770219250109
200,limited likelihood of,1,108.0,-2.74982431703573,2.74982431703573,1.9248770219250109
200,with intravenous contrast,1,145.0,2.842058019962844,2.842058019962844,1.91838916347492
200,rna-based,1,159.0,2.8415074010148045,2.8415074010148045,1.9180174956849931
200,may be considered,1,146.0,-2.8414850866851578,2.8414850866851578,1.9180024335124817
200,completed three cycles,1,130.0,2.7395367058030304,2.7395367058030304,1.9176756940621211
200,labs earlier if,1,110.0,2.840953230690766,2.840953230690766,1.917643430716267
200,4 mild neuropathy,1,147.0,-2.83856771884871,2.83856771884871,1.9160332102228794
200,mild neuropathy -,1,148.0,-2.83856771884871,2.83856771884871,1.9160332102228794
200,- evaluation,1,131.0,2.735260818980047,2.735260818980047,1.9146825732860329
200,adrenal lesion stable,1,149.0,2.833431122462946,2.833431122462946,1.9125660076624886
200,mild anxiety about,1,150.0,-3.058076046344824,3.058076046344824,1.9112975289655152
200,cores 5,1,152.0,-2.730100637672043,2.730100637672043,1.91107044637043
200,of cores 5,1,151.0,-2.730100637672043,2.730100637672043,1.91107044637043
200,tps,1,114.0,2.7289336179798735,2.7289336179798735,1.9102535325859114
200,last oncology,1,115.0,-2.8285235222381027,2.8285235222381027,1.9092533775107194
200,detected,1,154.0,-2.8244267764743465,2.8244267764743465,1.906488074120184
200,genomic alterations,1,155.0,2.823927233555217,2.823927233555217,1.9061508826497715
200,deletion exons,1,160.0,-2.820776413817129,2.820776413817129,1.9040240793265621
200,paroxysmal,1,157.0,2.7198325888184844,2.7198325888184844,1.903882812172939
200,paroxysmal nocturnal,1,156.0,2.7198325888184844,2.7198325888184844,1.903882812172939
200,potential benefit,1,158.0,2.71640376885533,2.71640376885533,1.901482638198731
200,bowel wall,1,133.0,2.816746933201449,2.816746933201449,1.9013041799109784
200,low-grade fdg activity,1,159.0,-2.924010597335895,2.924010597335895,1.9006068882683318
200,after three cycles,1,162.0,2.918862890270504,2.918862890270504,1.8972608786758276
200,chest discomfort and,1,163.0,-2.81026930670672,2.81026930670672,1.8969317820270362
200,on exertion mild,1,134.0,-2.9179181203591145,2.9179181203591145,1.8966467782334244
200,homozygous deletion exons,1,164.0,-2.8079789649224054,2.8079789649224054,1.8953858013226237
200,psychosocial support and,1,117.0,-2.611103920094529,2.611103920094529,1.8930503420685334
200,- order,1,118.0,-2.911670612799476,2.911670612799476,1.8925858983196595
200,the histologic and,1,165.0,-2.911096964888349,2.911096964888349,1.892213027177427
200,indicated. -,1,166.0,2.8019258845399424,2.8019258845399424,1.8912999720644612
200,and appearance.,1,135.0,2.799331926489724,2.799331926489724,1.8895490503805639
200,missense snv 28,1,136.0,2.7982393277156064,2.7982393277156064,1.8888115462080344
200,change in appetite,1,119.0,2.696468577683354,2.696468577683354,1.8875280043783476
200,hepatitis,1,140.0,2.791098297937362,2.791098297937362,1.8839913511077195
200,context,1,141.0,2.7894003250772346,2.7894003250772346,1.8828452194271335
200,tolerated the first,1,160.0,-2.894946499360037,2.894946499360037,1.881715224584024
200,type established patient,1,161.0,2.8927191509496577,2.8927191509496577,1.8802674481172776
200,role function 55,1,142.0,2.8908242406689033,2.8908242406689033,1.8790357564347873
200,evaluate,1,162.0,2.781593709380264,2.781593709380264,1.8775757538316782
200,bp 122,1,137.0,-2.888374041776073,2.888374041776073,1.8774431271544476
200,lytic lesions in,1,144.0,2.88654873120868,2.88654873120868,1.8762566752856422
200,or masses. -,1,163.0,2.779098712399073,2.779098712399073,1.8758916308693743
200,8 of a,1,167.0,-2.6766676112837,2.6766676112837,1.8736673278985898
200,chief complaint here,1,138.0,-2.8816124374961376,2.8816124374961376,1.8730480843724895
200,complaint here,1,139.0,-2.8816124374961376,2.8816124374961376,1.8730480843724895
200,reconstructions in,1,145.0,2.774241705850848,2.774241705850848,1.8726131514493225
200,coronary,1,146.0,-2.8793726458915776,2.8793726458915776,1.8715922198295254
200,prior .,1,164.0,2.7707093573090895,2.7707093573090895,1.8702288161836356
200,ongoing trials,1,123.0,2.873536503069228,2.873536503069228,1.8677987269949983
200,expressed,1,124.0,-2.575259558837378,2.575259558837378,1.8670631801570992
200,100 nausea 20,1,170.0,-2.871865739112741,2.871865739112741,1.8667127304232816
200,20 100 pain,1,169.0,-2.871865739112741,2.871865739112741,1.8667127304232816
200,nausea 20 100,1,171.0,-2.871865739112741,2.871865739112741,1.8667127304232816
200,not detected -,1,140.0,-2.764368300325496,2.764368300325496,1.86594860271971
200,% low pd-l1,1,166.0,-2.7639344912869035,2.7639344912869035,1.86565578161866
200,122,1,141.0,-2.868219187651248,2.868219187651248,1.8643424719733113
200,negative nuclear,1,167.0,2.6632731146783626,2.6632731146783626,1.8642911802748536
200,diet,1,142.0,-2.6619566024865864,2.6619566024865864,1.8633696217406104
200,with no new,1,168.0,-2.8653056364054064,2.8653056364054064,1.8624486636635142
200,ml.,1,149.0,-2.7560658787319228,2.7560658787319228,1.860344468144048
200,the context of,1,125.0,2.755267735014785,2.755267735014785,1.8598057211349799
200,and gemcitabine,1,126.0,-2.6561442755085154,2.6561442755085154,1.8593009928559607
200,spine,1,143.0,2.750044881195484,2.750044881195484,1.856280294806952
200,balanced diet,1,144.0,-2.749848225383913,2.749848225383913,1.8561475521341413
200,middle,1,150.0,2.852183507381812,2.852183507381812,1.8539192797981778
200,cavitation. - right,1,151.0,2.7449824779110292,2.7449824779110292,1.852863172589945
200,comment,1,152.0,2.8501972340649653,2.8501972340649653,1.8526282021422276
200,pre-contrast,1,128.0,2.630637052608055,2.630637052608055,1.8414459368256384
200,bp 122 78,1,146.0,-2.829007828480062,2.829007828480062,1.8388550885120405
200,bronchodilator albuterol,1,129.0,2.723074891939807,2.723074891939807,1.8380755520593697
200,10 pain,1,155.0,-2.933347765580097,2.933347765580097,1.8333423534875606
200,with no,1,170.0,-2.820490713457341,2.820490713457341,1.8333189637472718
200,dysphagia abdominal pain,1,171.0,-2.8198530899512724,2.8198530899512724,1.832904508468327
200,122 78,1,149.0,-2.8141446669540526,2.8141446669540526,1.8291940335201342
200,%. he initiated,1,150.0,-2.924611639422022,2.924611639422022,1.8278822746387637
200,m with,1,131.0,-2.706827278896793,2.706827278896793,1.8271084132553352
200,significance ------ ------------,1,152.0,2.806756733081181,2.806756733081181,1.8243918765027678
200,for my,1,154.0,-2.8044011454866666,2.8044011454866666,1.8228607445663334
200,no dyspnea at,1,175.0,2.9147465126011305,2.9147465126011305,1.8217165703757066
200,codes - 96413,1,176.0,-2.6971899445164387,2.6971899445164387,1.8206032125485963
200,hilar nodes -,1,158.0,-2.7952905420635217,2.7952905420635217,1.816938852341289
200,chemotherapy for metastatic,1,173.0,2.691607665602237,2.691607665602237,1.8168351742815103
200,m on day,1,160.0,2.7920473357153774,2.7920473357153774,1.8148307682149953
200,that is,1,161.0,2.8985766581618897,2.8985766581618897,1.811610411351181
200,- no hepatic,1,159.0,-2.786132403708438,2.786132403708438,1.8109860624104848
200,seen,1,132.0,-2.785489462256242,2.785489462256242,1.8105681504665572
200,history - metastatic,1,133.0,2.7830594502658643,2.7830594502658643,1.808988642672812
200,global health 55.,1,161.0,2.7824349298156372,2.7824349298156372,1.8085827043801643
200,health 55.,1,162.0,2.7824349298156372,2.7824349298156372,1.8085827043801643
200,--- physical examination,1,162.0,-2.7748179858986424,2.7748179858986424,1.8036316908341177
200,patient john,1,175.0,-2.670713548322254,2.670713548322254,1.8027316451175215
200,------------------- ---------------- kras,1,165.0,-2.8835480593218366,2.8835480593218366,1.8022175370761477
200,ago - lung,1,166.0,-2.7715448112328924,2.7715448112328924,1.80150412730138
200,8 of,1,177.0,-2.667112518941134,2.667112518941134,1.8003009502852656
200,repeat labs,1,176.0,-2.769117254685656,2.769117254685656,1.7999262155456766
200,clinical trial evaluating,1,167.0,-2.6645341074033286,2.6645341074033286,1.798560522497247
200,here for my,1,168.0,-2.766086283048877,2.766086283048877,1.79795608398177
200,and lab,1,177.0,-2.6625726095888136,2.6625726095888136,1.7972365114724493
200,metastasis in the,1,178.0,2.6616208011765585,2.6616208011765585,1.7965940407941772
200,kras-targeted therapy,1,178.0,2.872200663018442,2.872200663018442,1.795125414386526
200,neurologic none,1,179.0,-2.8694682811290635,2.8694682811290635,1.7934176757056646
200,contrast patient james,1,179.0,2.8671211480179095,2.8671211480179095,1.7919507175111935
200,> 500,1,180.0,-2.7564866956355756,2.7564866956355756,1.791716352163124
200,lesion measuring,1,163.0,2.7545581995260284,2.7545581995260284,1.7904628296919185
200,the pet,1,169.0,2.754445982609755,2.754445982609755,1.7903898886963407
200,fatigue now,1,170.0,-2.9813610072544807,2.9813610072544807,1.7888166043526883
200,<1% .,1,180.0,-2.7416871800960143,2.7416871800960143,1.7820966670624094
200,on prior,1,171.0,2.738334152403097,2.738334152403097,1.779917199062013
200,confer,1,181.0,2.735051885821513,2.735051885821513,1.7777837257839835
200,imaging summary baseline,1,138.0,2.733637963096989,2.733637963096989,1.776864676013043
200,summary baseline,1,139.0,2.733637963096989,2.733637963096989,1.776864676013043
200,mg m and,1,182.0,-2.732987258298649,2.732987258298649,1.776441717894122
200,the context,1,141.0,2.731530346596048,2.731530346596048,1.7754947252874314
200,---------- ----------,1,164.0,-2.8380714411860897,2.8380714411860897,1.773794650741306
200,21-day cycle -,1,165.0,2.8362291742243055,2.8362291742243055,1.772643233890191
200,fdg-avid osseous,1,172.0,-2.725858203462812,2.725858203462812,1.771807832250828
200,trials e.g.,1,173.0,-2.834606259132521,2.834606259132521,1.7716289119578257
200,cervical adenopathy. -,1,183.0,2.6217093895602357,2.6217093895602357,1.7696538379531592
200,demonstrated activity in,1,184.0,-2.8305597948303234,2.8305597948303234,1.7690998717689521
200,stable no new,1,174.0,2.826882059668917,2.826882059668917,1.766801287293073
200,metastatic deposit.,1,167.0,2.8217745514197414,2.8217745514197414,1.7636090946373384
200,r273c met amplification,1,185.0,-2.5151624503459815,2.5151624503459815,1.760613715242187
200,hour,1,169.0,2.816654300969188,2.816654300969188,1.7604089381057424
200,cea 4.0,1,170.0,2.7071672009209498,2.7071672009209498,1.7596586805986174
200,cea 4.0 ng,1,171.0,2.7071672009209498,2.7071672009209498,1.7596586805986174
200,fatigue 30,1,172.0,-2.814079475611195,2.814079475611195,1.7587996722569967
200,4. overall,1,144.0,2.7054629097673657,2.7054629097673657,1.7585508913487877
200,he denies any,1,145.0,2.7033935554720134,2.7033935554720134,1.7572058110568087
200,size. -,1,146.0,-2.8114024542676233,2.8114024542676233,1.7571265339172646
200,pain if,1,183.0,-2.60098814456615,2.60098814456615,1.7556669975821513
200,low-dose dexamethasone,1,147.0,-2.8026333603664084,2.8026333603664084,1.7516458502290053
200,pathology report specimen,1,186.0,2.795495907243935,2.795495907243935,1.7471849420274594
200,newly diagnosed non-small,1,149.0,2.791737219623711,2.791737219623711,1.7448357622648194
200,flu-like symptoms,1,175.0,-2.6807252040399545,2.6807252040399545,1.7424713826259706
200,and ribs show,1,176.0,-2.5788178540545097,2.5788178540545097,1.7407020514867941
200,- normal.,1,189.0,-2.6695673793325785,2.6695673793325785,1.735218796566176
200,4.0 ng,1,173.0,2.7735507442451928,2.7735507442451928,1.7334692151532454
200,4.0 ng ml,1,174.0,2.773088903301223,2.773088903301223,1.7331805645632645
200,bilaterally. neurologic,1,176.0,-2.5655384602551594,2.5655384602551594,1.7317384606722328
200,histologic and immunophenotypic,1,190.0,-2.764859847804941,2.764859847804941,1.728037404878088
200,pd-l1 <1% .,1,191.0,-2.758803990760447,2.758803990760447,1.7242524942252793
200,lobe primary mass,1,178.0,2.7475771999400775,2.7475771999400775,1.7172357499625486
200,per recist criteria,1,193.0,2.641650380330252,2.641650380330252,1.7170727472146639
200,wall invasion or,1,177.0,-2.858620473610867,2.858620473610867,1.7151722841665202
200,- offer early,1,178.0,-2.737973633073944,2.737973633073944,1.711233520671215
200,neoplastic glands,1,155.0,-2.7333298732808933,2.7333298732808933,1.7083311708005584
200,peripheral pulses intact,1,179.0,-2.732845370902224,2.732845370902224,1.7080283568138899
200,applicable core biopsy,1,192.0,-2.8432769485203404,2.8432769485203404,1.7059661691122041
200,psychiatric mild anxiety,1,194.0,-2.842197343483252,2.842197343483252,1.7053184060899513
200,<1.0,1,156.0,-2.7262491341318498,2.7262491341318498,1.703905708832406
200,200 mg q3,1,180.0,-2.724946250254119,2.724946250254119,1.7030914064088243
200,interfere,1,197.0,2.7229738282513605,2.7229738282513605,1.7018586426571003
200,13.2,1,197.0,-2.8274229224823006,2.8274229224823006,1.6964537534893804
200,--- physical,1,181.0,-2.7140067412358153,2.7140067412358153,1.6962542132723846
200,s .,1,183.0,2.7105918681747494,2.7105918681747494,1.6941199176092183
200,now limiting,1,158.0,-2.6062924228300277,2.6062924228300277,1.694090074839518
200,lab,1,184.0,-2.6056073836549865,2.6056073836549865,1.6936447993757413
200,limited upper,1,159.0,-2.708636246711158,2.708636246711158,1.6928976541944738
200,chief complaint new,1,181.0,2.707089447845295,2.707089447845295,1.6919309049033093
200,complaint new,1,182.0,2.707089447845295,2.707089447845295,1.6919309049033093
200,interval growth,1,186.0,-2.602203820437624,2.602203820437624,1.6914324832844556
200,diagnostic radiology,1,161.0,-2.701000001983585,2.701000001983585,1.6881250012397406
200,objective vital,1,199.0,2.700769384566987,2.700769384566987,1.6879808653543669
200,objective vital signs,1,198.0,2.700769384566987,2.700769384566987,1.6879808653543669
200,stk11 loss-of-function cdkn2a,1,198.0,2.6996049398286783,2.6996049398286783,1.687253087392924
200,rna-based fusion,1,200.0,2.8099064046783857,2.8099064046783857,1.6859438428070315
200,fatigue weight,1,163.0,-2.6951117351187985,2.6951117351187985,1.684444834449249
200,respiratory none,1,200.0,-2.8038273794665565,2.8038273794665565,1.682296427679934
200,or clinical trial,1,164.0,2.678480665939357,2.678480665939357,1.6740504162120982
200,pembrolizumab. 2.,1,165.0,-2.5753245190104277,2.5753245190104277,1.673960937356778
200,primary tumor -,1,188.0,-2.674507221518029,2.674507221518029,1.6715670134487681
200,seen in the,1,167.0,-2.672611340116687,2.672611340116687,1.6703820875729294
200,nodes multiple,1,183.0,2.7802937694750662,2.7802937694750662,1.6681762616850397
200,investigational .,1,184.0,2.6689563558515763,2.6689563558515763,1.6680977224072353
200,pulmonary arteries.,1,185.0,-2.6601909906729353,2.6601909906729353,1.6626193691705846
200,size and appearance.,1,186.0,2.7693405393903534,2.7693405393903534,1.661604323634212
200,no weakness,1,190.0,2.7678643821154303,2.7678643821154303,1.6607186292692582
200,suvmax 3.2,1,191.0,2.765803353487633,2.765803353487633,1.6594820120925797
200,lepidic-type growth,1,192.0,-2.654841201312867,2.654841201312867,1.6592757508205418
200,g12c mutant,1,194.0,-2.7650182750869323,2.7650182750869323,1.6590109650521594
200,kras g12c mutant,1,193.0,-2.7650182750869323,2.7650182750869323,1.6590109650521594
200,pd-l1 tps >=,1,170.0,2.650987729996546,2.650987729996546,1.6568673312478412
200,no additional focal,1,187.0,2.647543825497407,2.647543825497407,1.6547148909358795
200,mg m with,1,171.0,-2.544832248969216,2.544832248969216,1.6541409618299905
200,assay comprehensive solid-tumor,1,195.0,-2.646198069063592,2.646198069063592,1.653873793164745
200,md ---,1,189.0,-2.5439243686766297,2.5439243686766297,1.6535508396398093
200,ml <=3.0,1,196.0,2.7548786475491656,2.7548786475491656,1.6529271885294994
200,ng ml <=3.0,1,197.0,2.7548786475491656,2.7548786475491656,1.6529271885294994
200,specimen.,1,172.0,-2.63896059901189,2.63896059901189,1.6493503743824312
200,g12c driver with,1,190.0,-2.7464436386601654,2.7464436386601654,1.6478661831960992
200,--- history of,1,200.0,-2.6355003056991846,2.6355003056991846,1.6471876910619905
200,biopsy demonstrated kras,1,191.0,-2.744136774467968,2.744136774467968,1.6464820646807807
200,alterations. -,1,174.0,2.5288236890990548,2.5288236890990548,1.6437353979143856
200,ascites or,1,192.0,2.627700285848884,2.627700285848884,1.6423126786555526
200,in size largest,1,175.0,2.517913063971772,2.517913063971772,1.636643491581652
200,pre-treatment labs.,1,176.0,-2.6159990246514107,2.6159990246514107,1.6349993904071316
200,mg q3,1,195.0,-2.7189612809260555,2.7189612809260555,1.6313767685556333
200,pain palpitations gastrointestinal,1,196.0,-2.8340208801285436,2.8340208801285436,1.6295620060739124
200,exertion mild,1,197.0,-2.83277969462962,2.83277969462962,1.6288483244120313
200,of lung cancer,1,199.0,2.6029303112993567,2.6029303112993567,1.626831444562098
200,offer early palliative,1,177.0,-2.6980930569714316,2.6980930569714316,1.618855834182859
200,reinforce smoking,1,179.0,2.6962073449569672,2.6962073449569672,1.6177244069741803
200,short-acting bronchodilator albuterol,1,180.0,2.690525593463371,2.690525593463371,1.6143153560780226
200,last oncology visit,1,181.0,-2.6904572722960975,2.6904572722960975,1.6142743633776584
200,no bone pain.,1,200.0,-2.576519491786063,2.576519491786063,1.6103246823662896
200,if worsening,1,182.0,-2.56459919840815,2.56459919840815,1.6028744990050938
200,compromise.,1,183.0,2.6690708507088603,2.6690708507088603,1.601442510425316
200,dexamethasone taper,1,185.0,2.653701769491318,2.653701769491318,1.5922210616947907
200,sleep hygiene,1,187.0,2.630157770803546,2.630157770803546,1.5780946624821275
200,60 %.,1,188.0,2.6273024401754035,2.6273024401754035,1.576381464105242
200,lesions are,1,189.0,-2.5207663926984964,2.5207663926984964,1.5754789954365602
200,with associated right,1,190.0,-2.728997656967164,2.728997656967164,1.569173652756119
200,- prescribe,1,191.0,-2.611008182501062,2.611008182501062,1.5666049095006371
200,ffpe,1,192.0,2.701209810040808,2.701209810040808,1.5531956407734646
200,suggests potential,1,193.0,2.584405571340642,2.584405571340642,1.5506433428043853
200,1 no fever,1,194.0,2.4771050638021896,2.4771050638021896,1.5481906648763686
200,proportion score <,1,197.0,-2.680599085787718,2.680599085787718,1.5413444743279379
200,score <,1,196.0,-2.680599085787718,2.680599085787718,1.5413444743279379
200,post-hospitalization complete,1,200.0,2.5496159432329404,2.5496159432329404,1.529769565939764
400,% low,5,9.0,-3.7329096945239413,3.7329096945239413,3.621923173180715
400,syndromes --- physical,5,48.2,-3.6794153779278687,3.6794153779278687,3.355132675476137
400,neurologic symptoms or,5,33.6,-3.443944520641184,3.443944520641184,3.2013817434421354
400,lung no,5,29.4,3.4207339030786814,3.4207339030786814,3.1688579424887324
400,55.,5,33.4,3.281059234514372,3.281059234514372,3.1150461933878093
400,hour <new,5,65.8,3.3525216539057396,3.3525216539057396,3.006767806855337
400,hour <new note>,5,65.6,3.3525216539057396,3.3525216539057396,3.006767806855337
400,kidneys,5,46.0,3.4151140663049353,3.4151140663049353,2.936012016174865
400,pd-l1 <1,5,61.0,-3.35308766577941,3.35308766577941,2.8691224030034057
400,nkda social history,5,52.4,-3.2768271965955607,3.2768271965955598,2.783667356235026
400,nkda social,5,57.0,-3.2768271965955607,3.2768271965955598,2.7691868349246436
400,canal,5,64.8,3.2016965339573438,3.2016965339573438,2.761086166388402
400,low pd-l1 expression,5,62.6,-3.2121857503096516,3.2121857503096516,2.6867540277120137
400,high pd-l1 expression,5,99.0,3.227785609770102,3.227785609770102,2.6370890417738653
400,high pd-l1,5,90.8,3.192909261967116,3.1929092619671158,2.5930769554778874
400,is within,5,78.2,-3.099243830249701,3.0992438302497005,2.5054863948040764
400,carcinoma adenocarcinoma,5,119.8,3.183564171417886,3.183564171417886,2.4819651303510657
400,lung carcinoma adenocarcinoma,5,142.0,3.1154585869490785,3.1154585869490785,2.3748356555665557
400,moderate complexity <new,5,148.8,-3.000034572573083,3.000034572573083,2.354981283376113
400,he reports increasing,5,113.4,-2.99644243101086,2.99644243101086,2.239226167845924
400,mediastinum hilar nodes,5,120.4,-3.0085244810007503,3.0085244810007508,2.21895100598288
400,pd-l1 <1 %.,5,117.4,-3.04322300373286,3.04322300373286,2.216981741073838
400,<1,5,149.8,-2.954226974923359,2.954226974923359,2.1673385147953805
400,cell-cycle progression.,5,147.0,-2.825346741229583,2.825346741229583,2.1131286457209972
400,of first-line carboplatin,5,145.2,-2.9409162939316187,2.940916293931619,2.069456585510784
400,800,5,152.8,2.845812411670017,2.845812411670017,2.0540131927015333
400,lung no new,5,160.0,2.8125882131695947,2.8125882131695947,1.9978563687253512
400,2.5 mg,5,203.0,-2.813186480511964,2.813186480511964,1.851500628288085
400,none rash,5,175.8,-2.8428861375371053,2.8428861375371057,1.8014001599094205
400,of oral prednisone,5,210.4,-2.69933643785896,2.69933643785896,1.6381718999663057
400,syndromes ---,4,23.0,-3.4912785458863675,3.491278545886368,3.23393062372375
400,cancer syndromes ---,4,24.25,-3.468745270228745,3.468745270228745,3.212703637662217
400,cava,4,72.0,-3.4163485530902276,3.416348553090228,3.0085124979222226
400,vena cava,4,73.0,-3.4163485530902276,3.416348553090228,3.0085124979222226
400,superior vena cava,4,84.5,-3.404176153681009,3.4041761536810085,2.989014244027034
400,or masses.,4,39.5,3.348716752006747,3.348716752006747,2.947718310139015
400,reasonable,4,55.0,-3.251102212486755,3.251102212486755,2.870294529376105
400,spinal canal,4,94.5,3.0039100476727447,3.0039100476727447,2.364556329037535
400,tps >=,4,104.75,2.9884149852414144,2.9884149852414144,2.3611225442716797
400,cancer nsclc -,4,90.75,3.031786359508291,3.031786359508291,2.3604665572097163
400,spinal,4,115.5,2.9826732716426974,2.9826732716426974,2.353012768618841
400,pain palpitations or,4,124.0,3.0153061757302675,3.0153061757302675,2.330521726534195
400,objective,4,100.5,2.9776127293099077,2.977612729309908,2.2939686125737353
400,phase ii,4,113.5,-2.9892858270194393,2.9892858270194393,2.2159126625897305
400,1 % low,4,102.25,-2.9730336153458308,2.9730336153458308,2.1996825147391394
400,nodules or masses.,4,125.5,2.9792581558066535,2.9792581558066535,2.184912916738548
400,lobe primary nsclc,4,132.5,2.9142007537509795,2.91420075375098,2.1022344321444337
400,first hour <new,4,134.5,2.9235697160800087,2.923569716080009,2.0719752856217815
400,- left lung,4,141.0,2.8566953627911285,2.8566953627911285,2.0476280931720896
400,epidural,4,138.75,2.793762094092339,2.793762094092339,2.026366964481907
400,seizures dermatologic,4,164.0,-2.866409069078576,2.866409069078576,1.9854400460398811
400,immunoprofile,4,140.25,2.840519791504903,2.840519791504903,1.9830695457509355
400,with differential and,4,160.25,-2.903791398142607,2.903791398142607,1.9714835832863846
400,differential and,4,163.0,-2.8908815438068167,2.890881543806817,1.9633816137106308
400,disease progression depression,4,151.5,-2.8461377955291693,2.8461377955291693,1.9583181974359856
400,lesions. past,4,154.0,2.8252112931155624,2.8252112931155624,1.942519252448223
400,lesions. past medical,4,153.5,2.8252112931155624,2.8252112931155624,1.942519252448223
400,morphine 2.5,4,178.75,-2.8212733163783534,2.8212733163783534,1.9114604790509782
400,morphine 2.5 mg,4,179.25,-2.8212733163783534,2.8212733163783534,1.9114604790509782
400,dermatologic none rash,4,163.5,-2.8653706078364385,2.8653706078364385,1.8405893931281785
400,whichever,4,184.5,-2.8119899355985933,2.8119899355985933,1.758405781936336
400,mass now,4,219.5,-2.7286308049958166,2.7286308049958166,1.7521853584036853
400,of stairs .,4,200.5,-2.80815732558228,2.8081573255822794,1.73541002875511
400,dyspnea 25,4,202.5,-2.7296515738861973,2.7296515738861973,1.7172826633408866
400,progression depression,4,272.0,-2.6868948104039934,2.6868948104039934,1.6361045302814414
400,fullness,4,263.25,2.610679878197894,2.610679878197894,1.5105869562881333
400,negative nuclear,4,261.0,2.629044247844432,2.629044247844432,1.4944644180351498
400,vena,3,29.333333333333332,-3.4913162206468074,3.4913162206468074,3.244070452752418
400,superior vena,3,31.0,-3.501177449951941,3.501177449951941,3.2309830261097736
400,- metastatic nsclc,3,51.666666666666664,3.2886987591053267,3.2886987591053267,2.9096660998107127
400,evidence of superior,3,80.66666666666667,-3.220716472023311,3.220716472023311,2.7603426462042377
400,anc <1.0,3,77.66666666666667,-3.1875398130204613,3.187539813020462,2.6064253074986534
400,70 100 fatigue,3,75.0,-3.066513530396657,3.066513530396657,2.4968844893577096
400,with a more,3,70.66666666666667,-3.026495084210852,3.026495084210852,2.4745472846806975
400,may be,3,150.33333333333334,-2.982050764416668,2.9820507644166674,2.4469638876318816
400,m1 right,3,79.33333333333333,2.9391967363155103,2.9391967363155103,2.429186647729429
400,left lung no,3,64.0,2.9905513253418228,2.9905513253418228,2.4052175108092135
400,complexity <new,3,119.0,-3.092796534879747,3.092796534879747,2.4044717355252447
400,complexity <new note>,3,119.33333333333333,-3.092796534879747,3.092796534879747,2.4044717355252447
400,recist criteria,3,129.66666666666666,3.048450329693176,3.048450329693176,2.3895432332263455
400,lung shows,3,136.66666666666666,3.0489771055135786,3.0489771055135777,2.371756350080505
400,of superior vena,3,134.66666666666666,-3.00288171923003,3.00288171923003,2.367717321763293
400,are diagnostic,3,80.66666666666667,2.963941121673131,2.963941121673131,2.35158633347721
400,are diagnostic of,3,81.0,2.963941121673131,2.963941121673131,2.35158633347721
400,infusion hold chemotherapy,3,98.33333333333333,-2.98689416819276,2.98689416819276,2.3348066564698127
400,symptoms or,3,81.33333333333333,-3.0110446760979896,3.0110446760979896,2.318284822723253
400,analgesia,3,110.0,-2.980067768941337,2.980067768941337,2.303648649327061
400,social function 70,3,97.0,-2.9565912432444015,2.9565912432444006,2.2865196979150255
400,pelvic lymphadenopathy.,3,164.66666666666666,-3.054481023235413,3.054481023235413,2.2780881263054584
400,<1 %,3,120.33333333333333,-3.121611006491463,3.121611006491463,2.236607372121303
400,- metastatic,3,126.66666666666667,3.0035223843048278,3.0035223843048278,2.224299024792637
400,left lung,3,110.0,2.93481120088814,2.9348112008881397,2.2125204370056193
400,cytopenias,3,156.66666666666666,-2.972136814057397,2.972136814057397,2.195048095464776
400,and to discuss,3,131.0,-2.9299372658701035,2.929937265870104,2.1739392662685506
400,reports increasing fatigue,3,127.33333333333333,-2.890772991850795,2.8907729918507954,2.147928860982942
400,with primary,3,171.33333333333334,2.863916923898947,2.863916923898947,2.1468470346586477
400,reports increasing,3,152.33333333333334,-2.8733884019998825,2.8733884019998825,2.140141407729572
400,cell lung carcinoma,3,212.33333333333334,2.978046311701936,2.978046311701936,2.13861344302788
400,allergies nkda social,3,178.0,-2.941673406555282,2.941673406555282,2.1343579994633424
400,rubs,3,162.66666666666666,2.839131920182456,2.839131920182455,2.120371316419208
400,palpitations or,3,139.0,2.925378099072624,2.925378099072624,2.10820031111953
400,70 100,3,131.0,-2.8600388572044673,2.8600388572044673,2.09235857619062
400,given molecular,3,135.33333333333334,2.8056054991543884,2.8056054991543884,2.0797843780509964
400,status. ---,3,123.66666666666667,-2.85605826807647,2.85605826807647,2.0326194243682942
400,offer early,3,166.33333333333334,-2.915429115026902,2.915429115026902,2.021221244534973
400,score <1 %,3,215.33333333333334,-2.9404142525471872,2.9404142525471872,1.9852969464972896
400,fdg-avid osseous lesions,3,155.66666666666666,-2.815581720918345,2.815581720918345,1.9792094008167516
400,murmurs rubs,3,169.33333333333334,2.801022574494384,2.801022574494384,1.952661253466874
400,no murmurs rubs,3,169.0,2.801022574494384,2.801022574494384,1.952661253466874
400,--- subjective chief,3,131.0,2.7407920322179735,2.7407920322179735,1.9475002875148402
400,metastatic nsclc,3,145.66666666666666,2.8495435611440407,2.8495435611440407,1.9189939543282286
400,after prior,3,138.0,2.877284747308696,2.877284747308696,1.9184553030167815
400,tract,3,167.0,2.8708742755845935,2.870874275584594,1.9099514100685326
400,- high pd-l1,3,214.0,2.79751592003039,2.797515920030389,1.907721167450342
400,----------------------- kras c.34g>t,3,181.66666666666666,2.8380650841880133,2.8380650841880133,1.8914023933163857
400,additional focal hepatic,3,172.66666666666666,2.744006403315622,2.744006403315622,1.8808636179115836
400,e.g. new,3,210.33333333333334,2.856676792077233,2.856676792077233,1.8719831206761846
400,chest pain no,3,162.66666666666666,2.824802076819033,2.824802076819033,1.8602469138226836
400,lymphadenopathy. - lungs,3,255.66666666666666,-2.7568136577629403,2.7568136577629403,1.8570184648480428
400,three cycles,3,181.33333333333334,2.737940877007034,2.737940877007034,1.8529624213798022
400,---------------- kras g12c,3,185.0,-2.714934196561336,2.714934196561336,1.8415620409746616
400,nodules identified in,3,189.33333333333334,-2.7698508158141877,2.7698508158141877,1.8384382540856639
400,30 s,3,200.66666666666666,2.8208095940316866,2.820809594031686,1.8314871372272439
400,for 3,3,202.0,2.7461518563849796,2.7461518563849796,1.8306388281568573
400,fatigue grade,3,206.0,2.7114996943827294,2.7114996943827294,1.8276766434231633
400,the immunophenotype ttf-1+,3,197.0,-2.663399307038898,2.6633993070388984,1.8132375209093137
400,evidence of acute,3,229.0,2.8107686269437253,2.8107686269437253,1.7990166573308735
400,identified. overall imaging,3,215.33333333333334,-2.5480802858780898,2.5480802858780898,1.7442827106461696
400,unremarkable. - no,3,180.33333333333334,-2.7123007064040436,2.712300706404044,1.7419028101587157
400,--- subjective,3,180.0,2.6826725536696565,2.6826725536696565,1.7272001546619655
400,stairs .,3,186.66666666666666,-2.7363519179390523,2.7363519179390523,1.7193330999837972
400,without focal,3,223.66666666666666,2.722133876120978,2.722133876120978,1.6957864396848044
400,- within normal,3,231.0,-2.6949099636162224,2.6949099636162224,1.6757011956867622
400,<1 %.,3,217.33333333333334,-2.781106064923639,2.781106064923639,1.670052905923421
400,75 100 cognitive,3,207.0,-2.7218498949650214,2.721849894965022,1.6592179819694814
400,subjective chief,3,234.33333333333334,2.584626092942123,2.584626092942123,1.6360807404745321
400,subjective chief complaint,3,234.66666666666666,2.584626092942123,2.584626092942123,1.6360807404745321
400,other no abnormal,3,230.33333333333334,-2.614363348143316,2.614363348143316,1.6291771729181355
400,- within,3,245.33333333333334,-2.651454068068461,2.651454068068461,1.6059933901863224
400,metastasis management,3,233.33333333333334,2.5363717644024883,2.5363717644024883,1.5991816679802404
400,are common in,3,241.66666666666666,-2.705587522341768,2.705587522341768,1.5705417987939818
400,testing.,3,252.33333333333334,2.715228061542062,2.715228061542062,1.5634224028353685
400,resolution,3,260.3333333333333,2.648960388969757,2.648960388969757,1.5612209088979832
400,braf no,3,260.0,-2.559453218774713,2.5594532187747134,1.5287570602713065
400,and risks of,3,288.6666666666667,2.6450259467789463,2.6450259467789463,1.516594045304436
400,on exertion mild,3,251.0,-2.630779709592341,2.6307797095923404,1.5034163500689655
400,paroxysmal,3,265.0,2.617293343800308,2.617293343800308,1.489968844488053
400,paroxysmal nocturnal,3,264.0,2.617293343800308,2.617293343800308,1.489968844488053
400,deletion exons,3,272.3333333333333,-2.6064380065679296,2.6064380065679296,1.4882915950903322
400,pd-l1 tps >=,3,263.3333333333333,2.6433460053523827,2.6433460053523823,1.4800196231348872
400,negative nuclear excludes,3,281.0,2.5316913489759236,2.5316913489759236,1.457419585311419
400,nuclear excludes,3,279.6666666666667,2.5316913489759236,2.5316913489759236,1.457419585311419
400,nuclear excludes squamous,3,280.3333333333333,2.5316913489759236,2.5316913489759236,1.457419585311419
400,ki-67,3,272.6666666666667,2.6600471811280637,2.6600471811280637,1.4189829340263589
400,snvs,3,278.0,2.4817238403030406,2.4817238403030406,1.3848925037541349
400,but he,3,371.3333333333333,2.5230913972244187,2.5230913972244187,1.2191703611277134
400,adenopathy.,2,22.0,3.5543192475883867,3.5543192475883867,3.287745304019258
400,of superior,2,34.0,-3.340616632827561,3.340616632827561,3.19239100219976
400,metastasis in,2,49.0,3.236586168450538,3.236586168450538,2.866767751639607
400,pain no new,2,87.5,-3.3301602582753205,3.3301602582753205,2.83410407206082
400,superior,2,57.5,-3.2893836425230356,3.2893836425230356,2.7548105010920194
400,55 emotional,2,33.5,3.0706975549366247,3.0706975549366247,2.6868603605695465
400,40 100 emotional,2,46.0,-3.1331602976629584,3.1331602976629584,2.662365355561022
400,role function 40,2,51.0,-3.129313754099454,3.129313754099454,2.656348750255698
400,55 emotional function,2,38.0,3.055937388859017,3.055937388859017,2.6370246582562555
400,and may,2,70.0,-3.026877225879976,3.026877225879976,2.587192953039345
400,no cervical adenopathy.,2,82.0,3.0755053473819602,3.0755053473819602,2.5283794242065496
400,on quality,2,84.5,-3.135279227368687,3.135279227368687,2.5153787752272563
400,on quality of,2,83.5,-3.135279227368687,3.135279227368687,2.5153787752272563
400,upper-normal,2,73.0,-3.034818153746989,3.034818153746989,2.507633231896329
400,pd-l1 22c3,2,57.0,-3.07748932706579,3.07748932706579,2.503917929726488
400,trends mild anemia,2,61.0,3.10116292858815,3.10116292858815,2.487015530755033
400,- fda-approved,2,72.5,2.9959933425430187,2.9959933425430187,2.4440381869958827
400,laboratory trends mild,2,66.0,3.031513117527174,3.031513117527174,2.4272179950323083
400,trends mild,2,67.0,3.031513117527174,3.031513117527174,2.4272179950323083
400,mass or,2,84.0,3.0345372556565176,3.0345372556565176,2.4107228481715763
400,indicated,2,79.5,2.9928161941794618,2.9928161941794618,2.405330773797221
400,increasing,2,86.5,-3.087260076675313,3.087260076675313,2.4015631945959526
400,axial dimension previously,2,165.0,-3.0813752331910615,3.0813752331910615,2.3950169690085086
400,cervical adenopathy.,2,89.5,3.0044028208489317,3.0044028208489317,2.380807490878924
400,alk or,2,86.0,-3.0937396519671005,3.0937396519671005,2.3614107038609955
400,60 %,2,80.0,3.027543684901336,3.027543684901336,2.350335311327396
400,the limited upper,2,77.0,-3.051817123752449,3.051817123752449,2.3430221056038896
400,function 55 emotional,2,66.5,2.969617274672955,2.969617274672955,2.340171846364375
400,to obtain,2,139.5,-3.006728596000759,3.006728596000759,2.3398975476365
400,john martinez age,2,66.5,-2.914691134006565,2.914691134006565,2.3317529072052516
400,intra-abdominal,2,162.0,3.063843857343152,3.063843857343152,2.319902893210318
400,definitive squamous,2,92.0,3.0292370136641447,3.0292370136641447,2.3079003540848633
400,no definitive squamous,2,91.0,3.0292370136641447,3.0292370136641447,2.3079003540848633
400,maintaining quality,2,102.0,2.9972255056396433,2.9972255056396433,2.297106605502125
400,clinician,2,104.5,2.9143401523631205,2.9143401523631205,2.2861047651479263
400,impact on quality,2,153.5,-3.03508808226327,3.03508808226327,2.2749616896389413
400,- rna-based,2,79.0,2.9081765497699648,2.9081765497699648,2.2552012256273395
400,lisinopril - no,2,199.5,-3.0240908188299334,3.0240908188299334,2.249006629615074
400,- age,2,165.0,-2.922990785677739,2.922990785677739,2.242691789023332
400,gem,2,101.0,2.948877971473001,2.948877971473001,2.2183361618219593
400,alk or ros1,2,102.5,-3.0009596081403944,3.0009596081403944,2.214969949389677
400,3 ml s,2,121.0,2.8924303437546097,2.8924303437546097,2.1994432314251
400,ml s,2,139.5,2.9226907977191416,2.9226907977191416,2.1980427863884966
400,mass now measures,2,111.5,-3.033628535224497,3.033628535224497,2.1760400221115894
400,lungs - a,2,104.5,-2.866310791395186,2.866310791395186,2.1710476139322745
400,to reduced,2,186.5,2.91288291419317,2.91288291419317,2.1546580770941692
400,murmurs rubs or,2,104.5,2.912763872960971,2.912763872960971,2.1498471694341355
400,rubs or,2,104.5,2.912763872960971,2.912763872960971,2.1498471694341355
400,maintaining quality of,2,124.0,2.9473630702776674,2.9473630702776674,2.149579216644616
400,30 nausea,2,136.5,-2.9135747492244075,2.9135747492244075,2.1490050379001455
400,fatigue 30 nausea,2,135.5,-2.9135747492244075,2.9135747492244075,2.1490050379001455
400,administer,2,125.5,2.9133381439741703,2.9133381439741703,2.130160152023977
400,pack-years quit 2,2,126.5,-2.8859200435317325,2.8859200435317325,2.1095108012617776
400,loss -,2,134.5,2.920287745577648,2.920287745577648,2.107371250065763
400,multiplanar,2,124.0,2.824252555683975,2.824252555683975,2.0892866050634002
400,minutes post-injection. low-dose,2,187.0,-2.800390892021059,2.800390892021059,2.086634996004303
400,increasing fatigue,2,116.0,-2.844244698482794,2.844244698482794,2.075860576065156
400,mucosa moist.,2,178.0,2.8473177445213658,2.8473177445213658,2.074028600034669
400,deletion exons 1-2,2,177.0,-2.9166159248125485,2.9166159248125485,2.070801370781329
400,exons 1-2,2,176.0,-2.9166159248125485,2.9166159248125485,2.070801370781329
400,medications current,2,134.5,2.785681392834653,2.785681392834653,2.069849535660608
400,oral mucosa moist.,2,179.0,2.837090964634492,2.837090964634492,2.0662501187670435
400,vaf copy-number,2,183.0,2.8751824001219974,2.8751824001219974,2.0416089631008036
400,70,2,142.5,-2.8995258013406033,2.8995258013406033,2.039260966494986
400,. physical examination,2,178.0,2.8836279111426064,2.8836279111426064,2.0213985864444424
400,tmb and stk11,2,144.0,-2.8621312660482268,2.8621312660482268,2.018810927818492
400,70 100 instrument,2,173.5,-2.8289426893419107,2.8289426893419107,2.018436135596199
400,dimension previously,2,116.5,-3.070737308808047,3.070737308808047,2.001283675276335
400,neurologic deficits. he,2,158.5,-2.8086607159232777,2.8086607159232777,1.9991898008006959
400,loss-of-function cdkn2a,2,203.0,2.7527554980455475,2.7527554980455475,1.9956057294996081
400,3 nad in,2,184.0,2.7222984057902337,2.7222984057902337,1.980940568452853
400,------ --------------------------------,2,136.0,2.8524705020194636,2.8524705020194636,1.9786805086407524
400,. physical,2,177.0,2.8239083100668125,2.8239083100668125,1.9718847868259544
400,patient john martinez,2,123.0,-2.759768311172065,2.759768311172065,1.9709459222136674
400,benefits and risks,2,187.5,2.7567632701789577,2.7567632701789577,1.960498917818509
400,low pd-l1,2,122.0,-2.9412231325013707,2.9412231325013707,1.9502074085712677
400,current -,2,147.0,2.7739323825881512,2.7739323825881512,1.9495547991860982
400,missense snv,2,174.0,2.7256471909509226,2.7256471909509226,1.9478950586368582
400,. imaging -,2,130.0,-2.7762673280994226,2.7762673280994226,1.9475049889722267
400,difficulty,2,213.0,-2.8156152955839504,2.8156152955839504,1.9154911286445067
400,unchecked cell-cycle progression.,2,148.5,-2.71181705674656,2.71181705674656,1.8995935182444974
400,dyspnea hemoptysis,2,206.0,-2.7820696978076325,2.7820696978076325,1.889672535282535
400,and may contribute,2,163.5,-2.793261215871164,2.793261215871164,1.8854513207130355
400,each core,2,146.5,-2.7015498948205074,2.7015498948205074,1.8565819473390948
400,------------ ------ --------------------------------,2,167.0,2.81307095587367,2.81307095587367,1.844650035229142
400,john martinez,2,154.5,-2.7153119849879506,2.7153119849879506,1.8420674849917766
400,nodules identified,2,179.5,-2.8039490033463554,2.8039490033463554,1.8349863024611577
400,to reduced responsiveness,2,153.0,2.739492919619213,2.739492919619213,1.8267270954632446
400,differential and cmp,2,217.0,-2.7895384097157647,2.7895384097157647,1.814832180531469
400,--- technique,2,185.5,2.7110287582244434,2.7110287582244434,1.8148172788973294
400,for ongoing trials,2,142.5,2.9010689018463394,2.9010689018463394,1.8131680636539622
400,primary nsclc,2,164.0,2.6733664344042087,2.6733664344042087,1.8057679540629068
400,10 days ago,2,159.5,-2.72590559658336,2.72590559658336,1.8046695821857166
400,constitutional fatigue weight,2,156.0,-2.697255357869026,2.697255357869026,1.7952019156139176
400,l - within,2,178.0,-2.740739486755767,2.740739486755767,1.7920668007319516
400,- discuss potential,2,152.0,-2.7459217150187456,2.7459217150187456,1.7854387792850503
400,lung no focal,2,175.0,2.7646021705443475,2.7646021705443475,1.7653016797607943
400,0.2 cm 0.2,2,169.5,-2.761072229631761,2.761072229631761,1.7641256564849166
400,75 cognitive,2,230.5,-2.7717167902566944,2.7717167902566944,1.760711230788969
400,and risks,2,200.0,2.752946918908828,2.752946918908828,1.75801181746808
400,demonstrated activity,2,183.0,-2.743943693785016,2.743943693785016,1.7558305696374932
400,reinforce,2,176.0,2.7169161627460126,2.7169161627460126,1.746963996389435
400,core biopsy .,2,188.5,-2.783064441857131,2.783064441857131,1.7394152761607067
400,seen,2,172.0,-2.665584296730117,2.665584296730117,1.732629792874576
400,chemotherapy for metastatic,2,192.5,2.7113710661132773,2.7113710661132773,1.7277579271280503
400,completed 4 cycles,2,232.5,-2.81794596869213,2.81794596869213,1.7242296792612102
400,- normal. -,2,240.0,-2.6517801751646797,2.6517801751646797,1.7241133349889175
400,week - lives,2,243.5,-2.805841242326333,2.805841242326333,1.7110801592283171
400,expressed,2,180.5,-2.6258329529956494,2.6258329529956494,1.7029984148853017
400,weeks earlier,2,207.5,-2.687253395027125,2.687253395027125,1.702332564279438
400,collections,2,178.0,-2.6128300538308387,2.6128300538308387,1.6983395349900452
400,mildly fatigued,2,217.0,-2.6675717382062802,2.6675717382062802,1.694314520385661
400,ongoing trials,2,181.0,2.8153379957412694,2.8153379957412694,1.6921127228111597
400,score < 1,2,181.0,-2.7521908215650273,2.7521908215650273,1.6864055637212303
400,context,2,178.5,2.743735342378974,2.743735342378974,1.683391958625763
400,<=3.0,2,211.5,2.7434421891646665,2.7434421891646665,1.6818194484426057
400,have demonstrated activity,2,193.5,-2.68984850717808,2.68984850717808,1.6811553169862998
400,---------- ----------,2,200.0,-2.739697127714047,2.739697127714047,1.6792941696432542
400,detected -,2,246.0,-2.6456817519870572,2.6456817519870572,1.6791647657395248
400,after three cycles,2,217.0,2.7776162565968257,2.7776162565968257,1.6736320856417795
400,psychiatric mild anxiety,2,203.5,-2.68073719300864,2.68073719300864,1.6714242418685348
400,---------------- kras,2,220.0,-2.6442767503113296,2.6442767503113296,1.6698193911671737
400,that is,2,201.5,2.772957702596119,2.772957702596119,1.6669150954468155
400,at bases,2,229.0,-2.624418862188801,2.624418862188801,1.6601706563209218
400,bone or,2,229.5,-2.7390470834237255,2.7390470834237255,1.659894704026895
400,9.8,2,247.5,-2.585223381720785,2.585223381720785,1.648642076337437
400,500,2,231.5,-2.717892914337887,2.717892914337887,1.6483464363948706
400,infiltrated,2,241.0,2.7165453385403193,2.7165453385403193,1.6475945753454124
400,infiltrated by,2,240.0,2.7165453385403193,2.7165453385403193,1.6475945753454124
400,labs earlier if,2,216.5,2.6692570648954668,2.6692570648954668,1.6456509626106797
400,diagnostic radiology,2,191.5,-2.7442724139290267,2.7442724139290267,1.6454816380587798
400,show mild,2,237.0,-2.7593152807197794,2.7593152807197794,1.632918398617183
400,homozygous deletion exons,2,214.5,-2.6413473430905876,2.6413473430905876,1.6282397240074735
400,pre-contrast,2,203.5,2.628791357572806,2.628791357572806,1.610296204828928
400,- offer early,2,193.0,-2.738129749374625,2.738129749374625,1.6086453733963166
400,hilar nodes -,2,224.0,-2.7298922994540336,2.7298922994540336,1.6078991160923377
400,and gemcitabine,2,213.0,-2.6730694241006887,2.6730694241006887,1.6021491396011958
400,role function 55,2,211.5,2.706592038609354,2.706592038609354,1.6016373353117173
400,> 500,2,212.5,-2.661460625560763,2.661460625560763,1.6016276788401986
400,pain palpitations gastrointestinal,2,224.5,-2.7769152014401275,2.7769152014401275,1.5967262408280734
400,75 100,2,260.0,-2.5738223898746533,2.5738223898746533,1.5935688057133628
400,4-5,2,233.5,-2.62250130338442,2.62250130338442,1.5902609448925094
400,specimen.,2,219.5,-2.5911150262391973,2.5911150262391973,1.587656023231167
400,proportion score <,2,205.5,-2.701104374140904,2.701104374140904,1.5871551359121958
400,score <,2,205.5,-2.701104374140904,2.701104374140904,1.5871551359121958
400,no vomiting abdominal,2,271.0,2.617869235917564,2.617869235917564,1.5835595401191165
400,thigh,2,267.0,-2.660374553380308,2.660374553380308,1.581375670515313
400,m with,2,242.5,-2.6138578770753247,2.6138578770753247,1.5752874313818048
400,limited upper,2,213.0,-2.6790086655813816,2.6790086655813816,1.5750286253214285
400,serologies,2,231.0,2.562006429328668,2.562006429328668,1.5703908630827697
400,genomic alterations,2,265.5,2.646297170634645,2.646297170634645,1.5702422182534042
400,21-day cycle -,2,234.5,2.716179438372661,2.716179438372661,1.5678056638568623
400,discomfort and,2,221.5,-2.6102772522260445,2.6102772522260445,1.5658931483233114
400,and multiple bilateral,2,245.0,-2.5768129992279265,2.5768129992279265,1.564835399266233
400,5 pemetrexed,2,241.0,-2.582156498133437,2.582156498133437,1.5505633105487195
400,auc 5 pemetrexed,2,241.0,-2.582156498133437,2.582156498133437,1.5505633105487195
400,psychiatric mild,2,256.5,-2.5813132137424306,2.5813132137424306,1.541889855050024
400,lytic lesions in,2,267.5,2.6457147631442766,2.6457147631442766,1.5393485364127892
400,he continues,2,265.5,2.573752927467803,2.573752927467803,1.5360954722010909
400,evaluate,2,263.0,2.6301687538251866,2.6301687538251866,1.5274895290049901
400,post-hospitalization complete,2,223.5,2.648748749973997,2.648748749973997,1.5205522110665217
400,post-hospitalization complete blood,2,223.5,2.648748749973997,2.648748749973997,1.5205522110665217
400,normal albumin 4.0,2,229.0,-2.6376604891871995,2.6376604891871995,1.5169195867896001
400,nodes multiple,2,236.5,2.682978464692018,2.682978464692018,1.5128247103186243
400,4. overall,2,246.0,2.6861575447835104,2.6861575447835104,1.5126528383768119
400,lepidic-type growth,2,261.0,-2.560343913772509,2.560343913772509,1.5077456976241124
400,4.3 cm,2,247.0,-2.6073170838669064,2.6073170838669064,1.5013279882824289
400,q4h,2,263.5,-2.6602691994132037,2.6602691994132037,1.4982423434683931
400,daily allergies -,2,248.5,-2.656796537672147,2.656796537672147,1.4960386563712438
400,exertion mild,2,234.5,-2.6436568503005535,2.6436568503005535,1.4894210138481747
400,- normal.,2,281.5,-2.5695587679592133,2.5695587679592133,1.4849969374295502
400,no additional focal,2,250.0,2.5162914234054945,2.5162914234054945,1.4832431763291751
400,with low,2,261.0,-2.693677246645671,2.693677246645671,1.481034323944493
400,ml <=3.0,2,278.5,2.6214279541466263,2.6214279541466263,1.4795576252100724
400,ng ml <=3.0,2,279.5,2.6214279541466263,2.6214279541466263,1.4795576252100724
400,assay comprehensive solid-tumor,2,265.0,-2.6247723551358577,2.6247723551358577,1.4777735568844035
400,global health 55.,2,272.5,2.5908449511101206,2.5908449511101206,1.4741144081361757
400,health 55.,2,272.5,2.5908449511101206,2.5908449511101206,1.4741144081361757
400,dl - normal.,2,254.0,-2.5605902047679043,2.5605902047679043,1.4740662028416693
400,---------- ---------- constitutional,2,270.0,-2.671886827117385,2.671886827117385,1.4723934390895672
400,illness mr.,2,230.5,2.5015699315608675,2.5015699315608675,1.469864639865607
400,present illness mr.,2,230.5,2.5015699315608675,2.5015699315608675,1.469864639865607
400,interval growth,2,278.0,-2.548692186400327,2.548692186400327,1.4695113797329855
400,200 mg q3,2,273.0,-2.5310439780613816,2.5310439780613816,1.4650454009949312
400,potential benefit from,2,259.5,2.603593160525506,2.603593160525506,1.4610110763518276
400,age 70 years,2,239.0,-2.4328570903583815,2.4328570903583815,1.4609287928813894
400,schedule a,2,239.0,-2.541516020789912,2.541516020789912,1.4601759461755992
400,fdg-avid osseous,2,275.5,-2.6367778326886504,2.6367778326886504,1.459135845056174
400,----------------------- kras,2,261.0,2.650917486313322,2.650917486313322,1.458004617472327
400,of lung parenchyma,2,283.0,2.638268938040797,2.638268938040797,1.4498092531543703
400,vitamin d 600,2,261.0,-2.6390754080737757,2.6390754080737757,1.4495105679283693
400,applicable core biopsy,2,291.5,-2.670556800360904,2.670556800360904,1.4462192894539507
400,---------- constitutional fatigue,2,262.5,-2.6227726073989137,2.6227726073989137,1.443174935889639
400,lung adenocarcinoma -,2,252.0,-2.6335045083618818,2.6335045083618818,1.4379574506232902
400,proportion score <1,2,285.5,-2.7386094030549133,2.7386094030549133,1.437769936603829
400,score <1,2,284.5,-2.7386094030549133,2.7386094030549133,1.437769936603829
400,fragments of lung,2,291.0,2.6021331260391443,2.6021331260391443,1.4288945276696416
400,the cores,2,279.0,2.597004770554351,2.597004770554351,1.4283526238048931
400,trending,2,283.0,2.6253990434438093,2.6253990434438093,1.415160770163592
400,stk11 loss-of-function -,2,302.0,-2.558783409180351,2.558783409180351,1.4100925967618867
400,- offered,2,286.5,2.613138657770447,2.613138657770447,1.4092835431667357
400,- prescribe,2,280.0,-2.5501470942399225,2.5501470942399225,1.4056239562450143
400,q4h prn,2,306.0,-2.599009062746388,2.599009062746388,1.4027312488064605
400,ck7+ ki-67,2,289.5,2.593869644820198,2.593869644820198,1.395121784206737
400,pathogenic,2,311.0,-2.7005892850523887,2.7005892850523887,1.3857203107017402
400,- symptoms,2,308.5,-2.6167259538248184,2.6167259538248184,1.375701984278776
400,lesions. laboratory data,2,300.5,2.6139120504109714,2.6139120504109714,1.3723038264657597
400,lesions. - spleen,2,301.0,2.5502796449447995,2.5502796449447995,1.3721182557523823
400,70 years,2,282.5,-2.4376370640520992,2.4376370640520992,1.3713690171861495
400,enlarged lymph,2,301.0,2.5992625930192172,2.5992625930192172,1.3663970343486733
400,85 100,2,302.0,-2.536300449485811,2.536300449485811,1.363819728908127
400,response to current,2,325.5,-2.5018038018275353,2.5018038018275353,1.3440737816678263
400,actionable alteration,2,326.5,-2.555363164736584,2.555363164736584,1.3415656614867066
400,resolved no,2,306.5,2.6782429024353105,2.6782429024353105,1.3394473332558658
400,- cytology,2,326.5,-2.6101314147929573,2.6101314147929573,1.337943551926418
400,- cardiovascular rrr,2,295.0,2.5317465779600643,2.5317465779600643,1.3310730033315847
400,initial oncology consultation,2,306.0,-2.5797223686178894,2.5797223686178894,1.3230866485194852
400,metastasis with,2,333.5,-2.5133138291150523,2.5133138291150523,1.3194897602854023
400,hepatic metastasis in,2,340.0,2.5108130541823233,2.5108130541823233,1.3181768534457197
400,0.6,2,320.0,2.4943481906799496,2.4943481906799496,1.3095328001069735
400,is based,2,359.0,-2.5221963182941254,2.5221963182941254,1.2928409819941984
400,is based on,2,358.0,-2.5221963182941254,2.5221963182941254,1.2928409819941984
400,vaccine if seasonally,2,344.5,2.5020731682968167,2.5020731682968167,1.2829041870512121
400,here,2,350.0,-2.548664388457315,2.548664388457315,1.2719462987351156
400,nausea - dexamethasone,2,330.5,2.465133568460129,2.465133568460129,1.2671659474957027
400,free,2,368.5,2.4645213629160727,2.4645213629160727,1.262509166998239
400,mb - -,2,355.5,2.505225339620605,2.505225339620605,1.2526126698103024
400,pertinent,2,373.0,2.399209101812958,2.399209101812958,1.199604550906479
400,tmb -,2,373.0,-2.530273016732572,2.530273016732572,1.1986921347078592
400,bone metastasis.,2,396.5,-2.435227325058621,2.435227325058621,1.186487548907492
400,end,2,381.5,-2.473771383459225,2.473771383459225,1.1731206734067858
400,-------------------,1,4.0,-4.050533997648014,4.050533997648014,4.050533997648014
400,and immunophenotypic profile,1,8.0,-3.701785887594039,3.701785887594039,3.701785887594039
400,immunophenotypic profile,1,9.0,-3.701785887594039,3.701785887594039,3.701785887594039
400,lesions identified. overall,1,7.0,-3.685491871765771,3.685491871765771,3.5933545749716265
400,general fatigue,1,7.0,3.5635184840390077,3.5635184840390077,3.5635184840390077
400,pd-l1 <1 %,1,23.0,-3.6453636551690853,3.6453636551690853,3.463095472410631
400,initial oncology,1,12.0,-3.4547440824183533,3.4547440824183533,3.3683754803578942
400,tingling in feet,1,16.0,-3.424533486225931,3.424533486225931,3.3389201490702827
400,and portal-venous,1,22.0,3.3980632995599938,3.3980632995599938,3.313111717070994
400,global health 70,1,7.0,-3.4662404659223207,3.4662404659223207,3.2929284426262044
400,health 70,1,8.0,-3.450465138739984,3.450465138739984,3.2779418818029846
400,the two,1,18.0,-3.4320830439054766,3.4320830439054766,3.2604788917102026
400,are seen in,1,13.0,-3.4055217022675026,3.4055217022675026,3.2352456171541273
400,patient reports a,1,24.0,3.4960636901835977,3.4960636901835977,3.233858913419828
400,immunophenotypic profile is,1,26.0,-3.395561249763183,3.395561249763183,3.2257831872750238
400,are normal in,1,27.0,3.4584518080543725,3.4584518080543725,3.1990679224502947
400,-------- -------------------,1,30.0,-3.343898350548475,3.343898350548475,3.176703433021051
400,of the primary,1,22.0,-3.514137875208284,3.514137875208284,3.1627240876874554
400,health 70 100,1,16.0,-3.388242781214603,3.388242781214603,3.134124572623508
400,occasional alcohol,1,26.0,-3.4665297458877267,3.4665297458877267,3.119876771298954
400,- a,1,27.0,-3.3268669536966358,3.3268669536966358,3.077351932169388
400,ago - occasional,1,29.0,-3.196665205146557,3.196665205146557,3.036831944889229
400,adenopathy. -,1,30.0,3.152033513339565,3.152033513339565,2.9944318376725865
400,in previously,1,37.0,3.3074296490378465,3.3074296490378465,2.976686684134062
400,lung carcinoma,1,40.0,3.400804181063516,3.400804181063516,2.9757036584305765
400,erythema over,1,20.0,-3.206722556835615,3.206722556835615,2.966218365072944
400,surgeries medications -,1,32.0,-3.379071740588888,3.379071740588888,2.956687773015277
400,wild-type other,1,42.0,-3.1890841323439063,3.1890841323439063,2.9499028224181134
400,wall bones,1,44.0,-3.2172154577069705,3.2172154577069705,2.8954939119362737
400,and unchanged,1,43.0,-3.120954755796891,3.120954755796891,2.8868831491121245
400,are normal,1,46.0,3.261739035351764,3.261739035351764,2.8540216559327938
400,anc <1.0 k,1,23.0,-3.2616931219542993,3.2616931219542993,2.853981481710012
400,multiplanar reconstructions,1,26.0,3.1670096207354437,3.1670096207354437,2.8503086586618993
400,chest wall bones,1,49.0,-3.1652802029829923,3.1652802029829923,2.8487521826846933
400,- general fatigue,1,36.0,3.2454641967504245,3.2454641967504245,2.8397811721566213
400,ttf-1 napsin,1,51.0,3.2078122903113155,3.2078122903113155,2.806835754022401
400,ttf-1 napsin a,1,50.0,3.2078122903113155,3.2078122903113155,2.806835754022401
400,calcium carbonate +,1,54.0,-3.1060841930797634,3.1060841930797634,2.7954757737717872
400,carbonate +,1,52.0,-3.1060841930797634,3.1060841930797634,2.7954757737717872
400,carbonate + vitamin,1,53.0,-3.1060841930797634,3.1060841930797634,2.7954757737717872
400,smarca4,1,55.0,-3.28631090351791,3.28631090351791,2.7933642679902237
400,if anc <1.0,1,26.0,-3.179379157207741,3.179379157207741,2.7819567625567734
400,follow-up progress note,1,43.0,-3.267755626652646,3.267755626652646,2.7775922826547492
400,oncology follow-up progress,1,42.0,-3.267755626652646,3.267755626652646,2.7775922826547492
400,imaging follow-up -,1,54.0,-3.364340425606289,3.364340425606289,2.7755808511251887
400,deficits. he,1,44.0,-3.1162511993940036,3.1162511993940036,2.726719799469753
400,achieved,1,58.0,-3.2064998784901557,3.2064998784901557,2.7255248967166326
400,loss-of-function cdkn2a homozygous,1,62.0,3.025036905460371,3.025036905460371,2.722533214914334
400,on recent,1,59.0,3.1877136645696447,3.1877136645696447,2.7095566148841983
400,l anc 1.2,1,31.0,-3.073313239372152,3.073313239372152,2.689149084450633
400,report specimen,1,66.0,3.0717710390562143,3.0717710390562143,2.6877996591741873
400,g12c mutant stk11,1,46.0,-3.2498199835083827,3.2498199835083827,2.681101486394416
400,complexity - 96413,1,70.0,3.1257406272313424,3.1257406272313424,2.6568795331466415
400,abdominal pain or,1,72.0,3.1064259296813166,3.1064259296813166,2.6404620402291195
400,prior surgeries medications,1,48.0,-3.2848033125623366,3.2848033125623366,2.6278426500498693
400,surgeries medications,1,49.0,-3.277268243718,3.277268243718,2.6218145949743996
400,thickness 1.25 mm,1,75.0,3.17597783285492,3.17597783285492,2.6201817121053095
400,bowel sounds.,1,49.0,3.0818603471935178,3.0818603471935178,2.6195812951144903
400,no vomiting,1,76.0,3.069742117292941,3.069742117292941,2.609280799699
400,- chest pain,1,51.0,-3.066731546408126,3.066731546408126,2.6067218144469075
400,pd-l1 blockade tp53,1,52.0,-3.035929147178446,3.035929147178446,2.5805397751016796
400,foci identified,1,55.0,-3.2085551865963593,3.2085551865963593,2.5668441492770873
400,none cough,1,77.0,-3.101843711047492,3.101843711047492,2.5590210616141813
400,respiratory none cough,1,78.0,-3.101843711047492,3.101843711047492,2.5590210616141813
400,follow-up progress,1,57.0,-3.0844389767841425,3.0844389767841425,2.544662155846918
400,resolved .,1,79.0,3.082261601669613,3.082261601669613,2.542865821377431
400,biopsy demonstrated,1,67.0,-3.1557662842474667,3.1557662842474667,2.524613027397973
400,kidneys are,1,82.0,3.0593771875521893,3.0593771875521893,2.5239861797305565
400,new dyspnea,1,69.0,3.0561476415952686,3.0561476415952686,2.5213218043160968
400,- schedule next,1,83.0,3.0238013404406763,3.0238013404406763,2.494636105863558
400,systemic treatment,1,64.0,-3.0932423763075656,3.0932423763075656,2.4745939010460525
400,suggestive of nodal,1,65.0,3.0855915840782004,3.0855915840782004,2.46847326726256
400,- fixation,1,63.0,-3.0800229017837766,3.0800229017837766,2.4640183214270213
400,focal fdg-avid osseous,1,67.0,-3.0795359527211317,3.0795359527211317,2.463628762176905
400,------------------- ----------------,1,72.0,-3.078260161020428,3.078260161020428,2.462608128816342
400,cm. the,1,68.0,3.0765276629198,3.0765276629198,2.4612221303358397
400,1.8 cm in,1,46.0,-2.895285047171518,2.895285047171518,2.4609922900957906
400,nodules multiple bilateral,1,69.0,-3.0595530853288215,3.0595530853288215,2.447642468263057
400,not currently,1,48.0,-3.1515390210122107,3.1515390210122107,2.442442741284463
400,sensation,1,70.0,3.0525809002260242,3.0525809002260242,2.442064720180819
400,none cough dyspnea,1,88.0,-3.0420142594066526,3.0420142594066526,2.433611407525322
400,moderate complexity -,1,90.0,3.1238674916522844,3.1238674916522844,2.4209973060305203
400,note patient john,1,67.0,-2.9230915625261793,2.9230915625261793,2.4115505390840983
400,m and pembrolizumab,1,91.0,-2.9143689378261612,2.9143689378261612,2.404354373706583
400,genitourinary none,1,69.0,-3.098225169518159,3.098225169518159,2.401124506376573
400,intra-abdominal or,1,75.0,2.947463873742338,2.947463873742338,2.35797109899387
400,positive pd-l1,1,76.0,-2.944622152422746,2.944622152422746,2.3556977219381965
400,--- review,1,78.0,-3.03663612336152,3.03663612336152,2.3533929956051773
400,--- review of,1,77.0,-3.03663612336152,3.03663612336152,2.3533929956051773
400,seen in,1,58.0,-2.92646972521147,2.92646972521147,2.3411757801691757
400,with associated,1,59.0,-3.1177656144118386,3.1177656144118386,2.338324210808879
400,cycles.,1,60.0,-2.9212302904424887,2.9212302904424887,2.336984232353991
400,new chest pain,1,73.0,-3.012334444219983,3.012334444219983,2.3345591942704864
400,70 role,1,61.0,2.916969277238152,2.916969277238152,2.3335754217905214
400,- sequencing platform,1,80.0,3.110830851036997,3.110830851036997,2.3331231382777475
400,calcium carbonate,1,98.0,-3.2081581595665485,3.2081581595665485,2.3259146656857475
400,carbonate,1,97.0,-3.2081581595665485,3.2081581595665485,2.3259146656857475
400,dr. emily s.,1,78.0,-2.9930978348387662,2.9930978348387662,2.3196508220000434
400,at a,1,62.0,-2.9801502887193903,2.9801502887193903,2.309616473757527
400,no associated,1,80.0,2.9718207164386152,2.9718207164386152,2.3031610552399266
400,arteries.,1,77.0,-2.8703685658127203,2.8703685658127203,2.296294852650176
400,previously 4.5,1,84.0,-2.9627182520288136,2.9627182520288136,2.29610664532233
400,fatigued,1,63.0,-2.962532768567164,2.962532768567164,2.2959628956395517
400,rhythm no murmurs.,1,85.0,-2.9589150141581912,2.9589150141581912,2.293159135972598
400,the sampled tissue.,1,86.0,2.953912897278086,2.953912897278086,2.289282495390516
400,ma,1,64.0,-2.9521746713421497,2.9521746713421497,2.2879353702901657
400,complexity -,1,99.0,2.9428171441363697,2.9428171441363697,2.280683286705686
400,blockade tp53,1,84.0,-2.938986261858648,2.938986261858648,2.277714352940452
400,snv 28 %,1,83.0,2.9389850119425844,2.9389850119425844,2.277713384255503
400,- occasional,1,85.0,-3.033381436118617,3.033381436118617,2.275036077088963
400,genitourinary none dysuria,1,86.0,-3.0324291289956005,3.0324291289956005,2.2743218467467003
400,or infiltrates.,1,65.0,2.934393950186493,2.934393950186493,2.274155311394532
400,snv 28,1,84.0,2.927623979146654,2.927623979146654,2.2689085838386567
400,no new enlarged,1,100.0,3.1255103737599903,3.1255103737599903,2.2659950209759927
400,consistent with primary,1,90.0,3.0182096049303984,3.0182096049303984,2.263657203697799
400,. --- plan,1,91.0,-2.9124219277098944,2.9124219277098944,2.257126993975168
400,emily s.,1,89.0,-2.9086028254015144,2.9086028254015144,2.2541671896861732
400,presence of kras,1,102.0,-2.8931417888277284,2.8931417888277284,2.2421848863414895
400,cmp creatinine 0.9,1,91.0,-2.80260158075244,2.80260158075244,2.2420812646019517
400,nodes up,1,104.0,-2.8925000761441857,2.8925000761441857,2.2416875590117438
400,nodes up to,1,103.0,-2.8925000761441857,2.8925000761441857,2.2416875590117438
400,patient -,1,94.0,2.9771578624557398,2.9771578624557398,2.2328683968418046
400,55. -,1,92.0,3.0765900604247736,3.0765900604247736,2.2305277938079606
400,70 s,1,93.0,2.7872719593389084,2.7872719593389084,2.2298175674711267
400,in the context,1,69.0,2.8666611424589847,2.8666611424589847,2.221662385405713
400,cores 5 cores,1,96.0,-2.863177161570711,2.863177161570711,2.2189623002173007
400,low-dose dexamethasone 4,1,70.0,-2.9586085619968365,2.9586085619968365,2.2189564214976274
400,or neurologic changes.,1,92.0,-3.0519385917142787,3.0519385917142787,2.212655478992852
400,chest in 6,1,97.0,-3.0398028340233036,3.0398028340233036,2.203857054666895
400,established patient -,1,97.0,3.039794454247022,3.039794454247022,2.203850979329091
400,nausea 10 pain,1,98.0,-3.0315474996338705,3.0315474996338705,2.197871937234556
400,neurologic no weakness,1,99.0,2.9220437393884366,2.9220437393884366,2.1915328045413274
400,mild tenderness over,1,97.0,2.8201768900922897,2.8201768900922897,2.1856370898215243
400,chest wall,1,98.0,-3.0110619107709904,3.0110619107709904,2.183019885308968
400,musculoskeletal none bone,1,99.0,-2.9066608819052497,2.9066608819052497,2.1799956614289373
400,none bone,1,101.0,-2.9066608819052497,2.9066608819052497,2.1799956614289373
400,none bone pain,1,100.0,-2.9066608819052497,2.9066608819052497,2.1799956614289373
400,0.6 cm,1,99.0,3.1118898138095643,3.1118898138095643,2.1783228696666947
400,artery disease,1,101.0,-2.902825652933503,2.902825652933503,2.177119239700127
400,coronary artery disease,1,102.0,-2.902825652933503,2.902825652933503,2.177119239700127
400,adrenal nodule,1,112.0,-2.98464096824625,2.98464096824625,2.163864701978531
400,robust response,1,113.0,2.8811416454042753,2.8811416454042753,2.1608562340532065
400,organ,1,100.0,-2.8810064426822803,2.8810064426822803,2.16075483201171
400,oncologic management -,1,74.0,3.0845225436592565,3.0845225436592565,2.1591657805614792
400,robust response to,1,114.0,2.8737405000998284,2.8737405000998284,2.1553053750748714
400,linked to reduced,1,78.0,2.972032023780926,2.972032023780926,2.1547232172411714
400,therapy. 5.,1,115.0,-2.9674073661713822,2.9674073661713822,2.151370340474252
400,immunotherapy procedure,1,103.0,2.962248902968044,2.962248902968044,2.147630454651832
400,immunotherapy procedure codes,1,104.0,2.962248902968044,2.962248902968044,2.147630454651832
400,depression,1,106.0,-2.949172545907107,2.949172545907107,2.1381500957826525
400,tp53 missense,1,104.0,-2.9482059271607493,2.9482059271607493,2.137449297191543
400,if a,1,81.0,2.935817493562935,2.935817493562935,2.128467682833128
400,no lymphadenopathy. neck,1,109.0,2.8374227850574205,2.8374227850574205,2.1280670887930655
400,illness john is,1,110.0,-2.8344411346818785,2.8344411346818785,2.125830851011409
400,- discontinued,1,122.0,-2.83179755585573,2.83179755585573,2.1238481668917975
400,subjective,1,111.0,2.8288981350696227,2.8288981350696227,2.1216736013022173
400,no active,1,112.0,-2.725501952258133,2.725501952258133,2.112264013000053
400,metastasis management -,1,114.0,2.909689456928727,2.909689456928727,2.109524856273327
400,55. - pro-ctcae,1,105.0,3.0046761756640255,3.0046761756640255,2.1032733229648177
400,and portal-venous phase,1,128.0,2.9691443468983785,2.9691443468983785,2.078401042828865
400,new chest,1,117.0,-2.7672734330460993,2.7672734330460993,2.0754550747845744
400,--- laboratory,1,110.0,-2.964766450936134,2.964766450936134,2.0753365156552936
400,and growth,1,111.0,-2.787190167625974,2.787190167625974,2.0704841245221517
400,l hgb 13.2,1,118.0,-2.94245928735498,2.94245928735498,2.059721501148486
400,lung mass -,1,130.0,2.829633931702601,2.829633931702601,2.0514846004843856
400,mrn redacted referring,1,120.0,2.9241007119589173,2.9241007119589173,2.046870498371242
400,ago. she completed,1,115.0,-2.8214150266705307,2.8214150266705307,2.0455258943361345
400,--- laboratory results,1,89.0,-2.711240122559179,2.711240122559179,2.033430091919384
400,appears mildly fatigued,1,90.0,-2.901491962784187,2.901491962784187,2.031044373948931
400,of nodal,1,117.0,2.8950202861405914,2.8950202861405914,2.026514200298414
400,left hilar and,1,136.0,-2.894353448360278,2.894353448360278,2.0260474138521944
400,and acinar,1,113.0,-2.997595053861938,2.997595053861938,2.0233766613568083
400,pd-l1 22c3 tumor,1,118.0,-2.890294632573958,2.890294632573958,2.0232062428017703
400,1.25 mm,1,139.0,2.788652757316057,2.788652757316057,2.0217732490541414
400,-----------------------,1,114.0,2.884946548909738,2.884946548909738,2.0194625842368166
400,wall bones -,1,115.0,-2.883580867394182,2.883580867394182,2.0185066071759272
400,routine follow-up,1,92.0,2.7835285075093577,2.7835285075093577,2.018058167944284
400,prior to next,1,123.0,2.777447906445121,2.777447906445121,2.0136497321727127
400,stable. - no,1,94.0,2.770612725872063,2.770612725872063,2.0086942262572456
400,associated with a,1,125.0,-2.861435972105627,2.861435972105627,2.003005180473939
400,plt 140,1,126.0,2.858284012804171,2.858284012804171,2.0007988089629194
400,frontal lobe,1,140.0,2.8493305216666696,2.8493305216666696,1.9945313651666685
400,three cycles of,1,119.0,2.845385769769518,2.845385769769518,1.9917700388386625
400,82,1,130.0,2.943621453313523,2.943621453313523,1.9869444809866281
400,brain -,1,142.0,2.8368079816360714,2.8368079816360714,1.9857655871452498
400,direct targeted,1,132.0,2.737474982781933,2.737474982781933,1.9846693625169014
400,aortic aneurysm,1,121.0,-2.7365221762102867,2.7365221762102867,1.983978577752458
400,alt 24 u,1,144.0,2.8308786564052606,2.8308786564052606,1.9816150594836823
400,sputum. - cardiovascular,1,123.0,-2.934554800223339,2.934554800223339,1.980824490150754
400,areas of hemorrhage.,1,122.0,2.8255710134113388,2.8255710134113388,1.977899709387937
400,breast,1,124.0,-2.825451300700614,2.825451300700614,1.9778159104904296
400,sampled tissue.,1,125.0,2.8214421524595013,2.8214421524595013,1.9750095067216507
400,in appetite,1,123.0,2.8203037427930298,2.8203037427930298,1.9742126199551207
400,completed 4,1,124.0,-2.8171880850249957,2.8171880850249957,1.972031659517497
400,type established,1,138.0,2.914382850513241,2.914382850513241,1.9672084240964378
400,22c3 tumor,1,128.0,-2.9137709539703414,2.9137709539703414,1.9667953939299805
400,22c3 tumor proportion,1,127.0,-2.9137709539703414,2.9137709539703414,1.9667953939299805
400,post-injection. low-dose,1,148.0,-2.801823539496177,2.801823539496177,1.9612764776473237
400,post-injection. low-dose ct,1,147.0,-2.801823539496177,2.801823539496177,1.9612764776473237
400,all extremities sensation,1,129.0,2.904131777401093,2.904131777401093,1.9602889497457379
400,administration of 10,1,149.0,-2.7963598927093374,2.7963598927093374,1.957451924896536
400,e.g. carboplatin +,1,150.0,-2.899160628861291,2.899160628861291,1.9569334244813714
400,wheezes. cardiovascular,1,126.0,2.79430918280272,2.79430918280272,1.9560164279619037
400,slice thickness and,1,152.0,-2.7790186242781845,2.7790186242781845,1.945313036994729
400,new enlarged,1,153.0,2.9896876134157155,2.9896876134157155,1.9432969487202152
400,attenuation no focal,1,133.0,2.8702941567330877,2.8702941567330877,1.9374485557948344
400,review of recent,1,102.0,2.767694416306895,2.767694416306895,1.9373860914148262
400,mild cough,1,142.0,-2.764364040992706,2.764364040992706,1.935054828694894
400,systemic progression,1,156.0,-2.8611392345947935,2.8611392345947935,1.9312689833514858
400,effect or,1,105.0,-2.9641889510913835,2.9641889510913835,1.9267228182093994
400,mass effect or,1,104.0,-2.9641889510913835,2.9641889510913835,1.9267228182093994
400,segment iv,1,129.0,2.751283662405917,2.751283662405917,1.925898563684142
400,limited likelihood,1,107.0,-2.74982431703573,2.74982431703573,1.9248770219250109
400,limited likelihood of,1,108.0,-2.74982431703573,2.74982431703573,1.9248770219250109
400,with intravenous contrast,1,145.0,2.842058019962844,2.842058019962844,1.91838916347492
400,rna-based,1,159.0,2.8415074010148045,2.8415074010148045,1.9180174956849931
400,may be considered,1,146.0,-2.8414850866851578,2.8414850866851578,1.9180024335124817
400,completed three cycles,1,130.0,2.7395367058030304,2.7395367058030304,1.9176756940621211
400,4 mild neuropathy,1,147.0,-2.83856771884871,2.83856771884871,1.9160332102228794
400,mild neuropathy -,1,148.0,-2.83856771884871,2.83856771884871,1.9160332102228794
400,- evaluation,1,131.0,2.735260818980047,2.735260818980047,1.9146825732860329
400,adrenal lesion stable,1,149.0,2.833431122462946,2.833431122462946,1.9125660076624886
400,mild anxiety about,1,150.0,-3.058076046344824,3.058076046344824,1.9112975289655152
400,cores 5,1,152.0,-2.730100637672043,2.730100637672043,1.91107044637043
400,of cores 5,1,151.0,-2.730100637672043,2.730100637672043,1.91107044637043
400,tps,1,114.0,2.7289336179798735,2.7289336179798735,1.9102535325859114
400,last oncology,1,115.0,-2.8285235222381027,2.8285235222381027,1.9092533775107194
400,detected,1,154.0,-2.8244267764743465,2.8244267764743465,1.906488074120184
400,potential benefit,1,158.0,2.71640376885533,2.71640376885533,1.901482638198731
400,bowel wall,1,133.0,2.816746933201449,2.816746933201449,1.9013041799109784
400,low-grade fdg activity,1,159.0,-2.924010597335895,2.924010597335895,1.9006068882683318
400,chest discomfort and,1,163.0,-2.81026930670672,2.81026930670672,1.8969317820270362
400,psychosocial support and,1,117.0,-2.611103920094529,2.611103920094529,1.8930503420685334
400,- order,1,118.0,-2.911670612799476,2.911670612799476,1.8925858983196595
400,the histologic and,1,165.0,-2.911096964888349,2.911096964888349,1.892213027177427
400,indicated. -,1,166.0,2.8019258845399424,2.8019258845399424,1.8912999720644612
400,and appearance.,1,135.0,2.799331926489724,2.799331926489724,1.8895490503805639
400,missense snv 28,1,136.0,2.7982393277156064,2.7982393277156064,1.8888115462080344
400,change in appetite,1,119.0,2.696468577683354,2.696468577683354,1.8875280043783476
400,hepatitis,1,140.0,2.791098297937362,2.791098297937362,1.8839913511077195
400,tolerated the first,1,160.0,-2.894946499360037,2.894946499360037,1.881715224584024
400,type established patient,1,161.0,2.8927191509496577,2.8927191509496577,1.8802674481172776
400,bp 122,1,137.0,-2.888374041776073,2.888374041776073,1.8774431271544476
400,or masses. -,1,163.0,2.779098712399073,2.779098712399073,1.8758916308693743
400,8 of a,1,167.0,-2.6766676112837,2.6766676112837,1.8736673278985898
400,chief complaint here,1,138.0,-2.8816124374961376,2.8816124374961376,1.8730480843724895
400,complaint here,1,139.0,-2.8816124374961376,2.8816124374961376,1.8730480843724895
400,reconstructions in,1,145.0,2.774241705850848,2.774241705850848,1.8726131514493225
400,coronary,1,146.0,-2.8793726458915776,2.8793726458915776,1.8715922198295254
400,prior .,1,164.0,2.7707093573090895,2.7707093573090895,1.8702288161836356
400,100 nausea 20,1,170.0,-2.871865739112741,2.871865739112741,1.8667127304232816
400,20 100 pain,1,169.0,-2.871865739112741,2.871865739112741,1.8667127304232816
400,nausea 20 100,1,171.0,-2.871865739112741,2.871865739112741,1.8667127304232816
400,not detected -,1,140.0,-2.764368300325496,2.764368300325496,1.86594860271971
400,% low pd-l1,1,166.0,-2.7639344912869035,2.7639344912869035,1.86565578161866
400,122,1,141.0,-2.868219187651248,2.868219187651248,1.8643424719733113
400,diet,1,142.0,-2.6619566024865864,2.6619566024865864,1.8633696217406104
400,with no new,1,168.0,-2.8653056364054064,2.8653056364054064,1.8624486636635142
400,ml.,1,149.0,-2.7560658787319228,2.7560658787319228,1.860344468144048
400,the context of,1,125.0,2.755267735014785,2.755267735014785,1.8598057211349799
400,spine,1,143.0,2.750044881195484,2.750044881195484,1.856280294806952
400,balanced diet,1,144.0,-2.749848225383913,2.749848225383913,1.8561475521341413
400,middle,1,150.0,2.852183507381812,2.852183507381812,1.8539192797981778
400,cavitation. - right,1,151.0,2.7449824779110292,2.7449824779110292,1.852863172589945
400,comment,1,152.0,2.8501972340649653,2.8501972340649653,1.8526282021422276
400,bp 122 78,1,146.0,-2.829007828480062,2.829007828480062,1.8388550885120405
400,bronchodilator albuterol,1,129.0,2.723074891939807,2.723074891939807,1.8380755520593697
400,10 pain,1,155.0,-2.933347765580097,2.933347765580097,1.8333423534875606
400,with no,1,170.0,-2.820490713457341,2.820490713457341,1.8333189637472718
400,dysphagia abdominal pain,1,171.0,-2.8198530899512724,2.8198530899512724,1.832904508468327
400,122 78,1,149.0,-2.8141446669540526,2.8141446669540526,1.8291940335201342
400,%. he initiated,1,150.0,-2.924611639422022,2.924611639422022,1.8278822746387637
400,significance ------ ------------,1,152.0,2.806756733081181,2.806756733081181,1.8243918765027678
400,for my,1,154.0,-2.8044011454866666,2.8044011454866666,1.8228607445663334
400,no dyspnea at,1,175.0,2.9147465126011305,2.9147465126011305,1.8217165703757066
400,codes - 96413,1,176.0,-2.6971899445164387,2.6971899445164387,1.8206032125485963
400,m on day,1,160.0,2.7920473357153774,2.7920473357153774,1.8148307682149953
400,- no hepatic,1,159.0,-2.786132403708438,2.786132403708438,1.8109860624104848
400,history - metastatic,1,133.0,2.7830594502658643,2.7830594502658643,1.808988642672812
400,--- physical examination,1,162.0,-2.7748179858986424,2.7748179858986424,1.8036316908341177
400,patient john,1,175.0,-2.670713548322254,2.670713548322254,1.8027316451175215
400,------------------- ---------------- kras,1,165.0,-2.8835480593218366,2.8835480593218366,1.8022175370761477
400,ago - lung,1,166.0,-2.7715448112328924,2.7715448112328924,1.80150412730138
400,8 of,1,177.0,-2.667112518941134,2.667112518941134,1.8003009502852656
400,repeat labs,1,176.0,-2.769117254685656,2.769117254685656,1.7999262155456766
400,clinical trial evaluating,1,167.0,-2.6645341074033286,2.6645341074033286,1.798560522497247
400,here for my,1,168.0,-2.766086283048877,2.766086283048877,1.79795608398177
400,and lab,1,177.0,-2.6625726095888136,2.6625726095888136,1.7972365114724493
400,metastasis in the,1,178.0,2.6616208011765585,2.6616208011765585,1.7965940407941772
400,kras-targeted therapy,1,178.0,2.872200663018442,2.872200663018442,1.795125414386526
400,neurologic none,1,179.0,-2.8694682811290635,2.8694682811290635,1.7934176757056646
400,contrast patient james,1,179.0,2.8671211480179095,2.8671211480179095,1.7919507175111935
400,lesion measuring,1,163.0,2.7545581995260284,2.7545581995260284,1.7904628296919185
400,the pet,1,169.0,2.754445982609755,2.754445982609755,1.7903898886963407
400,fatigue now,1,170.0,-2.9813610072544807,2.9813610072544807,1.7888166043526883
400,<1% .,1,180.0,-2.7416871800960143,2.7416871800960143,1.7820966670624094
400,on prior,1,171.0,2.738334152403097,2.738334152403097,1.779917199062013
400,confer,1,181.0,2.735051885821513,2.735051885821513,1.7777837257839835
400,imaging summary baseline,1,138.0,2.733637963096989,2.733637963096989,1.776864676013043
400,summary baseline,1,139.0,2.733637963096989,2.733637963096989,1.776864676013043
400,mg m and,1,182.0,-2.732987258298649,2.732987258298649,1.776441717894122
400,the context,1,141.0,2.731530346596048,2.731530346596048,1.7754947252874314
400,trials e.g.,1,173.0,-2.834606259132521,2.834606259132521,1.7716289119578257
400,cervical adenopathy. -,1,183.0,2.6217093895602357,2.6217093895602357,1.7696538379531592
400,demonstrated activity in,1,184.0,-2.8305597948303234,2.8305597948303234,1.7690998717689521
400,stable no new,1,174.0,2.826882059668917,2.826882059668917,1.766801287293073
400,metastatic deposit.,1,167.0,2.8217745514197414,2.8217745514197414,1.7636090946373384
400,r273c met amplification,1,185.0,-2.5151624503459815,2.5151624503459815,1.760613715242187
400,hour,1,169.0,2.816654300969188,2.816654300969188,1.7604089381057424
400,cea 4.0,1,170.0,2.7071672009209498,2.7071672009209498,1.7596586805986174
400,cea 4.0 ng,1,171.0,2.7071672009209498,2.7071672009209498,1.7596586805986174
400,fatigue 30,1,172.0,-2.814079475611195,2.814079475611195,1.7587996722569967
400,he denies any,1,145.0,2.7033935554720134,2.7033935554720134,1.7572058110568087
400,size. -,1,146.0,-2.8114024542676233,2.8114024542676233,1.7571265339172646
400,pain if,1,183.0,-2.60098814456615,2.60098814456615,1.7556669975821513
400,low-dose dexamethasone,1,147.0,-2.8026333603664084,2.8026333603664084,1.7516458502290053
400,pathology report specimen,1,186.0,2.795495907243935,2.795495907243935,1.7471849420274594
400,newly diagnosed non-small,1,149.0,2.791737219623711,2.791737219623711,1.7448357622648194
400,flu-like symptoms,1,175.0,-2.6807252040399545,2.6807252040399545,1.7424713826259706
400,and ribs show,1,176.0,-2.5788178540545097,2.5788178540545097,1.7407020514867941
400,4.0 ng,1,173.0,2.7735507442451928,2.7735507442451928,1.7334692151532454
400,4.0 ng ml,1,174.0,2.773088903301223,2.773088903301223,1.7331805645632645
400,bilaterally. neurologic,1,176.0,-2.5655384602551594,2.5655384602551594,1.7317384606722328
400,histologic and immunophenotypic,1,190.0,-2.764859847804941,2.764859847804941,1.728037404878088
400,pd-l1 <1% .,1,191.0,-2.758803990760447,2.758803990760447,1.7242524942252793
400,lobe primary mass,1,178.0,2.7475771999400775,2.7475771999400775,1.7172357499625486
400,per recist criteria,1,193.0,2.641650380330252,2.641650380330252,1.7170727472146639
400,wall invasion or,1,177.0,-2.858620473610867,2.858620473610867,1.7151722841665202
400,neoplastic glands,1,155.0,-2.7333298732808933,2.7333298732808933,1.7083311708005584
400,peripheral pulses intact,1,179.0,-2.732845370902224,2.732845370902224,1.7080283568138899
400,<1.0,1,156.0,-2.7262491341318498,2.7262491341318498,1.703905708832406
400,interfere,1,197.0,2.7229738282513605,2.7229738282513605,1.7018586426571003
400,13.2,1,197.0,-2.8274229224823006,2.8274229224823006,1.6964537534893804
400,--- physical,1,181.0,-2.7140067412358153,2.7140067412358153,1.6962542132723846
400,s .,1,183.0,2.7105918681747494,2.7105918681747494,1.6941199176092183
400,now limiting,1,158.0,-2.6062924228300277,2.6062924228300277,1.694090074839518
400,lab,1,184.0,-2.6056073836549865,2.6056073836549865,1.6936447993757413
400,chief complaint new,1,181.0,2.707089447845295,2.707089447845295,1.6919309049033093
400,complaint new,1,182.0,2.707089447845295,2.707089447845295,1.6919309049033093
400,objective vital,1,199.0,2.700769384566987,2.700769384566987,1.6879808653543669
400,objective vital signs,1,198.0,2.700769384566987,2.700769384566987,1.6879808653543669
400,stk11 loss-of-function cdkn2a,1,198.0,2.6996049398286783,2.6996049398286783,1.687253087392924
400,rna-based fusion,1,200.0,2.8099064046783857,2.8099064046783857,1.6859438428070315
400,fatigue weight,1,163.0,-2.6951117351187985,2.6951117351187985,1.684444834449249
400,respiratory none,1,200.0,-2.8038273794665565,2.8038273794665565,1.682296427679934
400,unchanged .,1,201.0,2.689095654977764,2.689095654977764,1.6806847843611026
400,john,1,203.0,-2.58246170279234,2.58246170279234,1.6786001068150211
400,or clinical trial,1,164.0,2.678480665939357,2.678480665939357,1.6740504162120982
400,pembrolizumab. 2.,1,165.0,-2.5753245190104277,2.5753245190104277,1.673960937356778
400,primary tumor -,1,188.0,-2.674507221518029,2.674507221518029,1.6715670134487681
400,john is a,1,207.0,-2.570505771860698,2.570505771860698,1.6708287517094536
400,seen in the,1,167.0,-2.672611340116687,2.672611340116687,1.6703820875729294
400,investigational .,1,184.0,2.6689563558515763,2.6689563558515763,1.6680977224072353
400,work-up.,1,205.0,-2.5598474626978263,2.5598474626978263,1.663900850753587
400,pulmonary arteries.,1,185.0,-2.6601909906729353,2.6601909906729353,1.6626193691705846
400,size and appearance.,1,186.0,2.7693405393903534,2.7693405393903534,1.661604323634212
400,no weakness,1,190.0,2.7678643821154303,2.7678643821154303,1.6607186292692582
400,suvmax 12.5,1,206.0,2.6565589045582363,2.6565589045582363,1.6603493153488977
400,suvmax 3.2,1,191.0,2.765803353487633,2.765803353487633,1.6594820120925797
400,g12c mutant,1,194.0,-2.7650182750869323,2.7650182750869323,1.6590109650521594
400,kras g12c mutant,1,193.0,-2.7650182750869323,2.7650182750869323,1.6590109650521594
400,first-line platinum-based doublet,1,211.0,2.6502417469676662,2.6502417469676662,1.6564010918547913
400,slice thickness 1.25,1,208.0,2.648257155428945,2.648257155428945,1.6551607221430906
400,thickness 1.25,1,207.0,2.648257155428945,2.648257155428945,1.6551607221430906
400,copy-number gain -,1,209.0,2.877642659989456,2.877642659989456,1.654644529493937
400,mg m with,1,171.0,-2.544832248969216,2.544832248969216,1.6541409618299905
400,md ---,1,189.0,-2.5439243686766297,2.5439243686766297,1.6535508396398093
400,to next,1,213.0,2.5389556824193984,2.5389556824193984,1.650321193572609
400,g12c driver with,1,190.0,-2.7464436386601654,2.7464436386601654,1.6478661831960992
400,50%,1,215.0,2.745765602008575,2.745765602008575,1.647459361205145
400,--- history,1,201.0,-2.6355003056991846,2.6355003056991846,1.6471876910619905
400,--- history of,1,200.0,-2.6355003056991846,2.6355003056991846,1.6471876910619905
400,biopsy demonstrated kras,1,191.0,-2.744136774467968,2.744136774467968,1.6464820646807807
400,--- signature provider,1,216.0,-2.7438119667914416,2.7438119667914416,1.6462871800748649
400,john is,1,217.0,-2.5319325607965806,2.5319325607965806,1.6457561645177774
400,alterations. -,1,174.0,2.5288236890990548,2.5288236890990548,1.6437353979143856
400,ascites or,1,192.0,2.627700285848884,2.627700285848884,1.6423126786555526
400,fever severe,1,202.0,-2.8507305611946503,2.8507305611946503,1.6391700726869238
400,neurologic none headache,1,221.0,-2.7285947499456977,2.7285947499456977,1.6371568499674185
400,in size largest,1,175.0,2.517913063971772,2.517913063971772,1.636643491581652
400,pre-treatment labs.,1,176.0,-2.6159990246514107,2.6159990246514107,1.6349993904071316
400,mg q3,1,195.0,-2.7189612809260555,2.7189612809260555,1.6313767685556333
400,mild neuropathy,1,222.0,-2.713640583681147,2.713640583681147,1.6281843502086881
400,information,1,223.0,-2.6045181735416083,2.6045181735416083,1.6278238584635052
400,next week,1,224.0,2.60374653930431,2.60374653930431,1.627341587065194
400,of lung cancer,1,199.0,2.6029303112993567,2.6029303112993567,1.626831444562098
400,assessment. signature,1,203.0,-2.705464623057427,2.705464623057427,1.6232787738344563
400,gastrointestinal nausea grade,1,225.0,2.4969366197834484,2.4969366197834484,1.6230088028592415
400,offer early palliative,1,177.0,-2.6980930569714316,2.6980930569714316,1.618855834182859
400,reinforce smoking,1,179.0,2.6962073449569672,2.6962073449569672,1.6177244069741803
400,is moderate,1,217.0,-2.585375302278322,2.585375302278322,1.6158595639239512
400,short-acting bronchodilator albuterol,1,180.0,2.690525593463371,2.690525593463371,1.6143153560780226
400,last oncology visit,1,181.0,-2.6904572722960975,2.6904572722960975,1.6142743633776584
400,g12c-mutated stk11 loss-of-function,1,227.0,-2.687445697825614,2.687445697825614,1.6124674186953685
400,sounds.,1,208.0,2.6849946596473475,2.6849946596473475,1.6109967957884084
400,no bone pain.,1,200.0,-2.576519491786063,2.576519491786063,1.6103246823662896
400,clinical history -,1,201.0,-2.681925797769227,2.681925797769227,1.609155478661536
400,no tenderness,1,228.0,-2.7959188829497696,2.7959188829497696,1.6076533576961174
400,drug allergies.,1,220.0,2.6720903638439224,2.6720903638439224,1.6032542183063534
400,if worsening,1,182.0,-2.56459919840815,2.56459919840815,1.6028744990050938
400,clinical indication -,1,229.0,2.6698418675846627,2.6698418675846627,1.6019051205507975
400,- occasional alcohol,1,230.0,-2.6695109077506998,2.6695109077506998,1.6017065446504197
400,option.,1,231.0,2.66949636681336,2.66949636681336,1.601697820088016
400,compromise.,1,183.0,2.6690708507088603,2.6690708507088603,1.601442510425316
400,normal albumin 3.9,1,203.0,2.561965731666078,2.561965731666078,1.6012285822912988
400,for first,1,233.0,-2.6619019037281544,2.6619019037281544,1.5971411422368926
400,complaint here for,1,206.0,-2.7760378671044594,2.7760378671044594,1.5962217735850641
400,mildly tender,1,223.0,-2.656902657337424,2.656902657337424,1.5941415944024544
400,pancreas spleen,1,224.0,-2.6566868890744684,2.6566868890744684,1.594012133444681
400,dexamethasone taper,1,185.0,2.653701769491318,2.653701769491318,1.5922210616947907
400,ordered,1,207.0,2.7688978569273224,2.7688978569273224,1.5921162677332101
400,lab review,1,211.0,-2.648748342684237,2.648748342684237,1.5892490056105422
400,mild anxiety,1,234.0,-2.7632995644702234,2.7632995644702234,1.5888972495703784
400,mediastinal nodes stable,1,212.0,2.6417785375549365,2.6417785375549365,1.5850671225329618
400,disease past,1,210.0,-2.75388806284275,2.75388806284275,1.583485636134581
400,occasional alcohol 1-2,1,237.0,-2.7536861975345603,2.7536861975345603,1.5833695635823721
400,was referred to,1,213.0,-2.5328459981742255,2.5328459981742255,1.583028748858891
400,severity 2 nausea,1,239.0,2.751875633842108,2.751875633842108,1.582328489459212
400,definitive squamous differentiation,1,211.0,2.871540682157696,2.871540682157696,1.579347375186733
400,calcification.,1,215.0,-2.631698500950764,2.631698500950764,1.5790191005704584
400,q8h prn for,1,240.0,-2.74462325303482,2.74462325303482,1.5781583704950215
400,sleep hygiene,1,187.0,2.630157770803546,2.630157770803546,1.5780946624821275
400,on kras-targeted,1,241.0,2.629861996256025,2.629861996256025,1.5779171977536148
400,low expression,1,212.0,-2.867149463523516,2.867149463523516,1.576932204937934
400,60 %.,1,188.0,2.6273024401754035,2.6273024401754035,1.576381464105242
400,of actionable,1,213.0,-2.626319862346922,2.626319862346922,1.5757919174081532
400,lesions are,1,189.0,-2.5207663926984964,2.5207663926984964,1.5754789954365602
400,father lung,1,216.0,2.624544439336913,2.624544439336913,1.5747266636021477
400,influence immunotherapy,1,228.0,2.6154580367980715,2.6154580367980715,1.5692748220788428
400,with associated right,1,190.0,-2.728997656967164,2.728997656967164,1.569173652756119
400,anti-pd-1 pd-l1,1,217.0,-2.7260756964836173,2.7260756964836173,1.5674935254780797
400,4r and,1,214.0,-2.605572267308338,2.605572267308338,1.5633433603850029
400,laboratory monitoring -,1,229.0,2.603303331566362,2.603303331566362,1.5619819989398172
400,1 and 8,1,215.0,-2.60090506322936,2.60090506322936,1.560543037937616
400,while maintaining quality,1,218.0,2.713740999983672,2.713740999983672,1.5604010749906112
400,45.,1,230.0,-2.7120616254443854,2.7120616254443854,1.5594354346305215
400,days 1 and,1,216.0,-2.5983306083681406,2.5983306083681406,1.5589983650208843
400,snv,1,218.0,2.49089908682282,2.49089908682282,1.5568119292642624
400,122 78 mmhg,1,219.0,-2.7040438724774063,2.7040438724774063,1.5548252266745084
400,the first cycle,1,255.0,-2.8259277131332396,2.8259277131332396,1.5542602422232819
400,ffpe,1,192.0,2.701209810040808,2.701209810040808,1.5531956407734646
400,stable adrenal,1,231.0,2.6995971108020944,2.6995971108020944,1.5522683387112042
400,all cores,1,232.0,2.6993152926591097,2.6993152926591097,1.552106293278988
400,appetite loss -,1,220.0,2.6979665609817802,2.6979665609817802,1.5513307725645236
400,suggests potential,1,193.0,2.584405571340642,2.584405571340642,1.5506433428043853
400,may influence immunotherapy,1,233.0,2.583892741994478,2.583892741994478,1.5503356451966868
400,the diagnostic,1,223.0,-2.5826020632412976,2.5826020632412976,1.5495612379447785
400,1 no fever,1,194.0,2.4771050638021896,2.4771050638021896,1.5481906648763686
400,well-controlled,1,221.0,2.692351244506321,2.692351244506321,1.5481019655911343
400,apices through the,1,222.0,2.6907098954748534,2.6907098954748534,1.5471581898980407
400,to total reads,1,228.0,-2.686396922072818,2.686396922072818,1.5446782301918702
400,gait steady no,1,235.0,2.6827176517363913,2.6827176517363913,1.5425626497484248
400,steady no,1,236.0,2.6827176517363913,2.6827176517363913,1.5425626497484248
400,palpitations or edema,1,256.0,2.6795661976204737,2.6795661976204737,1.5407505636317722
400,none headache,1,257.0,-2.6734183104552534,2.6734183104552534,1.5372155285117706
400,focus on,1,230.0,-2.6727826729051825,2.6727826729051825,1.5368500369204798
400,dysphagia abdominal,1,258.0,-2.6697406415834637,2.6697406415834637,1.5351008689104915
400,identified. mediastinum hilar,1,232.0,-2.5560940966847947,2.5560940966847947,1.5336564580108767
400,70 -,1,239.0,-2.666997802603533,2.666997802603533,1.5335237364970313
400,field no,1,240.0,2.555417561444312,2.555417561444312,1.5332505368665872
400,insomnia 30,1,261.0,-2.6641409565112486,2.6641409565112486,1.531881049993968
400,report patient john,1,262.0,-2.5521718296703164,2.5521718296703164,1.5313030978021898
400,atraumatic. -,1,263.0,-2.662864121900609,2.662864121900609,1.53114687009285
400,atraumatic. - neck,1,265.0,-2.662864121900609,2.662864121900609,1.53114687009285
400,normocephalic atraumatic. -,1,264.0,-2.662864121900609,2.662864121900609,1.53114687009285
400,appointment - return,1,234.0,-2.5483895915563193,2.5483895915563193,1.5290337549337916
400,324 cancer-relevant genes,1,241.0,-2.548278767494652,2.548278767494652,1.5289672604967912
400,no cavitation.,1,235.0,-2.658095509318698,2.658095509318698,1.5284049178582513
400,lung mass specimen,1,202.0,2.4432773769191636,2.4432773769191636,1.5270483605744771
400,- predictive,1,266.0,2.77516909861135,2.77516909861135,1.5263430042362427
400,management - discuss,1,203.0,2.652980453009956,2.652980453009956,1.5254637604807246
400,copy-number assessment,1,268.0,-2.6525939092828836,2.6525939092828836,1.525241497837658
400,visit type established,1,269.0,2.6509964216851247,2.6509964216851247,1.5243229424689466
400,5 100,1,225.0,-2.6467796497577356,2.6467796497577356,1.521898298610698
400,plt 140 k,1,270.0,2.6467414501539688,2.6467414501539688,1.521876333838532
400,symptom burden,1,243.0,-2.5364312655099446,2.5364312655099446,1.5218587593059667
400,a new,1,238.0,-2.6440637199861534,2.6440637199861534,1.520336638992038
400,gerd,1,204.0,-2.5270755828770897,2.5270755828770897,1.5162453497262538
400,loss - severity,1,240.0,2.6363520585907323,2.6363520585907323,1.515902433689671
400,indicated at this,1,271.0,2.636003164775469,2.636003164775469,1.5157018197458945
400,peripheral edema.,1,245.0,-2.634041470830198,2.634041470830198,1.5145738457273636
400,loss-of-function tp53 r273c,1,272.0,-2.5196249269886803,2.5196249269886803,1.5117749561932081
400,encounter type follow-up,1,248.0,2.5175770855445347,2.5175770855445347,1.5105462513267207
400,ago. she,1,226.0,-2.5978380757515005,2.5978380757515005,1.5076738832486387
400,applicable core,1,275.0,-2.740440571114506,2.740440571114506,1.5072423141129783
400,not applicable core,1,274.0,-2.740440571114506,2.740440571114506,1.5072423141129783
400,none vision changes,1,242.0,-2.7360245419784603,2.7360245419784603,1.5048134980881533
400,next appointment,1,243.0,-2.6158416067729693,2.6158416067729693,1.5041089238944572
400,pet ct demonstrated,1,228.0,-2.6109066286491873,2.6109066286491873,1.5012713114732825
400,in feet,1,277.0,-2.608246411187507,2.608246411187507,1.4997416864328164
400,pending -,1,209.0,2.499481876938435,2.499481876938435,1.499689126163061
400,system positive,1,278.0,-2.607677732538271,2.607677732538271,1.4994146962095058
400,inhibitors e.g. sotorasib,1,249.0,2.7253271589401256,2.7253271589401256,1.4989299374170693
400,masses.,1,279.0,2.496344169530467,2.496344169530467,1.4978065017182802
400,- fixation formalin-fixed,1,280.0,-2.60453285297971,2.60453285297971,1.497606390463333
400,harbors,1,245.0,2.6020498994273122,2.6020498994273122,1.4961786921707043
400,specimen type bronchoscopic,1,246.0,-2.6010832249401865,2.6010832249401865,1.4956228543406072
400,type bronchoscopic,1,247.0,-2.6010832249401865,2.6010832249401865,1.4956228543406072
400,discomfort. -,1,251.0,-2.5954476816109486,2.5954476816109486,1.4923824169262954
400,and pembrolizumab 200,1,282.0,-2.5944779349158296,2.5944779349158296,1.4918248125766018
400,post-radiation changes,1,248.0,2.5931437351077036,2.5931437351077036,1.4910576476869295
400,findings consistent,1,249.0,-2.5863519879849517,2.5863519879849517,1.487152393091347
400,findings consistent with,1,250.0,-2.5863519879849517,2.5863519879849517,1.487152393091347
400,at 3,1,284.0,2.5862829766144633,2.5862829766144633,1.4871127115533163
400,with ipsilateral hilar,1,251.0,-2.584628401594622,2.584628401594622,1.4861613309169075
400,fatigue no fever,1,285.0,-2.584391594631233,2.584391594631233,1.4860251669129587
400,positive -,1,252.0,-2.6977984889596454,2.6977984889596454,1.483789168927805
400,1-49%,1,252.0,-2.579884307545338,2.579884307545338,1.4834334768385693
400,back pain.,1,217.0,2.5790918888459555,2.5790918888459555,1.4829778360864243
400,formation,1,254.0,-2.57679162767482,2.57679162767482,1.4816551859130216
400,--- signature date,1,287.0,-2.467074628158901,2.467074628158901,1.4802447768953406
400,first-line carboplatin,1,218.0,-2.46667863254658,2.46667863254658,1.480007179527948
400,alcohol 1-2,1,288.0,-2.69077771004867,2.69077771004867,1.4799277405267686
400,--- signature,1,255.0,-2.690071314252145,2.690071314252145,1.47953922283868
400,father lung cancer,1,236.0,2.5726085542224166,2.5726085542224166,1.4792499186778894
400,metastatic lung,1,256.0,-2.5718227952585337,2.5718227952585337,1.4787981072736567
400,breast cancer,1,237.0,-2.686377703616717,2.686377703616717,1.4775077369891945
400,molecular identifiers,1,257.0,2.6810892095432552,2.6810892095432552,1.4745990652487906
400,unique molecular identifiers,1,258.0,2.6810892095432552,2.6810892095432552,1.4745990652487906
400,metastases .,1,239.0,-2.6795210230895403,2.6795210230895403,1.4737365626992474
400,suvmax 4.5,1,254.0,-2.5596422542092876,2.5596422542092876,1.4717942961703403
400,the high pd-l1,1,255.0,2.6751084649314905,2.6751084649314905,1.47130965571232
400,supple no cervical,1,256.0,2.6745587060565192,2.6745587060565192,1.4710072883310856
400,limited upper abdominal,1,223.0,-2.557506268975501,2.557506268975501,1.470566104660913
400,fixed,1,241.0,2.6723786026297827,2.6723786026297827,1.4698082314463805
400,global health 65,1,257.0,-2.6723386847341057,2.6723386847341057,1.4697862766037584
400,health 65,1,258.0,-2.6723386847341057,2.6723386847341057,1.4697862766037584
400,performed 2 weeks,1,259.0,-2.555521543545414,2.555521543545414,1.4694248875386131
400,pelvis performed 2,1,290.0,-2.6714440801567125,2.6714440801567125,1.469294244086192
400,analgesic,1,242.0,-2.6701800443393484,2.6701800443393484,1.4685990243866418
400,measuring 2.1 cm,1,225.0,-2.5528501479969736,2.5528501479969736,1.4678888350982597
400,diagnosed non-small,1,227.0,2.668817785745237,2.668817785745237,1.4678497821598806
400,diagnosed non-small cell,1,226.0,2.668817785745237,2.668817785745237,1.4678497821598806
400,cycle 5,1,228.0,2.666921827155837,2.666921827155837,1.4668070049357105
400,partially relieved,1,229.0,2.441885387479259,2.441885387479259,1.4651312324875554
400,he continues to,1,243.0,2.5471685959751422,2.5471685959751422,1.4646219426857066
400,pain controlled,1,244.0,2.660595752106807,2.660595752106807,1.463327663658744
400,1.25,1,260.0,2.5428820021477345,2.5428820021477345,1.4621571512349472
400,disease activity.,1,230.0,-2.5401684654401158,2.5401684654401158,1.4605968676280665
400,and 8,1,264.0,-2.5391121790885527,2.5391121790885527,1.4599895029759178
400,retroperitoneum -,1,245.0,2.651535779385065,2.651535779385065,1.4583446786617857
400,generated by the,1,261.0,-2.651395210796424,2.651395210796424,1.4582673659380332
400,m administered,1,268.0,2.6486869891504083,2.6486869891504083,1.4567778440327248
400,mg m administered,1,269.0,2.6486869891504083,2.6486869891504083,1.4567778440327248
400,known drug allergies.,1,262.0,2.6467614995580235,2.6467614995580235,1.455718824756913
400,- patient expressed,1,231.0,-2.530221683411343,2.530221683411343,1.4548774679615222
400,planned,1,294.0,2.6448312003938352,2.6448312003938352,1.4546571602166094
400,new lymphadenopathy.,1,271.0,-2.6400548528001258,2.6400548528001258,1.4520301690400692
400,lytic lesions,1,276.0,2.5191962882294727,2.5191962882294727,1.4485378657319468
400,axial images obtained,1,247.0,2.6327892617301223,2.6327892617301223,1.4480340939515675
400,dyspnea at,1,248.0,2.517591558387314,2.517591558387314,1.4476151460727056
400,persistent cough,1,250.0,-2.750288231423667,2.750288231423667,1.443901321497425
400,after intravenous injection,1,235.0,2.5103210203981003,2.5103210203981003,1.4434345867289076
400,after three,1,266.0,2.747138702797239,2.747138702797239,1.4422478189685504
400,pancreas,1,251.0,2.5077815649291897,2.5077815649291897,1.441974399834284
400,dob sex,1,298.0,-2.503940190357315,2.503940190357315,1.4397656094554558
400,- resolved with,1,278.0,-2.501228216579098,2.501228216579098,1.4382062245329812
400,mediastinum hilar,1,299.0,-2.5009753881731145,2.5009753881731145,1.4380608481995407
400,redacted referring,1,301.0,2.614556073909113,2.614556073909113,1.4380058406500122
400,redacted referring physician,1,300.0,2.614556073909113,2.614556073909113,1.4380058406500122
400,pulmonary pathology.,1,236.0,-2.6144705453746364,2.6144705453746364,1.4379587999560501
400,capmatinib tepotinib have,1,279.0,-2.614012410439555,2.614012410439555,1.4377068257417553
400,13.2 g,1,304.0,-2.6124922748705255,2.6124922748705255,1.436870751178789
400,ng ml.,1,252.0,-2.6121778997824383,2.6121778997824383,1.4366978448803411
400,nsclc after,1,253.0,2.6103973082099756,2.6103973082099756,1.4357185195154867
400,mediastinal mass,1,305.0,2.4921232394760646,2.4921232394760646,1.432970862698737
400,work-up for newly,1,257.0,2.5973793105415712,2.5973793105415712,1.4285586207978642
400,visualized on the,1,281.0,-2.7202750853822315,2.7202750853822315,1.4281444198256712
400,normal attenuation,1,267.0,2.481440368007432,2.481440368007432,1.4268282116042734
400,- next-generation,1,240.0,2.592750496801614,2.592750496801614,1.4260127732408878
400,- next-generation sequencing,1,241.0,2.592750496801614,2.592750496801614,1.4260127732408878
400,adrenal glands -,1,258.0,2.5890958089731746,2.5890958089731746,1.4240026949352462
400,glands -,1,259.0,2.5890958089731746,2.5890958089731746,1.4240026949352462
400,a more,1,269.0,-2.588353578957172,2.588353578957172,1.4235944684264448
400,interfere with,1,270.0,2.587283551366735,2.587283551366735,1.4230059532517045
400,coronary artery,1,260.0,-2.586581855258824,2.586581855258824,1.4226200203923534
400,eortc qlq-c30 physical,1,271.0,-2.586165938974655,2.586165938974655,1.4223912664360605
400,msi stable,1,261.0,2.586081664168297,2.586081664168297,1.4223449152925633
400,and 8 of,1,273.0,-2.583133505146619,2.583133505146619,1.4207234278306404
400,in the neck,1,286.0,-2.582667896620105,2.582667896620105,1.420467343141058
400,100 emotional,1,277.0,-2.577861026211676,2.577861026211676,1.4178235644164219
400,100 role,1,276.0,-2.577861026211676,2.577861026211676,1.4178235644164219
400,levels.,1,242.0,2.576745232627166,2.576745232627166,1.4172098779449414
400,normal hgb 13.2,1,307.0,-2.5759685697429275,2.5759685697429275,1.4167827133586102
400,- pulmonary nodules,1,308.0,-2.698151908858188,2.698151908858188,1.4165297521505484
400,he remains,1,244.0,2.570996337330095,2.570996337330095,1.4140479855315524
400,thyroid breast,1,264.0,-2.6926653750992604,2.6926653750992604,1.4136493219271116
400,coverage 800,1,279.0,2.4551992641793587,2.4551992641793587,1.4117395769031311
400,patient has,1,265.0,2.5662313626397384,2.5662313626397384,1.4114272494518563
400,consider erythropoiesis-stimulating agent,1,267.0,-2.6789486145301833,2.6789486145301833,1.406448022628346
400,fdg-avid suvmax,1,281.0,-2.5571419925824435,2.5571419925824435,1.4064280959203441
400,25 100 insomnia,1,268.0,-2.674911482838339,2.674911482838339,1.4043285284901277
400,multiplanar reconstructions in,1,269.0,2.67176087219714,2.67176087219714,1.4026744579034984
400,d 600,1,289.0,-2.667941337525204,2.667941337525204,1.4006692022007319
400,3. skoulidis f,1,270.0,2.5460011494131627,2.5460011494131627,1.4003006321772395
400,study contrast-enhanced ct,1,271.0,2.6669131617443678,2.6669131617443678,1.4001294099157928
400,gene alteration,1,282.0,2.434043997244859,2.434043997244859,1.3995752984157939
400,multifactorial cancer-related,1,272.0,-2.665433838688834,2.665433838688834,1.3993527653116378
400,smoker 30-pack-year history,1,247.0,2.665201710951155,2.665201710951155,1.3992308982493562
400,alt 24,1,283.0,2.5436227921977497,2.5436227921977497,1.3989925357087625
400,windows -,1,314.0,2.542639976950149,2.542639976950149,1.398451987322582
400,known lytic lesions,1,291.0,2.4319244246942997,2.4319244246942997,1.3983565441992223
400,provide patient with,1,315.0,-2.542338758613098,2.542338758613098,1.398286317237204
400,- intermediate,1,284.0,2.5417902617985395,2.5417902617985395,1.3979846439891968
400,given radiographic,1,248.0,-2.4298003370221286,2.4298003370221286,1.3971351937877239
400,indication -,1,316.0,2.5364967410890538,2.5364967410890538,1.3950732075989798
400,earlier visit,1,285.0,2.6571343166627086,2.6571343166627086,1.3949955162479217
400,earlier visit if,1,286.0,2.6571343166627086,2.6571343166627086,1.3949955162479217
400,4.2 k l,1,273.0,2.5348345038764646,2.5348345038764646,1.3941589771320557
400,resolved.,1,249.0,-2.423918259347782,2.423918259347782,1.3937529991249744
400,pet ct showed,1,274.0,2.5297137636633327,2.5297137636633327,1.3913425700148332
400,continues to,1,293.0,2.6491344022630567,2.6491344022630567,1.3907955611881047
400,seizures dermatologic none,1,318.0,-2.6483264891819775,2.6483264891819775,1.390371406820538
400,nodules identified. mediastinum,1,294.0,-2.524543137765993,2.524543137765993,1.3884987257712962
400,diagnosed one,1,276.0,-2.5243594314202396,2.5243594314202396,1.3883976872811319
400,interested in,1,296.0,2.51898273378001,2.51898273378001,1.3854405035790056
400,1.0 cm 0.9,1,319.0,-2.63624942426587,2.63624942426587,1.3840309477395814
400,pelvis in 6,1,277.0,2.6360199277059877,2.6360199277059877,1.3839104620456433
400,chemotherapy iv,1,291.0,2.6357307319596117,2.6357307319596117,1.383758634278796
400,greatest dimension.,1,298.0,-2.514742457580363,2.514742457580363,1.3831083516691998
400,in greatest dimension.,1,297.0,-2.514742457580363,2.514742457580363,1.3831083516691998
400,laboratory <new,1,252.0,2.513426595763121,2.513426595763121,1.3823846276697167
400,laboratory <new note>,1,253.0,2.513426595763121,2.513426595763121,1.3823846276697167
400,limits. - cmp,1,292.0,-2.5092165852656616,2.5092165852656616,1.380069121896114
400,certain,1,299.0,-2.627281357010527,2.627281357010527,1.3793227124305263
400,- pd-l1 ihc,1,293.0,2.6263124690989805,2.6263124690989805,1.3788140462769645
400,abdomen soft mildly,1,294.0,-2.505783704809261,2.505783704809261,1.3781810376450936
400,days 1,1,300.0,-2.5031254012459336,2.5031254012459336,1.3767189706852636
400,3 months,1,295.0,2.6210191938931335,2.6210191938931335,1.376035076793895
400,tender,1,296.0,-2.498968813489032,2.498968813489032,1.3744328474189678
400,soft mildly,1,297.0,-2.4981017247447617,2.4981017247447617,1.3739559486096191
400,radiographic findings,1,298.0,-2.4958251397862483,2.4958251397862483,1.3727038268824368
400,forming irregular angulated,1,280.0,-2.6144515950081195,2.6144515950081195,1.3725870873792625
400,moist neck supple,1,255.0,2.386246286199447,2.386246286199447,1.372091614564682
400,pre-chemo,1,302.0,-2.6133561698124503,2.6133561698124503,1.372011989151536
400,nausea consider adding,1,258.0,2.4924701314109328,2.4924701314109328,1.3708585722760132
400,pd-l1 1-49%,1,299.0,-2.606804944419663,2.606804944419663,1.3685725958203228
400,120 kvp,1,259.0,-2.6057586146647984,2.6057586146647984,1.368023272699019
400,hemorrhagic. -,1,282.0,-2.6053628632761314,2.6053628632761314,1.3678155032199688
400,measuring 2.1,1,261.0,-2.4854679842540763,2.4854679842540763,1.367007391339742
400,13.2 g dl,1,324.0,-2.603121454150899,2.603121454150899,1.3666387634292216
400,related to,1,300.0,2.4833527567364317,2.4833527567364317,1.3658440162050376
400,musculoskeletal no new,1,262.0,2.4833482826699007,2.4833482826699007,1.3658415554684455
400,pulses intact,1,283.0,-2.483238522628642,2.483238522628642,1.3657811874457533
400,kvp,1,264.0,-2.5983542873964196,2.5983542873964196,1.36413600088312
400,low tumor,1,284.0,-2.595627543840731,2.595627543840731,1.3627044605163836
400,and copy-number,1,325.0,-2.72502747282843,2.72502747282843,1.362513736414215
400,- bp 128,1,326.0,2.593591110464745,2.593591110464745,1.3616353329939908
400,elsewhere in the,1,327.0,-2.592170397792489,2.592170397792489,1.3608894588410565
400,segment of,1,287.0,-2.473612915141832,2.473612915141832,1.3604871033280075
400,segment of the,1,286.0,-2.473612915141832,2.473612915141832,1.3604871033280075
400,elsewhere in,1,328.0,-2.590322823728947,2.590322823728947,1.3599194824576968
400,4. supportive,1,288.0,-2.4693042298019,2.4693042298019,1.358117326391045
400,examination system,1,292.0,2.5833209323693835,2.5833209323693835,1.3562434894939261
400,examination system findings,1,293.0,2.5833209323693835,2.5833209323693835,1.3562434894939261
400,physical examination system,1,291.0,2.5833209323693835,2.5833209323693835,1.3562434894939261
400,measures -,1,302.0,-2.5831642721323784,2.5831642721323784,1.3561612428694985
400,chemotherapy iv infusion,1,303.0,2.582675722282946,2.582675722282946,1.3559047541985465
400,review vaccination,1,309.0,2.580676479529068,2.580676479529068,1.3548551517527605
400,review vaccination status,1,308.0,2.580676479529068,2.580676479529068,1.3548551517527605
400,in the emr.,1,331.0,-2.5800565870255947,2.5800565870255947,1.354529708188437
400,g sc on,1,332.0,-2.461277598981579,2.461277598981579,1.3537026794398686
400,changes,1,305.0,2.4608059086371816,2.4608059086371816,1.35344324975045
400,intact strength,1,295.0,2.577495279630855,2.577495279630855,1.3531850218061985
400,necrosis is identified.,1,333.0,-2.5774376386034366,2.5774376386034366,1.353154760266804
400,identified -,1,268.0,-2.57713663469706,2.57713663469706,1.3529967332159563
400,dl and,1,296.0,-2.5765946155289843,2.5765946155289843,1.3527121731527165
400,metastatic nsclc adenocarcinoma,1,334.0,2.705186290361932,2.705186290361932,1.352593145180966
400,30-pack-year history quit,1,269.0,2.575143763306262,2.575143763306262,1.3519504757357872
400,robust,1,335.0,2.573941453915208,2.573941453915208,1.351319263305484
400,daily allergies,1,297.0,-2.7015716688181133,2.7015716688181133,1.3507858344090566
400,3 nad,1,270.0,2.5720455631629826,2.5720455631629826,1.3503239206605657
400,oriented 3 nad,1,271.0,2.5720455631629826,2.5720455631629826,1.3503239206605657
400,- neurologic peripheral,1,337.0,2.5717484402251625,2.5717484402251625,1.35016793111821
400,driver with,1,310.0,-2.570444890432839,2.570444890432839,1.3494835674772403
400,mother deceased breast,1,338.0,-2.5703125403959723,2.5703125403959723,1.3494140837078852
400,- mediastinal lymph,1,307.0,-2.5697612470264075,2.5697612470264075,1.3491246546888638
400,qlq-c30 physical,1,308.0,-2.5686280906994785,2.5686280906994785,1.348529747617226
400,tolerated and,1,299.0,2.5633514787115974,2.5633514787115974,1.3457595263235884
400,and hilar nodes,1,339.0,-2.3397629652707828,2.3397629652707828,1.3453637050307
400,size reduction,1,273.0,2.4454591976938787,2.4454591976938787,1.3450025587316334
400,hepatic toxicity,1,274.0,-2.4452023484784693,2.4452023484784693,1.3448612916631582
400,focal deficits. ---,1,311.0,-2.4422323555739816,2.4422323555739816,1.34322779556569
400,2 weeks after,1,312.0,-2.4416634038970737,2.4416634038970737,1.3429148721433906
400,weeks ago -,1,313.0,-2.557364053022423,2.557364053022423,1.3426161278367719
400,immunotherapy-containing,1,340.0,-2.556903601673022,2.556903601673022,1.3423743908783365
400,- father lung,1,301.0,2.4399105595337813,2.4399105595337813,1.3419508077435798
400,additional focal,1,314.0,2.5526536918652147,2.5526536918652147,1.3401431882292376
400,- bp,1,343.0,2.551313307947534,2.551313307947534,1.3394394866724553
400,right paratracheal station,1,315.0,-2.433118945631075,2.433118945631075,1.3382154200970915
400,diagnosed at 68,1,344.0,2.4317486464983693,2.4317486464983693,1.3374617555741033
400,overall functional status,1,312.0,2.4315556837964856,2.4315556837964856,1.3373556260880672
400,growth of,1,304.0,-2.5453392155640233,2.5453392155640233,1.336303088171112
400,5 pemetrexed 500,1,314.0,-2.545302860410879,2.545302860410879,1.3362840017157112
400,abdominal metastatic,1,345.0,2.6719258963131796,2.6719258963131796,1.3359629481565898
400,96413 chemotherapy,1,315.0,2.542649678198348,2.542649678198348,1.3348910810541326
400,medications - none,1,346.0,-2.5426474563273893,2.5426474563273893,1.334889914571879
400,- pd-l1 tumor,1,347.0,-2.321453774671886,2.321453774671886,1.3348359204363345
400,resolution of,1,316.0,2.5409111510529043,2.5409111510529043,1.3339783543027746
400,systemic therapy options,1,350.0,2.538147481879115,2.538147481879115,1.3325274279865353
400,cea in 1,1,276.0,-2.664466873410782,2.664466873410782,1.332233436705391
400,focal lesions.,1,278.0,2.5336117956867885,2.5336117956867885,1.3301461927355638
400,- skin,1,306.0,2.533478437420902,2.533478437420902,1.3300761796459732
400,- fda-approved kras,1,307.0,2.659880044275752,2.659880044275752,1.329940022137876
400,at age 64,1,317.0,-2.417821222981144,2.417821222981144,1.3298016726396293
400,type bronchoscopic core,1,318.0,-2.5322194293074736,2.5322194293074736,1.3294152003864235
400,ct performed 2,1,319.0,-2.6569950561695617,2.6569950561695617,1.3284975280847808
400,pd-l1 >=,1,279.0,2.5295478177586355,2.5295478177586355,1.3280126043232834
400,1.2 cm unchanged,1,320.0,-2.4139292085130744,2.4139292085130744,1.327661064682191
400,joint swelling neurologic,1,319.0,-2.6549053549507904,2.6549053549507904,1.3274526774753952
400,at 3 ml,1,351.0,2.527776823205784,2.527776823205784,1.3270828321830364
400,- right paratracheal,1,321.0,-2.6521708546696217,2.6521708546696217,1.3260854273348108
400,parietal,1,310.0,-2.6516954944022557,2.6516954944022557,1.3258477472011279
400,signature date to,1,280.0,-2.4098037972569424,2.4098037972569424,1.3253920884913184
400,and consider low-dose,1,320.0,2.517585685597514,2.517585685597514,1.3217324849386944
400,view -,1,325.0,-2.6399361679325852,2.6399361679325852,1.3199680839662926
400,suggests a,1,326.0,-2.3968951418133395,2.3968951418133395,1.3182923279973369
400,iodinated contrast 350,1,311.0,-2.5093930293999263,2.5093930293999263,1.3174313404349611
400,55 100 cognitive,1,327.0,2.5080715145657826,2.5080715145657826,1.3167375451470356
400,pemetrexed.,1,328.0,-2.5080575396171176,2.5080575396171176,1.3167302082989865
400,average,1,282.0,2.6326175555191296,2.6326175555191296,1.3163087777595648
400,45 nausea,1,283.0,2.388227805343814,2.388227805343814,1.3135252929390977
400,visit if new,1,321.0,2.626211837144051,2.626211837144051,1.3131059185720255
400,or gemcitabine,1,322.0,-2.3868656037617053,2.3868656037617053,1.312776082068938
400,- 96413 chemotherapy,1,323.0,2.498453387292911,2.498453387292911,1.3116880283287782
400,the primary,1,359.0,-2.760724297244492,2.760724297244492,1.3113440411911337
400,for eligibility,1,360.0,2.4968737597993313,2.4968737597993313,1.3108587238946487
400,------ ------------------- ----------------,1,330.0,-2.4965908229950085,2.4965908229950085,1.3107101820723792
400,now 1.2 cm,1,286.0,2.495943077460587,2.495943077460587,1.310370115666808
400,------------------- constitutional,1,331.0,-2.620094278391454,2.620094278391454,1.310047139195727
400,contrast 350,1,315.0,-2.493460998873538,2.493460998873538,1.3090670244086071
400,contrast 350 mg,1,316.0,-2.493460998873538,2.493460998873538,1.3090670244086071
400,medications current -,1,324.0,2.4931615708031214,2.4931615708031214,1.3089098246716384
400,anxiety about disease,1,318.0,-2.6150248528086935,2.6150248528086935,1.3075124264043467
400,he was hospitalized,1,319.0,2.4904730228931875,2.4904730228931875,1.3074983370189233
400,initiate primary,1,332.0,2.49027837141588,2.49027837141588,1.3073961449933367
400,may represent,1,287.0,2.3756914864285794,2.3756914864285794,1.3066303175357188
400,resolved . -,1,326.0,2.611582788214368,2.611582788214368,1.305791394107184
400,fatigue 45 nausea,1,288.0,2.373503794008916,2.373503794008916,1.3054270867049038
400,--------------------------------,1,333.0,2.6102642593731296,2.6102642593731296,1.3051321296865648
400,normal limits. -,1,327.0,-2.485515325926252,2.485515325926252,1.3048955461112821
400,low-grade fdg,1,292.0,-2.608508419582908,2.608508419582908,1.304254209791454
400,nodule 1.5 cm,1,293.0,-2.606409651545202,2.606409651545202,1.303204825772601
400,r273h cdkn2a homozygous,1,328.0,-2.6062137260389746,2.6062137260389746,1.3031068630194873
400,is otherwise,1,321.0,-2.604920432933524,2.604920432933524,1.302460216466762
400,and multiple subcentimeter,1,322.0,2.6022363153605883,2.6022363153605883,1.3011181576802942
400,in coronal,1,323.0,2.6015133125049217,2.6015133125049217,1.3007566562524608
400,in coronal and,1,324.0,2.6015133125049217,2.6015133125049217,1.3007566562524608
400,medicine diagnostic,1,330.0,-2.4750592019829343,2.4750592019829343,1.2994060810410404
400,nuclear medicine diagnostic,1,329.0,-2.4750592019829343,2.4750592019829343,1.2994060810410404
400,none dysuria,1,366.0,-2.597954200858868,2.597954200858868,1.298977100429434
400,7 subcarinal node,1,327.0,-2.361411812212232,2.361411812212232,1.2987764967167277
400,nodule 1.5,1,294.0,-2.597303782000138,2.597303782000138,1.298651891000069
400,depression reported ---,1,295.0,-2.4735177220053277,2.4735177220053277,1.2985968040527969
400,automated,1,296.0,-2.4721691465867255,2.4721691465867255,1.2978888019580306
400,lesion identified,1,329.0,2.5948535007635964,2.5948535007635964,1.2974267503817982
400,p.r273c missense,1,331.0,2.5948209115606895,2.5948209115606895,1.2974104557803448
400,findings -------- -------------------,1,336.0,-2.593790806425998,2.593790806425998,1.296895403212999
400,system positive findings,1,337.0,-2.593790806425998,2.593790806425998,1.296895403212999
400,mrn dob sex,1,367.0,-2.469621431844705,2.469621431844705,1.2965512517184699
400,- mean target,1,330.0,-2.5930298868017108,2.5930298868017108,1.2965149434008554
400,no new lymphadenopathy.,1,338.0,-2.592833896814139,2.592833896814139,1.2964169484070696
400,pembro,1,298.0,2.3570608675435802,2.3570608675435802,1.2963834771489693
400,somatic,1,332.0,2.466450857020062,2.466450857020062,1.2948866999355324
400,ribs show,1,340.0,-2.4653368507295026,2.4653368507295026,1.2943018466329888
400,therapy initiation.,1,368.0,-2.5878343487323634,2.5878343487323634,1.2939171743661817
400,about the,1,333.0,-2.4634389506276992,2.4634389506276992,1.293305449079542
400,a newly identified,1,334.0,-2.5864487983516877,2.5864487983516877,1.2932243991758439
400,additional pathogenic,1,369.0,-2.461879047644499,2.461879047644499,1.2924865000133618
400,no additional pathogenic,1,370.0,-2.461879047644499,2.461879047644499,1.2924865000133618
400,unchanged from baseline.,1,299.0,2.4580707920105995,2.4580707920105995,1.2904871658055646
400,peritoneal,1,333.0,2.7160624889467195,2.7160624889467195,1.2901296822496917
400,- role function,1,341.0,-2.579225153610285,2.579225153610285,1.2896125768051425
400,open to,1,334.0,-2.5781856113810306,2.5781856113810306,1.2890928056905153
400,he has no,1,300.0,-2.3424744875461094,2.3424744875461094,1.2883609681503603
400,previously 4.5 cm,1,337.0,-2.5746159541255786,2.5746159541255786,1.2873079770627893
400,biology and,1,344.0,-2.451518159677235,2.451518159677235,1.2870470338305482
400,ttf-1+ ck7+ ki-67,1,346.0,2.5699025079869315,2.5699025079869315,1.2849512539934658
400,1. known right,1,302.0,2.4472380823392528,2.4472380823392528,1.2847999932281076
400,hilar region,1,304.0,2.446365561319839,2.446365561319839,1.2843419196929153
400,e.g. climbing a,1,305.0,-2.5677999136227982,2.5677999136227982,1.2838999568113991
400,intact strength 5,1,339.0,2.567492097483488,2.567492097483488,1.283746048741744
400,administer if,1,337.0,2.7022799955229178,2.7022799955229178,1.283582997873386
400,first-line platinum-based,1,372.0,2.4443304778162482,2.4443304778162482,1.28327350085353
400,100 instrument,1,339.0,-2.442907892667501,2.442907892667501,1.282526643650438
400,100 instrument pro-ctcae,1,340.0,-2.442907892667501,2.442907892667501,1.282526643650438
400,symptoms. ---,1,341.0,-2.5630126492004646,2.5630126492004646,1.2815063246002323
400,an increase in,1,309.0,2.4400275982473625,2.4400275982473625,1.2810144890798651
400,and maintain,1,373.0,2.561674268352666,2.561674268352666,1.280837134176333
400,endobronchial,1,374.0,2.561433017980613,2.561433017980613,1.2807165089903065
400,fixed in,1,344.0,2.55737961823599,2.55737961823599,1.278689809117995
400,if applicable,1,347.0,-2.555100056147699,2.555100056147699,1.2775500280738494
400,chosen.,1,348.0,-2.4333338340504547,2.4333338340504547,1.2775002628764884
400,recent travel.,1,376.0,-2.432709787790904,2.432709787790904,1.2771726385902245
400,. technique -,1,341.0,2.4314879482305867,2.4314879482305867,1.2765311728210578
400,100 constipation 15,1,350.0,-2.552240383655235,2.552240383655235,1.2761201918276175
400,15 100 diarrhea,1,351.0,-2.552240383655235,2.552240383655235,1.2761201918276175
400,constipation 15 100,1,349.0,-2.552240383655235,2.552240383655235,1.2761201918276175
400,100 cognitive,1,343.0,-2.4300104723611913,2.4300104723611913,1.2757554979896253
400,100 social,1,342.0,-2.4300104723611913,2.4300104723611913,1.2757554979896253
400,160,1,313.0,-2.426351324384191,2.426351324384191,1.2738344453017
400,fdg-avid lymphadenopathy in,1,345.0,-2.544750661274236,2.544750661274236,1.272375330637118
400,therapy. technique,1,352.0,2.544604112142007,2.544604112142007,1.2723020560710034
400,free fluid.,1,353.0,2.5435416351653477,2.5435416351653477,1.2717708175826739
400,fdg-avid left adrenal,1,345.0,-2.6721661571095394,2.6721661571095394,1.269278924627031
400,fatigue remains,1,356.0,2.6691541367541634,2.6691541367541634,1.2678482149582275
400,likely multifactorial disease,1,346.0,-2.5351135779303835,2.5351135779303835,1.2675567889651917
400,refer to,1,347.0,2.413168624439796,2.413168624439796,1.2669135278308927
400,pain is,1,357.0,2.5335090498217823,2.5335090498217823,1.2667545249108911
400,55-year-old,1,350.0,-2.65575024646751,2.65575024646751,1.261481367072067
400,also,1,360.0,2.522856508785084,2.522856508785084,1.261428254392542
400,- limit,1,317.0,2.4024968033452976,2.4024968033452976,1.261310821756281
400,2. laboratory monitoring,1,318.0,2.40188767376855,2.40188767376855,1.2609910287284887
400,% vaf,1,319.0,2.400906523153312,2.400906523153312,1.2604759246554886
400,hospitalization,1,351.0,-2.5204364648395345,2.5204364648395345,1.2602182324197673
400,comment the,1,352.0,2.5194852897089586,2.5194852897089586,1.2597426448544793
400,cancer .,1,353.0,2.5179264535533314,2.5179264535533314,1.2589632267766657
400,-------- ---------- ----------,1,355.0,-2.51523789733007,2.51523789733007,1.257618948665035
400,negative -------- ----------,1,356.0,-2.51523789733007,2.51523789733007,1.257618948665035
400,screen,1,362.0,2.395128951409779,2.395128951409779,1.2574426994901338
400,s with,1,363.0,2.5145397759113672,2.5145397759113672,1.2572698879556836
400,therapy for metastatic,1,381.0,-2.5141942561785715,2.5141942561785715,1.2570971280892858
400,cough is,1,350.0,2.393863015643023,2.393863015643023,1.2567780832125868
400,10 100,1,357.0,-2.512872110021838,2.512872110021838,1.256436055010919
400,no hepatic,1,364.0,-2.5126050262861037,2.5126050262861037,1.2563025131430519
400,deficits. ---,1,365.0,-2.283520400023032,2.283520400023032,1.2559362200126676
400,metastatic deposit,1,366.0,2.511289685521494,2.511289685521494,1.255644842760747
400,55-year-old male,1,382.0,-2.510996929054393,2.510996929054393,1.2554984645271965
400,symptoms develop. 5.,1,351.0,2.5099079071297643,2.5099079071297643,1.2549539535648822
400,monitoring - cbc,1,352.0,2.509698355082896,2.509698355082896,1.254849177541448
400,multifactorial disease,1,353.0,-2.641472541308166,2.641472541308166,1.2546994571213788
400,1-2 glasses wine,1,360.0,-2.6407617082040082,2.6407617082040082,1.254361811396904
400,glasses wine,1,359.0,-2.6407617082040082,2.6407617082040082,1.254361811396904
400,exceed,1,321.0,-2.5073727456925776,2.5073727456925776,1.2536863728462888
400,identified. 4.,1,384.0,2.5070878566166117,2.5070878566166117,1.2535439283083059
400,investigation.,1,322.0,-2.63886641584282,2.63886641584282,1.2534615475253394
400,antineoplastic immunotherapy procedure,1,385.0,2.637680526278413,2.637680526278413,1.252898249982246
400,in-situ,1,367.0,-2.63706079949593,2.63706079949593,1.2526038797605665
400,gallops.,1,323.0,2.384481285176854,2.384481285176854,1.2518526747178482
400,disease. --- assessment,1,324.0,-2.502591972061481,2.502591972061481,1.2512959860307404
400,on-target,1,325.0,2.3829468985333118,2.3829468985333118,1.2510471217299886
400,- limit of,1,326.0,2.382457418675326,2.382457418675326,1.250790144804546
400,dob,1,387.0,-2.382248478075429,2.382248478075429,1.2506804509896001
400,oriented appears mildly,1,364.0,-2.498483979993663,2.498483979993663,1.2492419899968314
400,approximately 3,1,367.0,2.4957880438783757,2.4957880438783757,1.2478940219391879
400,illness john,1,388.0,-2.376887214383435,2.376887214383435,1.247865787551303
400,present illness john,1,389.0,-2.376887214383435,2.376887214383435,1.247865787551303
400,2+ bilaterally. neurologic,1,368.0,-2.2688457795220676,2.2688457795220676,1.2478651787371373
400,and ribs,1,327.0,-2.4950647916801785,2.4950647916801785,1.2475323958400892
400,normal. - tumor,1,355.0,-2.375208714325015,2.375208714325015,1.2469845750206325
400,and patient,1,356.0,2.3743371999717464,2.3743371999717464,1.2465270299851667
400,120 ml at,1,390.0,2.491804213123735,2.491804213123735,1.2459021065618674
400,70 role function,1,330.0,2.487092487891087,2.487092487891087,1.2435462439455436
400,function 70 role,1,329.0,2.487092487891087,2.487092487891087,1.2435462439455436
400,of kras g12c,1,357.0,-2.258390748519539,2.258390748519539,1.2421149116857466
400,appointment,1,358.0,-2.4828740322493017,2.4828740322493017,1.2414370161246508
400,hospitalized,1,370.0,2.48211141326447,2.48211141326447,1.241055706632235
400,high expression,1,359.0,2.611542630131826,2.611542630131826,1.2404827493126172
400,sotorasib,1,371.0,2.4804558702152386,2.4804558702152386,1.2402279351076193
400,refer,1,372.0,2.3614597671446735,2.3614597671446735,1.2397663777509533
400,visit if,1,360.0,2.6083400251537254,2.6083400251537254,1.2389615119480195
400,is interested in,1,371.0,2.4768766287687964,2.4768766287687964,1.2384383143843982
400,values are,1,392.0,-2.476649054424008,2.476649054424008,1.238324527212004
400,efficacy data,1,331.0,-2.3575139912060004,2.3575139912060004,1.23769484538315
400,supportive care continue,1,393.0,-2.474397849055864,2.474397849055864,1.237198924527932
400,histologic and,1,361.0,-2.6031748142620352,2.6031748142620352,1.2365080367744667
400,changes in,1,332.0,2.4713023119324236,2.4713023119324236,1.2356511559662118
400,infiltrated by a,1,372.0,2.7434100448661285,2.7434100448661285,1.234534520189758
400,96413,1,375.0,2.4687352822920774,2.4687352822920774,1.2343676411460387
400,or neuroendocrine,1,333.0,2.4668432277319625,2.4668432277319625,1.2334216138659813
400,systemic therapy. technique,1,373.0,2.466314304930462,2.466314304930462,1.233157152465231
400,opacities.,1,374.0,-2.3486400773098968,2.3486400773098968,1.2330360405876957
400,alk rearrangement,1,375.0,2.4659850140145827,2.4659850140145827,1.2329925070072913
400,is seen,1,394.0,-2.465940527701831,2.465940527701831,1.2329702638509155
400,trial enrollment,1,362.0,-2.4655959099587976,2.4655959099587976,1.2327979549793988
400,size to,1,395.0,2.4652681003150025,2.4652681003150025,1.2326340501575013
400,no ascites or,1,376.0,2.4650577575071444,2.4650577575071444,1.2325288787535722
400,cm segment,1,364.0,2.455889344616752,2.455889344616752,1.227944672308376
400,low-grade uptake,1,365.0,-2.455762942442579,2.455762942442579,1.2278814712212895
400,obtained for,1,367.0,-2.336936199792935,2.336936199792935,1.2268915048912907
400,pathologist dr.,1,338.0,-2.5828360714568874,2.5828360714568874,1.2268471339420215
400,nodule stable,1,378.0,-2.582349511706054,2.582349511706054,1.2266160180603758
400,he experienced grade,1,382.0,-2.5780226658435765,2.5780226658435765,1.2245607662756988
400,radiology department,1,339.0,2.3313362396167614,2.3313362396167614,1.2239515257987996
400,8. medications,1,379.0,2.4466201083435863,2.4466201083435863,1.2233100541717932
400,rehabilitation for dyspnea,1,380.0,-2.5745764487831497,2.5745764487831497,1.2229238131719962
400,tumor -,1,383.0,-2.4455867605803823,2.4455867605803823,1.2227933802901911
400,6-8 weeks to,1,399.0,-2.573583302966845,2.573583302966845,1.2224520689092513
400,imaging demonstrates a,1,400.0,-2.444586667436088,2.444586667436088,1.222293333718044
400,impact on,1,382.0,-2.444048139689534,2.444048139689534,1.222024069844767
400,staging work-up for,1,384.0,2.443839485749884,2.443839485749884,1.221919742874942
400,1.5 cm left,1,340.0,-2.571660187524979,2.571660187524979,1.221538589074365
400,- completed 4,1,383.0,-2.3261154246868676,2.3261154246868676,1.2212105979606054
400,about,1,384.0,-2.569234968608577,2.569234968608577,1.2203866100890741
400,support and,1,341.0,-2.3235978045505497,2.3235978045505497,1.2198888473890384
400,visual changes,1,370.0,2.322021313519521,2.322021313519521,1.2190611895977483
400,cytopenias and,1,385.0,-2.437437352257098,2.437437352257098,1.218718676128549
400,adrenal glands right,1,386.0,-2.4371633886214608,2.4371633886214608,1.2185816943107304
400,glands right,1,387.0,-2.4371633886214608,2.4371633886214608,1.2185816943107304
400,- no lytic,1,371.0,2.562795780335477,2.562795780335477,1.2173279956593515
400,physical function 55,1,342.0,-2.4324104027321964,2.4324104027321964,1.2162052013660982
400,develop. signature,1,387.0,2.5603992756237264,2.5603992756237264,1.21618965592127
400,male clinical history,1,343.0,2.559889460650022,2.559889460650022,1.2159474938087604
400,specimen revealed,1,388.0,2.430814403421675,2.430814403421675,1.2154072017108375
400,not required,1,344.0,2.2096321855686036,2.2096321855686036,1.215297702062732
400,mg daily,1,388.0,2.4286020535731314,2.4286020535731314,1.2143010267865657
400,for 3 days,1,372.0,2.5557640550476433,2.5557640550476433,1.2139879261476305
400,a 55-year-old,1,390.0,-2.5539397418042373,2.5539397418042373,1.2131213773570126
400,is a 55-year-old,1,389.0,-2.5539397418042373,2.5539397418042373,1.2131213773570126
400,lesions. assessment,1,374.0,2.5532209327963358,2.5532209327963358,1.2127799430782595
400,for snvs,1,375.0,2.4254317600423527,2.4254317600423527,1.2127158800211764
400,has not,1,376.0,2.4240106166409157,2.4240106166409157,1.2120053083204578
400,6.9,1,346.0,2.423022287021369,2.423022287021369,1.2115111435106845
400,4. baseline,1,389.0,2.5502075572779663,2.5502075572779663,1.211348589707034
400,context of,1,347.0,2.422189376349658,2.422189376349658,1.211094688174829
400,such,1,391.0,2.5493333915936365,2.5493333915936365,1.2109333610069772
400,pain dysphagia,1,348.0,-2.4185944409044744,2.4185944409044744,1.2092972204522372
400,completed three,1,390.0,2.4181440890799624,2.4181440890799624,1.2090720445399812
400,is advised,1,379.0,-2.5413294041470778,2.5413294041470778,1.2071314669698618
400,the cough is,1,380.0,2.4128246609244757,2.4128246609244757,1.2064123304622378
400,% high expression,1,381.0,2.535891105970837,2.535891105970837,1.2045482753361474
400,chest discomfort,1,382.0,-2.5323164654712,2.5323164654712,1.20285032109882
400,was referred,1,392.0,-2.2909030341714276,2.2909030341714276,1.2027240929399994
400,-------------,1,392.0,2.5313766957153176,2.5313766957153176,1.2024039304647758
400,age 64,1,393.0,-2.2900539864017033,2.2900539864017033,1.202278342860894
400,egfr no,1,394.0,-2.4045279285215444,2.4045279285215444,1.2022639642607722
400,baseline study,1,383.0,-2.6707975067501164,2.6707975067501164,1.2018588780375523
400,allergies nkda medications,1,384.0,2.2887339572671115,2.2887339572671115,1.2015853275652333
400,no change in,1,396.0,2.397921347721117,2.397921347721117,1.1989606738605585
400,proportion score 60,1,352.0,2.5174656221578067,2.5174656221578067,1.195796170524958
400,posterior segment of,1,398.0,-2.385593264144237,2.385593264144237,1.1927966320721184
400,decline in,1,354.0,-2.385281796133814,2.385281796133814,1.192640898066907
400,i m,1,400.0,-2.644241164014702,2.644241164014702,1.1899085238066158
400,intravenous contrast patient,1,390.0,2.3784207521237213,2.3784207521237213,1.1892103760618606
400,thoracic vertebrae and,1,355.0,-2.640071588055606,2.640071588055606,1.1880322146250226
400,schedule a dedicated,1,392.0,-2.4954880666252928,2.4954880666252928,1.185356831647014
400,desire to,1,356.0,-2.4943001608202686,2.4943001608202686,1.1847925763896276
400,consultation,1,357.0,-2.4937996709168306,2.4937996709168306,1.1845548436854945
400,alterations - confirms,1,358.0,2.4915550394682815,2.4915550394682815,1.1834886437474337
400,stable. --- assessment,1,393.0,-2.490719993713604,2.490719993713604,1.183091997013962
400,health status 45,1,360.0,-2.4905477374943303,2.4905477374943303,1.1830101753098068
400,status 45,1,359.0,-2.4905477374943303,2.4905477374943303,1.1830101753098068
400,mildly fatigued but,1,361.0,-2.3640776284831464,2.3640776284831464,1.1820388142415732
400,loss suggests,1,362.0,-2.4875448760549523,2.4875448760549523,1.1815838161261023
400,about disease,1,395.0,-2.478871920633583,2.478871920633583,1.1774641623009519
400,infiltrates.,1,365.0,2.3545427722850243,2.3545427722850243,1.1772713861425121
400,- confirms,1,366.0,2.4768950529128873,2.4768950529128873,1.1765251501336214
400,fields.,1,396.0,-2.767089358714659,2.767089358714659,1.1760129774537302
400,deficits,1,397.0,2.3507920395244715,2.3507920395244715,1.1753960197622357
400,type initial,1,398.0,-2.350087909122482,2.350087909122482,1.175043954561241
400,chemotherapy e.g. carboplatin,1,399.0,-2.4689056483831275,2.4689056483831275,1.1727301829819856
400,appearance of,1,367.0,-2.2336489428918784,2.2336489428918784,1.172665695018236
400,next chemotherapy infusion,1,400.0,2.466874914726246,2.466874914726246,1.1717655844949668
400,imaging summary pet,1,369.0,-2.2307436483982666,2.2307436483982666,1.1711404154090896
400,summary pet,1,370.0,-2.2307436483982666,2.2307436483982666,1.1711404154090896
400,summary pet ct,1,371.0,-2.2307436483982666,2.2307436483982666,1.1711404154090896
400,bone pain at,1,372.0,2.4544448565915173,2.4544448565915173,1.1658613068809707
400,the upcoming,1,373.0,2.324252817571975,2.324252817571975,1.1621264087859875
400,. - mother,1,376.0,2.4236539900228653,2.4236539900228653,1.151235645260861
400,right hilar region,1,377.0,2.302114081875259,2.302114081875259,1.1510570409376295
400,ct at,1,380.0,-2.543465724521596,2.543465724521596,1.1445595760347183
400,appears mildly,1,381.0,-2.403690354342315,2.403690354342315,1.1417529183125996
400,systemic options.,1,382.0,-2.5352188993508675,2.5352188993508675,1.1408485047078905
400,with a partial,1,386.0,-2.530042630511979,2.530042630511979,1.1385191837303905
400,lesions identified,1,387.0,2.5213522900856904,2.5213522900856904,1.1346085305385607
400,response after,1,388.0,-2.2650770574672365,2.2650770574672365,1.1325385287336183
400,cm are,1,389.0,-2.262603864880487,2.262603864880487,1.1313019324402436
400,40 emotional,1,390.0,-2.3801241356837033,2.3801241356837033,1.1305589644497591
400,measuring 0.8,1,391.0,2.5080449670700027,2.5080449670700027,1.1286202351815013
400,cycles of pembrolizumab,1,396.0,2.363710130900454,2.363710130900454,1.1227623121777155
400,of systems system,1,398.0,-2.492623788572581,2.492623788572581,1.1216807048576616
400,systems system,1,397.0,-2.492623788572581,2.492623788572581,1.1216807048576616
400,55 %,1,399.0,2.3602892985363138,2.3602892985363138,1.121137416804749
