outer_fold,feature_index,feature,document_frequency,treated_count,control_count,raw_moment,standard_error,z_score,tail_score,source_sign_agreement,subsample_sign_agreement,subsample_top_pool_frequency,tail_sign_agreement,eligible,ranking_score,rank,top_k
1,29,% low,202,96,106,-0.00014740357643401388,3.636522273193361e-05,-4.0534215209019875,-0.3420187,1.0,1.0,0.9666666666666667,1.0,True,3.9520859828794377,1,25
1,22144,pain no new,84,36,48,-0.00010415194008903755,2.722418539828579e-05,-3.825713738182066,-0.32926613,1.0,1.0,1.0,1.0,True,3.825713738182066,2,25
1,26924,syndromes --- physical,113,56,57,-0.00010918593585747878,2.789972290373845e-05,-3.913513271590533,-0.36661565,1.0,1.0,0.9666666666666667,1.0,True,3.8156754398007697,3,25
1,710,- metastatic nsclc,213,106,107,0.00014668320768479383,3.856146834164105e-05,3.8038802460848276,0.458831,1.0,1.0,1.0,1.0,True,3.8038802460848276,4,25
1,22651,pelvic lymphadenopathy.,89,39,50,-0.00010456203239345491,2.7477740714761687e-05,-3.805335870910294,-0.38534915,1.0,1.0,0.9666666666666667,1.0,True,3.7102024741375366,5,25
1,17217,lung shows,71,30,41,9.858240424583975e-05,2.691965306341535e-05,3.6620978737581247,0.33620888,1.0,1.0,0.9666666666666667,1.0,True,3.5705454269141716,6,25
1,13221,general fatigue,335,160,175,0.0001083077646924672,3.0393490360040918e-05,3.5635184840390077,0.35961637,1.0,1.0,1.0,1.0,True,3.5635184840390077,7,25
1,21652,or masses.,201,94,107,0.00011437775811510894,3.1379509545366417e-05,3.6449823395024437,0.39437535,1.0,1.0,0.9666666666666667,1.0,True,3.5538577810148824,8,25
1,14112,hour <new note>,727,349,378,7.038800629114406e-05,1.8934364609595752e-05,3.7174739022122822,0.4640719,1.0,1.0,0.9333333333333333,1.0,True,3.531600207101668,9,25
1,14111,hour <new,727,349,378,7.038800629114406e-05,1.8934364609595752e-05,3.7174739022122822,0.4640719,1.0,1.0,0.9333333333333333,1.0,True,3.531600207101668,10,25
1,18053,metastasis in,193,88,105,0.00013396527427975063,3.7377298869982045e-05,3.584134710904405,0.3256862,1.0,1.0,0.9666666666666667,1.0,True,3.494531343131795,11,25
1,19267,neurologic symptoms or,98,39,59,-0.00010648539678072618,2.9274002937048372e-05,-3.6375413710832554,-0.26891345,1.0,1.0,0.9333333333333333,1.0,True,3.4556643025290925,12,25
1,22156,pain palpitations or,721,346,375,6.769759977601917e-05,1.8801742594495588e-05,3.6006024141527377,0.38139287,1.0,1.0,0.9333333333333333,1.0,True,3.4205722934451006,13,25
1,20232,nodules or masses.,160,75,85,0.00011143915376542406,3.2023113499661955e-05,3.4799599909796544,0.3820656,1.0,1.0,0.9666666666666667,1.0,True,3.392960991205163,14,25
1,4994,adenopathy.,304,154,150,0.00012428124109722314,3.412399997242862e-05,3.642047860673996,0.3644143,1.0,1.0,0.9,1.0,True,3.3688942711234464,15,25
1,27790,tingling in feet,61,25,36,-0.00013745946758643828,4.013961847338452e-05,-3.424533486225931,-0.35697082,1.0,1.0,0.9666666666666667,1.0,True,3.3389201490702827,16,25
1,26923,syndromes ---,150,71,79,-9.981652720349394e-05,2.8135711908997963e-05,-3.5476808806665394,-0.32631055,1.0,1.0,0.9,1.0,True,3.281604814616549,17,25
1,27504,the two,58,23,35,-8.499804943828668e-05,2.476573216642354e-05,-3.4320830439054766,-0.33683133,1.0,1.0,0.9333333333333333,1.0,True,3.2604788917102026,18,25
1,7786,cancer syndromes ---,150,71,79,-9.890810634216635e-05,2.8082942906916096e-05,-3.521999338531143,-0.328588,1.0,1.0,0.9,1.0,True,3.2578493881413078,19,25
1,3620,55.,93,47,46,0.00011728793717755166,3.602323506484968e-05,3.2558968389820566,0.31943876,1.0,1.0,1.0,1.0,True,3.2558968389820566,20,25
1,25498,seizures dermatologic,189,93,96,-0.0001040969622838058,2.951339964092738e-05,-3.527108484630503,-0.3483808,1.0,1.0,0.8666666666666667,1.0,True,3.174397636167453,21,25
1,21133,of the primary,295,146,149,-0.00011182023864655174,3.182010570371378e-05,-3.514137875208284,-0.26638633,1.0,1.0,0.8666666666666667,1.0,True,3.1627240876874554,22,25
1,17198,lung no,204,98,106,0.00011861812963826763,3.4887888520873176e-05,3.3999801841633164,0.346175,1.0,1.0,0.9,1.0,True,3.144981670351068,23,25
1,171,- age,106,48,58,-9.78644236111699e-05,2.88948433138489e-05,-3.3869165701364032,-0.31930602,1.0,1.0,0.9,1.0,True,3.132897827376173,24,25
1,17680,may be,756,366,390,-6.545268821661776e-05,1.9333386008134873e-05,-3.385474649348922,-0.3742428,1.0,1.0,0.9,1.0,True,3.131564050647753,25,25
1,29,% low,202,96,106,-0.00014740357643401388,3.636522273193361e-05,-4.0534215209019875,-0.3420187,1.0,1.0,0.9666666666666667,1.0,True,3.9520859828794377,1,50
1,22144,pain no new,84,36,48,-0.00010415194008903755,2.722418539828579e-05,-3.825713738182066,-0.32926613,1.0,1.0,1.0,1.0,True,3.825713738182066,2,50
1,26924,syndromes --- physical,113,56,57,-0.00010918593585747878,2.789972290373845e-05,-3.913513271590533,-0.36661565,1.0,1.0,0.9666666666666667,1.0,True,3.8156754398007697,3,50
1,710,- metastatic nsclc,213,106,107,0.00014668320768479383,3.856146834164105e-05,3.8038802460848276,0.458831,1.0,1.0,1.0,1.0,True,3.8038802460848276,4,50
1,22651,pelvic lymphadenopathy.,89,39,50,-0.00010456203239345491,2.7477740714761687e-05,-3.805335870910294,-0.38534915,1.0,1.0,0.9666666666666667,1.0,True,3.7102024741375366,5,50
1,17217,lung shows,71,30,41,9.858240424583975e-05,2.691965306341535e-05,3.6620978737581247,0.33620888,1.0,1.0,0.9666666666666667,1.0,True,3.5705454269141716,6,50
1,13221,general fatigue,335,160,175,0.0001083077646924672,3.0393490360040918e-05,3.5635184840390077,0.35961637,1.0,1.0,1.0,1.0,True,3.5635184840390077,7,50
1,21652,or masses.,201,94,107,0.00011437775811510894,3.1379509545366417e-05,3.6449823395024437,0.39437535,1.0,1.0,0.9666666666666667,1.0,True,3.5538577810148824,8,50
1,14112,hour <new note>,727,349,378,7.038800629114406e-05,1.8934364609595752e-05,3.7174739022122822,0.4640719,1.0,1.0,0.9333333333333333,1.0,True,3.531600207101668,9,50
1,14111,hour <new,727,349,378,7.038800629114406e-05,1.8934364609595752e-05,3.7174739022122822,0.4640719,1.0,1.0,0.9333333333333333,1.0,True,3.531600207101668,10,50
1,18053,metastasis in,193,88,105,0.00013396527427975063,3.7377298869982045e-05,3.584134710904405,0.3256862,1.0,1.0,0.9666666666666667,1.0,True,3.494531343131795,11,50
1,19267,neurologic symptoms or,98,39,59,-0.00010648539678072618,2.9274002937048372e-05,-3.6375413710832554,-0.26891345,1.0,1.0,0.9333333333333333,1.0,True,3.4556643025290925,12,50
1,22156,pain palpitations or,721,346,375,6.769759977601917e-05,1.8801742594495588e-05,3.6006024141527377,0.38139287,1.0,1.0,0.9333333333333333,1.0,True,3.4205722934451006,13,50
1,20232,nodules or masses.,160,75,85,0.00011143915376542406,3.2023113499661955e-05,3.4799599909796544,0.3820656,1.0,1.0,0.9666666666666667,1.0,True,3.392960991205163,14,50
1,4994,adenopathy.,304,154,150,0.00012428124109722314,3.412399997242862e-05,3.642047860673996,0.3644143,1.0,1.0,0.9,1.0,True,3.3688942711234464,15,50
1,27790,tingling in feet,61,25,36,-0.00013745946758643828,4.013961847338452e-05,-3.424533486225931,-0.35697082,1.0,1.0,0.9666666666666667,1.0,True,3.3389201490702827,16,50
1,26923,syndromes ---,150,71,79,-9.981652720349394e-05,2.8135711908997963e-05,-3.5476808806665394,-0.32631055,1.0,1.0,0.9,1.0,True,3.281604814616549,17,50
1,27504,the two,58,23,35,-8.499804943828668e-05,2.476573216642354e-05,-3.4320830439054766,-0.33683133,1.0,1.0,0.9333333333333333,1.0,True,3.2604788917102026,18,50
1,7786,cancer syndromes ---,150,71,79,-9.890810634216635e-05,2.8082942906916096e-05,-3.521999338531143,-0.328588,1.0,1.0,0.9,1.0,True,3.2578493881413078,19,50
1,3620,55.,93,47,46,0.00011728793717755166,3.602323506484968e-05,3.2558968389820566,0.31943876,1.0,1.0,1.0,1.0,True,3.2558968389820566,20,50
1,25498,seizures dermatologic,189,93,96,-0.0001040969622838058,2.951339964092738e-05,-3.527108484630503,-0.3483808,1.0,1.0,0.8666666666666667,1.0,True,3.174397636167453,21,50
1,21133,of the primary,295,146,149,-0.00011182023864655174,3.182010570371378e-05,-3.514137875208284,-0.26638633,1.0,1.0,0.8666666666666667,1.0,True,3.1627240876874554,22,50
1,17198,lung no,204,98,106,0.00011861812963826763,3.4887888520873176e-05,3.3999801841633164,0.346175,1.0,1.0,0.9,1.0,True,3.144981670351068,23,50
1,171,- age,106,48,58,-9.78644236111699e-05,2.88948433138489e-05,-3.3869165701364032,-0.31930602,1.0,1.0,0.9,1.0,True,3.132897827376173,24,50
1,17680,may be,756,366,390,-6.545268821661776e-05,1.9333386008134873e-05,-3.385474649348922,-0.3742428,1.0,1.0,0.9,1.0,True,3.131564050647753,25,50
1,20756,occasional alcohol,660,339,321,-8.310653774696984e-05,2.3973986620353516e-05,-3.4665297458877267,-0.29523405,1.0,1.0,0.8666666666666667,1.0,True,3.119876771298954,26,50
1,148,- a,484,250,234,-0.00011292600488002608,3.394364922064249e-05,-3.3268669536966358,-0.24725173,1.0,1.0,0.9,1.0,True,3.077351932169388,27,50
1,16370,left lung,226,113,113,0.00013029252836760822,3.9172679068768566e-05,3.3261071610363078,0.3172398,1.0,1.0,0.9,1.0,True,3.076649123958585,28,50
1,5346,ago - occasional,433,219,214,-9.69913038446379e-05,3.0341401936144e-05,-3.196665205146557,-0.22833624,1.0,1.0,0.9333333333333333,1.0,True,3.036831944889229,29,50
1,4995,adenopathy. -,178,84,94,0.00010514854307899713,3.3358954666567846e-05,3.152033513339565,0.26933005,1.0,1.0,0.9333333333333333,1.0,True,2.9944318376725865,30,50
1,6100,and may,626,300,326,-8.248814322069947e-05,2.5631965553593814e-05,-3.218174706431515,-0.3922474,1.0,1.0,0.9,1.0,True,2.9768116034491516,31,50
1,26754,surgeries medications -,95,58,37,-9.278265592187859e-05,2.745803079804067e-05,-3.379071740588888,-0.22484656,1.0,1.0,0.8333333333333334,1.0,True,2.956687773015277,32,50
1,22224,palpitations or,723,347,376,6.234771833858976e-05,1.8860486809815622e-05,3.3057321885319495,0.3639517,1.0,1.0,0.8333333333333334,1.0,True,2.892515664965456,33,50
1,19614,nkda social,261,124,137,-0.00010140103124991643,3.0686941992047635e-05,-3.304370675846228,-0.22873595,1.0,1.0,0.8333333333333334,1.0,True,2.8913243413654492,34,50
1,19615,nkda social history,261,124,137,-0.00010140103124991643,3.0686941992047635e-05,-3.304370675846228,-0.22873595,1.0,1.0,0.8333333333333334,1.0,True,2.8913243413654492,35,50
1,508,- general fatigue,320,150,170,9.911780652807547e-05,3.054040979016772e-05,3.2454641967504245,0.32628956,1.0,1.0,0.8333333333333334,1.0,True,2.8397811721566213,36,50
1,15663,is within,63,32,31,-7.70491153747195e-05,2.4557556231285026e-05,-3.137491151361511,-0.3555844,1.0,1.0,0.8666666666666667,1.0,True,2.8237420362253602,37,50
1,11943,fatigue 30 nausea,78,51,27,-7.780542507683683e-05,2.4913045979022066e-05,-3.1230795761526946,-0.32588258,1.0,1.0,0.8666666666666667,1.0,True,2.810771618537425,38,50
1,3019,30 nausea,78,51,27,-7.780542507683683e-05,2.4913045979022066e-05,-3.1230795761526946,-0.32588258,1.0,1.0,0.8666666666666667,1.0,True,2.810771618537425,39,50
1,14981,indicated,465,230,235,9.329380958842148e-05,3.0059923496516636e-05,3.1035943787159814,0.35589206,1.0,1.0,0.8666666666666667,1.0,True,2.7932349408443833,40,50
1,12323,first hour <new,702,334,368,6.826268423521763e-05,2.016797584982068e-05,3.384706762023645,0.43344307,1.0,1.0,0.7666666666666667,1.0,True,2.7923830786695074,41,50
1,12486,follow-up progress note,71,38,33,-8.697678596403397e-05,2.6616673919747604e-05,-3.267755626652646,-0.32986045,1.0,1.0,0.8,1.0,True,2.7775922826547492,43,50
1,21384,oncology follow-up progress,71,38,33,-8.697678596403397e-05,2.6616673919747604e-05,-3.267755626652646,-0.32986045,1.0,1.0,0.8,1.0,True,2.7775922826547492,42,50
1,10067,deficits. he,156,72,84,-9.015704887528107e-05,2.893125204181656e-05,-3.1162511993940036,-0.25134736,1.0,1.0,0.8333333333333334,1.0,True,2.726719799469753,44,50
1,20704,objective,421,201,220,9.946335142026459e-05,3.148872770700231e-05,3.1586970532996927,0.39575896,1.0,1.0,0.8,1.0,True,2.684892495304739,45,50
1,13080,g12c mutant stk11,125,68,57,-0.00011286955014245887,3.473101609173108e-05,-3.2498199835083827,-0.34339097,1.0,1.0,0.7666666666666667,1.0,True,2.681101486394416,46,50
1,17225,lungs - a,161,80,81,-8.72898633789435e-05,2.8743772591357666e-05,-3.0368269544822653,-0.23533185,1.0,1.0,0.8333333333333334,1.0,True,2.657223585171982,47,50
1,23582,prior surgeries medications,104,65,39,-9.285796223674355e-05,2.8268956586112603e-05,-3.2848033125623366,-0.22654408,1.0,1.0,0.7333333333333333,1.0,True,2.6278426500498693,48,50
1,26753,surgeries medications,105,65,40,-9.237877297625369e-05,2.8187736281071607e-05,-3.277268243718,-0.22594163,1.0,1.0,0.7333333333333333,1.0,True,2.6218145949743996,49,50
1,16829,loss -,562,280,282,8.988921556995987e-05,2.8470091588776965e-05,3.157320913059324,0.33237183,1.0,1.0,0.7666666666666667,1.0,True,2.6047897532739426,50,50
1,29,% low,202,96,106,-0.00014740357643401388,3.636522273193361e-05,-4.0534215209019875,-0.3420187,1.0,1.0,0.9666666666666667,1.0,True,3.9520859828794377,1,100
1,22144,pain no new,84,36,48,-0.00010415194008903755,2.722418539828579e-05,-3.825713738182066,-0.32926613,1.0,1.0,1.0,1.0,True,3.825713738182066,2,100
1,26924,syndromes --- physical,113,56,57,-0.00010918593585747878,2.789972290373845e-05,-3.913513271590533,-0.36661565,1.0,1.0,0.9666666666666667,1.0,True,3.8156754398007697,3,100
1,710,- metastatic nsclc,213,106,107,0.00014668320768479383,3.856146834164105e-05,3.8038802460848276,0.458831,1.0,1.0,1.0,1.0,True,3.8038802460848276,4,100
1,22651,pelvic lymphadenopathy.,89,39,50,-0.00010456203239345491,2.7477740714761687e-05,-3.805335870910294,-0.38534915,1.0,1.0,0.9666666666666667,1.0,True,3.7102024741375366,5,100
1,17217,lung shows,71,30,41,9.858240424583975e-05,2.691965306341535e-05,3.6620978737581247,0.33620888,1.0,1.0,0.9666666666666667,1.0,True,3.5705454269141716,6,100
1,13221,general fatigue,335,160,175,0.0001083077646924672,3.0393490360040918e-05,3.5635184840390077,0.35961637,1.0,1.0,1.0,1.0,True,3.5635184840390077,7,100
1,21652,or masses.,201,94,107,0.00011437775811510894,3.1379509545366417e-05,3.6449823395024437,0.39437535,1.0,1.0,0.9666666666666667,1.0,True,3.5538577810148824,8,100
1,14112,hour <new note>,727,349,378,7.038800629114406e-05,1.8934364609595752e-05,3.7174739022122822,0.4640719,1.0,1.0,0.9333333333333333,1.0,True,3.531600207101668,9,100
1,14111,hour <new,727,349,378,7.038800629114406e-05,1.8934364609595752e-05,3.7174739022122822,0.4640719,1.0,1.0,0.9333333333333333,1.0,True,3.531600207101668,10,100
1,18053,metastasis in,193,88,105,0.00013396527427975063,3.7377298869982045e-05,3.584134710904405,0.3256862,1.0,1.0,0.9666666666666667,1.0,True,3.494531343131795,11,100
1,19267,neurologic symptoms or,98,39,59,-0.00010648539678072618,2.9274002937048372e-05,-3.6375413710832554,-0.26891345,1.0,1.0,0.9333333333333333,1.0,True,3.4556643025290925,12,100
1,22156,pain palpitations or,721,346,375,6.769759977601917e-05,1.8801742594495588e-05,3.6006024141527377,0.38139287,1.0,1.0,0.9333333333333333,1.0,True,3.4205722934451006,13,100
1,20232,nodules or masses.,160,75,85,0.00011143915376542406,3.2023113499661955e-05,3.4799599909796544,0.3820656,1.0,1.0,0.9666666666666667,1.0,True,3.392960991205163,14,100
1,4994,adenopathy.,304,154,150,0.00012428124109722314,3.412399997242862e-05,3.642047860673996,0.3644143,1.0,1.0,0.9,1.0,True,3.3688942711234464,15,100
1,27790,tingling in feet,61,25,36,-0.00013745946758643828,4.013961847338452e-05,-3.424533486225931,-0.35697082,1.0,1.0,0.9666666666666667,1.0,True,3.3389201490702827,16,100
1,26923,syndromes ---,150,71,79,-9.981652720349394e-05,2.8135711908997963e-05,-3.5476808806665394,-0.32631055,1.0,1.0,0.9,1.0,True,3.281604814616549,17,100
1,27504,the two,58,23,35,-8.499804943828668e-05,2.476573216642354e-05,-3.4320830439054766,-0.33683133,1.0,1.0,0.9333333333333333,1.0,True,3.2604788917102026,18,100
1,7786,cancer syndromes ---,150,71,79,-9.890810634216635e-05,2.8082942906916096e-05,-3.521999338531143,-0.328588,1.0,1.0,0.9,1.0,True,3.2578493881413078,19,100
1,3620,55.,93,47,46,0.00011728793717755166,3.602323506484968e-05,3.2558968389820566,0.31943876,1.0,1.0,1.0,1.0,True,3.2558968389820566,20,100
1,25498,seizures dermatologic,189,93,96,-0.0001040969622838058,2.951339964092738e-05,-3.527108484630503,-0.3483808,1.0,1.0,0.8666666666666667,1.0,True,3.174397636167453,21,100
1,21133,of the primary,295,146,149,-0.00011182023864655174,3.182010570371378e-05,-3.514137875208284,-0.26638633,1.0,1.0,0.8666666666666667,1.0,True,3.1627240876874554,22,100
1,17198,lung no,204,98,106,0.00011861812963826763,3.4887888520873176e-05,3.3999801841633164,0.346175,1.0,1.0,0.9,1.0,True,3.144981670351068,23,100
1,171,- age,106,48,58,-9.78644236111699e-05,2.88948433138489e-05,-3.3869165701364032,-0.31930602,1.0,1.0,0.9,1.0,True,3.132897827376173,24,100
1,17680,may be,756,366,390,-6.545268821661776e-05,1.9333386008134873e-05,-3.385474649348922,-0.3742428,1.0,1.0,0.9,1.0,True,3.131564050647753,25,100
1,20756,occasional alcohol,660,339,321,-8.310653774696984e-05,2.3973986620353516e-05,-3.4665297458877267,-0.29523405,1.0,1.0,0.8666666666666667,1.0,True,3.119876771298954,26,100
1,148,- a,484,250,234,-0.00011292600488002608,3.394364922064249e-05,-3.3268669536966358,-0.24725173,1.0,1.0,0.9,1.0,True,3.077351932169388,27,100
1,16370,left lung,226,113,113,0.00013029252836760822,3.9172679068768566e-05,3.3261071610363078,0.3172398,1.0,1.0,0.9,1.0,True,3.076649123958585,28,100
1,5346,ago - occasional,433,219,214,-9.69913038446379e-05,3.0341401936144e-05,-3.196665205146557,-0.22833624,1.0,1.0,0.9333333333333333,1.0,True,3.036831944889229,29,100
1,4995,adenopathy. -,178,84,94,0.00010514854307899713,3.3358954666567846e-05,3.152033513339565,0.26933005,1.0,1.0,0.9333333333333333,1.0,True,2.9944318376725865,30,100
1,6100,and may,626,300,326,-8.248814322069947e-05,2.5631965553593814e-05,-3.218174706431515,-0.3922474,1.0,1.0,0.9,1.0,True,2.9768116034491516,31,100
1,26754,surgeries medications -,95,58,37,-9.278265592187859e-05,2.745803079804067e-05,-3.379071740588888,-0.22484656,1.0,1.0,0.8333333333333334,1.0,True,2.956687773015277,32,100
1,22224,palpitations or,723,347,376,6.234771833858976e-05,1.8860486809815622e-05,3.3057321885319495,0.3639517,1.0,1.0,0.8333333333333334,1.0,True,2.892515664965456,33,100
1,19614,nkda social,261,124,137,-0.00010140103124991643,3.0686941992047635e-05,-3.304370675846228,-0.22873595,1.0,1.0,0.8333333333333334,1.0,True,2.8913243413654492,34,100
1,19615,nkda social history,261,124,137,-0.00010140103124991643,3.0686941992047635e-05,-3.304370675846228,-0.22873595,1.0,1.0,0.8333333333333334,1.0,True,2.8913243413654492,35,100
1,508,- general fatigue,320,150,170,9.911780652807547e-05,3.054040979016772e-05,3.2454641967504245,0.32628956,1.0,1.0,0.8333333333333334,1.0,True,2.8397811721566213,36,100
1,15663,is within,63,32,31,-7.70491153747195e-05,2.4557556231285026e-05,-3.137491151361511,-0.3555844,1.0,1.0,0.8666666666666667,1.0,True,2.8237420362253602,37,100
1,11943,fatigue 30 nausea,78,51,27,-7.780542507683683e-05,2.4913045979022066e-05,-3.1230795761526946,-0.32588258,1.0,1.0,0.8666666666666667,1.0,True,2.810771618537425,38,100
1,3019,30 nausea,78,51,27,-7.780542507683683e-05,2.4913045979022066e-05,-3.1230795761526946,-0.32588258,1.0,1.0,0.8666666666666667,1.0,True,2.810771618537425,39,100
1,14981,indicated,465,230,235,9.329380958842148e-05,3.0059923496516636e-05,3.1035943787159814,0.35589206,1.0,1.0,0.8666666666666667,1.0,True,2.7932349408443833,40,100
1,12323,first hour <new,702,334,368,6.826268423521763e-05,2.016797584982068e-05,3.384706762023645,0.43344307,1.0,1.0,0.7666666666666667,1.0,True,2.7923830786695074,41,100
1,12486,follow-up progress note,71,38,33,-8.697678596403397e-05,2.6616673919747604e-05,-3.267755626652646,-0.32986045,1.0,1.0,0.8,1.0,True,2.7775922826547492,43,100
1,21384,oncology follow-up progress,71,38,33,-8.697678596403397e-05,2.6616673919747604e-05,-3.267755626652646,-0.32986045,1.0,1.0,0.8,1.0,True,2.7775922826547492,42,100
1,10067,deficits. he,156,72,84,-9.015704887528107e-05,2.893125204181656e-05,-3.1162511993940036,-0.25134736,1.0,1.0,0.8333333333333334,1.0,True,2.726719799469753,44,100
1,20704,objective,421,201,220,9.946335142026459e-05,3.148872770700231e-05,3.1586970532996927,0.39575896,1.0,1.0,0.8,1.0,True,2.684892495304739,45,100
1,13080,g12c mutant stk11,125,68,57,-0.00011286955014245887,3.473101609173108e-05,-3.2498199835083827,-0.34339097,1.0,1.0,0.7666666666666667,1.0,True,2.681101486394416,46,100
1,17225,lungs - a,161,80,81,-8.72898633789435e-05,2.8743772591357666e-05,-3.0368269544822653,-0.23533185,1.0,1.0,0.8333333333333334,1.0,True,2.657223585171982,47,100
1,23582,prior surgeries medications,104,65,39,-9.285796223674355e-05,2.8268956586112603e-05,-3.2848033125623366,-0.22654408,1.0,1.0,0.7333333333333333,1.0,True,2.6278426500498693,48,100
1,26753,surgeries medications,105,65,40,-9.237877297625369e-05,2.8187736281071607e-05,-3.277268243718,-0.22594163,1.0,1.0,0.7333333333333333,1.0,True,2.6218145949743996,49,100
1,16829,loss -,562,280,282,8.988921556995987e-05,2.8470091588776965e-05,3.157320913059324,0.33237183,1.0,1.0,0.7666666666666667,1.0,True,2.6047897532739426,50,100
1,3928,70 100,734,355,379,-6.0890533551775354e-05,1.9949941659682604e-05,-3.052165995794902,-0.3701288,1.0,1.0,0.8,1.0,True,2.594341096425667,51,100
1,22606,pd-l1 blockade tp53,61,23,38,-7.776624395998566e-05,2.561530266022862e-05,-3.035929147178446,-0.3319342,1.0,1.0,0.8,1.0,True,2.5805397751016796,52,100
1,15109,infusion hold chemotherapy,76,29,47,-7.200112400826707e-05,2.3108976554769995e-05,-3.115721020254577,-0.32639465,1.0,1.0,0.7666666666666667,1.0,True,2.5704698417100262,53,100
1,22047,pack-years quit 2,63,45,18,-6.292946239418596e-05,2.081227720219629e-05,-3.0236702011419063,-0.20928057,1.0,1.0,0.8,1.0,True,2.5701196709706204,54,100
1,12435,foci identified,120,55,65,-8.773526961315298e-05,2.7344167237535565e-05,-3.2085551865963593,-0.3418968,1.0,1.0,0.7333333333333333,1.0,True,2.5668441492770873,55,100
1,7851,carcinoma adenocarcinoma,518,263,255,8.855060890555687e-05,3.0209430587725396e-05,2.931224031132069,0.22210644,1.0,1.0,0.8333333333333334,1.0,True,2.5648210272405607,56,100
1,12485,follow-up progress,73,40,33,-8.222603090130083e-05,2.665834257710952e-05,-3.0844389767841425,-0.3029799,1.0,1.0,0.7666666666666667,1.0,True,2.544662155846918,57,100
1,19250,neurologic deficits. he,151,69,82,-8.85547653587592e-05,2.8810673495373743e-05,-3.073679113158491,-0.27182764,1.0,1.0,0.7666666666666667,1.0,True,2.535785268355755,58,100
1,16988,low pd-l1 expression,312,135,177,-0.0001359788799349105,4.4244078873493686e-05,-3.0733802894555113,-0.20555937,1.0,1.0,0.7666666666666667,1.0,True,2.5355387388007973,59,100
1,4210,<1,322,143,179,-0.00015816302499300987,4.9952852665080644e-05,-3.1662461011675744,-0.23039089,1.0,1.0,0.7333333333333333,1.0,True,2.5329968809340593,60,100
1,18131,metastatic nsclc,511,249,262,0.00011124088230067844,3.466908001729283e-05,3.208648231945925,0.32791805,1.0,1.0,0.7,1.0,True,2.4867023797580914,61,100
1,4211,<1 %,216,96,120,-0.00015247539148344262,4.769429142227988e-05,-3.1969316858791905,-0.20311326,1.0,1.0,0.7,1.0,True,2.4776220565563722,62,100
1,467,- fixation,189,93,96,-9.061382961604917e-05,2.9419855795088638e-05,-3.0800229017837766,-0.3438487,1.0,1.0,0.7333333333333333,1.0,True,2.4640183214270213,63,100
1,4096,800,467,222,245,7.537547890097072e-05,2.4728493777306475e-05,3.0481225253655913,0.31496853,1.0,1.0,0.7333333333333333,1.0,True,2.4384980202924726,64,100
1,16371,left lung no,111,59,52,0.00011055155755208018,3.649338990895651e-05,3.029358407861904,0.27058724,1.0,1.0,0.7333333333333333,1.0,True,2.423486726289523,65,100
1,22592,pd-l1 <1 %.,103,43,60,-9.377365874668251e-05,3.108080005224906e-05,-3.0170928222260125,-0.24574268,1.0,1.0,0.7333333333333333,1.0,True,2.41367425778081,66,100
1,20495,note patient john,84,27,57,-0.00015567410427790932,5.325666368910231e-05,-2.9230915625261793,-0.31512296,1.0,1.0,0.7666666666666667,1.0,True,2.4115505390840983,67,100
1,22590,pd-l1 <1,161,75,86,-0.00012624481320991913,4.1910039464578466e-05,-3.0122809432479474,-0.24977638,1.0,1.0,0.7333333333333333,1.0,True,2.4098247545983575,68,100
1,13265,genitourinary none,344,164,180,-9.513201897169556e-05,3.070532765263496e-05,-3.098225169518159,-0.30634242,1.0,1.0,0.7,1.0,True,2.401124506376573,69,100
1,15899,kidneys,730,351,379,6.140655156062534e-05,1.9210422161402326e-05,3.196522754403788,0.2796882,1.0,1.0,0.6666666666666666,1.0,True,2.3973920658028414,70,100
1,25279,rubs,731,359,372,5.531454690174432e-05,1.920136790439236e-05,2.880760744607731,0.37510598,1.0,1.0,0.7666666666666667,1.0,True,2.3766276143013783,71,100
1,1371,--- subjective chief,302,149,153,9.617864922452635e-05,3.3800677376119966e-05,2.8454651412541265,0.36867172,1.0,1.0,0.7666666666666667,1.0,True,2.3475087415346545,72,100
1,19370,new chest pain,80,34,46,-7.359150630862652e-05,2.443005837211491e-05,-3.012334444219983,-0.2487128,1.0,1.0,0.7,1.0,True,2.3345591942704864,73,100
1,1372,--- technique,101,43,58,8.666022515504246e-05,3.066012993665625e-05,2.8264793832929693,0.2800899,1.0,1.0,0.7666666666666667,1.0,True,2.3318454912166997,74,100
1,620,- left lung,123,63,60,0.00011115238825306229,3.695974793759062e-05,3.007390322053918,0.30740675,1.0,1.0,0.7,1.0,True,2.330727499591786,75,100
1,17367,m1 right,50,24,26,0.00011252295301529224,3.8635884038292296e-05,2.91239493585212,0.3911574,1.0,1.0,0.7333333333333333,1.0,True,2.329915948681696,76,100
1,17162,lung carcinoma adenocarcinoma,516,262,254,8.47474234324937e-05,3.0121087161499892e-05,2.813557922996086,0.21221118,1.0,1.0,0.7666666666666667,1.0,True,2.321185286471771,77,100
1,10927,dr. emily s.,65,28,37,-8.039996766120088e-05,2.686179072577222e-05,-2.9930978348387662,-0.25478396,1.0,1.0,0.7,1.0,True,2.3196508220000434,78,100
1,22578,pd-l1 22c3,603,288,315,-4.8176771069777656e-05,1.6138108254576768e-05,-2.985279954118211,-0.20365357,1.0,1.0,0.7,1.0,True,2.313591964441613,79,100
1,19682,no associated,264,135,129,9.995203023520622e-05,3.3633263837997336e-05,2.9718207164386152,0.3554698,1.0,1.0,0.7,1.0,True,2.3031610552399266,80,100
1,4004,75 cognitive,79,46,33,-8.100702254398062e-05,2.7358256233221504e-05,-2.9609717027802627,-0.33207965,1.0,1.0,0.7,1.0,True,2.2947530696547034,81,100
1,15818,john martinez age,38,8,30,-0.0001752574807138691,6.132241082415473e-05,-2.857967884146454,-0.33039176,1.0,1.0,0.7333333333333333,1.0,True,2.286374307317163,82,100
1,10229,dermatologic none rash,213,96,117,-9.236080764688367e-05,3.033511819956557e-05,-3.0446826361206125,-0.27678975,1.0,1.0,0.6666666666666666,1.0,True,2.2835119770904595,83,100
1,7336,blockade tp53,64,26,38,-7.444993636963028e-05,2.5331842253167694e-05,-2.938986261858648,-0.32483548,1.0,1.0,0.7,1.0,True,2.277714352940452,84,100
1,860,- occasional,678,342,336,-7.201914746208123e-05,2.3742199581149212e-05,-3.033381436118617,-0.21397507,1.0,1.0,0.6666666666666666,1.0,True,2.275036077088963,85,100
1,13266,genitourinary none dysuria,321,154,167,-9.563208786231052e-05,3.153646261602352e-05,-3.0324291289956005,-0.30190328,1.0,1.0,0.6666666666666666,1.0,True,2.2743218467467003,86,100
1,26614,subjective chief complaint,306,152,154,9.528255169496897e-05,3.3625760035430185e-05,2.8336177857265787,0.35914993,1.0,1.0,0.7333333333333333,1.0,True,2.266894228581263,88,100
1,26613,subjective chief,306,152,154,9.528255169496897e-05,3.3625760035430185e-05,2.8336177857265787,0.35914993,1.0,1.0,0.7333333333333333,1.0,True,2.266894228581263,87,100
1,11387,emily s.,65,28,37,-7.858298556979953e-05,2.701743424145634e-05,-2.9086028254015144,-0.22997467,1.0,1.0,0.7,1.0,True,2.2541671896861732,89,100
1,29571,with a more,65,31,34,-7.389744549348668e-05,2.5531863715853135e-05,-2.894322416722074,-0.28089806,1.0,1.0,0.7,1.0,True,2.243099872959607,90,100
1,8731,cmp creatinine 0.9,287,142,145,-8.871553621033515e-05,3.1654708546377426e-05,-2.80260158075244,-0.22298753,1.0,1.0,0.7333333333333333,1.0,True,2.2420812646019517,91,100
1,13636,he reports increasing,75,33,42,-9.152280548284569e-05,3.064953412139335e-05,-2.9861075577968683,-0.3463324,1.0,1.0,0.6666666666666666,1.0,True,2.239580668347651,92,100
1,28740,upper-normal,57,25,32,-7.000660506030799e-05,2.3470820151920028e-05,-2.9827080863461477,-0.24425454,1.0,1.0,0.6666666666666666,1.0,True,2.237031064759611,93,100
1,22440,patient -,273,133,140,9.603053340373808e-05,3.225577474905086e-05,2.9771578624557398,0.26614416,1.0,1.0,0.6666666666666666,1.0,True,2.2328683968418046,94,100
1,1759,1 % low,97,40,57,-8.330227284355013e-05,2.8148369867277538e-05,-2.95939954023373,-0.16463728,1.0,1.0,0.6666666666666666,1.0,True,2.219549655175298,95,100
1,9401,cores 5 cores,67,36,31,-6.913378699437618e-05,2.4145829298404315e-05,-2.863177161570711,-0.2383225,1.0,1.0,0.7,1.0,True,2.2189623002173007,96,100
1,11600,established patient -,200,97,103,9.499301057384618e-05,3.12498137632719e-05,3.039794454247022,0.28772438,1.0,1.0,0.6333333333333333,1.0,True,2.203850979329091,97,100
1,22503,patient john martinez,39,9,30,-0.0002397082179079772,8.459660090059354e-05,-2.8335443192292065,-0.31804276,1.0,1.0,0.7,1.0,True,2.195996847402635,98,100
1,20279,none bone pain,69,30,39,-7.953151814623258e-05,2.736181528479562e-05,-2.9066608819052497,-0.2542863,1.0,1.0,0.6666666666666666,1.0,True,2.1799956614289373,100,100
1,20278,none bone,69,30,39,-7.953151814623258e-05,2.736181528479562e-05,-2.9066608819052497,-0.2542863,1.0,1.0,0.6666666666666666,1.0,True,2.1799956614289373,101,100
1,29,% low,202,96,106,-0.00014740357643401388,3.636522273193361e-05,-4.0534215209019875,-0.3420187,1.0,1.0,0.9666666666666667,1.0,True,3.9520859828794377,1,200
1,22144,pain no new,84,36,48,-0.00010415194008903755,2.722418539828579e-05,-3.825713738182066,-0.32926613,1.0,1.0,1.0,1.0,True,3.825713738182066,2,200
1,26924,syndromes --- physical,113,56,57,-0.00010918593585747878,2.789972290373845e-05,-3.913513271590533,-0.36661565,1.0,1.0,0.9666666666666667,1.0,True,3.8156754398007697,3,200
1,710,- metastatic nsclc,213,106,107,0.00014668320768479383,3.856146834164105e-05,3.8038802460848276,0.458831,1.0,1.0,1.0,1.0,True,3.8038802460848276,4,200
1,22651,pelvic lymphadenopathy.,89,39,50,-0.00010456203239345491,2.7477740714761687e-05,-3.805335870910294,-0.38534915,1.0,1.0,0.9666666666666667,1.0,True,3.7102024741375366,5,200
1,17217,lung shows,71,30,41,9.858240424583975e-05,2.691965306341535e-05,3.6620978737581247,0.33620888,1.0,1.0,0.9666666666666667,1.0,True,3.5705454269141716,6,200
1,13221,general fatigue,335,160,175,0.0001083077646924672,3.0393490360040918e-05,3.5635184840390077,0.35961637,1.0,1.0,1.0,1.0,True,3.5635184840390077,7,200
1,21652,or masses.,201,94,107,0.00011437775811510894,3.1379509545366417e-05,3.6449823395024437,0.39437535,1.0,1.0,0.9666666666666667,1.0,True,3.5538577810148824,8,200
1,14112,hour <new note>,727,349,378,7.038800629114406e-05,1.8934364609595752e-05,3.7174739022122822,0.4640719,1.0,1.0,0.9333333333333333,1.0,True,3.531600207101668,9,200
1,14111,hour <new,727,349,378,7.038800629114406e-05,1.8934364609595752e-05,3.7174739022122822,0.4640719,1.0,1.0,0.9333333333333333,1.0,True,3.531600207101668,10,200
1,18053,metastasis in,193,88,105,0.00013396527427975063,3.7377298869982045e-05,3.584134710904405,0.3256862,1.0,1.0,0.9666666666666667,1.0,True,3.494531343131795,11,200
1,19267,neurologic symptoms or,98,39,59,-0.00010648539678072618,2.9274002937048372e-05,-3.6375413710832554,-0.26891345,1.0,1.0,0.9333333333333333,1.0,True,3.4556643025290925,12,200
1,22156,pain palpitations or,721,346,375,6.769759977601917e-05,1.8801742594495588e-05,3.6006024141527377,0.38139287,1.0,1.0,0.9333333333333333,1.0,True,3.4205722934451006,13,200
1,20232,nodules or masses.,160,75,85,0.00011143915376542406,3.2023113499661955e-05,3.4799599909796544,0.3820656,1.0,1.0,0.9666666666666667,1.0,True,3.392960991205163,14,200
1,4994,adenopathy.,304,154,150,0.00012428124109722314,3.412399997242862e-05,3.642047860673996,0.3644143,1.0,1.0,0.9,1.0,True,3.3688942711234464,15,200
1,27790,tingling in feet,61,25,36,-0.00013745946758643828,4.013961847338452e-05,-3.424533486225931,-0.35697082,1.0,1.0,0.9666666666666667,1.0,True,3.3389201490702827,16,200
1,26923,syndromes ---,150,71,79,-9.981652720349394e-05,2.8135711908997963e-05,-3.5476808806665394,-0.32631055,1.0,1.0,0.9,1.0,True,3.281604814616549,17,200
1,27504,the two,58,23,35,-8.499804943828668e-05,2.476573216642354e-05,-3.4320830439054766,-0.33683133,1.0,1.0,0.9333333333333333,1.0,True,3.2604788917102026,18,200
1,7786,cancer syndromes ---,150,71,79,-9.890810634216635e-05,2.8082942906916096e-05,-3.521999338531143,-0.328588,1.0,1.0,0.9,1.0,True,3.2578493881413078,19,200
1,3620,55.,93,47,46,0.00011728793717755166,3.602323506484968e-05,3.2558968389820566,0.31943876,1.0,1.0,1.0,1.0,True,3.2558968389820566,20,200
1,25498,seizures dermatologic,189,93,96,-0.0001040969622838058,2.951339964092738e-05,-3.527108484630503,-0.3483808,1.0,1.0,0.8666666666666667,1.0,True,3.174397636167453,21,200
1,21133,of the primary,295,146,149,-0.00011182023864655174,3.182010570371378e-05,-3.514137875208284,-0.26638633,1.0,1.0,0.8666666666666667,1.0,True,3.1627240876874554,22,200
1,17198,lung no,204,98,106,0.00011861812963826763,3.4887888520873176e-05,3.3999801841633164,0.346175,1.0,1.0,0.9,1.0,True,3.144981670351068,23,200
1,171,- age,106,48,58,-9.78644236111699e-05,2.88948433138489e-05,-3.3869165701364032,-0.31930602,1.0,1.0,0.9,1.0,True,3.132897827376173,24,200
1,17680,may be,756,366,390,-6.545268821661776e-05,1.9333386008134873e-05,-3.385474649348922,-0.3742428,1.0,1.0,0.9,1.0,True,3.131564050647753,25,200
1,20756,occasional alcohol,660,339,321,-8.310653774696984e-05,2.3973986620353516e-05,-3.4665297458877267,-0.29523405,1.0,1.0,0.8666666666666667,1.0,True,3.119876771298954,26,200
1,148,- a,484,250,234,-0.00011292600488002608,3.394364922064249e-05,-3.3268669536966358,-0.24725173,1.0,1.0,0.9,1.0,True,3.077351932169388,27,200
1,16370,left lung,226,113,113,0.00013029252836760822,3.9172679068768566e-05,3.3261071610363078,0.3172398,1.0,1.0,0.9,1.0,True,3.076649123958585,28,200
1,5346,ago - occasional,433,219,214,-9.69913038446379e-05,3.0341401936144e-05,-3.196665205146557,-0.22833624,1.0,1.0,0.9333333333333333,1.0,True,3.036831944889229,29,200
1,4995,adenopathy. -,178,84,94,0.00010514854307899713,3.3358954666567846e-05,3.152033513339565,0.26933005,1.0,1.0,0.9333333333333333,1.0,True,2.9944318376725865,30,200
1,6100,and may,626,300,326,-8.248814322069947e-05,2.5631965553593814e-05,-3.218174706431515,-0.3922474,1.0,1.0,0.9,1.0,True,2.9768116034491516,31,200
1,26754,surgeries medications -,95,58,37,-9.278265592187859e-05,2.745803079804067e-05,-3.379071740588888,-0.22484656,1.0,1.0,0.8333333333333334,1.0,True,2.956687773015277,32,200
1,22224,palpitations or,723,347,376,6.234771833858976e-05,1.8860486809815622e-05,3.3057321885319495,0.3639517,1.0,1.0,0.8333333333333334,1.0,True,2.892515664965456,33,200
1,19614,nkda social,261,124,137,-0.00010140103124991643,3.0686941992047635e-05,-3.304370675846228,-0.22873595,1.0,1.0,0.8333333333333334,1.0,True,2.8913243413654492,34,200
1,19615,nkda social history,261,124,137,-0.00010140103124991643,3.0686941992047635e-05,-3.304370675846228,-0.22873595,1.0,1.0,0.8333333333333334,1.0,True,2.8913243413654492,35,200
1,508,- general fatigue,320,150,170,9.911780652807547e-05,3.054040979016772e-05,3.2454641967504245,0.32628956,1.0,1.0,0.8333333333333334,1.0,True,2.8397811721566213,36,200
1,15663,is within,63,32,31,-7.70491153747195e-05,2.4557556231285026e-05,-3.137491151361511,-0.3555844,1.0,1.0,0.8666666666666667,1.0,True,2.8237420362253602,37,200
1,11943,fatigue 30 nausea,78,51,27,-7.780542507683683e-05,2.4913045979022066e-05,-3.1230795761526946,-0.32588258,1.0,1.0,0.8666666666666667,1.0,True,2.810771618537425,38,200
1,3019,30 nausea,78,51,27,-7.780542507683683e-05,2.4913045979022066e-05,-3.1230795761526946,-0.32588258,1.0,1.0,0.8666666666666667,1.0,True,2.810771618537425,39,200
1,14981,indicated,465,230,235,9.329380958842148e-05,3.0059923496516636e-05,3.1035943787159814,0.35589206,1.0,1.0,0.8666666666666667,1.0,True,2.7932349408443833,40,200
1,12323,first hour <new,702,334,368,6.826268423521763e-05,2.016797584982068e-05,3.384706762023645,0.43344307,1.0,1.0,0.7666666666666667,1.0,True,2.7923830786695074,41,200
1,12486,follow-up progress note,71,38,33,-8.697678596403397e-05,2.6616673919747604e-05,-3.267755626652646,-0.32986045,1.0,1.0,0.8,1.0,True,2.7775922826547492,43,200
1,21384,oncology follow-up progress,71,38,33,-8.697678596403397e-05,2.6616673919747604e-05,-3.267755626652646,-0.32986045,1.0,1.0,0.8,1.0,True,2.7775922826547492,42,200
1,10067,deficits. he,156,72,84,-9.015704887528107e-05,2.893125204181656e-05,-3.1162511993940036,-0.25134736,1.0,1.0,0.8333333333333334,1.0,True,2.726719799469753,44,200
1,20704,objective,421,201,220,9.946335142026459e-05,3.148872770700231e-05,3.1586970532996927,0.39575896,1.0,1.0,0.8,1.0,True,2.684892495304739,45,200
1,13080,g12c mutant stk11,125,68,57,-0.00011286955014245887,3.473101609173108e-05,-3.2498199835083827,-0.34339097,1.0,1.0,0.7666666666666667,1.0,True,2.681101486394416,46,200
1,17225,lungs - a,161,80,81,-8.72898633789435e-05,2.8743772591357666e-05,-3.0368269544822653,-0.23533185,1.0,1.0,0.8333333333333334,1.0,True,2.657223585171982,47,200
1,23582,prior surgeries medications,104,65,39,-9.285796223674355e-05,2.8268956586112603e-05,-3.2848033125623366,-0.22654408,1.0,1.0,0.7333333333333333,1.0,True,2.6278426500498693,48,200
1,26753,surgeries medications,105,65,40,-9.237877297625369e-05,2.8187736281071607e-05,-3.277268243718,-0.22594163,1.0,1.0,0.7333333333333333,1.0,True,2.6218145949743996,49,200
1,16829,loss -,562,280,282,8.988921556995987e-05,2.8470091588776965e-05,3.157320913059324,0.33237183,1.0,1.0,0.7666666666666667,1.0,True,2.6047897532739426,50,200
1,3928,70 100,734,355,379,-6.0890533551775354e-05,1.9949941659682604e-05,-3.052165995794902,-0.3701288,1.0,1.0,0.8,1.0,True,2.594341096425667,51,200
1,22606,pd-l1 blockade tp53,61,23,38,-7.776624395998566e-05,2.561530266022862e-05,-3.035929147178446,-0.3319342,1.0,1.0,0.8,1.0,True,2.5805397751016796,52,200
1,15109,infusion hold chemotherapy,76,29,47,-7.200112400826707e-05,2.3108976554769995e-05,-3.115721020254577,-0.32639465,1.0,1.0,0.7666666666666667,1.0,True,2.5704698417100262,53,200
1,22047,pack-years quit 2,63,45,18,-6.292946239418596e-05,2.081227720219629e-05,-3.0236702011419063,-0.20928057,1.0,1.0,0.8,1.0,True,2.5701196709706204,54,200
1,12435,foci identified,120,55,65,-8.773526961315298e-05,2.7344167237535565e-05,-3.2085551865963593,-0.3418968,1.0,1.0,0.7333333333333333,1.0,True,2.5668441492770873,55,200
1,7851,carcinoma adenocarcinoma,518,263,255,8.855060890555687e-05,3.0209430587725396e-05,2.931224031132069,0.22210644,1.0,1.0,0.8333333333333334,1.0,True,2.5648210272405607,56,200
1,12485,follow-up progress,73,40,33,-8.222603090130083e-05,2.665834257710952e-05,-3.0844389767841425,-0.3029799,1.0,1.0,0.7666666666666667,1.0,True,2.544662155846918,57,200
1,19250,neurologic deficits. he,151,69,82,-8.85547653587592e-05,2.8810673495373743e-05,-3.073679113158491,-0.27182764,1.0,1.0,0.7666666666666667,1.0,True,2.535785268355755,58,200
1,16988,low pd-l1 expression,312,135,177,-0.0001359788799349105,4.4244078873493686e-05,-3.0733802894555113,-0.20555937,1.0,1.0,0.7666666666666667,1.0,True,2.5355387388007973,59,200
1,4210,<1,322,143,179,-0.00015816302499300987,4.9952852665080644e-05,-3.1662461011675744,-0.23039089,1.0,1.0,0.7333333333333333,1.0,True,2.5329968809340593,60,200
1,18131,metastatic nsclc,511,249,262,0.00011124088230067844,3.466908001729283e-05,3.208648231945925,0.32791805,1.0,1.0,0.7,1.0,True,2.4867023797580914,61,200
1,4211,<1 %,216,96,120,-0.00015247539148344262,4.769429142227988e-05,-3.1969316858791905,-0.20311326,1.0,1.0,0.7,1.0,True,2.4776220565563722,62,200
1,467,- fixation,189,93,96,-9.061382961604917e-05,2.9419855795088638e-05,-3.0800229017837766,-0.3438487,1.0,1.0,0.7333333333333333,1.0,True,2.4640183214270213,63,200
1,4096,800,467,222,245,7.537547890097072e-05,2.4728493777306475e-05,3.0481225253655913,0.31496853,1.0,1.0,0.7333333333333333,1.0,True,2.4384980202924726,64,200
1,16371,left lung no,111,59,52,0.00011055155755208018,3.649338990895651e-05,3.029358407861904,0.27058724,1.0,1.0,0.7333333333333333,1.0,True,2.423486726289523,65,200
1,22592,pd-l1 <1 %.,103,43,60,-9.377365874668251e-05,3.108080005224906e-05,-3.0170928222260125,-0.24574268,1.0,1.0,0.7333333333333333,1.0,True,2.41367425778081,66,200
1,20495,note patient john,84,27,57,-0.00015567410427790932,5.325666368910231e-05,-2.9230915625261793,-0.31512296,1.0,1.0,0.7666666666666667,1.0,True,2.4115505390840983,67,200
1,22590,pd-l1 <1,161,75,86,-0.00012624481320991913,4.1910039464578466e-05,-3.0122809432479474,-0.24977638,1.0,1.0,0.7333333333333333,1.0,True,2.4098247545983575,68,200
1,13265,genitourinary none,344,164,180,-9.513201897169556e-05,3.070532765263496e-05,-3.098225169518159,-0.30634242,1.0,1.0,0.7,1.0,True,2.401124506376573,69,200
1,15899,kidneys,730,351,379,6.140655156062534e-05,1.9210422161402326e-05,3.196522754403788,0.2796882,1.0,1.0,0.6666666666666666,1.0,True,2.3973920658028414,70,200
1,25279,rubs,731,359,372,5.531454690174432e-05,1.920136790439236e-05,2.880760744607731,0.37510598,1.0,1.0,0.7666666666666667,1.0,True,2.3766276143013783,71,200
1,1371,--- subjective chief,302,149,153,9.617864922452635e-05,3.3800677376119966e-05,2.8454651412541265,0.36867172,1.0,1.0,0.7666666666666667,1.0,True,2.3475087415346545,72,200
1,19370,new chest pain,80,34,46,-7.359150630862652e-05,2.443005837211491e-05,-3.012334444219983,-0.2487128,1.0,1.0,0.7,1.0,True,2.3345591942704864,73,200
1,1372,--- technique,101,43,58,8.666022515504246e-05,3.066012993665625e-05,2.8264793832929693,0.2800899,1.0,1.0,0.7666666666666667,1.0,True,2.3318454912166997,74,200
1,620,- left lung,123,63,60,0.00011115238825306229,3.695974793759062e-05,3.007390322053918,0.30740675,1.0,1.0,0.7,1.0,True,2.330727499591786,75,200
1,17367,m1 right,50,24,26,0.00011252295301529224,3.8635884038292296e-05,2.91239493585212,0.3911574,1.0,1.0,0.7333333333333333,1.0,True,2.329915948681696,76,200
1,17162,lung carcinoma adenocarcinoma,516,262,254,8.47474234324937e-05,3.0121087161499892e-05,2.813557922996086,0.21221118,1.0,1.0,0.7666666666666667,1.0,True,2.321185286471771,77,200
1,10927,dr. emily s.,65,28,37,-8.039996766120088e-05,2.686179072577222e-05,-2.9930978348387662,-0.25478396,1.0,1.0,0.7,1.0,True,2.3196508220000434,78,200
1,22578,pd-l1 22c3,603,288,315,-4.8176771069777656e-05,1.6138108254576768e-05,-2.985279954118211,-0.20365357,1.0,1.0,0.7,1.0,True,2.313591964441613,79,200
1,19682,no associated,264,135,129,9.995203023520622e-05,3.3633263837997336e-05,2.9718207164386152,0.3554698,1.0,1.0,0.7,1.0,True,2.3031610552399266,80,200
1,4004,75 cognitive,79,46,33,-8.100702254398062e-05,2.7358256233221504e-05,-2.9609717027802627,-0.33207965,1.0,1.0,0.7,1.0,True,2.2947530696547034,81,200
1,15818,john martinez age,38,8,30,-0.0001752574807138691,6.132241082415473e-05,-2.857967884146454,-0.33039176,1.0,1.0,0.7333333333333333,1.0,True,2.286374307317163,82,200
1,10229,dermatologic none rash,213,96,117,-9.236080764688367e-05,3.033511819956557e-05,-3.0446826361206125,-0.27678975,1.0,1.0,0.6666666666666666,1.0,True,2.2835119770904595,83,200
1,7336,blockade tp53,64,26,38,-7.444993636963028e-05,2.5331842253167694e-05,-2.938986261858648,-0.32483548,1.0,1.0,0.7,1.0,True,2.277714352940452,84,200
1,860,- occasional,678,342,336,-7.201914746208123e-05,2.3742199581149212e-05,-3.033381436118617,-0.21397507,1.0,1.0,0.6666666666666666,1.0,True,2.275036077088963,85,200
1,13266,genitourinary none dysuria,321,154,167,-9.563208786231052e-05,3.153646261602352e-05,-3.0324291289956005,-0.30190328,1.0,1.0,0.6666666666666666,1.0,True,2.2743218467467003,86,200
1,26614,subjective chief complaint,306,152,154,9.528255169496897e-05,3.3625760035430185e-05,2.8336177857265787,0.35914993,1.0,1.0,0.7333333333333333,1.0,True,2.266894228581263,88,200
1,26613,subjective chief,306,152,154,9.528255169496897e-05,3.3625760035430185e-05,2.8336177857265787,0.35914993,1.0,1.0,0.7333333333333333,1.0,True,2.266894228581263,87,200
1,11387,emily s.,65,28,37,-7.858298556979953e-05,2.701743424145634e-05,-2.9086028254015144,-0.22997467,1.0,1.0,0.7,1.0,True,2.2541671896861732,89,200
1,29571,with a more,65,31,34,-7.389744549348668e-05,2.5531863715853135e-05,-2.894322416722074,-0.28089806,1.0,1.0,0.7,1.0,True,2.243099872959607,90,200
1,8731,cmp creatinine 0.9,287,142,145,-8.871553621033515e-05,3.1654708546377426e-05,-2.80260158075244,-0.22298753,1.0,1.0,0.7333333333333333,1.0,True,2.2420812646019517,91,200
1,13636,he reports increasing,75,33,42,-9.152280548284569e-05,3.064953412139335e-05,-2.9861075577968683,-0.3463324,1.0,1.0,0.6666666666666666,1.0,True,2.239580668347651,92,200
1,28740,upper-normal,57,25,32,-7.000660506030799e-05,2.3470820151920028e-05,-2.9827080863461477,-0.24425454,1.0,1.0,0.6666666666666666,1.0,True,2.237031064759611,93,200
1,22440,patient -,273,133,140,9.603053340373808e-05,3.225577474905086e-05,2.9771578624557398,0.26614416,1.0,1.0,0.6666666666666666,1.0,True,2.2328683968418046,94,200
1,1759,1 % low,97,40,57,-8.330227284355013e-05,2.8148369867277538e-05,-2.95939954023373,-0.16463728,1.0,1.0,0.6666666666666666,1.0,True,2.219549655175298,95,200
1,9401,cores 5 cores,67,36,31,-6.913378699437618e-05,2.4145829298404315e-05,-2.863177161570711,-0.2383225,1.0,1.0,0.7,1.0,True,2.2189623002173007,96,200
1,11600,established patient -,200,97,103,9.499301057384618e-05,3.12498137632719e-05,3.039794454247022,0.28772438,1.0,1.0,0.6333333333333333,1.0,True,2.203850979329091,97,200
1,22503,patient john martinez,39,9,30,-0.0002397082179079772,8.459660090059354e-05,-2.8335443192292065,-0.31804276,1.0,1.0,0.7,1.0,True,2.195996847402635,98,200
1,20279,none bone pain,69,30,39,-7.953151814623258e-05,2.736181528479562e-05,-2.9066608819052497,-0.2542863,1.0,1.0,0.6666666666666666,1.0,True,2.1799956614289373,100,200
1,20278,none bone,69,30,39,-7.953151814623258e-05,2.736181528479562e-05,-2.9066608819052497,-0.2542863,1.0,1.0,0.6666666666666666,1.0,True,2.1799956614289373,101,200
1,18904,musculoskeletal none bone,69,30,39,-7.953151814623258e-05,2.736181528479562e-05,-2.9066608819052497,-0.2542863,1.0,1.0,0.6666666666666666,1.0,True,2.1799956614289373,99,200
1,15817,john martinez,39,9,30,-0.0002494339066683712,8.884141553258306e-05,-2.807630936237053,-0.31429207,1.0,1.0,0.7,1.0,True,2.1759139755837156,102,200
1,14629,immunotherapy procedure,137,62,75,9.500258557947621e-05,3.2071101616169985e-05,2.962248902968044,0.33828872,1.0,1.0,0.6333333333333333,1.0,True,2.147630454651832,103,200
1,14630,immunotherapy procedure codes,137,62,75,9.500258557947621e-05,3.2071101616169985e-05,2.962248902968044,0.33828872,1.0,1.0,0.6333333333333333,1.0,True,2.147630454651832,104,200
1,1057,- rna-based,80,30,50,8.538040620643264e-05,2.9920237323150872e-05,2.8536005675452745,0.3361703,1.0,1.0,0.6666666666666666,1.0,True,2.1402004256589557,105,200
1,10198,depression,736,365,371,-5.451587822085733e-05,1.8485143670727252e-05,-2.949172545907107,-0.23032352,1.0,1.0,0.6333333333333333,1.0,True,2.1381500957826525,106,200
1,10270,detected -,655,325,330,-0.00010448670242265479,3.6654398368131294e-05,-2.850591117967972,-0.3131448,1.0,1.0,0.6666666666666666,1.0,True,2.1379433384759787,107,200
1,7754,canal,50,22,28,8.930553664612032e-05,3.144826215551214e-05,2.839760626660483,0.2672553,1.0,1.0,0.6666666666666666,1.0,True,2.1298204699953622,108,200
1,19884,no lymphadenopathy. neck,74,42,32,7.339014488139681e-05,2.5865072088617777e-05,2.8374227850574205,0.30826643,1.0,1.0,0.6666666666666666,1.0,True,2.1280670887930655,109,200
1,14464,illness john is,75,22,53,-0.00011535227369357704,4.069665525317869e-05,-2.8344411346818785,-0.34179512,1.0,1.0,0.6666666666666666,1.0,True,2.125830851011409,110,200
1,26612,subjective,319,159,160,9.551152146759727e-05,3.376279982780172e-05,2.8288981350696227,0.38020605,1.0,1.0,0.6666666666666666,1.0,True,2.1216736013022173,111,200
1,19637,no active,119,54,65,-8.795594436578541e-05,3.227146628638888e-05,-2.725501952258133,-0.2547819,1.0,1.0,0.7,1.0,True,2.112264013000053,112,200
1,1370,--- subjective,310,153,157,9.501095818678704e-05,3.3752612739069496e-05,2.8149215861090795,0.38994268,1.0,1.0,0.6666666666666666,1.0,True,2.1111911895818096,113,200
1,18058,metastasis management -,57,27,30,8.233805573542246e-05,2.8297884346164207e-05,2.909689456928727,0.24123962,1.0,1.0,0.6333333333333333,1.0,True,2.109524856273327,114,200
1,18535,moderate complexity <new,320,160,160,-9.457190609152986e-05,3.270190023054187e-05,-2.8919391663731098,-0.3906348,1.0,1.0,0.6333333333333333,1.0,True,2.0966558956205046,115,200
1,454,- fda-approved,188,84,104,9.44667702978603e-05,3.275471260665339e-05,2.8840665290609655,0.2364281,1.0,1.0,0.6333333333333333,1.0,True,2.0909482335692,116,200
1,19369,new chest,108,47,61,-7.993788444849744e-05,2.888687597470451e-05,-2.7672734330460993,-0.21100576,1.0,1.0,0.6666666666666666,1.0,True,2.0754550747845744,117,200
1,16152,l hgb 13.2,271,140,131,-8.60753900624487e-05,2.9252873755076874e-05,-2.94245928735498,-0.2766309,1.0,1.0,0.6,1.0,True,2.059721501148486,118,200
1,29776,with primary,455,226,229,8.37042908251673e-05,2.8580128411623722e-05,2.928758388332651,0.31622478,1.0,1.0,0.6,1.0,True,2.0501308718328555,119,200
1,18802,mrn redacted referring,130,63,67,8.95432016312346e-05,3.062247523316244e-05,2.9241007119589173,0.36691973,1.0,1.0,0.6,1.0,True,2.046870498371242,120,200
1,18881,murmurs rubs or,727,358,369,5.3938048515926774e-05,1.941573305459687e-05,2.7780588229274406,0.36515337,1.0,1.0,0.6333333333333333,1.0,True,2.0140926466223945,121,200
1,25280,rubs or,727,358,369,5.3938048515926774e-05,1.941573305459687e-05,2.7780588229274406,0.36515337,1.0,1.0,0.6333333333333333,1.0,True,2.0140926466223945,122,200
1,23605,prior to next,408,204,204,9.442698731743117e-05,3.399775279252278e-05,2.777447906445121,0.26705614,1.0,1.0,0.6333333333333333,1.0,True,2.0136497321727127,123,200
1,8107,cervical adenopathy.,215,108,107,9.094254045842969e-05,3.286733073400228e-05,2.766958509482694,0.26205558,1.0,1.0,0.6333333333333333,1.0,True,2.006044919374953,124,200
1,6763,associated with a,108,50,58,-8.368715383320324e-05,2.9246558248731632e-05,-2.861435972105627,-0.29209822,1.0,1.0,0.6,1.0,True,2.003005180473939,125,200
1,23112,plt 140,50,26,24,0.00011596464476149164,4.0571421259052016e-05,2.858284012804171,0.3555883,1.0,1.0,0.6,1.0,True,2.0007988089629194,126,200
1,19903,no murmurs rubs,728,358,370,5.3303657279171466e-05,1.93391591283412e-05,2.7562551673229625,0.3635345,1.0,1.0,0.6333333333333333,1.0,True,1.9982849963091478,128,200
1,18880,murmurs rubs,728,358,370,5.3303657279171466e-05,1.93391591283412e-05,2.7562551673229625,0.3635345,1.0,1.0,0.6333333333333333,1.0,True,1.9982849963091478,127,200
1,3572,500,768,369,399,-6.710663982012167e-05,2.2727196273307914e-05,-2.9527020848997307,-0.3276568,1.0,1.0,0.5666666666666667,1.0,True,1.9930739073073185,129,200
1,4102,82,167,59,108,9.696077116708285e-05,3.2939279966837376e-05,2.943621453313523,0.16389483,1.0,1.0,0.5666666666666667,1.0,True,1.9869444809866281,130,200
1,19703,no cervical adenopathy.,214,108,106,9.016083749951397e-05,3.292939785121105e-05,2.7380044392824545,0.26297086,1.0,1.0,0.6333333333333333,1.0,True,1.9850532184797796,131,200
1,10509,direct targeted,108,53,55,9.06117577112178e-05,3.310048796103863e-05,2.737474982781933,0.17933032,1.0,1.0,0.6333333333333333,1.0,True,1.9846693625169014,132,200
1,11030,dyspnea 25,161,91,70,-0.00011155748625663086,3.94341048842557e-05,-2.828959515730528,-0.33040598,1.0,1.0,0.6,1.0,True,1.9802716610113693,133,200
1,27643,thigh,23,11,12,-0.00010370168361514965,3.6721818537989115e-05,-2.8239800680859295,-0.285859,1.0,1.0,0.6,1.0,True,1.9767860476601504,134,200
1,708,- metastatic,373,175,198,0.00010532033807939511,3.46869238360466e-05,3.0363124322355266,0.27781266,1.0,1.0,0.5333333333333333,1.0,True,1.9736030809530924,135,200
1,13202,gem,131,67,64,0.00012833076288070697,4.558294138822801e-05,2.815324307128827,0.23151608,1.0,1.0,0.6,1.0,True,1.970727014990179,136,200
1,10127,demonstrated activity,134,57,77,-8.006601823939436e-05,2.742879843198888e-05,-2.9190494231062356,-0.24766767,1.0,1.0,0.5666666666666667,1.0,True,1.9703583605967092,137,200
1,28530,type established,274,128,146,9.509556645439605e-05,3.262974404260207e-05,2.914382850513241,0.23268828,1.0,1.0,0.5666666666666667,1.0,True,1.9672084240964378,138,200
1,26144,spinal canal,46,20,26,8.476975851727429e-05,3.0379557163407874e-05,2.79035530575078,0.2842918,1.0,1.0,0.6,1.0,True,1.953248714025546,139,200
1,7781,cancer nsclc -,83,34,49,0.00010816034641343522,3.7566286776509995e-05,2.8791865178718523,0.39137602,1.0,1.0,0.5666666666666667,1.0,True,1.9434508995635005,140,200
1,4002,75 100 cognitive,203,105,98,-7.827633233560646e-05,2.819696395397598e-05,-2.7760553392688547,-0.34147277,1.0,1.0,0.6,1.0,True,1.943238737488198,141,200
1,18296,mild cough,179,102,77,-0.0001012315329653532,3.662018875379384e-05,-2.764364040992706,-0.24108352,1.0,1.0,0.6,1.0,True,1.935054828694894,142,200
1,4247,<=3.0,246,114,132,9.44230611040873e-05,3.420951179848966e-05,2.7601405614989236,0.37028965,1.0,1.0,0.6,1.0,True,1.9320983930492464,143,200
1,17615,mass or,142,67,75,0.00010226495505364913,3.591204568116759e-05,2.8476505059492405,0.34818247,1.0,1.0,0.5666666666666667,1.0,True,1.9221640915157374,144,200
1,29682,with intravenous contrast,472,235,237,7.817953460458094e-05,2.7508071283359313e-05,2.842058019962844,0.28721353,1.0,1.0,0.5666666666666667,1.0,True,1.91838916347492,145,200
1,17684,may be considered,243,120,123,-8.537074466521815e-05,3.0044410602489078e-05,-2.8414850866851578,-0.3355662,1.0,1.0,0.5666666666666667,1.0,True,1.9180024335124817,146,200
1,3132,4 mild neuropathy,289,149,140,-8.283703596262892e-05,2.9182687949479904e-05,-2.83856771884871,-0.35194388,1.0,1.0,0.5666666666666667,1.0,True,1.9160332102228794,147,200
1,18344,mild neuropathy -,289,149,140,-8.283703596262892e-05,2.9182687949479904e-05,-2.83856771884871,-0.35194388,1.0,1.0,0.5666666666666667,1.0,True,1.9160332102228794,148,200
1,5101,adrenal lesion stable,90,35,55,8.829539350660264e-05,3.116200454163583e-05,2.833431122462946,0.34396005,1.0,1.0,0.5666666666666667,1.0,True,1.9125660076624886,149,200
1,18283,mild anxiety about,223,105,118,-9.588811636691734e-05,3.1355700418741365e-05,-3.058076046344824,-0.30574602,1.0,1.0,0.5,1.0,True,1.9112975289655152,150,200
1,9400,cores 5,124,66,58,-7.708406521866467e-05,2.823488048572241e-05,-2.730100637672043,-0.21925807,1.0,1.0,0.6,1.0,True,1.91107044637043,152,200
1,20892,of cores 5,124,66,58,-7.708406521866467e-05,2.823488048572241e-05,-2.730100637672043,-0.21925807,1.0,1.0,0.6,1.0,True,1.91107044637043,151,200
1,16777,lobe primary nsclc,145,66,79,9.535415818620184e-05,3.374224907995668e-05,2.8259573912885196,0.20874242,1.0,1.0,0.5666666666666667,1.0,True,1.907521239119751,153,200
1,10269,detected,758,376,382,-7.012515805599133e-05,2.482810269329291e-05,-2.8244267764743465,-0.30202964,1.0,1.0,0.5666666666666667,1.0,True,1.906488074120184,154,200
1,13267,genomic alterations,150,79,71,9.048021797133937e-05,3.2040562836113956e-05,2.823927233555217,0.27842215,1.0,1.0,0.5666666666666667,1.0,True,1.9061508826497715,155,200
1,22312,paroxysmal nocturnal,80,40,40,7.676677139665862e-05,2.822481490671699e-05,2.7198325888184844,0.24971278,1.0,1.0,0.6,1.0,True,1.903882812172939,156,200
1,22311,paroxysmal,80,40,40,7.676677139665862e-05,2.822481490671699e-05,2.7198325888184844,0.24971278,1.0,1.0,0.6,1.0,True,1.903882812172939,157,200
1,23313,potential benefit,137,74,63,8.553507958780114e-05,3.1488352566910516e-05,2.71640376885533,0.24240506,1.0,1.0,0.6,1.0,True,1.901482638198731,158,200
1,17034,low-grade fdg activity,57,26,31,-6.87576367464229e-05,2.3514838424001916e-05,-2.924010597335895,-0.2238739,1.0,1.0,0.5333333333333333,1.0,True,1.9006068882683318,159,200
1,28155,tolerated the first,111,51,60,-8.421600986077452e-05,2.9090696453074866e-05,-2.894946499360037,-0.2353861,1.0,1.0,0.5333333333333333,1.0,True,1.881715224584024,160,200
1,28531,type established patient,269,125,144,9.523325683706214e-05,3.292170856123305e-05,2.8927191509496577,0.22461532,1.0,1.0,0.5333333333333333,1.0,True,1.8802674481172776,161,200
1,11617,evaluate,613,299,314,6.929178142894249e-05,2.4910820439114606e-05,2.781593709380264,0.26783302,1.0,1.0,0.5666666666666667,1.0,True,1.8775757538316782,162,200
1,21653,or masses. -,77,35,42,7.374694761734769e-05,2.6536282172462026e-05,2.779098712399073,0.2559496,1.0,1.0,0.5666666666666667,1.0,True,1.8758916308693743,163,200
1,23537,prior .,74,29,45,8.540350064912881e-05,3.082369517532962e-05,2.7707093573090895,0.22185043,1.0,1.0,0.5666666666666667,1.0,True,1.8702288161836356,164,200
1,20309,none rash,228,104,124,-9.034322199269586e-05,3.1459965940843416e-05,-2.87168848696706,-0.25629672,1.0,1.0,0.5333333333333333,1.0,True,1.8665975165285889,165,200
1,30,% low pd-l1,69,34,35,-6.092008508097375e-05,2.204107415462261e-05,-2.7639344912869035,-0.24408957,1.0,1.0,0.5666666666666667,1.0,True,1.86565578161866,166,200
1,19199,negative nuclear,116,62,54,8.078141346987868e-05,3.0331629536850734e-05,2.6632731146783626,0.16919343,1.0,1.0,0.6,1.0,True,1.8642911802748536,167,200
1,29742,with no new,130,56,74,-8.240824595053766e-05,2.8760717496762666e-05,-2.8653056364054064,-0.2896035,1.0,1.0,0.5333333333333333,1.0,True,1.8624486636635142,168,200
1,6103,and may contribute,155,71,84,-7.867027669635016e-05,2.8663392461490308e-05,-2.7446254591826436,-0.32786122,1.0,1.0,0.5666666666666667,1.0,True,1.8526221849482845,169,200
1,29741,with no,278,122,156,-9.360248012740793e-05,3.3186593978418226e-05,-2.820490713457341,-0.26056612,1.0,1.0,0.5333333333333333,1.0,True,1.8333189637472718,170,200
1,11017,dysphagia abdominal pain,59,20,39,-7.228212319096986e-05,2.5633293964338728e-05,-2.8198530899512724,-0.2954499,1.0,1.0,0.5333333333333333,1.0,True,1.832904508468327,171,200
1,26143,spinal,79,38,41,9.848767966531691e-05,3.7746740446204446e-05,2.609170447596096,0.27646244,1.0,1.0,0.6,1.0,True,1.826419313317267,172,200
1,8196,chemotherapy for metastatic,91,48,43,8.73969987571567e-05,3.247018496568368e-05,2.691607665602237,0.39137575,1.0,1.0,0.5666666666666667,1.0,True,1.8168351742815103,173,200
1,17200,lung no new,88,40,48,8.169763371795466e-05,2.9235695421092375e-05,2.7944481067145444,0.29650944,1.0,1.0,0.5333333333333333,1.0,True,1.816391269364454,174,200
1,22502,patient john,92,28,64,-0.00025255206274255217,9.456351576948629e-05,-2.670713548322254,-0.31453782,1.0,1.0,0.5666666666666667,1.0,True,1.8027316451175215,175,200
1,24683,repeat labs,95,46,49,-7.644369611031391e-05,2.760579963920366e-05,-2.769117254685656,-0.17023517,1.0,1.0,0.5333333333333333,1.0,True,1.7999262155456766,176,200
1,6065,and lab,149,71,78,-7.598776613112637e-05,2.8539227759449276e-05,-2.6625726095888136,-0.1809927,1.0,1.0,0.5666666666666667,1.0,True,1.7972365114724493,177,200
1,16060,kras-targeted therapy,89,44,45,9.127223195875857e-05,3.1777804780129505e-05,2.872200663018442,0.31395975,1.0,1.0,0.5,1.0,True,1.795125414386526,178,200
1,19261,neurologic none,365,162,203,-8.530808440724816e-05,2.972957915871493e-05,-2.8694682811290635,-0.19882186,1.0,1.0,0.5,1.0,True,1.7934176757056646,179,200
1,4218,<1% .,105,48,57,-8.57816393440892e-05,3.128790183170536e-05,-2.7416871800960143,-0.15652409,1.0,1.0,0.5333333333333333,1.0,True,1.7820966670624094,180,200
1,9025,confer,535,262,273,7.004637523607369e-05,2.5610620258867312e-05,2.735051885821513,0.26174074,1.0,1.0,0.5333333333333333,1.0,True,1.7777837257839835,181,200
1,18199,mg m and,63,36,27,-0.00010533145529407544,3.854077803481851e-05,-2.732987258298649,-0.33672315,1.0,1.0,0.5333333333333333,1.0,True,1.776441717894122,182,200
1,8108,cervical adenopathy. -,113,53,60,8.23019031912413e-05,3.139245849252826e-05,2.6217093895602357,0.22816183,1.0,1.0,0.5666666666666667,1.0,True,1.7696538379531592,183,200
1,10128,demonstrated activity in,133,57,76,-7.759670176239844e-05,2.7413906572162677e-05,-2.8305597948303234,-0.24851494,1.0,1.0,0.5,1.0,True,1.7690998717689521,184,200
1,24084,r273c met amplification,118,61,57,-0.00016705806379962835,6.642038719075506e-05,-2.5151624503459815,-0.40129116,1.0,1.0,0.6,1.0,True,1.760613715242187,185,200
1,9387,core biopsy .,62,30,32,-6.982816426446322e-05,2.4820021667476257e-05,-2.81338047162001,-0.23083287,1.0,1.0,0.5,1.0,True,1.7583627947625065,186,200
1,20928,of first-line carboplatin,172,76,96,-9.545527683071428e-05,3.400749589040721e-05,-2.806889314589028,-0.20190854,1.0,1.0,0.5,1.0,True,1.7543058216181426,187,200
1,11561,epidural,101,48,53,0.00010096629119135129,3.9043226748264146e-05,2.5860129810054757,0.23369372,1.0,1.0,0.5666666666666667,1.0,True,1.7455587621786963,188,200
1,13550,have demonstrated activity,132,56,76,-7.385240404269596e-05,2.6622719182004396e-05,-2.7740368494220693,-0.22045751,1.0,1.0,0.5,1.0,True,1.7337730308887933,189,200
1,3925,70,783,378,405,-6.539123254159431e-05,2.3593141645604306e-05,-2.771620393919752,-0.38506746,1.0,1.0,0.5,1.0,True,1.732262746199845,190,200
1,22595,pd-l1 <1% .,92,45,47,-8.614926532142358e-05,3.1227033747213436e-05,-2.758803990760447,-0.18487968,1.0,1.0,0.5,1.0,True,1.7242524942252793,191,200
1,6496,applicable core biopsy,59,26,33,-6.986315275779657e-05,2.457134989757287e-05,-2.8432769485203404,-0.24686024,1.0,1.0,0.4666666666666667,1.0,True,1.7059661691122041,192,200
1,10642,disease progression depression,102,41,61,-7.833365306689403e-05,2.8706956236699445e-05,-2.7287341932388847,-0.29224426,1.0,1.0,0.5,1.0,True,1.705458870774303,193,200
1,23897,psychiatric mild anxiety,114,45,69,-8.467912006441117e-05,2.979353993788227e-05,-2.842197343483252,-0.29801577,1.0,1.0,0.4666666666666667,1.0,True,1.7053184060899513,194,200
1,26343,stairs .,121,56,65,-8.081811238054534e-05,3.080612873670048e-05,-2.6234426620526237,-0.27655622,1.0,1.0,0.5333333333333333,1.0,True,1.7052377303342054,195,200
1,18057,metastasis management,73,37,36,7.549209361397596e-05,2.8840090969803564e-05,2.617609413681061,0.17896128,1.0,1.0,0.5333333333333333,1.0,True,1.7014461188926895,196,200
1,2287,13.2,464,238,226,-0.00010228653791664897,3.617659639925667e-05,-2.8274229224823006,-0.19140592,1.0,1.0,0.4666666666666667,1.0,True,1.6964537534893804,197,200
1,20706,objective vital signs,372,177,195,8.617334049190235e-05,3.190695991457948e-05,2.700769384566987,0.3482897,1.0,1.0,0.5,1.0,True,1.6879808653543669,198,200
1,20705,objective vital,372,177,195,8.617334049190235e-05,3.190695991457948e-05,2.700769384566987,0.3482897,1.0,1.0,0.5,1.0,True,1.6879808653543669,199,200
1,25198,rna-based fusion,183,87,96,8.948173065440908e-05,3.184509295591677e-05,2.8099064046783857,0.35035896,1.0,1.0,0.4666666666666667,1.0,True,1.6859438428070315,200,200
1,29,% low,202,96,106,-0.00014740357643401388,3.636522273193361e-05,-4.0534215209019875,-0.3420187,1.0,1.0,0.9666666666666667,1.0,True,3.9520859828794377,1,400
1,22144,pain no new,84,36,48,-0.00010415194008903755,2.722418539828579e-05,-3.825713738182066,-0.32926613,1.0,1.0,1.0,1.0,True,3.825713738182066,2,400
1,26924,syndromes --- physical,113,56,57,-0.00010918593585747878,2.789972290373845e-05,-3.913513271590533,-0.36661565,1.0,1.0,0.9666666666666667,1.0,True,3.8156754398007697,3,400
1,710,- metastatic nsclc,213,106,107,0.00014668320768479383,3.856146834164105e-05,3.8038802460848276,0.458831,1.0,1.0,1.0,1.0,True,3.8038802460848276,4,400
1,22651,pelvic lymphadenopathy.,89,39,50,-0.00010456203239345491,2.7477740714761687e-05,-3.805335870910294,-0.38534915,1.0,1.0,0.9666666666666667,1.0,True,3.7102024741375366,5,400
1,17217,lung shows,71,30,41,9.858240424583975e-05,2.691965306341535e-05,3.6620978737581247,0.33620888,1.0,1.0,0.9666666666666667,1.0,True,3.5705454269141716,6,400
1,13221,general fatigue,335,160,175,0.0001083077646924672,3.0393490360040918e-05,3.5635184840390077,0.35961637,1.0,1.0,1.0,1.0,True,3.5635184840390077,7,400
1,21652,or masses.,201,94,107,0.00011437775811510894,3.1379509545366417e-05,3.6449823395024437,0.39437535,1.0,1.0,0.9666666666666667,1.0,True,3.5538577810148824,8,400
1,14112,hour <new note>,727,349,378,7.038800629114406e-05,1.8934364609595752e-05,3.7174739022122822,0.4640719,1.0,1.0,0.9333333333333333,1.0,True,3.531600207101668,9,400
1,14111,hour <new,727,349,378,7.038800629114406e-05,1.8934364609595752e-05,3.7174739022122822,0.4640719,1.0,1.0,0.9333333333333333,1.0,True,3.531600207101668,10,400
1,18053,metastasis in,193,88,105,0.00013396527427975063,3.7377298869982045e-05,3.584134710904405,0.3256862,1.0,1.0,0.9666666666666667,1.0,True,3.494531343131795,11,400
1,19267,neurologic symptoms or,98,39,59,-0.00010648539678072618,2.9274002937048372e-05,-3.6375413710832554,-0.26891345,1.0,1.0,0.9333333333333333,1.0,True,3.4556643025290925,12,400
1,22156,pain palpitations or,721,346,375,6.769759977601917e-05,1.8801742594495588e-05,3.6006024141527377,0.38139287,1.0,1.0,0.9333333333333333,1.0,True,3.4205722934451006,13,400
1,20232,nodules or masses.,160,75,85,0.00011143915376542406,3.2023113499661955e-05,3.4799599909796544,0.3820656,1.0,1.0,0.9666666666666667,1.0,True,3.392960991205163,14,400
1,4994,adenopathy.,304,154,150,0.00012428124109722314,3.412399997242862e-05,3.642047860673996,0.3644143,1.0,1.0,0.9,1.0,True,3.3688942711234464,15,400
1,27790,tingling in feet,61,25,36,-0.00013745946758643828,4.013961847338452e-05,-3.424533486225931,-0.35697082,1.0,1.0,0.9666666666666667,1.0,True,3.3389201490702827,16,400
1,26923,syndromes ---,150,71,79,-9.981652720349394e-05,2.8135711908997963e-05,-3.5476808806665394,-0.32631055,1.0,1.0,0.9,1.0,True,3.281604814616549,17,400
1,27504,the two,58,23,35,-8.499804943828668e-05,2.476573216642354e-05,-3.4320830439054766,-0.33683133,1.0,1.0,0.9333333333333333,1.0,True,3.2604788917102026,18,400
1,7786,cancer syndromes ---,150,71,79,-9.890810634216635e-05,2.8082942906916096e-05,-3.521999338531143,-0.328588,1.0,1.0,0.9,1.0,True,3.2578493881413078,19,400
1,3620,55.,93,47,46,0.00011728793717755166,3.602323506484968e-05,3.2558968389820566,0.31943876,1.0,1.0,1.0,1.0,True,3.2558968389820566,20,400
1,25498,seizures dermatologic,189,93,96,-0.0001040969622838058,2.951339964092738e-05,-3.527108484630503,-0.3483808,1.0,1.0,0.8666666666666667,1.0,True,3.174397636167453,21,400
1,21133,of the primary,295,146,149,-0.00011182023864655174,3.182010570371378e-05,-3.514137875208284,-0.26638633,1.0,1.0,0.8666666666666667,1.0,True,3.1627240876874554,22,400
1,17198,lung no,204,98,106,0.00011861812963826763,3.4887888520873176e-05,3.3999801841633164,0.346175,1.0,1.0,0.9,1.0,True,3.144981670351068,23,400
1,171,- age,106,48,58,-9.78644236111699e-05,2.88948433138489e-05,-3.3869165701364032,-0.31930602,1.0,1.0,0.9,1.0,True,3.132897827376173,24,400
1,17680,may be,756,366,390,-6.545268821661776e-05,1.9333386008134873e-05,-3.385474649348922,-0.3742428,1.0,1.0,0.9,1.0,True,3.131564050647753,25,400
1,20756,occasional alcohol,660,339,321,-8.310653774696984e-05,2.3973986620353516e-05,-3.4665297458877267,-0.29523405,1.0,1.0,0.8666666666666667,1.0,True,3.119876771298954,26,400
1,148,- a,484,250,234,-0.00011292600488002608,3.394364922064249e-05,-3.3268669536966358,-0.24725173,1.0,1.0,0.9,1.0,True,3.077351932169388,27,400
1,16370,left lung,226,113,113,0.00013029252836760822,3.9172679068768566e-05,3.3261071610363078,0.3172398,1.0,1.0,0.9,1.0,True,3.076649123958585,28,400
1,5346,ago - occasional,433,219,214,-9.69913038446379e-05,3.0341401936144e-05,-3.196665205146557,-0.22833624,1.0,1.0,0.9333333333333333,1.0,True,3.036831944889229,29,400
1,4995,adenopathy. -,178,84,94,0.00010514854307899713,3.3358954666567846e-05,3.152033513339565,0.26933005,1.0,1.0,0.9333333333333333,1.0,True,2.9944318376725865,30,400
1,6100,and may,626,300,326,-8.248814322069947e-05,2.5631965553593814e-05,-3.218174706431515,-0.3922474,1.0,1.0,0.9,1.0,True,2.9768116034491516,31,400
1,26754,surgeries medications -,95,58,37,-9.278265592187859e-05,2.745803079804067e-05,-3.379071740588888,-0.22484656,1.0,1.0,0.8333333333333334,1.0,True,2.956687773015277,32,400
1,22224,palpitations or,723,347,376,6.234771833858976e-05,1.8860486809815622e-05,3.3057321885319495,0.3639517,1.0,1.0,0.8333333333333334,1.0,True,2.892515664965456,33,400
1,19614,nkda social,261,124,137,-0.00010140103124991643,3.0686941992047635e-05,-3.304370675846228,-0.22873595,1.0,1.0,0.8333333333333334,1.0,True,2.8913243413654492,34,400
1,19615,nkda social history,261,124,137,-0.00010140103124991643,3.0686941992047635e-05,-3.304370675846228,-0.22873595,1.0,1.0,0.8333333333333334,1.0,True,2.8913243413654492,35,400
1,508,- general fatigue,320,150,170,9.911780652807547e-05,3.054040979016772e-05,3.2454641967504245,0.32628956,1.0,1.0,0.8333333333333334,1.0,True,2.8397811721566213,36,400
1,15663,is within,63,32,31,-7.70491153747195e-05,2.4557556231285026e-05,-3.137491151361511,-0.3555844,1.0,1.0,0.8666666666666667,1.0,True,2.8237420362253602,37,400
1,11943,fatigue 30 nausea,78,51,27,-7.780542507683683e-05,2.4913045979022066e-05,-3.1230795761526946,-0.32588258,1.0,1.0,0.8666666666666667,1.0,True,2.810771618537425,38,400
1,3019,30 nausea,78,51,27,-7.780542507683683e-05,2.4913045979022066e-05,-3.1230795761526946,-0.32588258,1.0,1.0,0.8666666666666667,1.0,True,2.810771618537425,39,400
1,14981,indicated,465,230,235,9.329380958842148e-05,3.0059923496516636e-05,3.1035943787159814,0.35589206,1.0,1.0,0.8666666666666667,1.0,True,2.7932349408443833,40,400
1,12323,first hour <new,702,334,368,6.826268423521763e-05,2.016797584982068e-05,3.384706762023645,0.43344307,1.0,1.0,0.7666666666666667,1.0,True,2.7923830786695074,41,400
1,12486,follow-up progress note,71,38,33,-8.697678596403397e-05,2.6616673919747604e-05,-3.267755626652646,-0.32986045,1.0,1.0,0.8,1.0,True,2.7775922826547492,43,400
1,21384,oncology follow-up progress,71,38,33,-8.697678596403397e-05,2.6616673919747604e-05,-3.267755626652646,-0.32986045,1.0,1.0,0.8,1.0,True,2.7775922826547492,42,400
1,10067,deficits. he,156,72,84,-9.015704887528107e-05,2.893125204181656e-05,-3.1162511993940036,-0.25134736,1.0,1.0,0.8333333333333334,1.0,True,2.726719799469753,44,400
1,20704,objective,421,201,220,9.946335142026459e-05,3.148872770700231e-05,3.1586970532996927,0.39575896,1.0,1.0,0.8,1.0,True,2.684892495304739,45,400
1,13080,g12c mutant stk11,125,68,57,-0.00011286955014245887,3.473101609173108e-05,-3.2498199835083827,-0.34339097,1.0,1.0,0.7666666666666667,1.0,True,2.681101486394416,46,400
1,17225,lungs - a,161,80,81,-8.72898633789435e-05,2.8743772591357666e-05,-3.0368269544822653,-0.23533185,1.0,1.0,0.8333333333333334,1.0,True,2.657223585171982,47,400
1,23582,prior surgeries medications,104,65,39,-9.285796223674355e-05,2.8268956586112603e-05,-3.2848033125623366,-0.22654408,1.0,1.0,0.7333333333333333,1.0,True,2.6278426500498693,48,400
1,26753,surgeries medications,105,65,40,-9.237877297625369e-05,2.8187736281071607e-05,-3.277268243718,-0.22594163,1.0,1.0,0.7333333333333333,1.0,True,2.6218145949743996,49,400
1,16829,loss -,562,280,282,8.988921556995987e-05,2.8470091588776965e-05,3.157320913059324,0.33237183,1.0,1.0,0.7666666666666667,1.0,True,2.6047897532739426,50,400
1,3928,70 100,734,355,379,-6.0890533551775354e-05,1.9949941659682604e-05,-3.052165995794902,-0.3701288,1.0,1.0,0.8,1.0,True,2.594341096425667,51,400
1,22606,pd-l1 blockade tp53,61,23,38,-7.776624395998566e-05,2.561530266022862e-05,-3.035929147178446,-0.3319342,1.0,1.0,0.8,1.0,True,2.5805397751016796,52,400
1,15109,infusion hold chemotherapy,76,29,47,-7.200112400826707e-05,2.3108976554769995e-05,-3.115721020254577,-0.32639465,1.0,1.0,0.7666666666666667,1.0,True,2.5704698417100262,53,400
1,22047,pack-years quit 2,63,45,18,-6.292946239418596e-05,2.081227720219629e-05,-3.0236702011419063,-0.20928057,1.0,1.0,0.8,1.0,True,2.5701196709706204,54,400
1,12435,foci identified,120,55,65,-8.773526961315298e-05,2.7344167237535565e-05,-3.2085551865963593,-0.3418968,1.0,1.0,0.7333333333333333,1.0,True,2.5668441492770873,55,400
1,7851,carcinoma adenocarcinoma,518,263,255,8.855060890555687e-05,3.0209430587725396e-05,2.931224031132069,0.22210644,1.0,1.0,0.8333333333333334,1.0,True,2.5648210272405607,56,400
1,12485,follow-up progress,73,40,33,-8.222603090130083e-05,2.665834257710952e-05,-3.0844389767841425,-0.3029799,1.0,1.0,0.7666666666666667,1.0,True,2.544662155846918,57,400
1,19250,neurologic deficits. he,151,69,82,-8.85547653587592e-05,2.8810673495373743e-05,-3.073679113158491,-0.27182764,1.0,1.0,0.7666666666666667,1.0,True,2.535785268355755,58,400
1,16988,low pd-l1 expression,312,135,177,-0.0001359788799349105,4.4244078873493686e-05,-3.0733802894555113,-0.20555937,1.0,1.0,0.7666666666666667,1.0,True,2.5355387388007973,59,400
1,4210,<1,322,143,179,-0.00015816302499300987,4.9952852665080644e-05,-3.1662461011675744,-0.23039089,1.0,1.0,0.7333333333333333,1.0,True,2.5329968809340593,60,400
1,18131,metastatic nsclc,511,249,262,0.00011124088230067844,3.466908001729283e-05,3.208648231945925,0.32791805,1.0,1.0,0.7,1.0,True,2.4867023797580914,61,400
1,4211,<1 %,216,96,120,-0.00015247539148344262,4.769429142227988e-05,-3.1969316858791905,-0.20311326,1.0,1.0,0.7,1.0,True,2.4776220565563722,62,400
1,467,- fixation,189,93,96,-9.061382961604917e-05,2.9419855795088638e-05,-3.0800229017837766,-0.3438487,1.0,1.0,0.7333333333333333,1.0,True,2.4640183214270213,63,400
1,4096,800,467,222,245,7.537547890097072e-05,2.4728493777306475e-05,3.0481225253655913,0.31496853,1.0,1.0,0.7333333333333333,1.0,True,2.4384980202924726,64,400
1,16371,left lung no,111,59,52,0.00011055155755208018,3.649338990895651e-05,3.029358407861904,0.27058724,1.0,1.0,0.7333333333333333,1.0,True,2.423486726289523,65,400
1,22592,pd-l1 <1 %.,103,43,60,-9.377365874668251e-05,3.108080005224906e-05,-3.0170928222260125,-0.24574268,1.0,1.0,0.7333333333333333,1.0,True,2.41367425778081,66,400
1,20495,note patient john,84,27,57,-0.00015567410427790932,5.325666368910231e-05,-2.9230915625261793,-0.31512296,1.0,1.0,0.7666666666666667,1.0,True,2.4115505390840983,67,400
1,22590,pd-l1 <1,161,75,86,-0.00012624481320991913,4.1910039464578466e-05,-3.0122809432479474,-0.24977638,1.0,1.0,0.7333333333333333,1.0,True,2.4098247545983575,68,400
1,13265,genitourinary none,344,164,180,-9.513201897169556e-05,3.070532765263496e-05,-3.098225169518159,-0.30634242,1.0,1.0,0.7,1.0,True,2.401124506376573,69,400
1,15899,kidneys,730,351,379,6.140655156062534e-05,1.9210422161402326e-05,3.196522754403788,0.2796882,1.0,1.0,0.6666666666666666,1.0,True,2.3973920658028414,70,400
1,25279,rubs,731,359,372,5.531454690174432e-05,1.920136790439236e-05,2.880760744607731,0.37510598,1.0,1.0,0.7666666666666667,1.0,True,2.3766276143013783,71,400
1,1371,--- subjective chief,302,149,153,9.617864922452635e-05,3.3800677376119966e-05,2.8454651412541265,0.36867172,1.0,1.0,0.7666666666666667,1.0,True,2.3475087415346545,72,400
1,19370,new chest pain,80,34,46,-7.359150630862652e-05,2.443005837211491e-05,-3.012334444219983,-0.2487128,1.0,1.0,0.7,1.0,True,2.3345591942704864,73,400
1,1372,--- technique,101,43,58,8.666022515504246e-05,3.066012993665625e-05,2.8264793832929693,0.2800899,1.0,1.0,0.7666666666666667,1.0,True,2.3318454912166997,74,400
1,620,- left lung,123,63,60,0.00011115238825306229,3.695974793759062e-05,3.007390322053918,0.30740675,1.0,1.0,0.7,1.0,True,2.330727499591786,75,400
1,17367,m1 right,50,24,26,0.00011252295301529224,3.8635884038292296e-05,2.91239493585212,0.3911574,1.0,1.0,0.7333333333333333,1.0,True,2.329915948681696,76,400
1,17162,lung carcinoma adenocarcinoma,516,262,254,8.47474234324937e-05,3.0121087161499892e-05,2.813557922996086,0.21221118,1.0,1.0,0.7666666666666667,1.0,True,2.321185286471771,77,400
1,10927,dr. emily s.,65,28,37,-8.039996766120088e-05,2.686179072577222e-05,-2.9930978348387662,-0.25478396,1.0,1.0,0.7,1.0,True,2.3196508220000434,78,400
1,22578,pd-l1 22c3,603,288,315,-4.8176771069777656e-05,1.6138108254576768e-05,-2.985279954118211,-0.20365357,1.0,1.0,0.7,1.0,True,2.313591964441613,79,400
1,19682,no associated,264,135,129,9.995203023520622e-05,3.3633263837997336e-05,2.9718207164386152,0.3554698,1.0,1.0,0.7,1.0,True,2.3031610552399266,80,400
1,4004,75 cognitive,79,46,33,-8.100702254398062e-05,2.7358256233221504e-05,-2.9609717027802627,-0.33207965,1.0,1.0,0.7,1.0,True,2.2947530696547034,81,400
1,15818,john martinez age,38,8,30,-0.0001752574807138691,6.132241082415473e-05,-2.857967884146454,-0.33039176,1.0,1.0,0.7333333333333333,1.0,True,2.286374307317163,82,400
1,10229,dermatologic none rash,213,96,117,-9.236080764688367e-05,3.033511819956557e-05,-3.0446826361206125,-0.27678975,1.0,1.0,0.6666666666666666,1.0,True,2.2835119770904595,83,400
1,7336,blockade tp53,64,26,38,-7.444993636963028e-05,2.5331842253167694e-05,-2.938986261858648,-0.32483548,1.0,1.0,0.7,1.0,True,2.277714352940452,84,400
1,860,- occasional,678,342,336,-7.201914746208123e-05,2.3742199581149212e-05,-3.033381436118617,-0.21397507,1.0,1.0,0.6666666666666666,1.0,True,2.275036077088963,85,400
1,13266,genitourinary none dysuria,321,154,167,-9.563208786231052e-05,3.153646261602352e-05,-3.0324291289956005,-0.30190328,1.0,1.0,0.6666666666666666,1.0,True,2.2743218467467003,86,400
1,26614,subjective chief complaint,306,152,154,9.528255169496897e-05,3.3625760035430185e-05,2.8336177857265787,0.35914993,1.0,1.0,0.7333333333333333,1.0,True,2.266894228581263,88,400
1,26613,subjective chief,306,152,154,9.528255169496897e-05,3.3625760035430185e-05,2.8336177857265787,0.35914993,1.0,1.0,0.7333333333333333,1.0,True,2.266894228581263,87,400
1,11387,emily s.,65,28,37,-7.858298556979953e-05,2.701743424145634e-05,-2.9086028254015144,-0.22997467,1.0,1.0,0.7,1.0,True,2.2541671896861732,89,400
1,29571,with a more,65,31,34,-7.389744549348668e-05,2.5531863715853135e-05,-2.894322416722074,-0.28089806,1.0,1.0,0.7,1.0,True,2.243099872959607,90,400
1,8731,cmp creatinine 0.9,287,142,145,-8.871553621033515e-05,3.1654708546377426e-05,-2.80260158075244,-0.22298753,1.0,1.0,0.7333333333333333,1.0,True,2.2420812646019517,91,400
1,13636,he reports increasing,75,33,42,-9.152280548284569e-05,3.064953412139335e-05,-2.9861075577968683,-0.3463324,1.0,1.0,0.6666666666666666,1.0,True,2.239580668347651,92,400
1,28740,upper-normal,57,25,32,-7.000660506030799e-05,2.3470820151920028e-05,-2.9827080863461477,-0.24425454,1.0,1.0,0.6666666666666666,1.0,True,2.237031064759611,93,400
1,22440,patient -,273,133,140,9.603053340373808e-05,3.225577474905086e-05,2.9771578624557398,0.26614416,1.0,1.0,0.6666666666666666,1.0,True,2.2328683968418046,94,400
1,1759,1 % low,97,40,57,-8.330227284355013e-05,2.8148369867277538e-05,-2.95939954023373,-0.16463728,1.0,1.0,0.6666666666666666,1.0,True,2.219549655175298,95,400
1,9401,cores 5 cores,67,36,31,-6.913378699437618e-05,2.4145829298404315e-05,-2.863177161570711,-0.2383225,1.0,1.0,0.7,1.0,True,2.2189623002173007,96,400
1,11600,established patient -,200,97,103,9.499301057384618e-05,3.12498137632719e-05,3.039794454247022,0.28772438,1.0,1.0,0.6333333333333333,1.0,True,2.203850979329091,97,400
1,22503,patient john martinez,39,9,30,-0.0002397082179079772,8.459660090059354e-05,-2.8335443192292065,-0.31804276,1.0,1.0,0.7,1.0,True,2.195996847402635,98,400
1,20279,none bone pain,69,30,39,-7.953151814623258e-05,2.736181528479562e-05,-2.9066608819052497,-0.2542863,1.0,1.0,0.6666666666666666,1.0,True,2.1799956614289373,100,400
1,20278,none bone,69,30,39,-7.953151814623258e-05,2.736181528479562e-05,-2.9066608819052497,-0.2542863,1.0,1.0,0.6666666666666666,1.0,True,2.1799956614289373,101,400
1,18904,musculoskeletal none bone,69,30,39,-7.953151814623258e-05,2.736181528479562e-05,-2.9066608819052497,-0.2542863,1.0,1.0,0.6666666666666666,1.0,True,2.1799956614289373,99,400
1,15817,john martinez,39,9,30,-0.0002494339066683712,8.884141553258306e-05,-2.807630936237053,-0.31429207,1.0,1.0,0.7,1.0,True,2.1759139755837156,102,400
1,14629,immunotherapy procedure,137,62,75,9.500258557947621e-05,3.2071101616169985e-05,2.962248902968044,0.33828872,1.0,1.0,0.6333333333333333,1.0,True,2.147630454651832,103,400
1,14630,immunotherapy procedure codes,137,62,75,9.500258557947621e-05,3.2071101616169985e-05,2.962248902968044,0.33828872,1.0,1.0,0.6333333333333333,1.0,True,2.147630454651832,104,400
1,1057,- rna-based,80,30,50,8.538040620643264e-05,2.9920237323150872e-05,2.8536005675452745,0.3361703,1.0,1.0,0.6666666666666666,1.0,True,2.1402004256589557,105,400
1,10198,depression,736,365,371,-5.451587822085733e-05,1.8485143670727252e-05,-2.949172545907107,-0.23032352,1.0,1.0,0.6333333333333333,1.0,True,2.1381500957826525,106,400
1,10270,detected -,655,325,330,-0.00010448670242265479,3.6654398368131294e-05,-2.850591117967972,-0.3131448,1.0,1.0,0.6666666666666666,1.0,True,2.1379433384759787,107,400
1,7754,canal,50,22,28,8.930553664612032e-05,3.144826215551214e-05,2.839760626660483,0.2672553,1.0,1.0,0.6666666666666666,1.0,True,2.1298204699953622,108,400
1,19884,no lymphadenopathy. neck,74,42,32,7.339014488139681e-05,2.5865072088617777e-05,2.8374227850574205,0.30826643,1.0,1.0,0.6666666666666666,1.0,True,2.1280670887930655,109,400
1,14464,illness john is,75,22,53,-0.00011535227369357704,4.069665525317869e-05,-2.8344411346818785,-0.34179512,1.0,1.0,0.6666666666666666,1.0,True,2.125830851011409,110,400
1,26612,subjective,319,159,160,9.551152146759727e-05,3.376279982780172e-05,2.8288981350696227,0.38020605,1.0,1.0,0.6666666666666666,1.0,True,2.1216736013022173,111,400
1,19637,no active,119,54,65,-8.795594436578541e-05,3.227146628638888e-05,-2.725501952258133,-0.2547819,1.0,1.0,0.7,1.0,True,2.112264013000053,112,400
1,1370,--- subjective,310,153,157,9.501095818678704e-05,3.3752612739069496e-05,2.8149215861090795,0.38994268,1.0,1.0,0.6666666666666666,1.0,True,2.1111911895818096,113,400
1,18058,metastasis management -,57,27,30,8.233805573542246e-05,2.8297884346164207e-05,2.909689456928727,0.24123962,1.0,1.0,0.6333333333333333,1.0,True,2.109524856273327,114,400
1,18535,moderate complexity <new,320,160,160,-9.457190609152986e-05,3.270190023054187e-05,-2.8919391663731098,-0.3906348,1.0,1.0,0.6333333333333333,1.0,True,2.0966558956205046,115,400
1,454,- fda-approved,188,84,104,9.44667702978603e-05,3.275471260665339e-05,2.8840665290609655,0.2364281,1.0,1.0,0.6333333333333333,1.0,True,2.0909482335692,116,400
1,19369,new chest,108,47,61,-7.993788444849744e-05,2.888687597470451e-05,-2.7672734330460993,-0.21100576,1.0,1.0,0.6666666666666666,1.0,True,2.0754550747845744,117,400
1,16152,l hgb 13.2,271,140,131,-8.60753900624487e-05,2.9252873755076874e-05,-2.94245928735498,-0.2766309,1.0,1.0,0.6,1.0,True,2.059721501148486,118,400
1,29776,with primary,455,226,229,8.37042908251673e-05,2.8580128411623722e-05,2.928758388332651,0.31622478,1.0,1.0,0.6,1.0,True,2.0501308718328555,119,400
1,18802,mrn redacted referring,130,63,67,8.95432016312346e-05,3.062247523316244e-05,2.9241007119589173,0.36691973,1.0,1.0,0.6,1.0,True,2.046870498371242,120,400
1,18881,murmurs rubs or,727,358,369,5.3938048515926774e-05,1.941573305459687e-05,2.7780588229274406,0.36515337,1.0,1.0,0.6333333333333333,1.0,True,2.0140926466223945,121,400
1,25280,rubs or,727,358,369,5.3938048515926774e-05,1.941573305459687e-05,2.7780588229274406,0.36515337,1.0,1.0,0.6333333333333333,1.0,True,2.0140926466223945,122,400
1,23605,prior to next,408,204,204,9.442698731743117e-05,3.399775279252278e-05,2.777447906445121,0.26705614,1.0,1.0,0.6333333333333333,1.0,True,2.0136497321727127,123,400
1,8107,cervical adenopathy.,215,108,107,9.094254045842969e-05,3.286733073400228e-05,2.766958509482694,0.26205558,1.0,1.0,0.6333333333333333,1.0,True,2.006044919374953,124,400
1,6763,associated with a,108,50,58,-8.368715383320324e-05,2.9246558248731632e-05,-2.861435972105627,-0.29209822,1.0,1.0,0.6,1.0,True,2.003005180473939,125,400
1,23112,plt 140,50,26,24,0.00011596464476149164,4.0571421259052016e-05,2.858284012804171,0.3555883,1.0,1.0,0.6,1.0,True,2.0007988089629194,126,400
1,19903,no murmurs rubs,728,358,370,5.3303657279171466e-05,1.93391591283412e-05,2.7562551673229625,0.3635345,1.0,1.0,0.6333333333333333,1.0,True,1.9982849963091478,128,400
1,18880,murmurs rubs,728,358,370,5.3303657279171466e-05,1.93391591283412e-05,2.7562551673229625,0.3635345,1.0,1.0,0.6333333333333333,1.0,True,1.9982849963091478,127,400
1,3572,500,768,369,399,-6.710663982012167e-05,2.2727196273307914e-05,-2.9527020848997307,-0.3276568,1.0,1.0,0.5666666666666667,1.0,True,1.9930739073073185,129,400
1,4102,82,167,59,108,9.696077116708285e-05,3.2939279966837376e-05,2.943621453313523,0.16389483,1.0,1.0,0.5666666666666667,1.0,True,1.9869444809866281,130,400
1,19703,no cervical adenopathy.,214,108,106,9.016083749951397e-05,3.292939785121105e-05,2.7380044392824545,0.26297086,1.0,1.0,0.6333333333333333,1.0,True,1.9850532184797796,131,400
1,10509,direct targeted,108,53,55,9.06117577112178e-05,3.310048796103863e-05,2.737474982781933,0.17933032,1.0,1.0,0.6333333333333333,1.0,True,1.9846693625169014,132,400
1,11030,dyspnea 25,161,91,70,-0.00011155748625663086,3.94341048842557e-05,-2.828959515730528,-0.33040598,1.0,1.0,0.6,1.0,True,1.9802716610113693,133,400
1,27643,thigh,23,11,12,-0.00010370168361514965,3.6721818537989115e-05,-2.8239800680859295,-0.285859,1.0,1.0,0.6,1.0,True,1.9767860476601504,134,400
1,708,- metastatic,373,175,198,0.00010532033807939511,3.46869238360466e-05,3.0363124322355266,0.27781266,1.0,1.0,0.5333333333333333,1.0,True,1.9736030809530924,135,400
1,13202,gem,131,67,64,0.00012833076288070697,4.558294138822801e-05,2.815324307128827,0.23151608,1.0,1.0,0.6,1.0,True,1.970727014990179,136,400
1,10127,demonstrated activity,134,57,77,-8.006601823939436e-05,2.742879843198888e-05,-2.9190494231062356,-0.24766767,1.0,1.0,0.5666666666666667,1.0,True,1.9703583605967092,137,400
1,28530,type established,274,128,146,9.509556645439605e-05,3.262974404260207e-05,2.914382850513241,0.23268828,1.0,1.0,0.5666666666666667,1.0,True,1.9672084240964378,138,400
1,26144,spinal canal,46,20,26,8.476975851727429e-05,3.0379557163407874e-05,2.79035530575078,0.2842918,1.0,1.0,0.6,1.0,True,1.953248714025546,139,400
1,7781,cancer nsclc -,83,34,49,0.00010816034641343522,3.7566286776509995e-05,2.8791865178718523,0.39137602,1.0,1.0,0.5666666666666667,1.0,True,1.9434508995635005,140,400
1,4002,75 100 cognitive,203,105,98,-7.827633233560646e-05,2.819696395397598e-05,-2.7760553392688547,-0.34147277,1.0,1.0,0.6,1.0,True,1.943238737488198,141,400
1,18296,mild cough,179,102,77,-0.0001012315329653532,3.662018875379384e-05,-2.764364040992706,-0.24108352,1.0,1.0,0.6,1.0,True,1.935054828694894,142,400
1,4247,<=3.0,246,114,132,9.44230611040873e-05,3.420951179848966e-05,2.7601405614989236,0.37028965,1.0,1.0,0.6,1.0,True,1.9320983930492464,143,400
1,17615,mass or,142,67,75,0.00010226495505364913,3.591204568116759e-05,2.8476505059492405,0.34818247,1.0,1.0,0.5666666666666667,1.0,True,1.9221640915157374,144,400
1,29682,with intravenous contrast,472,235,237,7.817953460458094e-05,2.7508071283359313e-05,2.842058019962844,0.28721353,1.0,1.0,0.5666666666666667,1.0,True,1.91838916347492,145,400
1,17684,may be considered,243,120,123,-8.537074466521815e-05,3.0044410602489078e-05,-2.8414850866851578,-0.3355662,1.0,1.0,0.5666666666666667,1.0,True,1.9180024335124817,146,400
1,3132,4 mild neuropathy,289,149,140,-8.283703596262892e-05,2.9182687949479904e-05,-2.83856771884871,-0.35194388,1.0,1.0,0.5666666666666667,1.0,True,1.9160332102228794,147,400
1,18344,mild neuropathy -,289,149,140,-8.283703596262892e-05,2.9182687949479904e-05,-2.83856771884871,-0.35194388,1.0,1.0,0.5666666666666667,1.0,True,1.9160332102228794,148,400
1,5101,adrenal lesion stable,90,35,55,8.829539350660264e-05,3.116200454163583e-05,2.833431122462946,0.34396005,1.0,1.0,0.5666666666666667,1.0,True,1.9125660076624886,149,400
1,18283,mild anxiety about,223,105,118,-9.588811636691734e-05,3.1355700418741365e-05,-3.058076046344824,-0.30574602,1.0,1.0,0.5,1.0,True,1.9112975289655152,150,400
1,9400,cores 5,124,66,58,-7.708406521866467e-05,2.823488048572241e-05,-2.730100637672043,-0.21925807,1.0,1.0,0.6,1.0,True,1.91107044637043,152,400
1,20892,of cores 5,124,66,58,-7.708406521866467e-05,2.823488048572241e-05,-2.730100637672043,-0.21925807,1.0,1.0,0.6,1.0,True,1.91107044637043,151,400
1,16777,lobe primary nsclc,145,66,79,9.535415818620184e-05,3.374224907995668e-05,2.8259573912885196,0.20874242,1.0,1.0,0.5666666666666667,1.0,True,1.907521239119751,153,400
1,10269,detected,758,376,382,-7.012515805599133e-05,2.482810269329291e-05,-2.8244267764743465,-0.30202964,1.0,1.0,0.5666666666666667,1.0,True,1.906488074120184,154,400
1,13267,genomic alterations,150,79,71,9.048021797133937e-05,3.2040562836113956e-05,2.823927233555217,0.27842215,1.0,1.0,0.5666666666666667,1.0,True,1.9061508826497715,155,400
1,22312,paroxysmal nocturnal,80,40,40,7.676677139665862e-05,2.822481490671699e-05,2.7198325888184844,0.24971278,1.0,1.0,0.6,1.0,True,1.903882812172939,156,400
1,22311,paroxysmal,80,40,40,7.676677139665862e-05,2.822481490671699e-05,2.7198325888184844,0.24971278,1.0,1.0,0.6,1.0,True,1.903882812172939,157,400
1,23313,potential benefit,137,74,63,8.553507958780114e-05,3.1488352566910516e-05,2.71640376885533,0.24240506,1.0,1.0,0.6,1.0,True,1.901482638198731,158,400
1,17034,low-grade fdg activity,57,26,31,-6.87576367464229e-05,2.3514838424001916e-05,-2.924010597335895,-0.2238739,1.0,1.0,0.5333333333333333,1.0,True,1.9006068882683318,159,400
1,28155,tolerated the first,111,51,60,-8.421600986077452e-05,2.9090696453074866e-05,-2.894946499360037,-0.2353861,1.0,1.0,0.5333333333333333,1.0,True,1.881715224584024,160,400
1,28531,type established patient,269,125,144,9.523325683706214e-05,3.292170856123305e-05,2.8927191509496577,0.22461532,1.0,1.0,0.5333333333333333,1.0,True,1.8802674481172776,161,400
1,11617,evaluate,613,299,314,6.929178142894249e-05,2.4910820439114606e-05,2.781593709380264,0.26783302,1.0,1.0,0.5666666666666667,1.0,True,1.8775757538316782,162,400
1,21653,or masses. -,77,35,42,7.374694761734769e-05,2.6536282172462026e-05,2.779098712399073,0.2559496,1.0,1.0,0.5666666666666667,1.0,True,1.8758916308693743,163,400
1,23537,prior .,74,29,45,8.540350064912881e-05,3.082369517532962e-05,2.7707093573090895,0.22185043,1.0,1.0,0.5666666666666667,1.0,True,1.8702288161836356,164,400
1,20309,none rash,228,104,124,-9.034322199269586e-05,3.1459965940843416e-05,-2.87168848696706,-0.25629672,1.0,1.0,0.5333333333333333,1.0,True,1.8665975165285889,165,400
1,30,% low pd-l1,69,34,35,-6.092008508097375e-05,2.204107415462261e-05,-2.7639344912869035,-0.24408957,1.0,1.0,0.5666666666666667,1.0,True,1.86565578161866,166,400
1,19199,negative nuclear,116,62,54,8.078141346987868e-05,3.0331629536850734e-05,2.6632731146783626,0.16919343,1.0,1.0,0.6,1.0,True,1.8642911802748536,167,400
1,29742,with no new,130,56,74,-8.240824595053766e-05,2.8760717496762666e-05,-2.8653056364054064,-0.2896035,1.0,1.0,0.5333333333333333,1.0,True,1.8624486636635142,168,400
1,6103,and may contribute,155,71,84,-7.867027669635016e-05,2.8663392461490308e-05,-2.7446254591826436,-0.32786122,1.0,1.0,0.5666666666666667,1.0,True,1.8526221849482845,169,400
1,29741,with no,278,122,156,-9.360248012740793e-05,3.3186593978418226e-05,-2.820490713457341,-0.26056612,1.0,1.0,0.5333333333333333,1.0,True,1.8333189637472718,170,400
1,11017,dysphagia abdominal pain,59,20,39,-7.228212319096986e-05,2.5633293964338728e-05,-2.8198530899512724,-0.2954499,1.0,1.0,0.5333333333333333,1.0,True,1.832904508468327,171,400
1,26143,spinal,79,38,41,9.848767966531691e-05,3.7746740446204446e-05,2.609170447596096,0.27646244,1.0,1.0,0.6,1.0,True,1.826419313317267,172,400
1,8196,chemotherapy for metastatic,91,48,43,8.73969987571567e-05,3.247018496568368e-05,2.691607665602237,0.39137575,1.0,1.0,0.5666666666666667,1.0,True,1.8168351742815103,173,400
1,17200,lung no new,88,40,48,8.169763371795466e-05,2.9235695421092375e-05,2.7944481067145444,0.29650944,1.0,1.0,0.5333333333333333,1.0,True,1.816391269364454,174,400
1,22502,patient john,92,28,64,-0.00025255206274255217,9.456351576948629e-05,-2.670713548322254,-0.31453782,1.0,1.0,0.5666666666666667,1.0,True,1.8027316451175215,175,400
1,24683,repeat labs,95,46,49,-7.644369611031391e-05,2.760579963920366e-05,-2.769117254685656,-0.17023517,1.0,1.0,0.5333333333333333,1.0,True,1.7999262155456766,176,400
1,6065,and lab,149,71,78,-7.598776613112637e-05,2.8539227759449276e-05,-2.6625726095888136,-0.1809927,1.0,1.0,0.5666666666666667,1.0,True,1.7972365114724493,177,400
1,16060,kras-targeted therapy,89,44,45,9.127223195875857e-05,3.1777804780129505e-05,2.872200663018442,0.31395975,1.0,1.0,0.5,1.0,True,1.795125414386526,178,400
1,19261,neurologic none,365,162,203,-8.530808440724816e-05,2.972957915871493e-05,-2.8694682811290635,-0.19882186,1.0,1.0,0.5,1.0,True,1.7934176757056646,179,400
1,4218,<1% .,105,48,57,-8.57816393440892e-05,3.128790183170536e-05,-2.7416871800960143,-0.15652409,1.0,1.0,0.5333333333333333,1.0,True,1.7820966670624094,180,400
1,9025,confer,535,262,273,7.004637523607369e-05,2.5610620258867312e-05,2.735051885821513,0.26174074,1.0,1.0,0.5333333333333333,1.0,True,1.7777837257839835,181,400
1,18199,mg m and,63,36,27,-0.00010533145529407544,3.854077803481851e-05,-2.732987258298649,-0.33672315,1.0,1.0,0.5333333333333333,1.0,True,1.776441717894122,182,400
1,8108,cervical adenopathy. -,113,53,60,8.23019031912413e-05,3.139245849252826e-05,2.6217093895602357,0.22816183,1.0,1.0,0.5666666666666667,1.0,True,1.7696538379531592,183,400
1,10128,demonstrated activity in,133,57,76,-7.759670176239844e-05,2.7413906572162677e-05,-2.8305597948303234,-0.24851494,1.0,1.0,0.5,1.0,True,1.7690998717689521,184,400
1,24084,r273c met amplification,118,61,57,-0.00016705806379962835,6.642038719075506e-05,-2.5151624503459815,-0.40129116,1.0,1.0,0.6,1.0,True,1.760613715242187,185,400
1,9387,core biopsy .,62,30,32,-6.982816426446322e-05,2.4820021667476257e-05,-2.81338047162001,-0.23083287,1.0,1.0,0.5,1.0,True,1.7583627947625065,186,400
1,20928,of first-line carboplatin,172,76,96,-9.545527683071428e-05,3.400749589040721e-05,-2.806889314589028,-0.20190854,1.0,1.0,0.5,1.0,True,1.7543058216181426,187,400
1,11561,epidural,101,48,53,0.00010096629119135129,3.9043226748264146e-05,2.5860129810054757,0.23369372,1.0,1.0,0.5666666666666667,1.0,True,1.7455587621786963,188,400
1,13550,have demonstrated activity,132,56,76,-7.385240404269596e-05,2.6622719182004396e-05,-2.7740368494220693,-0.22045751,1.0,1.0,0.5,1.0,True,1.7337730308887933,189,400
1,3925,70,783,378,405,-6.539123254159431e-05,2.3593141645604306e-05,-2.771620393919752,-0.38506746,1.0,1.0,0.5,1.0,True,1.732262746199845,190,400
1,22595,pd-l1 <1% .,92,45,47,-8.614926532142358e-05,3.1227033747213436e-05,-2.758803990760447,-0.18487968,1.0,1.0,0.5,1.0,True,1.7242524942252793,191,400
1,6496,applicable core biopsy,59,26,33,-6.986315275779657e-05,2.457134989757287e-05,-2.8432769485203404,-0.24686024,1.0,1.0,0.4666666666666667,1.0,True,1.7059661691122041,192,400
1,10642,disease progression depression,102,41,61,-7.833365306689403e-05,2.8706956236699445e-05,-2.7287341932388847,-0.29224426,1.0,1.0,0.5,1.0,True,1.705458870774303,193,400
1,23897,psychiatric mild anxiety,114,45,69,-8.467912006441117e-05,2.979353993788227e-05,-2.842197343483252,-0.29801577,1.0,1.0,0.4666666666666667,1.0,True,1.7053184060899513,194,400
1,26343,stairs .,121,56,65,-8.081811238054534e-05,3.080612873670048e-05,-2.6234426620526237,-0.27655622,1.0,1.0,0.5333333333333333,1.0,True,1.7052377303342054,195,400
1,18057,metastasis management,73,37,36,7.549209361397596e-05,2.8840090969803564e-05,2.617609413681061,0.17896128,1.0,1.0,0.5333333333333333,1.0,True,1.7014461188926895,196,400
1,2287,13.2,464,238,226,-0.00010228653791664897,3.617659639925667e-05,-2.8274229224823006,-0.19140592,1.0,1.0,0.4666666666666667,1.0,True,1.6964537534893804,197,400
1,20706,objective vital signs,372,177,195,8.617334049190235e-05,3.190695991457948e-05,2.700769384566987,0.3482897,1.0,1.0,0.5,1.0,True,1.6879808653543669,198,400
1,20705,objective vital,372,177,195,8.617334049190235e-05,3.190695991457948e-05,2.700769384566987,0.3482897,1.0,1.0,0.5,1.0,True,1.6879808653543669,199,400
1,25198,rna-based fusion,183,87,96,8.948173065440908e-05,3.184509295591677e-05,2.8099064046783857,0.35035896,1.0,1.0,0.4666666666666667,1.0,True,1.6859438428070315,200,400
1,28596,unchanged .,77,42,35,8.468828709729776e-05,3.149322224389152e-05,2.689095654977764,0.33223954,1.0,1.0,0.5,1.0,True,1.6806847843611026,201,400
1,13917,high pd-l1,188,102,86,0.0001542692752831971,5.510362331020148e-05,2.79962125929089,0.2727341,1.0,1.0,0.4666666666666667,1.0,True,1.6797727555745339,202,400
1,15813,john,95,30,65,-0.0002690796596415681,0.00010419502420911806,-2.58246170279234,-0.30568045,1.0,1.0,0.5333333333333333,1.0,True,1.6786001068150211,203,400
1,20621,nuclear excludes,113,60,53,7.866135954585112e-05,3.059544037181991e-05,2.571015765417862,0.17102249,1.0,1.0,0.5333333333333333,1.0,True,1.6711602475216103,204,400
1,20622,nuclear excludes squamous,113,60,53,7.866135954585112e-05,3.059544037181991e-05,2.571015765417862,0.17102249,1.0,1.0,0.5333333333333333,1.0,True,1.6711602475216103,205,400
1,19200,negative nuclear excludes,113,60,53,7.866135954585112e-05,3.059544037181991e-05,2.571015765417862,0.17102249,1.0,1.0,0.5333333333333333,1.0,True,1.6711602475216103,206,400
1,15816,john is a,76,24,52,-0.00011970838822581231,4.656997449150237e-05,-2.570505771860698,-0.34873644,1.0,1.0,0.5333333333333333,1.0,True,1.6708287517094536,207,400
1,21032,of oral prednisone,65,34,31,-6.194808033430775e-05,2.3291484656215135e-05,-2.6596879180811444,-0.16898683,1.0,1.0,0.5,1.0,True,1.662304948800715,208,400
1,25575,serologies,76,35,41,8.346805993940024e-05,3.1438532461031924e-05,2.6549604388455137,0.26523232,1.0,1.0,0.5,1.0,True,1.659350274278446,209,400
1,2803,3 ml s,489,235,254,6.833361204113004e-05,2.5772006030143866e-05,2.6514665548814706,0.17544715,1.0,1.0,0.5,1.0,True,1.657166596800919,210,400
1,12348,first-line platinum-based doublet,135,55,80,0.00011749779062462456,4.433474446588214e-05,2.6502417469676662,0.3456775,1.0,1.0,0.5,1.0,True,1.6564010918547913,211,400
1,25471,seen,264,131,133,-8.175699811770361e-05,3.211598709183596e-05,-2.5456791312039924,-0.2661258,1.0,1.0,0.5333333333333333,1.0,True,1.654691435282595,212,400
1,28028,to next,419,208,211,8.553810447991558e-05,3.3690270796064227e-05,2.5389556824193984,0.22545499,1.0,1.0,0.5333333333333333,1.0,True,1.650321193572609,213,400
1,5762,analgesia,129,54,75,-7.698015202998643e-05,2.9172602353589887e-05,-2.6387824814851837,-0.28834715,1.0,1.0,0.5,1.0,True,1.6492390509282397,214,400
1,3571,50%,105,51,54,0.00011791550032225707,4.29444888653277e-05,2.745765602008575,0.2641641,1.0,1.0,0.4666666666666667,1.0,True,1.647459361205145,215,400
1,1367,--- signature provider,62,30,32,-6.7505883142568e-05,2.4602955289792697e-05,-2.7438119667914416,-0.34617043,1.0,1.0,0.4666666666666667,1.0,True,1.6462871800748649,216,400
1,15815,john is,80,24,56,-0.00011602513205647528,4.582473240123433e-05,-2.5319325607965806,-0.34171173,1.0,1.0,0.5333333333333333,1.0,True,1.6457561645177774,217,400
1,3435,5 pemetrexed,40,23,17,-9.654130446405886e-05,3.6666829635166465e-05,-2.632932964879732,-0.3410609,1.0,1.0,0.5,1.0,True,1.6455831030498325,219,400
1,6975,auc 5 pemetrexed,40,23,17,-9.654130446405886e-05,3.6666829635166465e-05,-2.632932964879732,-0.3410609,1.0,1.0,0.5,1.0,True,1.6455831030498325,218,400
1,1410,---------- ---------- constitutional,614,287,327,-6.255301858140429e-05,2.2921585517494223e-05,-2.7290005106174937,-0.24625206,1.0,1.0,0.4666666666666667,1.0,True,1.6374003063704963,220,400
1,19262,neurologic none headache,319,144,175,-8.304712337757043e-05,3.0435858376999064e-05,-2.7285947499456977,-0.18893504,1.0,1.0,0.4666666666666667,1.0,True,1.6371568499674185,221,400
1,18343,mild neuropathy,319,165,154,-8.039642846913269e-05,2.9626778488134258e-05,-2.713640583681147,-0.31824902,1.0,1.0,0.4666666666666667,1.0,True,1.6281843502086881,222,400
1,15084,information,622,298,324,-7.486880440728449e-05,2.8745740831394677e-05,-2.6045181735416083,-0.26712868,1.0,1.0,0.5,1.0,True,1.6278238584635052,223,400
1,19522,next week,119,61,58,7.732882175946228e-05,2.969905887234462e-05,2.60374653930431,0.1709606,1.0,1.0,0.5,1.0,True,1.627341587065194,224,400
1,13187,gastrointestinal nausea grade,226,109,117,9.39023469252552e-05,3.76070206112797e-05,2.4969366197834484,0.22997187,1.0,1.0,0.5333333333333333,1.0,True,1.6230088028592415,225,400
1,21097,of stairs .,117,54,63,-8.049585120464978e-05,3.1079642942852934e-05,-2.5899863570717305,-0.26631483,1.0,1.0,0.5,1.0,True,1.6187414731698315,226,400
1,13121,g12c-mutated stk11 loss-of-function,86,44,42,-9.583458690316018e-05,3.566010170203588e-05,-2.687445697825614,-0.2537771,1.0,1.0,0.4666666666666667,1.0,True,1.6124674186953685,227,400
1,20053,no tenderness,67,31,36,-8.124786096765846e-05,2.9059448563808036e-05,-2.7959188829497696,-0.32655326,1.0,1.0,0.43333333333333335,1.0,True,1.6076533576961174,228,400
1,8475,clinical indication -,82,35,47,8.157937743196227e-05,3.055588363582186e-05,2.6698418675846627,0.18131384,1.0,1.0,0.4666666666666667,1.0,True,1.6019051205507975,229,400
1,861,- occasional alcohol,611,325,286,-6.961315941769672e-05,2.6077121174362232e-05,-2.6695109077506998,-0.17956583,1.0,1.0,0.4666666666666667,1.0,True,1.6017065446504197,230,400
1,21475,option.,180,98,82,8.969021194610463e-05,3.359817719219072e-05,2.66949636681336,0.24374357,1.0,1.0,0.4666666666666667,1.0,True,1.601697820088016,231,400
1,12903,fullness,60,28,32,8.370724625662477e-05,3.141501140506375e-05,2.6645620202809184,0.2876638,1.0,1.0,0.4666666666666667,1.0,True,1.598737212168551,232,400
1,12598,for first,73,32,41,-7.221476608274802e-05,2.7129011020882053e-05,-2.6619019037281544,-0.2738547,1.0,1.0,0.4666666666666667,1.0,True,1.5971411422368926,233,400
1,18282,mild anxiety,233,113,120,-8.745324995892067e-05,3.164812497471193e-05,-2.7632995644702234,-0.28208798,1.0,1.0,0.43333333333333335,1.0,True,1.5888972495703784,234,400
1,11670,evidence of acute,71,37,34,8.579997719593448e-05,3.112591150901876e-05,2.7565450467554617,0.31630453,1.0,1.0,0.43333333333333335,1.0,True,1.5850134018843904,235,400
1,1409,---------- ----------,626,298,328,-6.022797284528728e-05,2.2802200670261976e-05,-2.641322814242004,-0.23982932,1.0,1.0,0.4666666666666667,1.0,True,1.5847936885452025,236,400
1,20757,occasional alcohol 1-2,526,261,265,-7.618380242105732e-05,2.7666116236943216e-05,-2.7536861975345603,-0.21377929,1.0,1.0,0.43333333333333335,1.0,True,1.5833695635823721,237,400
1,17891,mediastinum hilar nodes,356,180,176,-8.366723895471261e-05,3.172009509977055e-05,-2.6376730174216227,-0.26105645,1.0,1.0,0.4666666666666667,1.0,True,1.5826038104529736,238,400
1,25625,severity 2 nausea,56,27,29,7.847086818544041e-05,2.8515412259340043e-05,2.751875633842108,0.21439269,1.0,1.0,0.43333333333333335,1.0,True,1.582328489459212,239,400
1,24031,q8h prn for,211,106,105,-9.331994165728958e-05,3.400100234307301e-05,-2.74462325303482,-0.33848646,1.0,1.0,0.43333333333333335,1.0,True,1.5781583704950215,240,400
1,21262,on kras-targeted,107,49,58,8.527434558470783e-05,3.242540700086459e-05,2.629861996256025,0.28007507,1.0,1.0,0.4666666666666667,1.0,True,1.5779171977536148,241,400
1,7931,cava,108,48,60,-7.438902253452413e-05,2.7114800737995212e-05,-2.743484020160431,-0.2750165,1.0,1.0,0.43333333333333335,1.0,True,1.5775033115922479,242,400
1,28899,vena cava,108,48,60,-7.438902253452413e-05,2.7114800737995212e-05,-2.743484020160431,-0.2750165,1.0,1.0,0.43333333333333335,1.0,True,1.5775033115922479,243,400
1,13298,given molecular,77,31,46,8.292933314580447e-05,3.158420177709718e-05,2.6256586673005446,0.333264,1.0,1.0,0.4666666666666667,1.0,True,1.5753952003803267,244,400
1,868,- offered,95,40,55,9.614562743132663e-05,3.51018703097231e-05,2.739045714173658,0.2942399,1.0,1.0,0.43333333333333335,1.0,True,1.574951285649853,245,400
1,28365,trending,90,40,50,0.00010284163253240255,3.763921754437661e-05,2.7322999584450005,0.25873303,1.0,1.0,0.43333333333333335,1.0,True,1.5710724761058752,246,400
1,8960,complexity <new,518,257,261,-8.013280450041796e-05,3.061317351998035e-05,-2.617592209057239,-0.3488057,1.0,1.0,0.4666666666666667,1.0,True,1.5705553254343434,248,400
1,8961,complexity <new note>,518,257,261,-8.013280450041796e-05,3.061317351998035e-05,-2.617592209057239,-0.3488057,1.0,1.0,0.4666666666666667,1.0,True,1.5705553254343434,247,400
1,6255,and risks,136,69,67,7.084298651099001e-05,2.8198521204781032e-05,2.512294385812638,0.1488616,1.0,1.0,0.5,1.0,True,1.5701839911328987,249,400
1,20989,of lung parenchyma,145,66,79,7.69715870193414e-05,2.9451583765551828e-05,2.6134956826794338,0.20352553,1.0,1.0,0.4666666666666667,1.0,True,1.5680974096076603,250,400
1,18481,ml s,495,240,255,6.697139531296646e-05,2.562835510020416e-05,2.6131757208418325,0.16156317,1.0,1.0,0.4666666666666667,1.0,True,1.5679054325050994,251,400
1,3025,30 s,74,33,41,9.667819540959749e-05,3.549332857348318e-05,2.723841332870231,0.2818107,1.0,1.0,0.43333333333333335,1.0,True,1.5662087664003828,252,400
1,22155,pain palpitations gastrointestinal,362,167,195,-8.341336846769342e-05,3.0668827272617846e-05,-2.7198095227517114,-0.23961544,1.0,1.0,0.43333333333333335,1.0,True,1.563890475582234,253,400
1,17199,lung no focal,113,58,55,8.369101225610144e-05,3.078326979178131e-05,2.7187174339239863,0.23573236,1.0,1.0,0.43333333333333335,1.0,True,1.563262524506292,254,400
1,27269,the first cycle,172,79,93,-8.991246694939255e-05,3.1816973424880125e-05,-2.8259277131332396,-0.26354924,1.0,1.0,0.4,1.0,True,1.5542602422232819,255,400
1,22225,palpitations or edema,106,56,50,9.190694337278652e-05,3.4299187478332254e-05,2.6795661976204737,0.32166916,1.0,1.0,0.43333333333333335,1.0,True,1.5407505636317722,256,400
1,20292,none headache,325,148,177,-8.12937855426029e-05,3.0408180128294053e-05,-2.6734183104552534,-0.19213831,1.0,1.0,0.43333333333333335,1.0,True,1.5372155285117706,257,400
1,11016,dysphagia abdominal,62,22,40,-6.92930989114899e-05,2.5954992718090812e-05,-2.6697406415834637,-0.2904856,1.0,1.0,0.43333333333333335,1.0,True,1.5351008689104915,258,400
1,26501,stk11 loss-of-function -,143,72,71,-8.132455149869381e-05,3.0467165722203858e-05,-2.669252277688112,-0.18334092,1.0,1.0,0.43333333333333335,1.0,True,1.5348200596706643,259,400
1,12793,fragments of lung,143,64,79,7.562930044607154e-05,2.9582455080587243e-05,2.556559293001391,0.18640919,1.0,1.0,0.4666666666666667,1.0,True,1.5339355758008346,260,400
1,15263,insomnia 30,117,57,60,-8.698545044111276e-05,3.265046852289007e-05,-2.6641409565112486,-0.20379977,1.0,1.0,0.43333333333333335,1.0,True,1.531881049993968,261,400
1,24715,report patient john,92,28,64,-0.0001533749926659991,6.0095872418516484e-05,-2.5521718296703164,-0.3107366,1.0,1.0,0.4666666666666667,1.0,True,1.5313030978021898,262,400
1,6932,atraumatic. - neck,195,98,97,-8.137640131855784e-05,3.055972726857567e-05,-2.662864121900609,-0.28245634,1.0,1.0,0.43333333333333335,1.0,True,1.53114687009285,265,400
1,6931,atraumatic. -,195,98,97,-8.137640131855784e-05,3.055972726857567e-05,-2.662864121900609,-0.28245634,1.0,1.0,0.43333333333333335,1.0,True,1.53114687009285,263,400
1,20441,normocephalic atraumatic. -,195,98,97,-8.137640131855784e-05,3.055972726857567e-05,-2.662864121900609,-0.28245634,1.0,1.0,0.43333333333333335,1.0,True,1.53114687009285,264,400
1,954,- predictive,55,27,28,9.6401590993757e-05,3.473719530892543e-05,2.77516909861135,0.30546033,1.0,1.0,0.4,1.0,True,1.5263430042362427,266,400
1,26129,specimen.,103,45,58,-7.005813422444545e-05,2.7546485146886592e-05,-2.543269453466505,-0.26199502,1.0,1.0,0.4666666666666667,1.0,True,1.5259616720799027,267,400
1,9372,copy-number assessment,109,62,47,-8.078976315820596e-05,3.0456890847663556e-05,-2.6525939092828836,-0.33967802,1.0,1.0,0.43333333333333335,1.0,True,1.525241497837658,268,400
1,29022,visit type established,250,114,136,8.858478686323882e-05,3.341565689739003e-05,2.6509964216851247,0.18861213,1.0,1.0,0.43333333333333335,1.0,True,1.5243229424689466,269,400
1,23113,plt 140 k,49,25,24,0.00010459059361340055,3.9516739954828685e-05,2.6467414501539688,0.3376498,1.0,1.0,0.43333333333333335,1.0,True,1.521876333838532,270,400
1,14983,indicated at this,110,52,58,7.313624683370988e-05,2.7745128614039252e-05,2.636003164775469,0.28008443,1.0,1.0,0.43333333333333335,1.0,True,1.5157018197458945,271,400
1,16944,loss-of-function tp53 r273c,137,69,68,-0.00015550023637730584,6.171562866825236e-05,-2.5196249269886803,-0.26171732,1.0,1.0,0.4666666666666667,1.0,True,1.5117749561932081,272,400
1,22378,pathogenic,750,369,381,-6.708478472189692e-05,2.4438212982408486e-05,-2.7450773413828164,-0.29064435,1.0,1.0,0.4,1.0,True,1.5097925377605492,273,400
1,20452,not applicable core,63,27,36,-6.996161510650423e-05,2.552933124838815e-05,-2.740440571114506,-0.24039796,1.0,1.0,0.4,1.0,True,1.5072423141129783,274,400
1,6495,applicable core,63,27,36,-6.996161510650423e-05,2.552933124838815e-05,-2.740440571114506,-0.24039796,1.0,1.0,0.4,1.0,True,1.5072423141129783,275,400
1,23314,potential benefit from,88,47,41,7.379193774551488e-05,2.939928237115891e-05,2.5099911220249975,0.24222077,1.0,1.0,0.4666666666666667,1.0,True,1.5059946732149985,276,400
1,14779,in feet,95,34,61,-0.00010811180739525879,4.1449997566003214e-05,-2.608246411187507,-0.20251769,1.0,1.0,0.43333333333333335,1.0,True,1.4997416864328164,277,400
1,26946,system positive,677,324,353,-5.473790204712463e-05,2.0991053213405954e-05,-2.607677732538271,-0.20727444,1.0,1.0,0.43333333333333335,1.0,True,1.4994146962095058,278,400
1,17653,masses.,592,286,306,7.256100531135267e-05,2.9066907599123456e-05,2.496344169530467,0.26300076,1.0,1.0,0.4666666666666667,1.0,True,1.4978065017182802,279,400
1,468,- fixation formalin-fixed,101,52,49,-7.593051952002623e-05,2.915322009978031e-05,-2.60453285297971,-0.30272403,1.0,1.0,0.43333333333333335,1.0,True,1.497606390463333,280,400
1,20217,nodules identified in,65,37,28,-6.567167991069559e-05,2.525738030314724e-05,-2.6000986294889996,-0.21204746,1.0,1.0,0.43333333333333335,1.0,True,1.4950567119561746,281,400
1,6193,and pembrolizumab 200,52,29,23,-8.844202540204942e-05,3.4088563333616736e-05,-2.5944779349158296,-0.2991207,1.0,1.0,0.43333333333333335,1.0,True,1.4918248125766018,282,400
1,13918,high pd-l1 expression,165,87,78,0.00013269011629784788,4.901195138166059e-05,2.7073012307667104,0.27188206,1.0,1.0,0.4,1.0,True,1.489015676921691,283,400
1,6798,at 3,539,251,288,6.754255664286917e-05,2.611568697377608e-05,2.5862829766144633,0.24412468,1.0,1.0,0.43333333333333335,1.0,True,1.4871127115533163,284,400
1,11989,fatigue no fever,99,48,51,-6.767961343622169e-05,2.61878322065503e-05,-2.584391594631233,-0.18855093,1.0,1.0,0.43333333333333335,1.0,True,1.4860251669129587,285,400
1,24378,recist criteria,170,89,81,9.492804070349473e-05,3.525607497239082e-05,2.6925300328477655,0.2945388,1.0,1.0,0.4,1.0,True,1.4808915180662712,286,400
1,1364,--- signature date,65,27,38,-6.454580605522509e-05,2.6162891595781825e-05,-2.467074628158901,-0.23471013,1.0,1.0,0.4666666666666667,1.0,True,1.4802447768953406,287,400
1,5464,alcohol 1-2,540,266,274,-7.358564233846021e-05,2.7347350940085356e-05,-2.69077771004867,-0.20168944,1.0,1.0,0.4,1.0,True,1.4799277405267686,288,400
1,7211,benefits and risks,121,62,59,6.83154611456532e-05,2.7893915077545038e-05,2.4491169832465727,0.15170267,1.0,1.0,0.4666666666666667,1.0,True,1.4694701899479437,289,400
1,22680,pelvis performed 2,156,62,94,-8.46433860777614e-05,3.168450603420306e-05,-2.6714440801567125,-0.26739687,1.0,1.0,0.4,1.0,True,1.469294244086192,290,400
1,1646,. physical,215,106,109,8.603044210156463e-05,3.369433931066443e-05,2.5532609886888493,0.2750883,1.0,1.0,0.43333333333333335,1.0,True,1.4681250684960883,291,400
1,26677,superior vena cava,107,48,59,-7.211393774374044e-05,2.708991076293898e-05,-2.662021974704977,-0.26105675,1.0,1.0,0.4,1.0,True,1.4641120860877375,292,400
1,29469,whichever,76,35,41,-8.290958792390982e-05,2.979476923221206e-05,-2.7826893800631844,-0.29088995,1.0,1.0,0.36666666666666664,1.0,True,1.4609119245331716,293,400
1,23045,planned,461,225,236,8.827630785879628e-05,3.337691564045799e-05,2.6448312003938352,0.22934563,1.0,1.0,0.4,1.0,True,1.4546571602166094,294,400
1,3931,70 100 instrument,176,88,88,-7.039614661620732e-05,2.789587295449532e-05,-2.5235326648870195,-0.2988967,1.0,1.0,0.43333333333333335,1.0,True,1.4510312823100362,295,400
1,18828,mucosa moist.,66,30,36,7.195269635547402e-05,2.8578102698010672e-05,2.517756238607214,0.31887814,1.0,1.0,0.43333333333333335,1.0,True,1.447709837199148,296,400
1,21797,oral mucosa moist.,65,29,36,7.208795229744322e-05,2.870763956393644e-05,2.5111069176165453,0.32134607,1.0,1.0,0.43333333333333335,1.0,True,1.4438864776295135,297,400
1,10865,dob sex,67,45,22,-7.05726824728355e-05,2.818465183178545e-05,-2.503940190357315,-0.1958123,1.0,1.0,0.43333333333333335,1.0,True,1.4397656094554558,298,400
1,17889,mediastinum hilar,528,262,266,-6.671507545286869e-05,2.6675622546450563e-05,-2.5009753881731145,-0.22838165,1.0,1.0,0.43333333333333335,1.0,True,1.4380608481995407,299,400
1,24451,redacted referring physician,141,66,75,8.058434678501643e-05,3.082142608803643e-05,2.614556073909113,0.34235775,1.0,1.0,0.4,1.0,True,1.4380058406500122,300,400
1,24450,redacted referring,141,66,75,8.058434678501643e-05,3.082142608803643e-05,2.614556073909113,0.34235775,1.0,1.0,0.4,1.0,True,1.4380058406500122,301,400
1,8064,cell-cycle progression.,90,40,50,-6.986527483888843e-05,2.6726455193715425e-05,-2.614086841389907,-0.20509386,1.0,1.0,0.4,1.0,True,1.437747762764449,302,400
1,21925,other no abnormal,82,41,41,-5.6701297547590995e-05,2.366786859305012e-05,-2.395707806331191,-0.17778915,1.0,1.0,0.4666666666666667,1.0,True,1.4374246837987146,303,400
1,2288,13.2 g,462,238,224,-9.457884687724714e-05,3.620253647714018e-05,-2.6124922748705255,-0.16976753,1.0,1.0,0.4,1.0,True,1.436870751178789,304,400
1,17855,mediastinal mass,79,39,40,7.147826473194899e-05,2.868167336177818e-05,2.4921232394760646,0.27267876,1.0,1.0,0.43333333333333335,1.0,True,1.432970862698737,305,400
1,1647,. physical examination,208,102,106,8.858351765700831e-05,3.406158571532681e-05,2.600686838168784,0.27909604,1.0,1.0,0.4,1.0,True,1.4303777609928314,306,400
1,20404,normal hgb 13.2,430,219,211,-5.97296416277237e-05,2.318725559360552e-05,-2.5759685697429275,-0.16182832,1.0,1.0,0.4,1.0,True,1.4167827133586102,307,400
1,986,- pulmonary nodules,57,31,26,-7.490982218411472e-05,2.776338201647634e-05,-2.698151908858188,-0.26621032,1.0,1.0,0.36666666666666664,1.0,True,1.4165297521505484,308,400
1,23840,proportion score <1,104,48,56,-0.00010186054936623091,3.7982638845934815e-05,-2.6817659978654373,-0.28796306,1.0,1.0,0.36666666666666664,1.0,True,1.4079271488793543,310,400
1,25410,score <1,104,48,56,-0.00010186054936623091,3.7982638845934815e-05,-2.6817659978654373,-0.28796306,1.0,1.0,0.36666666666666664,1.0,True,1.4079271488793543,309,400
1,9795,cytopenias,323,167,156,-0.00010053098009880863,3.752671119270092e-05,-2.6789179468080397,-0.21060964,1.0,1.0,0.36666666666666664,1.0,True,1.4064319220742205,311,400
1,23896,psychiatric mild,118,47,71,-7.965235564631677e-05,2.9795656082846713e-05,-2.673287523014888,-0.26148096,1.0,1.0,0.36666666666666664,1.0,True,1.403475949582816,312,400
1,8061,cell lung carcinoma,612,307,305,6.843560125337922e-05,2.6844476108579603e-05,2.549336443615933,0.23100193,1.0,1.0,0.4,1.0,True,1.4021350439887634,313,400
1,29543,windows -,51,26,25,0.00010676423704374651,4.198952191879257e-05,2.542639976950149,0.27227032,1.0,1.0,0.4,1.0,True,1.398451987322582,314,400
1,23867,provide patient with,135,66,69,-7.47286120264271e-05,2.939364857387975e-05,-2.542338758613098,-0.19092022,1.0,1.0,0.4,1.0,True,1.398286317237204,315,400
1,14992,indication -,153,70,83,7.769542863648534e-05,3.063099880157013e-05,2.5364967410890538,0.21478768,1.0,1.0,0.4,1.0,True,1.3950732075989798,316,400
1,18413,minutes post-injection. low-dose,87,45,42,-6.378951981967601e-05,2.6308064087168077e-05,-2.4247135634274875,-0.20249249,1.0,1.0,0.43333333333333335,1.0,True,1.3942102989708052,317,400
1,25500,seizures dermatologic none,96,48,48,-7.014626756593603e-05,2.6487016556483187e-05,-2.6483264891819775,-0.32832703,1.0,1.0,0.36666666666666664,1.0,True,1.390371406820538,318,400
1,1920,1.0 cm 0.9,82,42,40,-6.961485392625255e-05,2.640677823785151e-05,-2.63624942426587,-0.28379792,1.0,1.0,0.36666666666666664,1.0,True,1.3840309477395814,319,400
1,27244,the cores,119,59,60,6.957020154714177e-05,2.7676565981485404e-05,2.513686184683521,0.15485601,1.0,1.0,0.4,1.0,True,1.3825274015759366,320,400
1,24015,q4h,88,35,53,-6.946846547298944e-05,2.7643686615298698e-05,-2.5129956955359156,-0.23634581,1.0,1.0,0.4,1.0,True,1.3821476325447537,321,400
1,367,- cytology,90,45,45,-7.64919831033106e-05,2.908188789324929e-05,-2.6302275623951674,-0.30737665,1.0,1.0,0.36666666666666664,1.0,True,1.3808694702574627,322,400
1,16264,labs earlier if,61,30,31,6.538038823977621e-05,2.6177695311986888e-05,2.4975608991001677,0.31161195,1.0,1.0,0.4,1.0,True,1.3736584945050923,323,400
1,2289,13.2 g dl,462,238,224,-9.420179173002245e-05,3.618801250314681e-05,-2.603121454150899,-0.16799481,1.0,1.0,0.36666666666666664,1.0,True,1.3666387634292216,324,400
1,5952,and copy-number,71,36,35,-6.946973262656907e-05,2.549322284610337e-05,-2.72502747282843,-0.19854446,1.0,1.0,0.3333333333333333,1.0,True,1.362513736414215,325,400
1,244,- bp 128,146,52,94,8.771000335506617e-05,3.381797655041678e-05,2.593591110464745,0.4385979,1.0,1.0,0.36666666666666664,1.0,True,1.3616353329939908,326,400
1,11364,elsewhere in the,81,37,44,-5.916733666721235e-05,2.282540403887016e-05,-2.592170397792489,-0.15742424,1.0,1.0,0.36666666666666664,1.0,True,1.3608894588410565,327,400
1,11363,elsewhere in,82,38,44,-5.908772554740283e-05,2.281095043680386e-05,-2.590322823728947,-0.15501758,1.0,1.0,0.36666666666666664,1.0,True,1.3599194824576968,328,400
1,2815,3 nad in,115,59,56,8.86492721957624e-05,3.591763896057491e-05,2.4681263791606267,0.21600853,1.0,1.0,0.4,1.0,True,1.3574695085383448,329,400
1,16388,lepidic-type growth,67,34,33,-6.354983041530698e-05,2.5772012638276713e-05,-2.4658466262321506,-0.24945873,1.0,1.0,0.4,1.0,True,1.356215644427683,330,400
1,14878,in the emr.,63,31,32,-6.808713173102215e-05,2.6389782330129458e-05,-2.5800565870255947,-0.19602753,1.0,1.0,0.36666666666666664,1.0,True,1.354529708188437,331,400
1,13020,g sc on,56,31,25,-6.0423027332925806e-05,2.4549456492809866e-05,-2.461277598981579,-0.22118929,1.0,1.0,0.4,1.0,True,1.3537026794398686,332,400
1,19152,necrosis is identified.,208,112,96,-7.617193821486082e-05,2.955335837189604e-05,-2.5774376386034366,-0.305404,1.0,1.0,0.36666666666666664,1.0,True,1.353154760266804,333,400
1,18132,metastatic nsclc adenocarcinoma,267,121,146,0.00011833660792024501,4.37443470499078e-05,2.705186290361932,0.3132281,1.0,1.0,0.3333333333333333,1.0,True,1.352593145180966,334,400
1,25202,robust,94,39,55,7.476711125565619e-05,2.9047712465226567e-05,2.573941453915208,0.25771686,1.0,1.0,0.36666666666666664,1.0,True,1.351319263305484,335,400
1,4780,actionable alteration,95,42,53,-8.742723811868398e-05,3.399429456674583e-05,-2.571820925626965,-0.34388432,1.0,1.0,0.36666666666666664,1.0,True,1.3502059859541564,336,400
1,760,- neurologic peripheral,127,73,54,7.424348602764748e-05,2.8868875690325017e-05,2.5717484402251625,0.2986822,1.0,1.0,0.36666666666666664,1.0,True,1.35016793111821,337,400
1,18734,mother deceased breast,75,39,36,-7.609947434054204e-05,2.9607089855624504e-05,-2.5703125403959723,-0.28804734,1.0,1.0,0.36666666666666664,1.0,True,1.3494140837078852,338,400
1,6030,and hilar nodes,88,45,43,-6.372976279680966e-05,2.7237700460582407e-05,-2.3397629652707828,-0.19583675,1.0,1.0,0.43333333333333335,1.0,True,1.3453637050307,339,400
1,14632,immunotherapy-containing,58,29,29,-5.971288497888062e-05,2.3353592579637942e-05,-2.556903601673022,-0.21200769,1.0,1.0,0.36666666666666664,1.0,True,1.3423743908783365,340,400
1,13807,hepatic metastasis in,135,61,74,9.216449531517154e-05,3.6076611277423215e-05,2.554688260669543,0.19109829,1.0,1.0,0.36666666666666664,1.0,True,1.3412113368515097,341,400
1,24897,response to current,61,26,35,-6.50438596425595e-05,2.5472785445481038e-05,-2.5534647469854344,-0.25603756,1.0,1.0,0.36666666666666664,1.0,True,1.3405689921673527,342,400
1,242,- bp,247,113,134,7.980758910180217e-05,3.1280983348142895e-05,2.551313307947534,0.3525142,1.0,1.0,0.36666666666666664,1.0,True,1.3394394866724553,343,400
1,10340,diagnosed at 68,87,35,52,8.675794745247885e-05,3.567718545969263e-05,2.4317486464983693,0.20915589,1.0,1.0,0.4,1.0,True,1.3374617555741033,344,400
1,4643,abdominal metastatic,105,48,57,9.00007726272122e-05,3.368385805586844e-05,2.6719258963131796,0.28325477,1.0,1.0,0.3333333333333333,1.0,True,1.3359629481565898,345,400
1,17927,medications - none,93,60,33,-4.974989464575433e-05,1.9566178756693738e-05,-2.5426474563273893,-0.14764825,1.0,1.0,0.36666666666666664,1.0,True,1.334889914571879,346,400
1,918,- pd-l1 tumor,154,81,73,-6.703232229812869e-05,2.887514842185605e-05,-2.321453774671886,-0.18331929,1.0,1.0,0.43333333333333335,1.0,True,1.3348359204363345,347,400
1,15586,is based,148,82,66,-7.140790995619521e-05,2.81197068940887e-05,-2.5394258277708617,-0.23983075,1.0,1.0,0.36666666666666664,1.0,True,1.3331985595797022,349,400
1,15587,is based on,148,82,66,-7.140790995619521e-05,2.81197068940887e-05,-2.5394258277708617,-0.23983075,1.0,1.0,0.36666666666666664,1.0,True,1.3331985595797022,348,400
1,26962,systemic therapy options,413,184,229,7.538197969509129e-05,2.9699605808281207e-05,2.538147481879115,0.22559676,1.0,1.0,0.36666666666666664,1.0,True,1.3325274279865353,350,400
1,6799,at 3 ml,537,250,287,6.534061477903838e-05,2.5849044179530032e-05,2.527776823205784,0.2313529,1.0,1.0,0.36666666666666664,1.0,True,1.3270828321830364,351,400
1,2623,2.5 mg,86,40,46,-6.499316599188101e-05,2.573762537389784e-05,-2.5252199862149953,-0.20390135,1.0,1.0,0.36666666666666664,1.0,True,1.3257404927628724,352,400
1,25411,score <1 %,63,34,29,-9.446697443676408e-05,3.3881243194726926e-05,-2.7881791082408203,-0.28571138,1.0,1.0,0.3,1.0,True,1.3243850764143896,353,400
1,17359,m with,73,38,35,-6.517543516681228e-05,2.5854152536537356e-05,-2.5208884752538565,-0.25652263,1.0,1.0,0.36666666666666664,1.0,True,1.3234664495082744,354,400
1,18070,metastasis with,85,40,45,-7.895219329908153e-05,3.135064376129386e-05,-2.5183595558748144,-0.24701248,1.0,1.0,0.36666666666666664,1.0,True,1.3221387668342774,355,400
1,29877,without focal,92,53,39,8.672823562052412e-05,3.28314778271014e-05,2.641618390657169,0.25636008,1.0,1.0,0.3333333333333333,1.0,True,1.3208091953285845,356,400
1,7482,braf no,468,225,243,-5.582842144656354e-05,2.229068847971365e-05,-2.5045624542899145,-0.2615298,1.0,1.0,0.36666666666666664,1.0,True,1.314895288502205,357,400
1,21174,offer early,108,42,66,-7.507903533602654e-05,2.860433641852793e-05,-2.624743124171742,-0.14833647,1.0,1.0,0.3333333333333333,1.0,True,1.312371562085871,358,400
1,27424,the primary,540,268,272,-8.331538869776318e-05,3.017881531340205e-05,-2.760724297244492,-0.23207124,1.0,1.0,0.3,1.0,True,1.3113440411911337,359,400
1,12583,for eligibility,109,57,52,8.130953052917984e-05,3.2564534033836984e-05,2.4968737597993313,0.27320635,1.0,1.0,0.36666666666666664,1.0,True,1.3108587238946487,360,400
1,19543,ng ml <=3.0,203,90,113,8.46260166259841e-05,3.4013983150583434e-05,2.487977260744087,0.3194569,1.0,1.0,0.36666666666666664,1.0,True,1.3061880618906454,362,400
1,18456,ml <=3.0,203,90,113,8.46260166259841e-05,3.4013983150583434e-05,2.487977260744087,0.3194569,1.0,1.0,0.36666666666666664,1.0,True,1.3061880618906454,361,400
1,15046,infiltrated,155,66,89,7.424355161280518e-05,2.9925086205137066e-05,2.480980375590705,0.25669834,1.0,1.0,0.36666666666666664,1.0,True,1.3025146971851198,364,400
1,15047,infiltrated by,155,66,89,7.424355161280518e-05,2.9925086205137066e-05,2.480980375590705,0.25669834,1.0,1.0,0.36666666666666664,1.0,True,1.3025146971851198,363,400
1,5583,allergies nkda social,208,101,107,-7.715703595135006e-05,2.9618638868125672e-05,-2.6050162634037584,-0.1823321,1.0,1.0,0.3333333333333333,1.0,True,1.3025081317018792,365,400
1,20286,none dysuria,344,165,179,-8.100394840051903e-05,3.1179898542376e-05,-2.597954200858868,-0.2616622,1.0,1.0,0.3333333333333333,1.0,True,1.298977100429434,366,400
1,18795,mrn dob sex,67,45,22,-6.935485149561108e-05,2.8083191456516428e-05,-2.469621431844705,-0.19957574,1.0,1.0,0.36666666666666664,1.0,True,1.2965512517184699,367,400
1,27561,therapy initiation.,120,62,58,-7.833242254211825e-05,3.0269488686742627e-05,-2.5878343487323634,-0.24413614,1.0,1.0,0.3333333333333333,1.0,True,1.2939171743661817,368,400
1,19654,no additional pathogenic,81,37,44,-6.933684057009434e-05,2.8164194596170402e-05,-2.461879047644499,-0.26120853,1.0,1.0,0.36666666666666664,1.0,True,1.2924865000133618,370,400
1,4907,additional pathogenic,81,37,44,-6.933684057009434e-05,2.8164194596170402e-05,-2.461879047644499,-0.26120853,1.0,1.0,0.36666666666666664,1.0,True,1.2924865000133618,369,400
1,16640,lisinopril - no,81,59,22,-6.852331313169614e-05,2.6558097470378593e-05,-2.580128836718187,-0.14924854,1.0,1.0,0.3333333333333333,1.0,True,1.2900644183590935,371,400
1,12347,first-line platinum-based,156,66,90,0.00011346082058910256,4.641795437189322e-05,2.4443304778162482,0.28785723,1.0,1.0,0.36666666666666664,1.0,True,1.28327350085353,372,400
1,6098,and maintain,84,43,41,7.596666808799297e-05,2.9655084967865487e-05,2.561674268352666,0.25114068,1.0,1.0,0.3333333333333333,1.0,True,1.280837134176333,373,400
1,11453,endobronchial,318,156,162,8.527035733230334e-05,3.329009844634896e-05,2.561433017980613,0.358191,1.0,1.0,0.3333333333333333,1.0,True,1.2807165089903065,374,400
1,23744,progression depression,104,43,61,-7.346812671754139e-05,2.873073673709889e-05,-2.557126445792629,-0.2697159,1.0,1.0,0.3333333333333333,1.0,True,1.2785632228963144,375,400
1,24358,recent travel.,82,52,30,-5.7381440755312766e-05,2.3587458332800037e-05,-2.432709787790904,-0.20597431,1.0,1.0,0.36666666666666664,1.0,True,1.2771726385902245,376,400
1,27171,testing.,180,87,93,9.178216552998823e-05,3.4408021068176405e-05,2.6674642330673453,0.2564532,1.0,1.0,0.3,1.0,True,1.267045510706989,377,400
1,11493,enlarged lymph,198,103,95,8.531564297271254e-05,3.374966930069296e-05,2.527895672475843,0.2258251,1.0,1.0,0.3333333333333333,1.0,True,1.2639478362379215,378,400
1,25697,show mild,80,45,35,-7.421799188374232e-05,2.7962022214879795e-05,-2.6542426478814445,-0.21616282,1.0,1.0,0.3,1.0,True,1.260765257743686,379,400
1,29638,with differential and,161,81,80,-7.308475946369332e-05,2.90020693499083e-05,-2.519984301186577,-0.19682245,1.0,1.0,0.3333333333333333,1.0,True,1.2599921505932885,380,400
1,27557,therapy for metastatic,93,46,47,-6.955680252505936e-05,2.766564371632192e-05,-2.5141942561785715,-0.28405747,1.0,1.0,0.3333333333333333,1.0,True,1.2570971280892858,381,400
1,3618,55-year-old male,60,50,10,-8.850154696425553e-05,3.52455815219113e-05,-2.510996929054393,-0.22809039,1.0,1.0,0.3333333333333333,1.0,True,1.2554984645271965,382,400
1,12802,free,294,144,150,9.569950926338066e-05,3.813999951394507e-05,2.509163882615945,0.33134794,1.0,1.0,0.3333333333333333,1.0,True,1.2545819413079724,383,400
1,14310,identified. 4.,90,44,46,7.179567317611244e-05,2.863707906630875e-05,2.5070878566166117,0.21904671,1.0,1.0,0.3333333333333333,1.0,True,1.2535439283083059,384,400
1,6394,antineoplastic immunotherapy procedure,54,22,32,8.437729079332529e-05,3.1989200342004984e-05,2.637680526278413,0.23139176,1.0,1.0,0.3,1.0,True,1.252898249982246,385,400
1,10431,differential and,162,81,81,-7.246935485544356e-05,2.8947620808606768e-05,-2.5034649767796053,-0.19645624,1.0,1.0,0.3333333333333333,1.0,True,1.2517324883898027,386,400
1,10860,dob,488,237,251,-7.005380224910104e-05,2.9406589150471873e-05,-2.382248478075429,-0.24493879,1.0,1.0,0.36666666666666664,1.0,True,1.2506804509896001,387,400
1,14463,illness john,91,28,63,-0.0001432084963279807,6.0250438246027176e-05,-2.376887214383435,-0.29138887,1.0,1.0,0.36666666666666664,1.0,True,1.247865787551303,388,400
1,23431,present illness john,91,28,63,-0.0001432084963279807,6.0250438246027176e-05,-2.376887214383435,-0.29138887,1.0,1.0,0.36666666666666664,1.0,True,1.247865787551303,389,400
1,2258,120 ml at,250,123,127,7.422228768512274e-05,2.9786564808828782e-05,2.491804213123735,0.25993925,1.0,1.0,0.3333333333333333,1.0,True,1.2459021065618674,390,400
1,24825,resolution,206,109,97,9.351057657089533e-05,3.770003551631611e-05,2.480384309728968,0.19679685,1.0,1.0,0.3333333333333333,1.0,True,1.240192154864484,391,400
1,28864,values are,173,81,92,-7.321821489836533e-05,2.9563419479064475e-05,-2.476649054424008,-0.24606852,1.0,1.0,0.3333333333333333,1.0,True,1.238324527212004,392,400
1,26719,supportive care continue,212,109,103,-7.584695583871997e-05,3.0652692277299014e-05,-2.474397849055864,-0.16123264,1.0,1.0,0.3333333333333333,1.0,True,1.237198924527932,393,400
1,15647,is seen,145,76,69,-7.669729901624793e-05,3.110265562151537e-05,-2.465940527701831,-0.2260104,1.0,1.0,0.3333333333333333,1.0,True,1.2329702638509155,394,400
1,25868,size to,112,51,61,7.220700064328003e-05,2.9289715237889826e-05,2.4652681003150025,0.40032947,1.0,1.0,0.3333333333333333,1.0,True,1.2326340501575013,395,400
1,7619,but he,66,36,30,7.540519771916783e-05,2.924637481686928e-05,2.5782750235312646,0.27506343,1.0,1.0,0.3,1.0,True,1.2246806361773506,396,400
1,6256,and risks of,103,57,46,6.707475551514809e-05,2.7420526697994685e-05,2.4461512447918583,0.1626496,1.0,1.0,0.3333333333333333,1.0,True,1.2230756223959292,397,400
1,24016,q4h prn,85,34,51,-6.817616896833038e-05,2.7880428228937246e-05,-2.445305660605671,-0.2395637,1.0,1.0,0.3333333333333333,1.0,True,1.2226528303028354,398,400
1,3673,6-8 weeks to,123,57,66,-8.246532319032446e-05,3.204299744067264e-05,-2.573583302966845,-0.23304395,1.0,1.0,0.3,1.0,True,1.2224520689092513,399,400
1,14526,imaging demonstrates a,75,30,45,-5.728725673000687e-05,2.343433247555524e-05,-2.444586667436088,-0.21982096,1.0,1.0,0.3333333333333333,1.0,True,1.222293333718044,400,400
2,5854,anc <1.0,147,71,76,-0.00011470461998921733,3.06130077645064e-05,-3.7469242118119856,-0.3164556,1.0,1.0,1.0,1.0,True,3.7469242118119856,1,25
2,31,% low,196,95,101,-0.00013882564541625896,3.7344666275226065e-05,-3.7174156114591916,-0.4055187,1.0,1.0,1.0,1.0,True,3.7174156114591916,2,25
2,24282,reasonable,85,33,52,-9.666441838260738e-05,2.6106331386579907e-05,-3.7027193500002156,-0.39478582,1.0,1.0,1.0,1.0,True,3.7027193500002156,3,25
2,7765,canal,47,19,28,0.00013377837457564598,3.6686574257817636e-05,3.6465213032840973,0.38218904,1.0,1.0,1.0,1.0,True,3.6465213032840973,4,25
2,15873,kidneys,734,355,379,7.304479509517638e-05,1.9210202831437292e-05,3.8023958276817025,0.3482659,1.0,1.0,0.9333333333333333,1.0,True,3.6122760362976174,5,25
2,17167,lung no,203,103,100,0.00012141779864183361,3.370734907391142e-05,3.6021165110194833,0.30476743,1.0,1.0,1.0,1.0,True,3.6021165110194833,6,25
2,16450,lesions identified. overall,126,71,55,-0.00011766575796803157,3.192674466859053e-05,-3.685491871765771,-0.3508499,1.0,1.0,0.9666666666666667,1.0,True,3.5933545749716265,7,25
2,13902,high pd-l1 expression,160,79,81,0.00019728097472559872,5.44684866466923e-05,3.6219286943889966,0.4187591,1.0,1.0,0.9666666666666667,1.0,True,3.5313804770292716,8,25
2,3636,55.,106,60,46,0.00011123832944811108,3.178509183536424e-05,3.4997013701985535,0.27428967,1.0,1.0,1.0,1.0,True,3.4997013701985535,9,25
2,16965,low pd-l1 expression,318,143,175,-0.00016139449268631208,4.5170228994628614e-05,-3.573027993847545,-0.38509196,1.0,1.0,0.9666666666666667,1.0,True,3.4837022940013562,10,25
2,13901,high pd-l1,189,97,92,0.00021385763301514472,5.989064545884322e-05,3.570801940381615,0.4261646,1.0,1.0,0.9666666666666667,1.0,True,3.481531891872075,11,25
2,15157,initial oncology,148,78,70,-0.0001029532627519686,2.980054681211013e-05,-3.4547440824183533,-0.2825953,1.0,1.0,0.9666666666666667,1.0,True,3.3683754803578942,12,25
2,6605,are seen in,73,36,37,-9.093099086223659e-05,2.6701045775656605e-05,-3.4055217022675026,-0.35517702,1.0,1.0,0.9333333333333333,1.0,True,3.2352456171541273,13,25
2,28037,to obtain,95,51,44,-9.404647016160943e-05,2.6935125696781077e-05,-3.491592028206076,-0.26920483,1.0,1.0,0.9,1.0,True,3.2297226260906204,14,25
2,708,- metastatic,374,183,191,0.00011177544550101847,3.315866940654438e-05,3.3709267440917836,0.46406862,1.0,1.0,0.9333333333333333,1.0,True,3.2023804068871944,15,25
2,22583,pd-l1 <1,161,73,88,-0.00015001938679919815,4.275185067448227e-05,-3.5090735121963212,-0.35847542,1.0,1.0,0.8333333333333334,1.0,True,3.0704393231717813,16,25
2,21633,or masses.,198,94,104,0.00010402751807022143,3.220706112979653e-05,3.2299599659523057,0.2775994,1.0,1.0,0.9333333333333333,1.0,True,3.0684619676546903,17,25
2,28076,to reduced,144,74,70,9.423522018142281e-05,2.868018851888922e-05,3.285725270576866,0.32737964,1.0,1.0,0.9,1.0,True,3.0392958752836012,18,25
2,19242,neurologic symptoms or,104,49,55,-9.492329114959551e-05,2.941162405398172e-05,-3.227407333079415,-0.27269778,1.0,1.0,0.9,1.0,True,2.985351783098459,19,25
2,11589,erythema over,43,24,19,-8.004816198624853e-05,2.4962609195988515e-05,-3.206722556835615,-0.277059,1.0,1.0,0.9,1.0,True,2.966218365072944,20,25
2,22585,pd-l1 <1 %.,101,41,60,-0.00011023027017240849,3.271683305796941e-05,-3.3692218918957306,-0.31921753,1.0,1.0,0.8,1.0,True,2.8638386081113714,21,25
2,15643,is within,69,33,36,-8.23174154740737e-05,2.5895827575884956e-05,-3.178790684825627,-0.3050302,1.0,1.0,0.8666666666666667,1.0,True,2.8609116163430643,22,25
2,5855,anc <1.0 k,131,64,67,-9.595099916026665e-05,2.941754345754513e-05,-3.2616931219542993,-0.2978616,1.0,1.0,0.8333333333333334,1.0,True,2.853981481710012,23,25
2,8539,clinician,69,31,38,9.477602239411272e-05,3.023863377673447e-05,3.1342693288951815,0.45704734,1.0,1.0,0.8666666666666667,1.0,True,2.820842396005663,24,25
2,11568,epidural,105,50,55,0.00012793245082863867,4.116039546901787e-05,3.10814435504964,0.33422196,1.0,1.0,0.8666666666666667,1.0,True,2.7973299195446764,25,25
2,5854,anc <1.0,147,71,76,-0.00011470461998921733,3.06130077645064e-05,-3.7469242118119856,-0.3164556,1.0,1.0,1.0,1.0,True,3.7469242118119856,1,50
2,31,% low,196,95,101,-0.00013882564541625896,3.7344666275226065e-05,-3.7174156114591916,-0.4055187,1.0,1.0,1.0,1.0,True,3.7174156114591916,2,50
2,24282,reasonable,85,33,52,-9.666441838260738e-05,2.6106331386579907e-05,-3.7027193500002156,-0.39478582,1.0,1.0,1.0,1.0,True,3.7027193500002156,3,50
2,7765,canal,47,19,28,0.00013377837457564598,3.6686574257817636e-05,3.6465213032840973,0.38218904,1.0,1.0,1.0,1.0,True,3.6465213032840973,4,50
2,15873,kidneys,734,355,379,7.304479509517638e-05,1.9210202831437292e-05,3.8023958276817025,0.3482659,1.0,1.0,0.9333333333333333,1.0,True,3.6122760362976174,5,50
2,17167,lung no,203,103,100,0.00012141779864183361,3.370734907391142e-05,3.6021165110194833,0.30476743,1.0,1.0,1.0,1.0,True,3.6021165110194833,6,50
2,16450,lesions identified. overall,126,71,55,-0.00011766575796803157,3.192674466859053e-05,-3.685491871765771,-0.3508499,1.0,1.0,0.9666666666666667,1.0,True,3.5933545749716265,7,50
2,13902,high pd-l1 expression,160,79,81,0.00019728097472559872,5.44684866466923e-05,3.6219286943889966,0.4187591,1.0,1.0,0.9666666666666667,1.0,True,3.5313804770292716,8,50
2,3636,55.,106,60,46,0.00011123832944811108,3.178509183536424e-05,3.4997013701985535,0.27428967,1.0,1.0,1.0,1.0,True,3.4997013701985535,9,50
2,16965,low pd-l1 expression,318,143,175,-0.00016139449268631208,4.5170228994628614e-05,-3.573027993847545,-0.38509196,1.0,1.0,0.9666666666666667,1.0,True,3.4837022940013562,10,50
2,13901,high pd-l1,189,97,92,0.00021385763301514472,5.989064545884322e-05,3.570801940381615,0.4261646,1.0,1.0,0.9666666666666667,1.0,True,3.481531891872075,11,50
2,15157,initial oncology,148,78,70,-0.0001029532627519686,2.980054681211013e-05,-3.4547440824183533,-0.2825953,1.0,1.0,0.9666666666666667,1.0,True,3.3683754803578942,12,50
2,6605,are seen in,73,36,37,-9.093099086223659e-05,2.6701045775656605e-05,-3.4055217022675026,-0.35517702,1.0,1.0,0.9333333333333333,1.0,True,3.2352456171541273,13,50
2,28037,to obtain,95,51,44,-9.404647016160943e-05,2.6935125696781077e-05,-3.491592028206076,-0.26920483,1.0,1.0,0.9,1.0,True,3.2297226260906204,14,50
2,708,- metastatic,374,183,191,0.00011177544550101847,3.315866940654438e-05,3.3709267440917836,0.46406862,1.0,1.0,0.9333333333333333,1.0,True,3.2023804068871944,15,50
2,22583,pd-l1 <1,161,73,88,-0.00015001938679919815,4.275185067448227e-05,-3.5090735121963212,-0.35847542,1.0,1.0,0.8333333333333334,1.0,True,3.0704393231717813,16,50
2,21633,or masses.,198,94,104,0.00010402751807022143,3.220706112979653e-05,3.2299599659523057,0.2775994,1.0,1.0,0.9333333333333333,1.0,True,3.0684619676546903,17,50
2,28076,to reduced,144,74,70,9.423522018142281e-05,2.868018851888922e-05,3.285725270576866,0.32737964,1.0,1.0,0.9,1.0,True,3.0392958752836012,18,50
2,19242,neurologic symptoms or,104,49,55,-9.492329114959551e-05,2.941162405398172e-05,-3.227407333079415,-0.27269778,1.0,1.0,0.9,1.0,True,2.985351783098459,19,50
2,11589,erythema over,43,24,19,-8.004816198624853e-05,2.4962609195988515e-05,-3.206722556835615,-0.277059,1.0,1.0,0.9,1.0,True,2.966218365072944,20,50
2,22585,pd-l1 <1 %.,101,41,60,-0.00011023027017240849,3.271683305796941e-05,-3.3692218918957306,-0.31921753,1.0,1.0,0.8,1.0,True,2.8638386081113714,21,50
2,15643,is within,69,33,36,-8.23174154740737e-05,2.5895827575884956e-05,-3.178790684825627,-0.3050302,1.0,1.0,0.8666666666666667,1.0,True,2.8609116163430643,22,50
2,5855,anc <1.0 k,131,64,67,-9.595099916026665e-05,2.941754345754513e-05,-3.2616931219542993,-0.2978616,1.0,1.0,0.8333333333333334,1.0,True,2.853981481710012,23,50
2,8539,clinician,69,31,38,9.477602239411272e-05,3.023863377673447e-05,3.1342693288951815,0.45704734,1.0,1.0,0.8666666666666667,1.0,True,2.820842396005663,24,50
2,11568,epidural,105,50,55,0.00012793245082863867,4.116039546901787e-05,3.10814435504964,0.33422196,1.0,1.0,0.8666666666666667,1.0,True,2.7973299195446764,25,50
2,14320,if anc <1.0,93,43,50,-9.059962269758645e-05,2.8496010767446403e-05,-3.179379157207741,-0.25824332,1.0,1.0,0.8333333333333334,1.0,True,2.7819567625567734,26,50
2,20907,of first-line carboplatin,174,79,95,-0.00011777824916613974,3.7230843469763606e-05,-3.1634590621561216,-0.3273895,1.0,1.0,0.8333333333333334,1.0,True,2.7680266793866064,27,50
2,13623,he reports increasing,64,32,32,-9.944901611889245e-05,3.186639733201098e-05,-3.120811401513287,-0.3595888,1.0,1.0,0.8333333333333334,1.0,True,2.730709976324126,28,50
2,27343,the limited upper,69,30,39,-8.782947517562541e-05,2.6550612041401574e-05,-3.3080019036347985,-0.35220167,1.0,1.0,0.7666666666666667,1.0,True,2.729101570498709,29,50
2,3619,55 emotional,82,42,40,0.00011512695636533734,3.743135892528474e-05,3.075681986196059,0.31562054,1.0,1.0,0.8333333333333334,1.0,True,2.6912217379215515,30,50
2,16096,l anc 1.2,59,37,22,-7.906765650451329e-05,2.5727171409532614e-05,-3.073313239372152,-0.36096442,1.0,1.0,0.8333333333333334,1.0,True,2.689149084450633,31,50
2,28265,tps >=,72,39,33,8.677561482012723e-05,2.8344868266732823e-05,3.0614224064668565,0.24229412,1.0,1.0,0.8333333333333334,1.0,True,2.6787446056584994,32,50
2,24740,reports increasing fatigue,91,39,52,-0.00010304928297059873,3.39932322484216e-05,-3.031464681484756,-0.34387735,1.0,1.0,0.8333333333333334,1.0,True,2.6525315962991614,33,50
2,7944,cava,106,55,51,-9.645783774231233e-05,3.109112615197562e-05,-3.102423414025584,-0.3734633,1.0,1.0,0.8,1.0,True,2.6370599019217464,34,50
2,28900,vena cava,106,55,51,-9.645783774231233e-05,3.109112615197562e-05,-3.102423414025584,-0.3734633,1.0,1.0,0.8,1.0,True,2.6370599019217464,35,50
2,26677,superior vena cava,104,54,50,-9.625637429961675e-05,3.1202243916741985e-05,-3.0849183333243895,-0.37838188,1.0,1.0,0.8,1.0,True,2.6221805833257315,36,50
2,12095,fdg-avid osseous lesions,99,46,53,-9.198199477497976e-05,2.9865252128859714e-05,-3.0799001588235284,-0.22566266,1.0,1.0,0.8,1.0,True,2.6179151349999996,37,50
2,1753,1 % low,89,41,48,-0.00010173992459511748,3.2114397504688505e-05,-3.1680471221751576,-0.32822132,1.0,1.0,0.7666666666666667,1.0,True,2.6136388757945053,38,50
2,2825,3 nad in,116,59,57,0.00011052357175840459,3.7132427238173506e-05,2.976470432419841,0.23091274,1.0,1.0,0.8333333333333334,1.0,True,2.604411628367361,39,50
2,3754,60 %,86,44,42,0.00017561103753887554,5.65152219764251e-05,3.1073227954785416,0.36578175,1.0,1.0,0.7666666666666667,1.0,True,2.563541306269797,40,50
2,21155,offer early,110,44,66,-9.016906326343393e-05,2.8154252056566108e-05,-3.202680116746514,-0.28278065,1.0,1.0,0.7333333333333333,1.0,True,2.5621440933972113,41,50
2,25194,role function 40,140,58,82,-0.0001211580834672294,3.785394502797898e-05,-3.200672568676207,-0.35363147,1.0,1.0,0.7333333333333333,1.0,True,2.5605380549409653,42,50
2,26436,status. ---,95,52,43,-8.569137649975755e-05,2.8665614640923228e-05,-2.989343768593887,-0.3827331,1.0,1.0,0.8,1.0,True,2.5409422033048044,43,50
2,27837,tmb and stk11,58,26,32,-8.322162176565038e-05,2.8075024465278905e-05,-2.964258209946448,-0.22708832,1.0,1.0,0.8,1.0,True,2.519619478454481,44,50
2,3620,55 emotional function,61,28,33,0.00011691779770282967,3.869093209734049e-05,3.0218397791162617,0.33517504,1.0,1.0,0.7666666666666667,1.0,True,2.493017817770916,45,50
2,2015,1.8 cm in,241,120,121,-8.902076336793618e-05,3.074680451753894e-05,-2.895285047171518,-0.38675043,1.0,1.0,0.8,1.0,True,2.4609922900957906,46,50
2,14942,increasing fatigue,143,57,86,-0.0001033181862283999,3.464639148647767e-05,-2.9820763951340945,-0.37027285,1.0,1.0,0.7666666666666667,1.0,True,2.4602130259856283,47,50
2,20437,not currently,222,116,106,-9.344556561082041e-05,2.9650772206148216e-05,-3.1515390210122107,-0.3134678,1.0,1.0,0.7,1.0,True,2.442442741284463,48,50
2,14590,immunoprofile,254,119,135,8.467856633951866e-05,2.8653384248989765e-05,2.955272773494607,0.27291253,1.0,1.0,0.7666666666666667,1.0,True,2.438100038133051,49,50
2,1386,------ --------------------------------,76,38,38,9.231008228754165e-05,3.067822273587826e-05,3.0089775109294314,0.3073479,1.0,1.0,0.7333333333333333,1.0,True,2.407182008743545,50,50
2,5854,anc <1.0,147,71,76,-0.00011470461998921733,3.06130077645064e-05,-3.7469242118119856,-0.3164556,1.0,1.0,1.0,1.0,True,3.7469242118119856,1,100
2,31,% low,196,95,101,-0.00013882564541625896,3.7344666275226065e-05,-3.7174156114591916,-0.4055187,1.0,1.0,1.0,1.0,True,3.7174156114591916,2,100
2,24282,reasonable,85,33,52,-9.666441838260738e-05,2.6106331386579907e-05,-3.7027193500002156,-0.39478582,1.0,1.0,1.0,1.0,True,3.7027193500002156,3,100
2,7765,canal,47,19,28,0.00013377837457564598,3.6686574257817636e-05,3.6465213032840973,0.38218904,1.0,1.0,1.0,1.0,True,3.6465213032840973,4,100
2,15873,kidneys,734,355,379,7.304479509517638e-05,1.9210202831437292e-05,3.8023958276817025,0.3482659,1.0,1.0,0.9333333333333333,1.0,True,3.6122760362976174,5,100
2,17167,lung no,203,103,100,0.00012141779864183361,3.370734907391142e-05,3.6021165110194833,0.30476743,1.0,1.0,1.0,1.0,True,3.6021165110194833,6,100
2,16450,lesions identified. overall,126,71,55,-0.00011766575796803157,3.192674466859053e-05,-3.685491871765771,-0.3508499,1.0,1.0,0.9666666666666667,1.0,True,3.5933545749716265,7,100
2,13902,high pd-l1 expression,160,79,81,0.00019728097472559872,5.44684866466923e-05,3.6219286943889966,0.4187591,1.0,1.0,0.9666666666666667,1.0,True,3.5313804770292716,8,100
2,3636,55.,106,60,46,0.00011123832944811108,3.178509183536424e-05,3.4997013701985535,0.27428967,1.0,1.0,1.0,1.0,True,3.4997013701985535,9,100
2,16965,low pd-l1 expression,318,143,175,-0.00016139449268631208,4.5170228994628614e-05,-3.573027993847545,-0.38509196,1.0,1.0,0.9666666666666667,1.0,True,3.4837022940013562,10,100
2,13901,high pd-l1,189,97,92,0.00021385763301514472,5.989064545884322e-05,3.570801940381615,0.4261646,1.0,1.0,0.9666666666666667,1.0,True,3.481531891872075,11,100
2,15157,initial oncology,148,78,70,-0.0001029532627519686,2.980054681211013e-05,-3.4547440824183533,-0.2825953,1.0,1.0,0.9666666666666667,1.0,True,3.3683754803578942,12,100
2,6605,are seen in,73,36,37,-9.093099086223659e-05,2.6701045775656605e-05,-3.4055217022675026,-0.35517702,1.0,1.0,0.9333333333333333,1.0,True,3.2352456171541273,13,100
2,28037,to obtain,95,51,44,-9.404647016160943e-05,2.6935125696781077e-05,-3.491592028206076,-0.26920483,1.0,1.0,0.9,1.0,True,3.2297226260906204,14,100
2,708,- metastatic,374,183,191,0.00011177544550101847,3.315866940654438e-05,3.3709267440917836,0.46406862,1.0,1.0,0.9333333333333333,1.0,True,3.2023804068871944,15,100
2,22583,pd-l1 <1,161,73,88,-0.00015001938679919815,4.275185067448227e-05,-3.5090735121963212,-0.35847542,1.0,1.0,0.8333333333333334,1.0,True,3.0704393231717813,16,100
2,21633,or masses.,198,94,104,0.00010402751807022143,3.220706112979653e-05,3.2299599659523057,0.2775994,1.0,1.0,0.9333333333333333,1.0,True,3.0684619676546903,17,100
2,28076,to reduced,144,74,70,9.423522018142281e-05,2.868018851888922e-05,3.285725270576866,0.32737964,1.0,1.0,0.9,1.0,True,3.0392958752836012,18,100
2,19242,neurologic symptoms or,104,49,55,-9.492329114959551e-05,2.941162405398172e-05,-3.227407333079415,-0.27269778,1.0,1.0,0.9,1.0,True,2.985351783098459,19,100
2,11589,erythema over,43,24,19,-8.004816198624853e-05,2.4962609195988515e-05,-3.206722556835615,-0.277059,1.0,1.0,0.9,1.0,True,2.966218365072944,20,100
2,22585,pd-l1 <1 %.,101,41,60,-0.00011023027017240849,3.271683305796941e-05,-3.3692218918957306,-0.31921753,1.0,1.0,0.8,1.0,True,2.8638386081113714,21,100
2,15643,is within,69,33,36,-8.23174154740737e-05,2.5895827575884956e-05,-3.178790684825627,-0.3050302,1.0,1.0,0.8666666666666667,1.0,True,2.8609116163430643,22,100
2,5855,anc <1.0 k,131,64,67,-9.595099916026665e-05,2.941754345754513e-05,-3.2616931219542993,-0.2978616,1.0,1.0,0.8333333333333334,1.0,True,2.853981481710012,23,100
2,8539,clinician,69,31,38,9.477602239411272e-05,3.023863377673447e-05,3.1342693288951815,0.45704734,1.0,1.0,0.8666666666666667,1.0,True,2.820842396005663,24,100
2,11568,epidural,105,50,55,0.00012793245082863867,4.116039546901787e-05,3.10814435504964,0.33422196,1.0,1.0,0.8666666666666667,1.0,True,2.7973299195446764,25,100
2,14320,if anc <1.0,93,43,50,-9.059962269758645e-05,2.8496010767446403e-05,-3.179379157207741,-0.25824332,1.0,1.0,0.8333333333333334,1.0,True,2.7819567625567734,26,100
2,20907,of first-line carboplatin,174,79,95,-0.00011777824916613974,3.7230843469763606e-05,-3.1634590621561216,-0.3273895,1.0,1.0,0.8333333333333334,1.0,True,2.7680266793866064,27,100
2,13623,he reports increasing,64,32,32,-9.944901611889245e-05,3.186639733201098e-05,-3.120811401513287,-0.3595888,1.0,1.0,0.8333333333333334,1.0,True,2.730709976324126,28,100
2,27343,the limited upper,69,30,39,-8.782947517562541e-05,2.6550612041401574e-05,-3.3080019036347985,-0.35220167,1.0,1.0,0.7666666666666667,1.0,True,2.729101570498709,29,100
2,3619,55 emotional,82,42,40,0.00011512695636533734,3.743135892528474e-05,3.075681986196059,0.31562054,1.0,1.0,0.8333333333333334,1.0,True,2.6912217379215515,30,100
2,16096,l anc 1.2,59,37,22,-7.906765650451329e-05,2.5727171409532614e-05,-3.073313239372152,-0.36096442,1.0,1.0,0.8333333333333334,1.0,True,2.689149084450633,31,100
2,28265,tps >=,72,39,33,8.677561482012723e-05,2.8344868266732823e-05,3.0614224064668565,0.24229412,1.0,1.0,0.8333333333333334,1.0,True,2.6787446056584994,32,100
2,24740,reports increasing fatigue,91,39,52,-0.00010304928297059873,3.39932322484216e-05,-3.031464681484756,-0.34387735,1.0,1.0,0.8333333333333334,1.0,True,2.6525315962991614,33,100
2,7944,cava,106,55,51,-9.645783774231233e-05,3.109112615197562e-05,-3.102423414025584,-0.3734633,1.0,1.0,0.8,1.0,True,2.6370599019217464,34,100
2,28900,vena cava,106,55,51,-9.645783774231233e-05,3.109112615197562e-05,-3.102423414025584,-0.3734633,1.0,1.0,0.8,1.0,True,2.6370599019217464,35,100
2,26677,superior vena cava,104,54,50,-9.625637429961675e-05,3.1202243916741985e-05,-3.0849183333243895,-0.37838188,1.0,1.0,0.8,1.0,True,2.6221805833257315,36,100
2,12095,fdg-avid osseous lesions,99,46,53,-9.198199477497976e-05,2.9865252128859714e-05,-3.0799001588235284,-0.22566266,1.0,1.0,0.8,1.0,True,2.6179151349999996,37,100
2,1753,1 % low,89,41,48,-0.00010173992459511748,3.2114397504688505e-05,-3.1680471221751576,-0.32822132,1.0,1.0,0.7666666666666667,1.0,True,2.6136388757945053,38,100
2,2825,3 nad in,116,59,57,0.00011052357175840459,3.7132427238173506e-05,2.976470432419841,0.23091274,1.0,1.0,0.8333333333333334,1.0,True,2.604411628367361,39,100
2,3754,60 %,86,44,42,0.00017561103753887554,5.65152219764251e-05,3.1073227954785416,0.36578175,1.0,1.0,0.7666666666666667,1.0,True,2.563541306269797,40,100
2,21155,offer early,110,44,66,-9.016906326343393e-05,2.8154252056566108e-05,-3.202680116746514,-0.28278065,1.0,1.0,0.7333333333333333,1.0,True,2.5621440933972113,41,100
2,25194,role function 40,140,58,82,-0.0001211580834672294,3.785394502797898e-05,-3.200672568676207,-0.35363147,1.0,1.0,0.7333333333333333,1.0,True,2.5605380549409653,42,100
2,26436,status. ---,95,52,43,-8.569137649975755e-05,2.8665614640923228e-05,-2.989343768593887,-0.3827331,1.0,1.0,0.8,1.0,True,2.5409422033048044,43,100
2,27837,tmb and stk11,58,26,32,-8.322162176565038e-05,2.8075024465278905e-05,-2.964258209946448,-0.22708832,1.0,1.0,0.8,1.0,True,2.519619478454481,44,100
2,3620,55 emotional function,61,28,33,0.00011691779770282967,3.869093209734049e-05,3.0218397791162617,0.33517504,1.0,1.0,0.7666666666666667,1.0,True,2.493017817770916,45,100
2,2015,1.8 cm in,241,120,121,-8.902076336793618e-05,3.074680451753894e-05,-2.895285047171518,-0.38675043,1.0,1.0,0.8,1.0,True,2.4609922900957906,46,100
2,14942,increasing fatigue,143,57,86,-0.0001033181862283999,3.464639148647767e-05,-2.9820763951340945,-0.37027285,1.0,1.0,0.7666666666666667,1.0,True,2.4602130259856283,47,100
2,20437,not currently,222,116,106,-9.344556561082041e-05,2.9650772206148216e-05,-3.1515390210122107,-0.3134678,1.0,1.0,0.7,1.0,True,2.442442741284463,48,100
2,14590,immunoprofile,254,119,135,8.467856633951866e-05,2.8653384248989765e-05,2.955272773494607,0.27291253,1.0,1.0,0.7666666666666667,1.0,True,2.438100038133051,49,100
2,1386,------ --------------------------------,76,38,38,9.231008228754165e-05,3.067822273587826e-05,3.0089775109294314,0.3073479,1.0,1.0,0.7333333333333333,1.0,True,2.407182008743545,50,100
2,15794,john martinez age,41,8,33,-0.0001820804032108573,6.12773513514186e-05,-2.9714143838666756,-0.32388368,1.0,1.0,0.7333333333333333,1.0,True,2.37713150709334,51,100
2,8283,chest pain no,106,46,60,8.110634428478615e-05,2.8174079869655725e-05,2.878757519678219,0.28394908,1.0,1.0,0.7666666666666667,1.0,True,2.374974953734531,52,100
2,1055,- rna-based,84,36,48,8.171681473529997e-05,2.7581383815503694e-05,2.962752531994655,0.33353657,1.0,1.0,0.7333333333333333,1.0,True,2.3702020255957237,53,100
2,3322,40 100 emotional,142,60,82,-8.808731028998927e-05,2.8041055558119298e-05,-3.141369272187885,-0.3425774,1.0,1.0,0.6666666666666666,1.0,True,2.356026954140914,54,100
2,26136,spinal,81,34,47,0.0001196922545323412,4.0658908111101415e-05,2.9438137936532707,0.3472847,1.0,1.0,0.7333333333333333,1.0,True,2.3550510349226164,55,100
2,6574,are diagnostic of,80,45,35,9.28494365825037e-05,3.1616768047053417e-05,2.9367149875762517,0.19379684,1.0,1.0,0.7333333333333333,1.0,True,2.3493719900610013,57,100
2,6573,are diagnostic,80,45,35,9.28494365825037e-05,3.1616768047053417e-05,2.9367149875762517,0.19379684,1.0,1.0,0.7333333333333333,1.0,True,2.3493719900610013,56,100
2,25455,seen in,203,108,95,-9.526639377028552e-05,3.255335018488922e-05,-2.92646972521147,-0.3748483,1.0,1.0,0.7333333333333333,1.0,True,2.3411757801691757,58,100
2,29605,with associated,195,103,92,-0.0001018971881760431,3.268276091859645e-05,-3.1177656144118386,-0.30534017,1.0,1.0,0.6666666666666666,1.0,True,2.338324210808879,59,100
2,9777,cycles.,302,146,156,-9.653820832902324e-05,3.3047106434871405e-05,-2.9212302904424887,-0.25009552,1.0,1.0,0.7333333333333333,1.0,True,2.336984232353991,60,100
2,3971,70 role,103,57,46,9.776774219098033e-05,3.351689130011986e-05,2.916969277238152,0.21769544,1.0,1.0,0.7333333333333333,1.0,True,2.3335754217905214,61,100
2,6820,at a,154,69,85,-8.445932585813621e-05,2.8340626369695433e-05,-2.9801502887193903,-0.2758433,1.0,1.0,0.7,1.0,True,2.309616473757527,62,100
2,12021,fatigued,381,158,223,-9.099228404479569e-05,3.071435530105691e-05,-2.962532768567164,-0.21981972,1.0,1.0,0.7,1.0,True,2.2959628956395517,63,100
2,17347,ma,158,82,76,-8.922881748949554e-05,3.022477577484579e-05,-2.9521746713421497,-0.23366445,1.0,1.0,0.7,1.0,True,2.2879353702901657,64,100
2,21607,or infiltrates.,112,56,56,9.629058554261564e-05,3.281447112324368e-05,2.934393950186493,0.2371924,1.0,1.0,0.7,1.0,True,2.274155311394532,65,100
2,1604,. imaging -,128,61,67,-8.302358716651886e-05,2.9467677283170747e-05,-2.8174459211257337,-0.30839503,1.0,1.0,0.7333333333333333,1.0,True,2.253956736900587,66,100
2,28899,vena,108,56,52,-9.42761967532075e-05,3.256997179171612e-05,-2.8945740989921824,-0.3737303,1.0,1.0,0.7,1.0,True,2.2432949267189413,67,100
2,1434,------------ ------ --------------------------------,73,36,37,9.240176272468018e-05,3.1063487238352763e-05,2.9746100949862337,0.31262797,1.0,1.0,0.6666666666666666,1.0,True,2.230957571239675,68,100
2,14856,in the context,409,203,206,8.16880756011303e-05,2.8495895238967567e-05,2.8666611424589847,0.29765484,1.0,1.0,0.7,1.0,True,2.221662385405713,69,100
2,16991,low-dose dexamethasone 4,151,62,89,-8.254869226912365e-05,2.7901187514109518e-05,-2.9586085619968365,-0.27585068,1.0,1.0,0.6666666666666666,1.0,True,2.2189564214976274,70,100
2,7792,cancer nsclc -,76,34,42,9.644592621625913e-05,3.401105668904947e-05,2.8357227209383296,0.35165846,1.0,1.0,0.7,1.0,True,2.1976851087272053,71,100
2,12927,function 55 emotional,63,29,34,0.00011255616924831167,3.845448118188853e-05,2.926997473088361,0.3117226,1.0,1.0,0.6666666666666666,1.0,True,2.1952481048162706,72,100
2,24739,reports increasing,109,49,60,-9.788003724558836e-05,3.3628956880492415e-05,-2.9105879671922534,-0.32090554,1.0,1.0,0.6666666666666666,1.0,True,2.18294097539419,73,100
2,21313,oncologic management -,90,41,49,9.263279139065287e-05,3.0031484639681045e-05,3.0845225436592565,0.3724642,1.0,1.0,0.6,1.0,True,2.1591657805614792,74,100
2,26676,superior vena,106,55,51,-9.405874382711965e-05,3.270544680936068e-05,-2.875935142405666,-0.3785527,1.0,1.0,0.6666666666666666,1.0,True,2.1569513568042495,75,100
2,11148,each core,72,39,33,-8.01694719229709e-05,2.9747165303663175e-05,-2.6950289583760285,-0.3416207,1.0,1.0,0.7333333333333333,1.0,True,2.1560231667008227,76,100
2,28077,to reduced responsiveness,68,34,34,8.067486067824045e-05,2.806571139415829e-05,2.874499047796538,0.31132394,1.0,1.0,0.6666666666666666,1.0,True,2.1558742858474034,77,100
2,16614,linked to reduced,137,70,67,8.260080170294507e-05,2.7792702448025075e-05,2.972032023780926,0.2758211,1.0,1.0,0.6333333333333333,1.0,True,2.1547232172411714,78,100
2,7861,carcinoma adenocarcinoma,522,270,252,8.525400287556816e-05,2.8836182226044363e-05,2.956494108938185,0.26712364,1.0,1.0,0.6333333333333333,1.0,True,2.143458228980184,79,100
2,18351,mildly fatigued,329,141,188,-9.023136566657156e-05,3.0707719460639484e-05,-2.9383935782736406,-0.21790247,1.0,1.0,0.6333333333333333,1.0,True,2.1303353442483894,80,100
2,14317,if a,98,52,46,8.939313918836052e-05,3.044914725944772e-05,2.935817493562935,0.29966047,1.0,1.0,0.6333333333333333,1.0,True,2.128467682833128,81,100
2,4236,<1,318,140,178,-0.00015522737714117717,5.11237730966721e-05,-3.036305181302858,-0.30330884,1.0,1.0,0.6,1.0,True,2.1254136269120005,82,100
2,29299,weeks earlier,91,47,44,-8.161068344790245e-05,2.7994447986504612e-05,-2.9152453189019774,-0.30968094,1.0,1.0,0.6333333333333333,1.0,True,2.1135528562039334,83,100
2,16964,low pd-l1,345,155,190,-0.00015353154037669138,5.143184742893726e-05,-2.9851453535442993,-0.32704148,1.0,1.0,0.6,1.0,True,2.0896017474810096,84,100
2,17130,lung carcinoma adenocarcinoma,522,270,252,8.545803011440397e-05,2.8628726324856072e-05,2.9850447814092056,0.2762316,1.0,1.0,0.6,1.0,True,2.0895313469864436,85,100
2,22925,phase ii,69,40,29,-7.119347934062338e-05,2.4871296245471614e-05,-2.862475628047966,-0.23256125,1.0,1.0,0.6333333333333333,1.0,True,2.075294830334775,86,100
2,6565,are common in,98,50,48,-8.057677659500111e-05,2.7391293393190875e-05,-2.9416930204190894,-0.23143779,1.0,1.0,0.6,1.0,True,2.0591851142933626,87,100
2,9184,constitutional fatigue weight,147,62,85,-8.514495979726612e-05,2.9181267476882068e-05,-2.917795118554035,-0.18826954,1.0,1.0,0.6,1.0,True,2.0424565829878243,88,100
2,1321,--- laboratory results,218,124,94,-8.247925442799145e-05,3.0421228183263265e-05,-2.711240122559179,-0.1548796,1.0,1.0,0.6666666666666666,1.0,True,2.033430091919384,89,100
2,6459,appears mildly fatigued,328,141,187,-8.920091890369731e-05,3.074312114175312e-05,-2.901491962784187,-0.21892302,1.0,1.0,0.6,1.0,True,2.031044373948931,90,100
2,5770,analgesia,127,55,72,-8.846485937290804e-05,3.052015722421478e-05,-2.898571548075767,-0.3221333,1.0,1.0,0.6,1.0,True,2.029000083653037,91,100
2,25249,routine follow-up,105,62,43,8.858871941889142e-05,3.182605070503076e-05,2.7835285075093577,0.2971234,1.0,1.0,0.6333333333333333,1.0,True,2.018058167944284,92,100
2,24358,recist criteria,160,80,80,9.413071747487588e-05,3.3834178685413174e-05,2.782119180432719,0.27402207,1.0,1.0,0.6333333333333333,1.0,True,2.0170364058137213,93,100
2,26291,stable. - no,115,50,65,9.085473273771327e-05,3.2792288828138666e-05,2.770612725872063,0.21481743,1.0,1.0,0.6333333333333333,1.0,True,2.0086942262572456,94,100
2,25687,show mild,75,40,35,-9.090702816639824e-05,3.1736982179021425e-05,-2.8643879135581143,-0.3176047,1.0,1.0,0.6,1.0,True,2.0050715394906797,95,100
2,17168,lung no focal,112,59,53,8.075337068442519e-05,2.8732875601933067e-05,2.810486907164709,0.2555093,1.0,1.0,0.6,1.0,True,1.9673408350152963,96,100
2,19588,nkda social history,239,115,124,-8.826317743063604e-05,3.0476519297463213e-05,-2.896104262076373,-0.23267727,1.0,1.0,0.5666666666666667,1.0,True,1.9548703769015519,97,100
2,13298,given molecular,80,32,48,8.177825028577671e-05,3.0415522853988417e-05,2.6887011174642046,0.30192164,1.0,1.0,0.6333333333333333,1.0,True,1.9493083101615483,98,100
2,26903,symptoms or,184,96,88,-8.732911164074975e-05,3.250699638596434e-05,-2.6864712631049525,-0.27159932,1.0,1.0,0.6333333333333333,1.0,True,1.9476916657510905,99,100
2,16338,left lung no,120,66,54,9.61784069927352e-05,3.460276002472771e-05,2.7795010260454514,0.29078767,1.0,1.0,0.6,1.0,True,1.945650718231816,100,100
2,5854,anc <1.0,147,71,76,-0.00011470461998921733,3.06130077645064e-05,-3.7469242118119856,-0.3164556,1.0,1.0,1.0,1.0,True,3.7469242118119856,1,200
2,31,% low,196,95,101,-0.00013882564541625896,3.7344666275226065e-05,-3.7174156114591916,-0.4055187,1.0,1.0,1.0,1.0,True,3.7174156114591916,2,200
2,24282,reasonable,85,33,52,-9.666441838260738e-05,2.6106331386579907e-05,-3.7027193500002156,-0.39478582,1.0,1.0,1.0,1.0,True,3.7027193500002156,3,200
2,7765,canal,47,19,28,0.00013377837457564598,3.6686574257817636e-05,3.6465213032840973,0.38218904,1.0,1.0,1.0,1.0,True,3.6465213032840973,4,200
2,15873,kidneys,734,355,379,7.304479509517638e-05,1.9210202831437292e-05,3.8023958276817025,0.3482659,1.0,1.0,0.9333333333333333,1.0,True,3.6122760362976174,5,200
2,17167,lung no,203,103,100,0.00012141779864183361,3.370734907391142e-05,3.6021165110194833,0.30476743,1.0,1.0,1.0,1.0,True,3.6021165110194833,6,200
2,16450,lesions identified. overall,126,71,55,-0.00011766575796803157,3.192674466859053e-05,-3.685491871765771,-0.3508499,1.0,1.0,0.9666666666666667,1.0,True,3.5933545749716265,7,200
2,13902,high pd-l1 expression,160,79,81,0.00019728097472559872,5.44684866466923e-05,3.6219286943889966,0.4187591,1.0,1.0,0.9666666666666667,1.0,True,3.5313804770292716,8,200
2,3636,55.,106,60,46,0.00011123832944811108,3.178509183536424e-05,3.4997013701985535,0.27428967,1.0,1.0,1.0,1.0,True,3.4997013701985535,9,200
2,16965,low pd-l1 expression,318,143,175,-0.00016139449268631208,4.5170228994628614e-05,-3.573027993847545,-0.38509196,1.0,1.0,0.9666666666666667,1.0,True,3.4837022940013562,10,200
2,13901,high pd-l1,189,97,92,0.00021385763301514472,5.989064545884322e-05,3.570801940381615,0.4261646,1.0,1.0,0.9666666666666667,1.0,True,3.481531891872075,11,200
2,15157,initial oncology,148,78,70,-0.0001029532627519686,2.980054681211013e-05,-3.4547440824183533,-0.2825953,1.0,1.0,0.9666666666666667,1.0,True,3.3683754803578942,12,200
2,6605,are seen in,73,36,37,-9.093099086223659e-05,2.6701045775656605e-05,-3.4055217022675026,-0.35517702,1.0,1.0,0.9333333333333333,1.0,True,3.2352456171541273,13,200
2,28037,to obtain,95,51,44,-9.404647016160943e-05,2.6935125696781077e-05,-3.491592028206076,-0.26920483,1.0,1.0,0.9,1.0,True,3.2297226260906204,14,200
2,708,- metastatic,374,183,191,0.00011177544550101847,3.315866940654438e-05,3.3709267440917836,0.46406862,1.0,1.0,0.9333333333333333,1.0,True,3.2023804068871944,15,200
2,22583,pd-l1 <1,161,73,88,-0.00015001938679919815,4.275185067448227e-05,-3.5090735121963212,-0.35847542,1.0,1.0,0.8333333333333334,1.0,True,3.0704393231717813,16,200
2,21633,or masses.,198,94,104,0.00010402751807022143,3.220706112979653e-05,3.2299599659523057,0.2775994,1.0,1.0,0.9333333333333333,1.0,True,3.0684619676546903,17,200
2,28076,to reduced,144,74,70,9.423522018142281e-05,2.868018851888922e-05,3.285725270576866,0.32737964,1.0,1.0,0.9,1.0,True,3.0392958752836012,18,200
2,19242,neurologic symptoms or,104,49,55,-9.492329114959551e-05,2.941162405398172e-05,-3.227407333079415,-0.27269778,1.0,1.0,0.9,1.0,True,2.985351783098459,19,200
2,11589,erythema over,43,24,19,-8.004816198624853e-05,2.4962609195988515e-05,-3.206722556835615,-0.277059,1.0,1.0,0.9,1.0,True,2.966218365072944,20,200
2,22585,pd-l1 <1 %.,101,41,60,-0.00011023027017240849,3.271683305796941e-05,-3.3692218918957306,-0.31921753,1.0,1.0,0.8,1.0,True,2.8638386081113714,21,200
2,15643,is within,69,33,36,-8.23174154740737e-05,2.5895827575884956e-05,-3.178790684825627,-0.3050302,1.0,1.0,0.8666666666666667,1.0,True,2.8609116163430643,22,200
2,5855,anc <1.0 k,131,64,67,-9.595099916026665e-05,2.941754345754513e-05,-3.2616931219542993,-0.2978616,1.0,1.0,0.8333333333333334,1.0,True,2.853981481710012,23,200
2,8539,clinician,69,31,38,9.477602239411272e-05,3.023863377673447e-05,3.1342693288951815,0.45704734,1.0,1.0,0.8666666666666667,1.0,True,2.820842396005663,24,200
2,11568,epidural,105,50,55,0.00012793245082863867,4.116039546901787e-05,3.10814435504964,0.33422196,1.0,1.0,0.8666666666666667,1.0,True,2.7973299195446764,25,200
2,14320,if anc <1.0,93,43,50,-9.059962269758645e-05,2.8496010767446403e-05,-3.179379157207741,-0.25824332,1.0,1.0,0.8333333333333334,1.0,True,2.7819567625567734,26,200
2,20907,of first-line carboplatin,174,79,95,-0.00011777824916613974,3.7230843469763606e-05,-3.1634590621561216,-0.3273895,1.0,1.0,0.8333333333333334,1.0,True,2.7680266793866064,27,200
2,13623,he reports increasing,64,32,32,-9.944901611889245e-05,3.186639733201098e-05,-3.120811401513287,-0.3595888,1.0,1.0,0.8333333333333334,1.0,True,2.730709976324126,28,200
2,27343,the limited upper,69,30,39,-8.782947517562541e-05,2.6550612041401574e-05,-3.3080019036347985,-0.35220167,1.0,1.0,0.7666666666666667,1.0,True,2.729101570498709,29,200
2,3619,55 emotional,82,42,40,0.00011512695636533734,3.743135892528474e-05,3.075681986196059,0.31562054,1.0,1.0,0.8333333333333334,1.0,True,2.6912217379215515,30,200
2,16096,l anc 1.2,59,37,22,-7.906765650451329e-05,2.5727171409532614e-05,-3.073313239372152,-0.36096442,1.0,1.0,0.8333333333333334,1.0,True,2.689149084450633,31,200
2,28265,tps >=,72,39,33,8.677561482012723e-05,2.8344868266732823e-05,3.0614224064668565,0.24229412,1.0,1.0,0.8333333333333334,1.0,True,2.6787446056584994,32,200
2,24740,reports increasing fatigue,91,39,52,-0.00010304928297059873,3.39932322484216e-05,-3.031464681484756,-0.34387735,1.0,1.0,0.8333333333333334,1.0,True,2.6525315962991614,33,200
2,7944,cava,106,55,51,-9.645783774231233e-05,3.109112615197562e-05,-3.102423414025584,-0.3734633,1.0,1.0,0.8,1.0,True,2.6370599019217464,34,200
2,28900,vena cava,106,55,51,-9.645783774231233e-05,3.109112615197562e-05,-3.102423414025584,-0.3734633,1.0,1.0,0.8,1.0,True,2.6370599019217464,35,200
2,26677,superior vena cava,104,54,50,-9.625637429961675e-05,3.1202243916741985e-05,-3.0849183333243895,-0.37838188,1.0,1.0,0.8,1.0,True,2.6221805833257315,36,200
2,12095,fdg-avid osseous lesions,99,46,53,-9.198199477497976e-05,2.9865252128859714e-05,-3.0799001588235284,-0.22566266,1.0,1.0,0.8,1.0,True,2.6179151349999996,37,200
2,1753,1 % low,89,41,48,-0.00010173992459511748,3.2114397504688505e-05,-3.1680471221751576,-0.32822132,1.0,1.0,0.7666666666666667,1.0,True,2.6136388757945053,38,200
2,2825,3 nad in,116,59,57,0.00011052357175840459,3.7132427238173506e-05,2.976470432419841,0.23091274,1.0,1.0,0.8333333333333334,1.0,True,2.604411628367361,39,200
2,3754,60 %,86,44,42,0.00017561103753887554,5.65152219764251e-05,3.1073227954785416,0.36578175,1.0,1.0,0.7666666666666667,1.0,True,2.563541306269797,40,200
2,21155,offer early,110,44,66,-9.016906326343393e-05,2.8154252056566108e-05,-3.202680116746514,-0.28278065,1.0,1.0,0.7333333333333333,1.0,True,2.5621440933972113,41,200
2,25194,role function 40,140,58,82,-0.0001211580834672294,3.785394502797898e-05,-3.200672568676207,-0.35363147,1.0,1.0,0.7333333333333333,1.0,True,2.5605380549409653,42,200
2,26436,status. ---,95,52,43,-8.569137649975755e-05,2.8665614640923228e-05,-2.989343768593887,-0.3827331,1.0,1.0,0.8,1.0,True,2.5409422033048044,43,200
2,27837,tmb and stk11,58,26,32,-8.322162176565038e-05,2.8075024465278905e-05,-2.964258209946448,-0.22708832,1.0,1.0,0.8,1.0,True,2.519619478454481,44,200
2,3620,55 emotional function,61,28,33,0.00011691779770282967,3.869093209734049e-05,3.0218397791162617,0.33517504,1.0,1.0,0.7666666666666667,1.0,True,2.493017817770916,45,200
2,2015,1.8 cm in,241,120,121,-8.902076336793618e-05,3.074680451753894e-05,-2.895285047171518,-0.38675043,1.0,1.0,0.8,1.0,True,2.4609922900957906,46,200
2,14942,increasing fatigue,143,57,86,-0.0001033181862283999,3.464639148647767e-05,-2.9820763951340945,-0.37027285,1.0,1.0,0.7666666666666667,1.0,True,2.4602130259856283,47,200
2,20437,not currently,222,116,106,-9.344556561082041e-05,2.9650772206148216e-05,-3.1515390210122107,-0.3134678,1.0,1.0,0.7,1.0,True,2.442442741284463,48,200
2,14590,immunoprofile,254,119,135,8.467856633951866e-05,2.8653384248989765e-05,2.955272773494607,0.27291253,1.0,1.0,0.7666666666666667,1.0,True,2.438100038133051,49,200
2,1386,------ --------------------------------,76,38,38,9.231008228754165e-05,3.067822273587826e-05,3.0089775109294314,0.3073479,1.0,1.0,0.7333333333333333,1.0,True,2.407182008743545,50,200
2,15794,john martinez age,41,8,33,-0.0001820804032108573,6.12773513514186e-05,-2.9714143838666756,-0.32388368,1.0,1.0,0.7333333333333333,1.0,True,2.37713150709334,51,200
2,8283,chest pain no,106,46,60,8.110634428478615e-05,2.8174079869655725e-05,2.878757519678219,0.28394908,1.0,1.0,0.7666666666666667,1.0,True,2.374974953734531,52,200
2,1055,- rna-based,84,36,48,8.171681473529997e-05,2.7581383815503694e-05,2.962752531994655,0.33353657,1.0,1.0,0.7333333333333333,1.0,True,2.3702020255957237,53,200
2,3322,40 100 emotional,142,60,82,-8.808731028998927e-05,2.8041055558119298e-05,-3.141369272187885,-0.3425774,1.0,1.0,0.6666666666666666,1.0,True,2.356026954140914,54,200
2,26136,spinal,81,34,47,0.0001196922545323412,4.0658908111101415e-05,2.9438137936532707,0.3472847,1.0,1.0,0.7333333333333333,1.0,True,2.3550510349226164,55,200
2,6574,are diagnostic of,80,45,35,9.28494365825037e-05,3.1616768047053417e-05,2.9367149875762517,0.19379684,1.0,1.0,0.7333333333333333,1.0,True,2.3493719900610013,57,200
2,6573,are diagnostic,80,45,35,9.28494365825037e-05,3.1616768047053417e-05,2.9367149875762517,0.19379684,1.0,1.0,0.7333333333333333,1.0,True,2.3493719900610013,56,200
2,25455,seen in,203,108,95,-9.526639377028552e-05,3.255335018488922e-05,-2.92646972521147,-0.3748483,1.0,1.0,0.7333333333333333,1.0,True,2.3411757801691757,58,200
2,29605,with associated,195,103,92,-0.0001018971881760431,3.268276091859645e-05,-3.1177656144118386,-0.30534017,1.0,1.0,0.6666666666666666,1.0,True,2.338324210808879,59,200
2,9777,cycles.,302,146,156,-9.653820832902324e-05,3.3047106434871405e-05,-2.9212302904424887,-0.25009552,1.0,1.0,0.7333333333333333,1.0,True,2.336984232353991,60,200
2,3971,70 role,103,57,46,9.776774219098033e-05,3.351689130011986e-05,2.916969277238152,0.21769544,1.0,1.0,0.7333333333333333,1.0,True,2.3335754217905214,61,200
2,6820,at a,154,69,85,-8.445932585813621e-05,2.8340626369695433e-05,-2.9801502887193903,-0.2758433,1.0,1.0,0.7,1.0,True,2.309616473757527,62,200
2,12021,fatigued,381,158,223,-9.099228404479569e-05,3.071435530105691e-05,-2.962532768567164,-0.21981972,1.0,1.0,0.7,1.0,True,2.2959628956395517,63,200
2,17347,ma,158,82,76,-8.922881748949554e-05,3.022477577484579e-05,-2.9521746713421497,-0.23366445,1.0,1.0,0.7,1.0,True,2.2879353702901657,64,200
2,21607,or infiltrates.,112,56,56,9.629058554261564e-05,3.281447112324368e-05,2.934393950186493,0.2371924,1.0,1.0,0.7,1.0,True,2.274155311394532,65,200
2,1604,. imaging -,128,61,67,-8.302358716651886e-05,2.9467677283170747e-05,-2.8174459211257337,-0.30839503,1.0,1.0,0.7333333333333333,1.0,True,2.253956736900587,66,200
2,28899,vena,108,56,52,-9.42761967532075e-05,3.256997179171612e-05,-2.8945740989921824,-0.3737303,1.0,1.0,0.7,1.0,True,2.2432949267189413,67,200
2,1434,------------ ------ --------------------------------,73,36,37,9.240176272468018e-05,3.1063487238352763e-05,2.9746100949862337,0.31262797,1.0,1.0,0.6666666666666666,1.0,True,2.230957571239675,68,200
2,14856,in the context,409,203,206,8.16880756011303e-05,2.8495895238967567e-05,2.8666611424589847,0.29765484,1.0,1.0,0.7,1.0,True,2.221662385405713,69,200
2,16991,low-dose dexamethasone 4,151,62,89,-8.254869226912365e-05,2.7901187514109518e-05,-2.9586085619968365,-0.27585068,1.0,1.0,0.6666666666666666,1.0,True,2.2189564214976274,70,200
2,7792,cancer nsclc -,76,34,42,9.644592621625913e-05,3.401105668904947e-05,2.8357227209383296,0.35165846,1.0,1.0,0.7,1.0,True,2.1976851087272053,71,200
2,12927,function 55 emotional,63,29,34,0.00011255616924831167,3.845448118188853e-05,2.926997473088361,0.3117226,1.0,1.0,0.6666666666666666,1.0,True,2.1952481048162706,72,200
2,24739,reports increasing,109,49,60,-9.788003724558836e-05,3.3628956880492415e-05,-2.9105879671922534,-0.32090554,1.0,1.0,0.6666666666666666,1.0,True,2.18294097539419,73,200
2,21313,oncologic management -,90,41,49,9.263279139065287e-05,3.0031484639681045e-05,3.0845225436592565,0.3724642,1.0,1.0,0.6,1.0,True,2.1591657805614792,74,200
2,26676,superior vena,106,55,51,-9.405874382711965e-05,3.270544680936068e-05,-2.875935142405666,-0.3785527,1.0,1.0,0.6666666666666666,1.0,True,2.1569513568042495,75,200
2,11148,each core,72,39,33,-8.01694719229709e-05,2.9747165303663175e-05,-2.6950289583760285,-0.3416207,1.0,1.0,0.7333333333333333,1.0,True,2.1560231667008227,76,200
2,28077,to reduced responsiveness,68,34,34,8.067486067824045e-05,2.806571139415829e-05,2.874499047796538,0.31132394,1.0,1.0,0.6666666666666666,1.0,True,2.1558742858474034,77,200
2,16614,linked to reduced,137,70,67,8.260080170294507e-05,2.7792702448025075e-05,2.972032023780926,0.2758211,1.0,1.0,0.6333333333333333,1.0,True,2.1547232172411714,78,200
2,7861,carcinoma adenocarcinoma,522,270,252,8.525400287556816e-05,2.8836182226044363e-05,2.956494108938185,0.26712364,1.0,1.0,0.6333333333333333,1.0,True,2.143458228980184,79,200
2,18351,mildly fatigued,329,141,188,-9.023136566657156e-05,3.0707719460639484e-05,-2.9383935782736406,-0.21790247,1.0,1.0,0.6333333333333333,1.0,True,2.1303353442483894,80,200
2,14317,if a,98,52,46,8.939313918836052e-05,3.044914725944772e-05,2.935817493562935,0.29966047,1.0,1.0,0.6333333333333333,1.0,True,2.128467682833128,81,200
2,4236,<1,318,140,178,-0.00015522737714117717,5.11237730966721e-05,-3.036305181302858,-0.30330884,1.0,1.0,0.6,1.0,True,2.1254136269120005,82,200
2,29299,weeks earlier,91,47,44,-8.161068344790245e-05,2.7994447986504612e-05,-2.9152453189019774,-0.30968094,1.0,1.0,0.6333333333333333,1.0,True,2.1135528562039334,83,200
2,16964,low pd-l1,345,155,190,-0.00015353154037669138,5.143184742893726e-05,-2.9851453535442993,-0.32704148,1.0,1.0,0.6,1.0,True,2.0896017474810096,84,200
2,17130,lung carcinoma adenocarcinoma,522,270,252,8.545803011440397e-05,2.8628726324856072e-05,2.9850447814092056,0.2762316,1.0,1.0,0.6,1.0,True,2.0895313469864436,85,200
2,22925,phase ii,69,40,29,-7.119347934062338e-05,2.4871296245471614e-05,-2.862475628047966,-0.23256125,1.0,1.0,0.6333333333333333,1.0,True,2.075294830334775,86,200
2,6565,are common in,98,50,48,-8.057677659500111e-05,2.7391293393190875e-05,-2.9416930204190894,-0.23143779,1.0,1.0,0.6,1.0,True,2.0591851142933626,87,200
2,9184,constitutional fatigue weight,147,62,85,-8.514495979726612e-05,2.9181267476882068e-05,-2.917795118554035,-0.18826954,1.0,1.0,0.6,1.0,True,2.0424565829878243,88,200
2,1321,--- laboratory results,218,124,94,-8.247925442799145e-05,3.0421228183263265e-05,-2.711240122559179,-0.1548796,1.0,1.0,0.6666666666666666,1.0,True,2.033430091919384,89,200
2,6459,appears mildly fatigued,328,141,187,-8.920091890369731e-05,3.074312114175312e-05,-2.901491962784187,-0.21892302,1.0,1.0,0.6,1.0,True,2.031044373948931,90,200
2,5770,analgesia,127,55,72,-8.846485937290804e-05,3.052015722421478e-05,-2.898571548075767,-0.3221333,1.0,1.0,0.6,1.0,True,2.029000083653037,91,200
2,25249,routine follow-up,105,62,43,8.858871941889142e-05,3.182605070503076e-05,2.7835285075093577,0.2971234,1.0,1.0,0.6333333333333333,1.0,True,2.018058167944284,92,200
2,24358,recist criteria,160,80,80,9.413071747487588e-05,3.3834178685413174e-05,2.782119180432719,0.27402207,1.0,1.0,0.6333333333333333,1.0,True,2.0170364058137213,93,200
2,26291,stable. - no,115,50,65,9.085473273771327e-05,3.2792288828138666e-05,2.770612725872063,0.21481743,1.0,1.0,0.6333333333333333,1.0,True,2.0086942262572456,94,200
2,25687,show mild,75,40,35,-9.090702816639824e-05,3.1736982179021425e-05,-2.8643879135581143,-0.3176047,1.0,1.0,0.6,1.0,True,2.0050715394906797,95,200
2,17168,lung no focal,112,59,53,8.075337068442519e-05,2.8732875601933067e-05,2.810486907164709,0.2555093,1.0,1.0,0.6,1.0,True,1.9673408350152963,96,200
2,19588,nkda social history,239,115,124,-8.826317743063604e-05,3.0476519297463213e-05,-2.896104262076373,-0.23267727,1.0,1.0,0.5666666666666667,1.0,True,1.9548703769015519,97,200
2,13298,given molecular,80,32,48,8.177825028577671e-05,3.0415522853988417e-05,2.6887011174642046,0.30192164,1.0,1.0,0.6333333333333333,1.0,True,1.9493083101615483,98,200
2,26903,symptoms or,184,96,88,-8.732911164074975e-05,3.250699638596434e-05,-2.6864712631049525,-0.27159932,1.0,1.0,0.6333333333333333,1.0,True,1.9476916657510905,99,200
2,16338,left lung no,120,66,54,9.61784069927352e-05,3.460276002472771e-05,2.7795010260454514,0.29078767,1.0,1.0,0.6,1.0,True,1.945650718231816,100,200
2,621,- left lung,134,73,61,0.00010108654789077038,3.6416072052406635e-05,2.775877303441623,0.29018238,1.0,1.0,0.6,1.0,True,1.9431141124091358,101,200
2,25022,review of recent,128,61,67,9.084699692067053e-05,3.282407060021217e-05,2.767694416306895,0.45202678,1.0,1.0,0.6,1.0,True,1.9373860914148262,102,200
2,6151,and multiple bilateral,88,40,48,-8.716740484492209e-05,3.153339066739159e-05,-2.7642889965226973,-0.33821192,1.0,1.0,0.6,1.0,True,1.935002297565888,103,200
2,17552,mass effect or,100,49,51,-8.679715254847062e-05,2.928192297475261e-05,-2.9641889510913835,-0.25744602,1.0,1.0,0.5333333333333333,1.0,True,1.9267228182093994,104,200
2,11259,effect or,100,49,51,-8.679715254847062e-05,2.928192297475261e-05,-2.9641889510913835,-0.25744602,1.0,1.0,0.5333333333333333,1.0,True,1.9267228182093994,105,200
2,17860,mediastinum hilar nodes,340,168,172,-9.095037414810805e-05,3.187012259814318e-05,-2.853781747090204,-0.21202117,1.0,1.0,0.5666666666666667,1.0,True,1.926302679285888,106,200
2,16576,limited likelihood of,115,47,68,-7.9422034378412e-05,2.88825849296539e-05,-2.74982431703573,-0.18824455,1.0,1.0,0.6,1.0,True,1.9248770219250109,108,200
2,16575,limited likelihood,115,47,68,-7.9422034378412e-05,2.88825849296539e-05,-2.74982431703573,-0.18824455,1.0,1.0,0.6,1.0,True,1.9248770219250109,107,200
2,29643,with differential and,156,80,76,-8.504230650988574e-05,2.9863470698096624e-05,-2.8477033821559794,-0.22147396,1.0,1.0,0.5666666666666667,1.0,True,1.9221997829552862,109,200
2,16230,labs earlier if,70,33,37,7.533572147569296e-05,2.651776194758947e-05,2.840953230690766,0.31557977,1.0,1.0,0.5666666666666667,1.0,True,1.917643430716267,110,200
2,17169,lung no new,88,43,45,8.562094062764546e-05,3.1291866872845766e-05,2.7362042979271712,0.22230348,1.0,1.0,0.6,1.0,True,1.9153430085490197,111,200
2,20682,objective,430,205,225,8.330742374217565e-05,3.0464648440989555e-05,2.734560482571899,0.34381625,1.0,1.0,0.6,1.0,True,1.9141923378003292,112,200
2,10425,differential and,157,80,77,-8.434323987874416e-05,2.980042789064613e-05,-2.8302694239238804,-0.22103865,1.0,1.0,0.5666666666666667,1.0,True,1.9104318611486193,113,200
2,28254,tps,556,289,267,0.00010801916549713775,3.9582921616503174e-05,2.7289336179798735,0.28482994,1.0,1.0,0.6,1.0,True,1.9102535325859114,114,200
2,16260,last oncology,64,26,38,-7.981525176820514e-05,2.8217991167720742e-05,-2.8285235222381027,-0.32049027,1.0,1.0,0.5666666666666667,1.0,True,1.9092533775107194,115,200
2,18023,metastasis management,69,38,31,7.586429849305601e-05,2.7917191822405362e-05,2.717475990266685,0.31461295,1.0,1.0,0.6,1.0,True,1.9022331931866794,116,200
2,23893,psychosocial support and,71,40,31,-7.048161085927797e-05,2.6993031689342472e-05,-2.611103920094529,-0.29924664,1.0,1.0,0.6333333333333333,1.0,True,1.8930503420685334,117,200
2,877,- order,308,149,159,-8.91107988613932e-05,3.0604697684439e-05,-2.911670612799476,-0.21121818,1.0,1.0,0.5333333333333333,1.0,True,1.8925858983196595,118,200
2,8139,change in appetite,62,35,27,6.517484491830047e-05,2.4170444802399602e-05,2.696468577683354,0.2594674,1.0,1.0,0.6,1.0,True,1.8875280043783476,119,200
2,16507,lesions. past,165,74,91,8.709377963997767e-05,3.1199039416567406e-05,2.7915532423004303,0.33517247,1.0,1.0,0.5666666666666667,1.0,True,1.8842984385527906,121,200
2,16508,lesions. past medical,165,74,91,8.709377963997767e-05,3.1199039416567406e-05,2.7915532423004303,0.33517247,1.0,1.0,0.5666666666666667,1.0,True,1.8842984385527906,120,200
2,19587,nkda social,239,115,124,-8.826317743063604e-05,3.0476519297463213e-05,-2.896104262076373,-0.23267727,1.0,1.0,0.5333333333333333,1.0,True,1.8824677703496424,122,200
2,21435,ongoing trials,180,92,88,9.352886921339054e-05,3.25483490860451e-05,2.873536503069228,0.2492543,1.0,1.0,0.5333333333333333,1.0,True,1.8677987269949983,123,200
2,11805,expressed,687,344,343,-6.033155001346298e-05,2.3427366692583075e-05,-2.575259558837378,-0.19086333,1.0,1.0,0.6333333333333333,1.0,True,1.8670631801570992,124,200
2,27245,the context of,412,205,207,7.87203310372428e-05,2.8570846323513596e-05,2.755267735014785,0.27664313,1.0,1.0,0.5666666666666667,1.0,True,1.8598057211349799,125,200
2,6013,and gemcitabine,184,88,96,-9.584420062998567e-05,3.608395880966836e-05,-2.6561442755085154,-0.22626516,1.0,1.0,0.6,1.0,True,1.8593009928559607,126,200
2,6311,and to discuss,133,67,66,-8.506447647897226e-05,3.1174498487730684e-05,-2.7286558118152566,-0.39674988,1.0,1.0,0.5666666666666667,1.0,True,1.8418426729752984,127,200
2,23336,pre-contrast,96,48,48,8.158034160010701e-05,3.1011629490745207e-05,2.630637052608055,0.2338406,1.0,1.0,0.6,1.0,True,1.8414459368256384,128,200
2,7567,bronchodilator albuterol,151,76,75,7.940586036422447e-05,2.9160365952204492e-05,2.723074891939807,0.18313865,1.0,1.0,0.5666666666666667,1.0,True,1.8380755520593697,129,200
2,29471,whichever,76,40,36,-8.813238796775303e-05,3.133089637359507e-05,-2.812954564620401,-0.3182812,1.0,1.0,0.5333333333333333,1.0,True,1.8284204670032607,130,200
2,17333,m with,72,35,37,-6.968084774796278e-05,2.5742628017389508e-05,-2.706827278896793,-0.18719155,1.0,1.0,0.5666666666666667,1.0,True,1.8271084132553352,131,200
2,25454,seen,269,139,130,-8.861961828351873e-05,3.1814738301589906e-05,-2.785489462256242,-0.3856769,1.0,1.0,0.5333333333333333,1.0,True,1.8105681504665572,132,200
2,13999,history - metastatic,288,145,143,0.00010043166616226271,3.608678433106002e-05,2.7830594502658643,0.43523738,1.0,1.0,0.5333333333333333,1.0,True,1.808988642672812,133,200
2,711,- metastatic nsclc,196,101,95,0.00010037792743926898,3.610772334003338e-05,2.779957254407616,0.42507213,1.0,1.0,0.5333333333333333,1.0,True,1.8069722153649503,134,200
2,9790,cytopenias,331,165,166,-0.00010492254919730728,3.776939660409337e-05,-2.7779779035690497,-0.22305787,1.0,1.0,0.5333333333333333,1.0,True,1.8056856373198824,135,200
2,16337,left lung,227,125,102,0.0001103335841832087,3.995622594902727e-05,2.76136150406104,0.32065538,1.0,1.0,0.5333333333333333,1.0,True,1.794884977639676,136,200
2,10488,dimension previously,62,29,33,-8.506693519348079e-05,2.9758663617144776e-05,-2.8585603267638473,-0.36802495,1.0,1.0,0.5,1.0,True,1.7866002042274045,137,200
2,26667,summary baseline,61,30,31,7.362803440081047e-05,2.6934083955066203e-05,2.733637963096989,0.3518053,1.0,1.0,0.5333333333333333,1.0,True,1.776864676013043,139,200
2,14539,imaging summary baseline,61,30,31,7.362803440081047e-05,2.6934083955066203e-05,2.733637963096989,0.3518053,1.0,1.0,0.5333333333333333,1.0,True,1.776864676013043,138,200
2,12675,for ongoing trials,72,37,35,7.995270682608447e-05,2.8131060085470188e-05,2.8421505120377737,0.2608431,1.0,1.0,0.5,1.0,True,1.7763440700236086,140,200
2,27244,the context,413,205,208,7.802409665487681e-05,2.8564243026663832e-05,2.731530346596048,0.28273144,1.0,1.0,0.5333333333333333,1.0,True,1.7754947252874314,141,200
2,5210,after prior,236,113,123,8.669026143846955e-05,3.184858625567898e-05,2.7219500653034996,0.2439775,1.0,1.0,0.5333333333333333,1.0,True,1.7692675424472748,142,200
2,25480,seizures dermatologic,178,90,88,-9.14524146650381e-05,3.249547909425372e-05,-2.8143119355088975,-0.28534356,1.0,1.0,0.5,1.0,True,1.7589449596930609,143,200
2,3224,4. overall,207,102,105,8.996802567624367e-05,3.3254207755514835e-05,2.7054629097673657,0.32835418,1.0,1.0,0.5333333333333333,1.0,True,1.7585508913487877,144,200
2,13580,he denies any,133,68,65,9.190217412912434e-05,3.3995114748684156e-05,2.7033935554720134,0.20027006,1.0,1.0,0.5333333333333333,1.0,True,1.7572058110568087,145,200
2,25864,size. -,351,166,185,-9.086499406198727e-05,3.2320166016806655e-05,-2.8114024542676233,-0.3993596,1.0,1.0,0.5,1.0,True,1.7571265339172646,146,200
2,16990,low-dose dexamethasone,296,136,160,-8.931131001219856e-05,3.186692604005907e-05,-2.8026333603664084,-0.2638402,1.0,1.0,0.5,1.0,True,1.7516458502290053,147,200
2,22494,patient john martinez,42,9,33,-0.00024012262241722649,8.939810517653317e-05,-2.685992303114923,-0.28528148,1.0,1.0,0.5333333333333333,1.0,True,1.7458949970247,148,200
2,19472,newly diagnosed non-small,189,99,90,8.661321384085697e-05,3.102484475688986e-05,2.791737219623711,0.34579843,1.0,1.0,0.5,1.0,True,1.7448357622648194,149,200
2,2630,2.5 mg,77,37,40,-6.93268589619315e-05,2.493725896498811e-05,-2.780051290290819,-0.21745783,1.0,1.0,0.5,1.0,True,1.737532056431762,150,200
2,8076,cell-cycle progression.,83,36,47,-7.020604213385315e-05,2.6316322393024383e-05,-2.6677755761368287,-0.17763545,1.0,1.0,0.5333333333333333,1.0,True,1.7340541244889387,151,200
2,20200,nodules or masses.,151,69,82,8.332373420569741e-05,3.134655387316432e-05,2.6581465555303216,0.22898638,1.0,1.0,0.5333333333333333,1.0,True,1.7277952610947092,152,200
2,14941,increasing,238,102,136,-9.586024724914831e-05,3.49649930311547e-05,-2.741606359358756,-0.37322837,1.0,1.0,0.5,1.0,True,1.7135039745992224,153,200
2,14306,identified. overall imaging,154,83,71,-8.405439097490526e-05,3.197654181170465e-05,-2.628626681079631,-0.32820788,1.0,1.0,0.5333333333333333,1.0,True,1.7086073427017603,154,200
2,19201,neoplastic glands,165,77,88,-8.057603877126782e-05,2.9479075891615715e-05,-2.7333298732808933,-0.31679803,1.0,1.0,0.5,1.0,True,1.7083311708005584,155,200
2,4248,<1.0,192,99,93,-9.139672364043089e-05,3.3524714412989764e-05,-2.7262491341318498,-0.2099045,1.0,1.0,0.5,1.0,True,1.703905708832406,156,200
2,396,- discuss potential,256,125,131,-8.206024090977073e-05,3.0143328013424683e-05,-2.7223351341041124,-0.19848457,1.0,1.0,0.5,1.0,True,1.7014594588150702,157,200
2,20542,now limiting,152,71,81,-8.63504775978875e-05,3.3131538441923696e-05,-2.6062924228300277,-0.24540538,1.0,1.0,0.5333333333333333,1.0,True,1.694090074839518,158,200
2,16580,limited upper,80,35,45,-7.68018082734289e-05,2.8354419448784276e-05,-2.708636246711158,-0.31377771,1.0,1.0,0.5,1.0,True,1.6928976541944738,159,200
2,11971,fatigue grade,566,285,281,9.469394390342769e-05,3.499174467081835e-05,2.7061795516128835,0.3113851,1.0,1.0,0.5,1.0,True,1.6913622197580522,160,200
2,10380,diagnostic radiology,74,39,35,-7.275047815261362e-05,2.69346457235048e-05,-2.701000001983585,-0.32584196,1.0,1.0,0.5,1.0,True,1.6881250012397406,161,200
2,17194,lungs - a,163,88,75,-8.078775000221602e-05,2.996806550242248e-05,-2.695794628308107,-0.30424714,1.0,1.0,0.5,1.0,True,1.684871642692567,162,200
2,12010,fatigue weight,181,77,104,-8.379482414116474e-05,3.1091410070043397e-05,-2.6951117351187985,-0.17729054,1.0,1.0,0.5,1.0,True,1.684444834449249,163,200
2,21526,or clinical trial,101,54,47,8.255508314984864e-05,3.082160875740208e-05,2.678480665939357,0.21755262,1.0,1.0,0.5,1.0,True,1.6740504162120982,164,200
2,22697,pembrolizumab. 2.,72,33,39,-7.970258732252355e-05,3.094856074804483e-05,-2.5753245190104277,-0.17982313,1.0,1.0,0.5333333333333333,1.0,True,1.673960937356778,165,200
2,1365,--- subjective chief,304,149,155,8.253839646189061e-05,3.2049950825347125e-05,2.575304932967761,0.35684788,1.0,1.0,0.5333333333333333,1.0,True,1.6739482064290445,166,200
2,25456,seen in the,169,93,76,-8.607936652729128e-05,3.2207962764811523e-05,-2.672611340116687,-0.32995772,1.0,1.0,0.5,1.0,True,1.6703820875729294,167,200
2,8828,collections,84,39,45,-6.290269450824014e-05,2.463767283255262e-05,-2.5531102282164295,-0.25547993,1.0,1.0,0.5333333333333333,1.0,True,1.6595216483406792,168,200
2,18097,metastatic nsclc,517,256,261,8.792776923855334e-05,3.3160262813940316e-05,2.6516004933950397,0.37515512,1.0,1.0,0.5,1.0,True,1.6572503083719,169,200
2,22631,pd-l1 tps >=,57,30,27,6.449531361785644e-05,2.432878616829376e-05,2.650987729996546,0.18145235,1.0,1.0,0.5,1.0,True,1.6568673312478412,170,200
2,18171,mg m with,70,35,35,-6.558022592405788e-05,2.5769960259903633e-05,-2.544832248969216,-0.1888098,1.0,1.0,0.5333333333333333,1.0,True,1.6541409618299905,171,200
2,26122,specimen.,99,45,54,-7.64529494993232e-05,2.8970856756235617e-05,-2.63896059901189,-0.29449552,1.0,1.0,0.5,1.0,True,1.6493503743824312,172,200
2,2039,10 days ago,75,35,40,-6.687831387111853e-05,2.4356660476236394e-05,-2.745791605395511,-0.2442857,1.0,1.0,0.4666666666666667,1.0,True,1.6474749632373067,173,200
2,5690,alterations. -,165,89,76,7.586845174896304e-05,3.0001479373990176e-05,2.5288236890990548,0.34354812,1.0,1.0,0.5333333333333333,1.0,True,1.6437353979143856,174,200
2,14835,in size largest,222,102,120,8.772970600407821e-05,3.4842229963926085e-05,2.517913063971772,0.22157866,1.0,1.0,0.5333333333333333,1.0,True,1.636643491581652,175,200
2,23349,pre-treatment labs.,77,39,38,-6.768571991954073e-05,2.5873755793376124e-05,-2.6159990246514107,-0.23689955,1.0,1.0,0.5,1.0,True,1.6349993904071316,176,200
2,21156,offer early palliative,74,30,44,-6.61794390477165e-05,2.452822702935306e-05,-2.6980930569714316,-0.25989038,1.0,1.0,0.4666666666666667,1.0,True,1.618855834182859,177,200
2,25395,score < 1,166,76,90,-0.00011651792283200794,4.320125189171831e-05,-2.697095980552926,-0.2924682,1.0,1.0,0.4666666666666667,1.0,True,1.6182575883317556,178,200
2,24581,reinforce smoking,102,53,49,8.094622947359447e-05,3.0022256865740573e-05,2.6962073449569672,0.30769548,1.0,1.0,0.4666666666666667,1.0,True,1.6177244069741803,179,200
2,25675,short-acting bronchodilator albuterol,100,52,48,7.24347736314548e-05,2.692216487642229e-05,2.690525593463371,0.18932834,1.0,1.0,0.4666666666666667,1.0,True,1.6143153560780226,180,200
2,16261,last oncology visit,63,26,37,-7.531030121911379e-05,2.799163621537177e-05,-2.6904572722960975,-0.3095576,1.0,1.0,0.4666666666666667,1.0,True,1.6142743633776584,181,200
2,14389,if worsening,57,24,33,-7.815206606487672e-05,3.0473403451652716e-05,-2.56459919840815,-0.22833076,1.0,1.0,0.5,1.0,True,1.6028744990050938,182,200
2,9004,compromise.,72,34,38,8.193960120546287e-05,3.069967257845594e-05,2.6690708507088603,0.20211822,1.0,1.0,0.4666666666666667,1.0,True,1.601442510425316,183,200
2,1681,0.2 cm 0.2,69,37,32,-8.671026023767379e-05,3.264755861150663e-05,-2.655949293773923,-0.24054012,1.0,1.0,0.4666666666666667,1.0,True,1.5935695762643538,184,200
2,10306,dexamethasone taper,45,22,23,7.205802335796383e-05,2.7153775976784486e-05,2.653701769491318,0.28714442,1.0,1.0,0.4666666666666667,1.0,True,1.5922210616947907,185,200
2,21011,of oral prednisone,63,34,29,-6.460606066221539e-05,2.4538172112676997e-05,-2.6328799213547933,-0.20548768,1.0,1.0,0.4666666666666667,1.0,True,1.579727952812876,186,200
2,25901,sleep hygiene,313,157,156,8.434829233353052e-05,3.206967021896982e-05,2.630157770803546,0.33568847,1.0,1.0,0.4666666666666667,1.0,True,1.5780946624821275,187,200
2,3755,60 %.,47,23,24,0.00015252153332705605,5.805252223526783e-05,2.6273024401754035,0.34378943,1.0,1.0,0.4666666666666667,1.0,True,1.576381464105242,188,200
2,16431,lesions are,307,156,151,-9.42183101804158e-05,3.737685112484958e-05,-2.5207663926984964,-0.20451064,1.0,1.0,0.5,1.0,True,1.5754789954365602,189,200
2,29606,with associated right,56,29,27,-8.125332508501726e-05,2.9774054542544783e-05,-2.728997656967164,-0.32095173,1.0,1.0,0.43333333333333335,1.0,True,1.569173652756119,190,200
2,949,- prescribe,316,148,168,-8.192618350709936e-05,3.1377222046321964e-05,-2.611008182501062,-0.12907387,1.0,1.0,0.4666666666666667,1.0,True,1.5666049095006371,191,200
2,12194,ffpe,671,322,349,5.496630055964114e-05,2.0348771263647507e-05,2.701209810040808,0.36427155,1.0,1.0,0.43333333333333335,1.0,True,1.5531956407734646,192,200
2,26649,suggests potential,92,48,44,6.99781488422659e-05,2.7077077072684547e-05,2.584405571340642,0.26850635,1.0,1.0,0.4666666666666667,1.0,True,1.5506433428043853,193,200
2,1801,1 no fever,98,52,46,8.198926057703566e-05,3.309882240165771e-05,2.4771050638021896,0.2191044,1.0,1.0,0.5,1.0,True,1.5481906648763686,194,200
2,10221,dermatologic none rash,231,114,117,-8.34585906722316e-05,3.242342963846215e-05,-2.5740210583160894,-0.2310609,1.0,1.0,0.4666666666666667,1.0,True,1.5444126349896536,195,200
2,23823,proportion score <,187,84,103,-0.0001237524988281892,4.616598561281066e-05,-2.680599085787718,-0.28116593,1.0,1.0,0.43333333333333335,1.0,True,1.5413444743279379,197,200
2,25394,score <,187,84,103,-0.0001237524988281892,4.616598561281066e-05,-2.680599085787718,-0.28116593,1.0,1.0,0.43333333333333335,1.0,True,1.5413444743279379,196,200
2,21076,of stairs .,106,53,53,-9.00137226462234e-05,3.2151630592528035e-05,-2.799662753874212,-0.39652383,1.0,1.0,0.4,1.0,True,1.5398145146308166,198,200
2,11688,evidence of superior,79,39,40,-7.786756071521481e-05,2.914160493553404e-05,-2.6720409149554563,-0.26864627,1.0,1.0,0.43333333333333335,1.0,True,1.5364235260993873,199,200
2,23275,post-hospitalization complete,97,47,50,6.794230294091117e-05,2.664805384561551e-05,2.5496159432329404,0.26189154,1.0,1.0,0.4666666666666667,1.0,True,1.529769565939764,200,200
2,5854,anc <1.0,147,71,76,-0.00011470461998921733,3.06130077645064e-05,-3.7469242118119856,-0.3164556,1.0,1.0,1.0,1.0,True,3.7469242118119856,1,400
2,31,% low,196,95,101,-0.00013882564541625896,3.7344666275226065e-05,-3.7174156114591916,-0.4055187,1.0,1.0,1.0,1.0,True,3.7174156114591916,2,400
2,24282,reasonable,85,33,52,-9.666441838260738e-05,2.6106331386579907e-05,-3.7027193500002156,-0.39478582,1.0,1.0,1.0,1.0,True,3.7027193500002156,3,400
2,7765,canal,47,19,28,0.00013377837457564598,3.6686574257817636e-05,3.6465213032840973,0.38218904,1.0,1.0,1.0,1.0,True,3.6465213032840973,4,400
2,15873,kidneys,734,355,379,7.304479509517638e-05,1.9210202831437292e-05,3.8023958276817025,0.3482659,1.0,1.0,0.9333333333333333,1.0,True,3.6122760362976174,5,400
2,17167,lung no,203,103,100,0.00012141779864183361,3.370734907391142e-05,3.6021165110194833,0.30476743,1.0,1.0,1.0,1.0,True,3.6021165110194833,6,400
2,16450,lesions identified. overall,126,71,55,-0.00011766575796803157,3.192674466859053e-05,-3.685491871765771,-0.3508499,1.0,1.0,0.9666666666666667,1.0,True,3.5933545749716265,7,400
2,13902,high pd-l1 expression,160,79,81,0.00019728097472559872,5.44684866466923e-05,3.6219286943889966,0.4187591,1.0,1.0,0.9666666666666667,1.0,True,3.5313804770292716,8,400
2,3636,55.,106,60,46,0.00011123832944811108,3.178509183536424e-05,3.4997013701985535,0.27428967,1.0,1.0,1.0,1.0,True,3.4997013701985535,9,400
2,16965,low pd-l1 expression,318,143,175,-0.00016139449268631208,4.5170228994628614e-05,-3.573027993847545,-0.38509196,1.0,1.0,0.9666666666666667,1.0,True,3.4837022940013562,10,400
2,13901,high pd-l1,189,97,92,0.00021385763301514472,5.989064545884322e-05,3.570801940381615,0.4261646,1.0,1.0,0.9666666666666667,1.0,True,3.481531891872075,11,400
2,15157,initial oncology,148,78,70,-0.0001029532627519686,2.980054681211013e-05,-3.4547440824183533,-0.2825953,1.0,1.0,0.9666666666666667,1.0,True,3.3683754803578942,12,400
2,6605,are seen in,73,36,37,-9.093099086223659e-05,2.6701045775656605e-05,-3.4055217022675026,-0.35517702,1.0,1.0,0.9333333333333333,1.0,True,3.2352456171541273,13,400
2,28037,to obtain,95,51,44,-9.404647016160943e-05,2.6935125696781077e-05,-3.491592028206076,-0.26920483,1.0,1.0,0.9,1.0,True,3.2297226260906204,14,400
2,708,- metastatic,374,183,191,0.00011177544550101847,3.315866940654438e-05,3.3709267440917836,0.46406862,1.0,1.0,0.9333333333333333,1.0,True,3.2023804068871944,15,400
2,22583,pd-l1 <1,161,73,88,-0.00015001938679919815,4.275185067448227e-05,-3.5090735121963212,-0.35847542,1.0,1.0,0.8333333333333334,1.0,True,3.0704393231717813,16,400
2,21633,or masses.,198,94,104,0.00010402751807022143,3.220706112979653e-05,3.2299599659523057,0.2775994,1.0,1.0,0.9333333333333333,1.0,True,3.0684619676546903,17,400
2,28076,to reduced,144,74,70,9.423522018142281e-05,2.868018851888922e-05,3.285725270576866,0.32737964,1.0,1.0,0.9,1.0,True,3.0392958752836012,18,400
2,19242,neurologic symptoms or,104,49,55,-9.492329114959551e-05,2.941162405398172e-05,-3.227407333079415,-0.27269778,1.0,1.0,0.9,1.0,True,2.985351783098459,19,400
2,11589,erythema over,43,24,19,-8.004816198624853e-05,2.4962609195988515e-05,-3.206722556835615,-0.277059,1.0,1.0,0.9,1.0,True,2.966218365072944,20,400
2,22585,pd-l1 <1 %.,101,41,60,-0.00011023027017240849,3.271683305796941e-05,-3.3692218918957306,-0.31921753,1.0,1.0,0.8,1.0,True,2.8638386081113714,21,400
2,15643,is within,69,33,36,-8.23174154740737e-05,2.5895827575884956e-05,-3.178790684825627,-0.3050302,1.0,1.0,0.8666666666666667,1.0,True,2.8609116163430643,22,400
2,5855,anc <1.0 k,131,64,67,-9.595099916026665e-05,2.941754345754513e-05,-3.2616931219542993,-0.2978616,1.0,1.0,0.8333333333333334,1.0,True,2.853981481710012,23,400
2,8539,clinician,69,31,38,9.477602239411272e-05,3.023863377673447e-05,3.1342693288951815,0.45704734,1.0,1.0,0.8666666666666667,1.0,True,2.820842396005663,24,400
2,11568,epidural,105,50,55,0.00012793245082863867,4.116039546901787e-05,3.10814435504964,0.33422196,1.0,1.0,0.8666666666666667,1.0,True,2.7973299195446764,25,400
2,14320,if anc <1.0,93,43,50,-9.059962269758645e-05,2.8496010767446403e-05,-3.179379157207741,-0.25824332,1.0,1.0,0.8333333333333334,1.0,True,2.7819567625567734,26,400
2,20907,of first-line carboplatin,174,79,95,-0.00011777824916613974,3.7230843469763606e-05,-3.1634590621561216,-0.3273895,1.0,1.0,0.8333333333333334,1.0,True,2.7680266793866064,27,400
2,13623,he reports increasing,64,32,32,-9.944901611889245e-05,3.186639733201098e-05,-3.120811401513287,-0.3595888,1.0,1.0,0.8333333333333334,1.0,True,2.730709976324126,28,400
2,27343,the limited upper,69,30,39,-8.782947517562541e-05,2.6550612041401574e-05,-3.3080019036347985,-0.35220167,1.0,1.0,0.7666666666666667,1.0,True,2.729101570498709,29,400
2,3619,55 emotional,82,42,40,0.00011512695636533734,3.743135892528474e-05,3.075681986196059,0.31562054,1.0,1.0,0.8333333333333334,1.0,True,2.6912217379215515,30,400
2,16096,l anc 1.2,59,37,22,-7.906765650451329e-05,2.5727171409532614e-05,-3.073313239372152,-0.36096442,1.0,1.0,0.8333333333333334,1.0,True,2.689149084450633,31,400
2,28265,tps >=,72,39,33,8.677561482012723e-05,2.8344868266732823e-05,3.0614224064668565,0.24229412,1.0,1.0,0.8333333333333334,1.0,True,2.6787446056584994,32,400
2,24740,reports increasing fatigue,91,39,52,-0.00010304928297059873,3.39932322484216e-05,-3.031464681484756,-0.34387735,1.0,1.0,0.8333333333333334,1.0,True,2.6525315962991614,33,400
2,7944,cava,106,55,51,-9.645783774231233e-05,3.109112615197562e-05,-3.102423414025584,-0.3734633,1.0,1.0,0.8,1.0,True,2.6370599019217464,34,400
2,28900,vena cava,106,55,51,-9.645783774231233e-05,3.109112615197562e-05,-3.102423414025584,-0.3734633,1.0,1.0,0.8,1.0,True,2.6370599019217464,35,400
2,26677,superior vena cava,104,54,50,-9.625637429961675e-05,3.1202243916741985e-05,-3.0849183333243895,-0.37838188,1.0,1.0,0.8,1.0,True,2.6221805833257315,36,400
2,12095,fdg-avid osseous lesions,99,46,53,-9.198199477497976e-05,2.9865252128859714e-05,-3.0799001588235284,-0.22566266,1.0,1.0,0.8,1.0,True,2.6179151349999996,37,400
2,1753,1 % low,89,41,48,-0.00010173992459511748,3.2114397504688505e-05,-3.1680471221751576,-0.32822132,1.0,1.0,0.7666666666666667,1.0,True,2.6136388757945053,38,400
2,2825,3 nad in,116,59,57,0.00011052357175840459,3.7132427238173506e-05,2.976470432419841,0.23091274,1.0,1.0,0.8333333333333334,1.0,True,2.604411628367361,39,400
2,3754,60 %,86,44,42,0.00017561103753887554,5.65152219764251e-05,3.1073227954785416,0.36578175,1.0,1.0,0.7666666666666667,1.0,True,2.563541306269797,40,400
2,21155,offer early,110,44,66,-9.016906326343393e-05,2.8154252056566108e-05,-3.202680116746514,-0.28278065,1.0,1.0,0.7333333333333333,1.0,True,2.5621440933972113,41,400
2,25194,role function 40,140,58,82,-0.0001211580834672294,3.785394502797898e-05,-3.200672568676207,-0.35363147,1.0,1.0,0.7333333333333333,1.0,True,2.5605380549409653,42,400
2,26436,status. ---,95,52,43,-8.569137649975755e-05,2.8665614640923228e-05,-2.989343768593887,-0.3827331,1.0,1.0,0.8,1.0,True,2.5409422033048044,43,400
2,27837,tmb and stk11,58,26,32,-8.322162176565038e-05,2.8075024465278905e-05,-2.964258209946448,-0.22708832,1.0,1.0,0.8,1.0,True,2.519619478454481,44,400
2,3620,55 emotional function,61,28,33,0.00011691779770282967,3.869093209734049e-05,3.0218397791162617,0.33517504,1.0,1.0,0.7666666666666667,1.0,True,2.493017817770916,45,400
2,2015,1.8 cm in,241,120,121,-8.902076336793618e-05,3.074680451753894e-05,-2.895285047171518,-0.38675043,1.0,1.0,0.8,1.0,True,2.4609922900957906,46,400
2,14942,increasing fatigue,143,57,86,-0.0001033181862283999,3.464639148647767e-05,-2.9820763951340945,-0.37027285,1.0,1.0,0.7666666666666667,1.0,True,2.4602130259856283,47,400
2,20437,not currently,222,116,106,-9.344556561082041e-05,2.9650772206148216e-05,-3.1515390210122107,-0.3134678,1.0,1.0,0.7,1.0,True,2.442442741284463,48,400
2,14590,immunoprofile,254,119,135,8.467856633951866e-05,2.8653384248989765e-05,2.955272773494607,0.27291253,1.0,1.0,0.7666666666666667,1.0,True,2.438100038133051,49,400
2,1386,------ --------------------------------,76,38,38,9.231008228754165e-05,3.067822273587826e-05,3.0089775109294314,0.3073479,1.0,1.0,0.7333333333333333,1.0,True,2.407182008743545,50,400
2,15794,john martinez age,41,8,33,-0.0001820804032108573,6.12773513514186e-05,-2.9714143838666756,-0.32388368,1.0,1.0,0.7333333333333333,1.0,True,2.37713150709334,51,400
2,8283,chest pain no,106,46,60,8.110634428478615e-05,2.8174079869655725e-05,2.878757519678219,0.28394908,1.0,1.0,0.7666666666666667,1.0,True,2.374974953734531,52,400
2,1055,- rna-based,84,36,48,8.171681473529997e-05,2.7581383815503694e-05,2.962752531994655,0.33353657,1.0,1.0,0.7333333333333333,1.0,True,2.3702020255957237,53,400
2,3322,40 100 emotional,142,60,82,-8.808731028998927e-05,2.8041055558119298e-05,-3.141369272187885,-0.3425774,1.0,1.0,0.6666666666666666,1.0,True,2.356026954140914,54,400
2,26136,spinal,81,34,47,0.0001196922545323412,4.0658908111101415e-05,2.9438137936532707,0.3472847,1.0,1.0,0.7333333333333333,1.0,True,2.3550510349226164,55,400
2,6574,are diagnostic of,80,45,35,9.28494365825037e-05,3.1616768047053417e-05,2.9367149875762517,0.19379684,1.0,1.0,0.7333333333333333,1.0,True,2.3493719900610013,57,400
2,6573,are diagnostic,80,45,35,9.28494365825037e-05,3.1616768047053417e-05,2.9367149875762517,0.19379684,1.0,1.0,0.7333333333333333,1.0,True,2.3493719900610013,56,400
2,25455,seen in,203,108,95,-9.526639377028552e-05,3.255335018488922e-05,-2.92646972521147,-0.3748483,1.0,1.0,0.7333333333333333,1.0,True,2.3411757801691757,58,400
2,29605,with associated,195,103,92,-0.0001018971881760431,3.268276091859645e-05,-3.1177656144118386,-0.30534017,1.0,1.0,0.6666666666666666,1.0,True,2.338324210808879,59,400
2,9777,cycles.,302,146,156,-9.653820832902324e-05,3.3047106434871405e-05,-2.9212302904424887,-0.25009552,1.0,1.0,0.7333333333333333,1.0,True,2.336984232353991,60,400
2,3971,70 role,103,57,46,9.776774219098033e-05,3.351689130011986e-05,2.916969277238152,0.21769544,1.0,1.0,0.7333333333333333,1.0,True,2.3335754217905214,61,400
2,6820,at a,154,69,85,-8.445932585813621e-05,2.8340626369695433e-05,-2.9801502887193903,-0.2758433,1.0,1.0,0.7,1.0,True,2.309616473757527,62,400
2,12021,fatigued,381,158,223,-9.099228404479569e-05,3.071435530105691e-05,-2.962532768567164,-0.21981972,1.0,1.0,0.7,1.0,True,2.2959628956395517,63,400
2,17347,ma,158,82,76,-8.922881748949554e-05,3.022477577484579e-05,-2.9521746713421497,-0.23366445,1.0,1.0,0.7,1.0,True,2.2879353702901657,64,400
2,21607,or infiltrates.,112,56,56,9.629058554261564e-05,3.281447112324368e-05,2.934393950186493,0.2371924,1.0,1.0,0.7,1.0,True,2.274155311394532,65,400
2,1604,. imaging -,128,61,67,-8.302358716651886e-05,2.9467677283170747e-05,-2.8174459211257337,-0.30839503,1.0,1.0,0.7333333333333333,1.0,True,2.253956736900587,66,400
2,28899,vena,108,56,52,-9.42761967532075e-05,3.256997179171612e-05,-2.8945740989921824,-0.3737303,1.0,1.0,0.7,1.0,True,2.2432949267189413,67,400
2,1434,------------ ------ --------------------------------,73,36,37,9.240176272468018e-05,3.1063487238352763e-05,2.9746100949862337,0.31262797,1.0,1.0,0.6666666666666666,1.0,True,2.230957571239675,68,400
2,14856,in the context,409,203,206,8.16880756011303e-05,2.8495895238967567e-05,2.8666611424589847,0.29765484,1.0,1.0,0.7,1.0,True,2.221662385405713,69,400
2,16991,low-dose dexamethasone 4,151,62,89,-8.254869226912365e-05,2.7901187514109518e-05,-2.9586085619968365,-0.27585068,1.0,1.0,0.6666666666666666,1.0,True,2.2189564214976274,70,400
2,7792,cancer nsclc -,76,34,42,9.644592621625913e-05,3.401105668904947e-05,2.8357227209383296,0.35165846,1.0,1.0,0.7,1.0,True,2.1976851087272053,71,400
2,12927,function 55 emotional,63,29,34,0.00011255616924831167,3.845448118188853e-05,2.926997473088361,0.3117226,1.0,1.0,0.6666666666666666,1.0,True,2.1952481048162706,72,400
2,24739,reports increasing,109,49,60,-9.788003724558836e-05,3.3628956880492415e-05,-2.9105879671922534,-0.32090554,1.0,1.0,0.6666666666666666,1.0,True,2.18294097539419,73,400
2,21313,oncologic management -,90,41,49,9.263279139065287e-05,3.0031484639681045e-05,3.0845225436592565,0.3724642,1.0,1.0,0.6,1.0,True,2.1591657805614792,74,400
2,26676,superior vena,106,55,51,-9.405874382711965e-05,3.270544680936068e-05,-2.875935142405666,-0.3785527,1.0,1.0,0.6666666666666666,1.0,True,2.1569513568042495,75,400
2,11148,each core,72,39,33,-8.01694719229709e-05,2.9747165303663175e-05,-2.6950289583760285,-0.3416207,1.0,1.0,0.7333333333333333,1.0,True,2.1560231667008227,76,400
2,28077,to reduced responsiveness,68,34,34,8.067486067824045e-05,2.806571139415829e-05,2.874499047796538,0.31132394,1.0,1.0,0.6666666666666666,1.0,True,2.1558742858474034,77,400
2,16614,linked to reduced,137,70,67,8.260080170294507e-05,2.7792702448025075e-05,2.972032023780926,0.2758211,1.0,1.0,0.6333333333333333,1.0,True,2.1547232172411714,78,400
2,7861,carcinoma adenocarcinoma,522,270,252,8.525400287556816e-05,2.8836182226044363e-05,2.956494108938185,0.26712364,1.0,1.0,0.6333333333333333,1.0,True,2.143458228980184,79,400
2,18351,mildly fatigued,329,141,188,-9.023136566657156e-05,3.0707719460639484e-05,-2.9383935782736406,-0.21790247,1.0,1.0,0.6333333333333333,1.0,True,2.1303353442483894,80,400
2,14317,if a,98,52,46,8.939313918836052e-05,3.044914725944772e-05,2.935817493562935,0.29966047,1.0,1.0,0.6333333333333333,1.0,True,2.128467682833128,81,400
2,4236,<1,318,140,178,-0.00015522737714117717,5.11237730966721e-05,-3.036305181302858,-0.30330884,1.0,1.0,0.6,1.0,True,2.1254136269120005,82,400
2,29299,weeks earlier,91,47,44,-8.161068344790245e-05,2.7994447986504612e-05,-2.9152453189019774,-0.30968094,1.0,1.0,0.6333333333333333,1.0,True,2.1135528562039334,83,400
2,16964,low pd-l1,345,155,190,-0.00015353154037669138,5.143184742893726e-05,-2.9851453535442993,-0.32704148,1.0,1.0,0.6,1.0,True,2.0896017474810096,84,400
2,17130,lung carcinoma adenocarcinoma,522,270,252,8.545803011440397e-05,2.8628726324856072e-05,2.9850447814092056,0.2762316,1.0,1.0,0.6,1.0,True,2.0895313469864436,85,400
2,22925,phase ii,69,40,29,-7.119347934062338e-05,2.4871296245471614e-05,-2.862475628047966,-0.23256125,1.0,1.0,0.6333333333333333,1.0,True,2.075294830334775,86,400
2,6565,are common in,98,50,48,-8.057677659500111e-05,2.7391293393190875e-05,-2.9416930204190894,-0.23143779,1.0,1.0,0.6,1.0,True,2.0591851142933626,87,400
2,9184,constitutional fatigue weight,147,62,85,-8.514495979726612e-05,2.9181267476882068e-05,-2.917795118554035,-0.18826954,1.0,1.0,0.6,1.0,True,2.0424565829878243,88,400
2,1321,--- laboratory results,218,124,94,-8.247925442799145e-05,3.0421228183263265e-05,-2.711240122559179,-0.1548796,1.0,1.0,0.6666666666666666,1.0,True,2.033430091919384,89,400
2,6459,appears mildly fatigued,328,141,187,-8.920091890369731e-05,3.074312114175312e-05,-2.901491962784187,-0.21892302,1.0,1.0,0.6,1.0,True,2.031044373948931,90,400
2,5770,analgesia,127,55,72,-8.846485937290804e-05,3.052015722421478e-05,-2.898571548075767,-0.3221333,1.0,1.0,0.6,1.0,True,2.029000083653037,91,400
2,25249,routine follow-up,105,62,43,8.858871941889142e-05,3.182605070503076e-05,2.7835285075093577,0.2971234,1.0,1.0,0.6333333333333333,1.0,True,2.018058167944284,92,400
2,24358,recist criteria,160,80,80,9.413071747487588e-05,3.3834178685413174e-05,2.782119180432719,0.27402207,1.0,1.0,0.6333333333333333,1.0,True,2.0170364058137213,93,400
2,26291,stable. - no,115,50,65,9.085473273771327e-05,3.2792288828138666e-05,2.770612725872063,0.21481743,1.0,1.0,0.6333333333333333,1.0,True,2.0086942262572456,94,400
2,25687,show mild,75,40,35,-9.090702816639824e-05,3.1736982179021425e-05,-2.8643879135581143,-0.3176047,1.0,1.0,0.6,1.0,True,2.0050715394906797,95,400
2,17168,lung no focal,112,59,53,8.075337068442519e-05,2.8732875601933067e-05,2.810486907164709,0.2555093,1.0,1.0,0.6,1.0,True,1.9673408350152963,96,400
2,19588,nkda social history,239,115,124,-8.826317743063604e-05,3.0476519297463213e-05,-2.896104262076373,-0.23267727,1.0,1.0,0.5666666666666667,1.0,True,1.9548703769015519,97,400
2,13298,given molecular,80,32,48,8.177825028577671e-05,3.0415522853988417e-05,2.6887011174642046,0.30192164,1.0,1.0,0.6333333333333333,1.0,True,1.9493083101615483,98,400
2,26903,symptoms or,184,96,88,-8.732911164074975e-05,3.250699638596434e-05,-2.6864712631049525,-0.27159932,1.0,1.0,0.6333333333333333,1.0,True,1.9476916657510905,99,400
2,16338,left lung no,120,66,54,9.61784069927352e-05,3.460276002472771e-05,2.7795010260454514,0.29078767,1.0,1.0,0.6,1.0,True,1.945650718231816,100,400
2,621,- left lung,134,73,61,0.00010108654789077038,3.6416072052406635e-05,2.775877303441623,0.29018238,1.0,1.0,0.6,1.0,True,1.9431141124091358,101,400
2,25022,review of recent,128,61,67,9.084699692067053e-05,3.282407060021217e-05,2.767694416306895,0.45202678,1.0,1.0,0.6,1.0,True,1.9373860914148262,102,400
2,6151,and multiple bilateral,88,40,48,-8.716740484492209e-05,3.153339066739159e-05,-2.7642889965226973,-0.33821192,1.0,1.0,0.6,1.0,True,1.935002297565888,103,400
2,17552,mass effect or,100,49,51,-8.679715254847062e-05,2.928192297475261e-05,-2.9641889510913835,-0.25744602,1.0,1.0,0.5333333333333333,1.0,True,1.9267228182093994,104,400
2,11259,effect or,100,49,51,-8.679715254847062e-05,2.928192297475261e-05,-2.9641889510913835,-0.25744602,1.0,1.0,0.5333333333333333,1.0,True,1.9267228182093994,105,400
2,17860,mediastinum hilar nodes,340,168,172,-9.095037414810805e-05,3.187012259814318e-05,-2.853781747090204,-0.21202117,1.0,1.0,0.5666666666666667,1.0,True,1.926302679285888,106,400
2,16576,limited likelihood of,115,47,68,-7.9422034378412e-05,2.88825849296539e-05,-2.74982431703573,-0.18824455,1.0,1.0,0.6,1.0,True,1.9248770219250109,108,400
2,16575,limited likelihood,115,47,68,-7.9422034378412e-05,2.88825849296539e-05,-2.74982431703573,-0.18824455,1.0,1.0,0.6,1.0,True,1.9248770219250109,107,400
2,29643,with differential and,156,80,76,-8.504230650988574e-05,2.9863470698096624e-05,-2.8477033821559794,-0.22147396,1.0,1.0,0.5666666666666667,1.0,True,1.9221997829552862,109,400
2,16230,labs earlier if,70,33,37,7.533572147569296e-05,2.651776194758947e-05,2.840953230690766,0.31557977,1.0,1.0,0.5666666666666667,1.0,True,1.917643430716267,110,400
2,17169,lung no new,88,43,45,8.562094062764546e-05,3.1291866872845766e-05,2.7362042979271712,0.22230348,1.0,1.0,0.6,1.0,True,1.9153430085490197,111,400
2,20682,objective,430,205,225,8.330742374217565e-05,3.0464648440989555e-05,2.734560482571899,0.34381625,1.0,1.0,0.6,1.0,True,1.9141923378003292,112,400
2,10425,differential and,157,80,77,-8.434323987874416e-05,2.980042789064613e-05,-2.8302694239238804,-0.22103865,1.0,1.0,0.5666666666666667,1.0,True,1.9104318611486193,113,400
2,28254,tps,556,289,267,0.00010801916549713775,3.9582921616503174e-05,2.7289336179798735,0.28482994,1.0,1.0,0.6,1.0,True,1.9102535325859114,114,400
2,16260,last oncology,64,26,38,-7.981525176820514e-05,2.8217991167720742e-05,-2.8285235222381027,-0.32049027,1.0,1.0,0.5666666666666667,1.0,True,1.9092533775107194,115,400
2,18023,metastasis management,69,38,31,7.586429849305601e-05,2.7917191822405362e-05,2.717475990266685,0.31461295,1.0,1.0,0.6,1.0,True,1.9022331931866794,116,400
2,23893,psychosocial support and,71,40,31,-7.048161085927797e-05,2.6993031689342472e-05,-2.611103920094529,-0.29924664,1.0,1.0,0.6333333333333333,1.0,True,1.8930503420685334,117,400
2,877,- order,308,149,159,-8.91107988613932e-05,3.0604697684439e-05,-2.911670612799476,-0.21121818,1.0,1.0,0.5333333333333333,1.0,True,1.8925858983196595,118,400
2,8139,change in appetite,62,35,27,6.517484491830047e-05,2.4170444802399602e-05,2.696468577683354,0.2594674,1.0,1.0,0.6,1.0,True,1.8875280043783476,119,400
2,16507,lesions. past,165,74,91,8.709377963997767e-05,3.1199039416567406e-05,2.7915532423004303,0.33517247,1.0,1.0,0.5666666666666667,1.0,True,1.8842984385527906,121,400
2,16508,lesions. past medical,165,74,91,8.709377963997767e-05,3.1199039416567406e-05,2.7915532423004303,0.33517247,1.0,1.0,0.5666666666666667,1.0,True,1.8842984385527906,120,400
2,19587,nkda social,239,115,124,-8.826317743063604e-05,3.0476519297463213e-05,-2.896104262076373,-0.23267727,1.0,1.0,0.5333333333333333,1.0,True,1.8824677703496424,122,400
2,21435,ongoing trials,180,92,88,9.352886921339054e-05,3.25483490860451e-05,2.873536503069228,0.2492543,1.0,1.0,0.5333333333333333,1.0,True,1.8677987269949983,123,400
2,11805,expressed,687,344,343,-6.033155001346298e-05,2.3427366692583075e-05,-2.575259558837378,-0.19086333,1.0,1.0,0.6333333333333333,1.0,True,1.8670631801570992,124,400
2,27245,the context of,412,205,207,7.87203310372428e-05,2.8570846323513596e-05,2.755267735014785,0.27664313,1.0,1.0,0.5666666666666667,1.0,True,1.8598057211349799,125,400
2,6013,and gemcitabine,184,88,96,-9.584420062998567e-05,3.608395880966836e-05,-2.6561442755085154,-0.22626516,1.0,1.0,0.6,1.0,True,1.8593009928559607,126,400
2,6311,and to discuss,133,67,66,-8.506447647897226e-05,3.1174498487730684e-05,-2.7286558118152566,-0.39674988,1.0,1.0,0.5666666666666667,1.0,True,1.8418426729752984,127,400
2,23336,pre-contrast,96,48,48,8.158034160010701e-05,3.1011629490745207e-05,2.630637052608055,0.2338406,1.0,1.0,0.6,1.0,True,1.8414459368256384,128,400
2,7567,bronchodilator albuterol,151,76,75,7.940586036422447e-05,2.9160365952204492e-05,2.723074891939807,0.18313865,1.0,1.0,0.5666666666666667,1.0,True,1.8380755520593697,129,400
2,29471,whichever,76,40,36,-8.813238796775303e-05,3.133089637359507e-05,-2.812954564620401,-0.3182812,1.0,1.0,0.5333333333333333,1.0,True,1.8284204670032607,130,400
2,17333,m with,72,35,37,-6.968084774796278e-05,2.5742628017389508e-05,-2.706827278896793,-0.18719155,1.0,1.0,0.5666666666666667,1.0,True,1.8271084132553352,131,400
2,25454,seen,269,139,130,-8.861961828351873e-05,3.1814738301589906e-05,-2.785489462256242,-0.3856769,1.0,1.0,0.5333333333333333,1.0,True,1.8105681504665572,132,400
2,13999,history - metastatic,288,145,143,0.00010043166616226271,3.608678433106002e-05,2.7830594502658643,0.43523738,1.0,1.0,0.5333333333333333,1.0,True,1.808988642672812,133,400
2,711,- metastatic nsclc,196,101,95,0.00010037792743926898,3.610772334003338e-05,2.779957254407616,0.42507213,1.0,1.0,0.5333333333333333,1.0,True,1.8069722153649503,134,400
2,9790,cytopenias,331,165,166,-0.00010492254919730728,3.776939660409337e-05,-2.7779779035690497,-0.22305787,1.0,1.0,0.5333333333333333,1.0,True,1.8056856373198824,135,400
2,16337,left lung,227,125,102,0.0001103335841832087,3.995622594902727e-05,2.76136150406104,0.32065538,1.0,1.0,0.5333333333333333,1.0,True,1.794884977639676,136,400
2,10488,dimension previously,62,29,33,-8.506693519348079e-05,2.9758663617144776e-05,-2.8585603267638473,-0.36802495,1.0,1.0,0.5,1.0,True,1.7866002042274045,137,400
2,26667,summary baseline,61,30,31,7.362803440081047e-05,2.6934083955066203e-05,2.733637963096989,0.3518053,1.0,1.0,0.5333333333333333,1.0,True,1.776864676013043,139,400
2,14539,imaging summary baseline,61,30,31,7.362803440081047e-05,2.6934083955066203e-05,2.733637963096989,0.3518053,1.0,1.0,0.5333333333333333,1.0,True,1.776864676013043,138,400
2,12675,for ongoing trials,72,37,35,7.995270682608447e-05,2.8131060085470188e-05,2.8421505120377737,0.2608431,1.0,1.0,0.5,1.0,True,1.7763440700236086,140,400
2,27244,the context,413,205,208,7.802409665487681e-05,2.8564243026663832e-05,2.731530346596048,0.28273144,1.0,1.0,0.5333333333333333,1.0,True,1.7754947252874314,141,400
2,5210,after prior,236,113,123,8.669026143846955e-05,3.184858625567898e-05,2.7219500653034996,0.2439775,1.0,1.0,0.5333333333333333,1.0,True,1.7692675424472748,142,400
2,25480,seizures dermatologic,178,90,88,-9.14524146650381e-05,3.249547909425372e-05,-2.8143119355088975,-0.28534356,1.0,1.0,0.5,1.0,True,1.7589449596930609,143,400
2,3224,4. overall,207,102,105,8.996802567624367e-05,3.3254207755514835e-05,2.7054629097673657,0.32835418,1.0,1.0,0.5333333333333333,1.0,True,1.7585508913487877,144,400
2,13580,he denies any,133,68,65,9.190217412912434e-05,3.3995114748684156e-05,2.7033935554720134,0.20027006,1.0,1.0,0.5333333333333333,1.0,True,1.7572058110568087,145,400
2,25864,size. -,351,166,185,-9.086499406198727e-05,3.2320166016806655e-05,-2.8114024542676233,-0.3993596,1.0,1.0,0.5,1.0,True,1.7571265339172646,146,400
2,16990,low-dose dexamethasone,296,136,160,-8.931131001219856e-05,3.186692604005907e-05,-2.8026333603664084,-0.2638402,1.0,1.0,0.5,1.0,True,1.7516458502290053,147,400
2,22494,patient john martinez,42,9,33,-0.00024012262241722649,8.939810517653317e-05,-2.685992303114923,-0.28528148,1.0,1.0,0.5333333333333333,1.0,True,1.7458949970247,148,400
2,19472,newly diagnosed non-small,189,99,90,8.661321384085697e-05,3.102484475688986e-05,2.791737219623711,0.34579843,1.0,1.0,0.5,1.0,True,1.7448357622648194,149,400
2,2630,2.5 mg,77,37,40,-6.93268589619315e-05,2.493725896498811e-05,-2.780051290290819,-0.21745783,1.0,1.0,0.5,1.0,True,1.737532056431762,150,400
2,8076,cell-cycle progression.,83,36,47,-7.020604213385315e-05,2.6316322393024383e-05,-2.6677755761368287,-0.17763545,1.0,1.0,0.5333333333333333,1.0,True,1.7340541244889387,151,400
2,20200,nodules or masses.,151,69,82,8.332373420569741e-05,3.134655387316432e-05,2.6581465555303216,0.22898638,1.0,1.0,0.5333333333333333,1.0,True,1.7277952610947092,152,400
2,14941,increasing,238,102,136,-9.586024724914831e-05,3.49649930311547e-05,-2.741606359358756,-0.37322837,1.0,1.0,0.5,1.0,True,1.7135039745992224,153,400
2,14306,identified. overall imaging,154,83,71,-8.405439097490526e-05,3.197654181170465e-05,-2.628626681079631,-0.32820788,1.0,1.0,0.5333333333333333,1.0,True,1.7086073427017603,154,400
2,19201,neoplastic glands,165,77,88,-8.057603877126782e-05,2.9479075891615715e-05,-2.7333298732808933,-0.31679803,1.0,1.0,0.5,1.0,True,1.7083311708005584,155,400
2,4248,<1.0,192,99,93,-9.139672364043089e-05,3.3524714412989764e-05,-2.7262491341318498,-0.2099045,1.0,1.0,0.5,1.0,True,1.703905708832406,156,400
2,396,- discuss potential,256,125,131,-8.206024090977073e-05,3.0143328013424683e-05,-2.7223351341041124,-0.19848457,1.0,1.0,0.5,1.0,True,1.7014594588150702,157,400
2,20542,now limiting,152,71,81,-8.63504775978875e-05,3.3131538441923696e-05,-2.6062924228300277,-0.24540538,1.0,1.0,0.5333333333333333,1.0,True,1.694090074839518,158,400
2,16580,limited upper,80,35,45,-7.68018082734289e-05,2.8354419448784276e-05,-2.708636246711158,-0.31377771,1.0,1.0,0.5,1.0,True,1.6928976541944738,159,400
2,11971,fatigue grade,566,285,281,9.469394390342769e-05,3.499174467081835e-05,2.7061795516128835,0.3113851,1.0,1.0,0.5,1.0,True,1.6913622197580522,160,400
2,10380,diagnostic radiology,74,39,35,-7.275047815261362e-05,2.69346457235048e-05,-2.701000001983585,-0.32584196,1.0,1.0,0.5,1.0,True,1.6881250012397406,161,400
2,17194,lungs - a,163,88,75,-8.078775000221602e-05,2.996806550242248e-05,-2.695794628308107,-0.30424714,1.0,1.0,0.5,1.0,True,1.684871642692567,162,400
2,12010,fatigue weight,181,77,104,-8.379482414116474e-05,3.1091410070043397e-05,-2.6951117351187985,-0.17729054,1.0,1.0,0.5,1.0,True,1.684444834449249,163,400
2,21526,or clinical trial,101,54,47,8.255508314984864e-05,3.082160875740208e-05,2.678480665939357,0.21755262,1.0,1.0,0.5,1.0,True,1.6740504162120982,164,400
2,22697,pembrolizumab. 2.,72,33,39,-7.970258732252355e-05,3.094856074804483e-05,-2.5753245190104277,-0.17982313,1.0,1.0,0.5333333333333333,1.0,True,1.673960937356778,165,400
2,1365,--- subjective chief,304,149,155,8.253839646189061e-05,3.2049950825347125e-05,2.575304932967761,0.35684788,1.0,1.0,0.5333333333333333,1.0,True,1.6739482064290445,166,400
2,25456,seen in the,169,93,76,-8.607936652729128e-05,3.2207962764811523e-05,-2.672611340116687,-0.32995772,1.0,1.0,0.5,1.0,True,1.6703820875729294,167,400
2,8828,collections,84,39,45,-6.290269450824014e-05,2.463767283255262e-05,-2.5531102282164295,-0.25547993,1.0,1.0,0.5333333333333333,1.0,True,1.6595216483406792,168,400
2,18097,metastatic nsclc,517,256,261,8.792776923855334e-05,3.3160262813940316e-05,2.6516004933950397,0.37515512,1.0,1.0,0.5,1.0,True,1.6572503083719,169,400
2,22631,pd-l1 tps >=,57,30,27,6.449531361785644e-05,2.432878616829376e-05,2.650987729996546,0.18145235,1.0,1.0,0.5,1.0,True,1.6568673312478412,170,400
2,18171,mg m with,70,35,35,-6.558022592405788e-05,2.5769960259903633e-05,-2.544832248969216,-0.1888098,1.0,1.0,0.5333333333333333,1.0,True,1.6541409618299905,171,400
2,26122,specimen.,99,45,54,-7.64529494993232e-05,2.8970856756235617e-05,-2.63896059901189,-0.29449552,1.0,1.0,0.5,1.0,True,1.6493503743824312,172,400
2,2039,10 days ago,75,35,40,-6.687831387111853e-05,2.4356660476236394e-05,-2.745791605395511,-0.2442857,1.0,1.0,0.4666666666666667,1.0,True,1.6474749632373067,173,400
2,5690,alterations. -,165,89,76,7.586845174896304e-05,3.0001479373990176e-05,2.5288236890990548,0.34354812,1.0,1.0,0.5333333333333333,1.0,True,1.6437353979143856,174,400
2,14835,in size largest,222,102,120,8.772970600407821e-05,3.4842229963926085e-05,2.517913063971772,0.22157866,1.0,1.0,0.5333333333333333,1.0,True,1.636643491581652,175,400
2,23349,pre-treatment labs.,77,39,38,-6.768571991954073e-05,2.5873755793376124e-05,-2.6159990246514107,-0.23689955,1.0,1.0,0.5,1.0,True,1.6349993904071316,176,400
2,21156,offer early palliative,74,30,44,-6.61794390477165e-05,2.452822702935306e-05,-2.6980930569714316,-0.25989038,1.0,1.0,0.4666666666666667,1.0,True,1.618855834182859,177,400
2,25395,score < 1,166,76,90,-0.00011651792283200794,4.320125189171831e-05,-2.697095980552926,-0.2924682,1.0,1.0,0.4666666666666667,1.0,True,1.6182575883317556,178,400
2,24581,reinforce smoking,102,53,49,8.094622947359447e-05,3.0022256865740573e-05,2.6962073449569672,0.30769548,1.0,1.0,0.4666666666666667,1.0,True,1.6177244069741803,179,400
2,25675,short-acting bronchodilator albuterol,100,52,48,7.24347736314548e-05,2.692216487642229e-05,2.690525593463371,0.18932834,1.0,1.0,0.4666666666666667,1.0,True,1.6143153560780226,180,400
2,16261,last oncology visit,63,26,37,-7.531030121911379e-05,2.799163621537177e-05,-2.6904572722960975,-0.3095576,1.0,1.0,0.4666666666666667,1.0,True,1.6142743633776584,181,400
2,14389,if worsening,57,24,33,-7.815206606487672e-05,3.0473403451652716e-05,-2.56459919840815,-0.22833076,1.0,1.0,0.5,1.0,True,1.6028744990050938,182,400
2,9004,compromise.,72,34,38,8.193960120546287e-05,3.069967257845594e-05,2.6690708507088603,0.20211822,1.0,1.0,0.4666666666666667,1.0,True,1.601442510425316,183,400
2,1681,0.2 cm 0.2,69,37,32,-8.671026023767379e-05,3.264755861150663e-05,-2.655949293773923,-0.24054012,1.0,1.0,0.4666666666666667,1.0,True,1.5935695762643538,184,400
2,10306,dexamethasone taper,45,22,23,7.205802335796383e-05,2.7153775976784486e-05,2.653701769491318,0.28714442,1.0,1.0,0.4666666666666667,1.0,True,1.5922210616947907,185,400
2,21011,of oral prednisone,63,34,29,-6.460606066221539e-05,2.4538172112676997e-05,-2.6328799213547933,-0.20548768,1.0,1.0,0.4666666666666667,1.0,True,1.579727952812876,186,400
2,25901,sleep hygiene,313,157,156,8.434829233353052e-05,3.206967021896982e-05,2.630157770803546,0.33568847,1.0,1.0,0.4666666666666667,1.0,True,1.5780946624821275,187,400
2,3755,60 %.,47,23,24,0.00015252153332705605,5.805252223526783e-05,2.6273024401754035,0.34378943,1.0,1.0,0.4666666666666667,1.0,True,1.576381464105242,188,400
2,16431,lesions are,307,156,151,-9.42183101804158e-05,3.737685112484958e-05,-2.5207663926984964,-0.20451064,1.0,1.0,0.5,1.0,True,1.5754789954365602,189,400
2,29606,with associated right,56,29,27,-8.125332508501726e-05,2.9774054542544783e-05,-2.728997656967164,-0.32095173,1.0,1.0,0.43333333333333335,1.0,True,1.569173652756119,190,400
2,949,- prescribe,316,148,168,-8.192618350709936e-05,3.1377222046321964e-05,-2.611008182501062,-0.12907387,1.0,1.0,0.4666666666666667,1.0,True,1.5666049095006371,191,400
2,12194,ffpe,671,322,349,5.496630055964114e-05,2.0348771263647507e-05,2.701209810040808,0.36427155,1.0,1.0,0.43333333333333335,1.0,True,1.5531956407734646,192,400
2,26649,suggests potential,92,48,44,6.99781488422659e-05,2.7077077072684547e-05,2.584405571340642,0.26850635,1.0,1.0,0.4666666666666667,1.0,True,1.5506433428043853,193,400
2,1801,1 no fever,98,52,46,8.198926057703566e-05,3.309882240165771e-05,2.4771050638021896,0.2191044,1.0,1.0,0.5,1.0,True,1.5481906648763686,194,400
2,10221,dermatologic none rash,231,114,117,-8.34585906722316e-05,3.242342963846215e-05,-2.5740210583160894,-0.2310609,1.0,1.0,0.4666666666666667,1.0,True,1.5444126349896536,195,400
2,23823,proportion score <,187,84,103,-0.0001237524988281892,4.616598561281066e-05,-2.680599085787718,-0.28116593,1.0,1.0,0.43333333333333335,1.0,True,1.5413444743279379,197,400
2,25394,score <,187,84,103,-0.0001237524988281892,4.616598561281066e-05,-2.680599085787718,-0.28116593,1.0,1.0,0.43333333333333335,1.0,True,1.5413444743279379,196,400
2,21076,of stairs .,106,53,53,-9.00137226462234e-05,3.2151630592528035e-05,-2.799662753874212,-0.39652383,1.0,1.0,0.4,1.0,True,1.5398145146308166,198,400
2,11688,evidence of superior,79,39,40,-7.786756071521481e-05,2.914160493553404e-05,-2.6720409149554563,-0.26864627,1.0,1.0,0.43333333333333335,1.0,True,1.5364235260993873,199,400
2,23275,post-hospitalization complete,97,47,50,6.794230294091117e-05,2.664805384561551e-05,2.5496159432329404,0.26189154,1.0,1.0,0.4666666666666667,1.0,True,1.529769565939764,200,400
2,23276,post-hospitalization complete blood,97,47,50,6.794230294091117e-05,2.664805384561551e-05,2.5496159432329404,0.26189154,1.0,1.0,0.4666666666666667,1.0,True,1.529769565939764,201,400
2,17164,lung mass specimen,157,78,79,6.928560662694849e-05,2.8357650785566464e-05,2.4432773769191636,0.17866182,1.0,1.0,0.5,1.0,True,1.5270483605744771,202,400
2,17444,management - discuss,69,28,41,8.092692651043282e-05,3.050415483409109e-05,2.652980453009956,0.31204176,1.0,1.0,0.43333333333333335,1.0,True,1.5254637604807246,203,400
2,13284,gerd,57,28,29,-8.231173106358474e-05,3.2571930820475253e-05,-2.5270755828770897,-0.23320204,1.0,1.0,0.4666666666666667,1.0,True,1.5162453497262538,204,400
2,14446,illness mr.,339,149,190,8.74663300391544e-05,3.475086088681931e-05,2.5169543374486474,0.37906483,1.0,1.0,0.4666666666666667,1.0,True,1.5101726024691884,205,400
2,23418,present illness mr.,339,149,190,8.74663300391544e-05,3.475086088681931e-05,2.5169543374486474,0.37906483,1.0,1.0,0.4666666666666667,1.0,True,1.5101726024691884,206,400
2,15793,john martinez,42,9,33,-0.0002476561525849999,9.441738860891583e-05,-2.6229930337388483,-0.2800834,1.0,1.0,0.43333333333333335,1.0,True,1.5082209943998377,207,400
2,861,- offer early,89,36,53,-7.526942279571093e-05,2.7487788524646338e-05,-2.7382858656753055,-0.20885468,1.0,1.0,0.4,1.0,True,1.5060572261214182,208,400
2,22714,pending -,114,61,53,0.00010554194591098609,4.222552957265779e-05,2.499481876938435,0.19749744,1.0,1.0,0.4666666666666667,1.0,True,1.499689126163061,209,400
2,25353,schedule a,276,146,130,-7.688412091244174e-05,3.083152398922277e-05,-2.493685389645895,-0.21632107,1.0,1.0,0.4666666666666667,1.0,True,1.4962112337875368,210,400
2,542,- high pd-l1,71,29,42,9.04767199083565e-05,3.4784774416154085e-05,2.6010437447695223,0.31753203,1.0,1.0,0.43333333333333335,1.0,True,1.4956001532424752,211,400
2,18832,multiplanar,420,203,217,7.297100940095003e-05,2.9298277714445363e-05,2.490624538143826,0.23275918,1.0,1.0,0.4666666666666667,1.0,True,1.4943747228862956,212,400
2,4123,800,462,224,238,6.742913027322022e-05,2.486081502943931e-05,2.7122654745378623,0.3375667,1.0,1.0,0.4,1.0,True,1.4917460109958243,213,400
2,18670,morphine 2.5,68,31,37,-6.472394560261277e-05,2.496223098811459e-05,-2.5928750372284495,-0.18379861,1.0,1.0,0.43333333333333335,1.0,True,1.4909031464063582,215,400
2,18671,morphine 2.5 mg,68,31,37,-6.472394560261277e-05,2.496223098811459e-05,-2.5928750372284495,-0.18379861,1.0,1.0,0.43333333333333335,1.0,True,1.4909031464063582,214,400
2,9224,context,555,280,275,7.283174879115444e-05,2.699401389953866e-05,2.698070359680713,0.31273884,1.0,1.0,0.4,1.0,True,1.4839386978243925,216,400
2,7051,back pain.,52,31,21,6.90007589907865e-05,2.675389709424494e-05,2.5790918888459555,0.24062414,1.0,1.0,0.43333333333333335,1.0,True,1.4829778360864243,217,400
2,12332,first-line carboplatin,394,188,206,-0.00010696868945615749,4.336547454733649e-05,-2.46667863254658,-0.23868138,1.0,1.0,0.4666666666666667,1.0,True,1.480007179527948,218,400
2,16763,lobe primary nsclc,140,66,74,8.545090626214629e-05,3.327445130984301e-05,2.5680635712501982,0.24666415,1.0,1.0,0.43333333333333335,1.0,True,1.476636553468864,219,400
2,24816,resolved no,128,63,65,8.712949829172307e-05,3.245335920643706e-05,2.684760543199519,0.2574444,1.0,1.0,0.4,1.0,True,1.4766182987597356,220,400
2,26927,syndromes --- physical,101,56,45,-8.02920425723468e-05,2.8554380872844265e-05,-2.811899264420963,-0.291987,1.0,1.0,0.36666666666666664,1.0,True,1.4762471138210052,221,400
2,1364,--- subjective,313,153,160,7.886331900795233e-05,3.212144167582489e-05,2.4551612534659717,0.34327298,1.0,1.0,0.4666666666666667,1.0,True,1.473096752079583,222,400
2,16581,limited upper abdominal,65,28,37,-6.6554901086636e-05,2.6023357945979502e-05,-2.557506268975501,-0.27688625,1.0,1.0,0.43333333333333335,1.0,True,1.470566104660913,223,400
2,11502,enlarged lymph,199,98,101,8.788162884616796e-05,3.290670922337513e-05,2.6706295135625915,0.2923976,1.0,1.0,0.4,1.0,True,1.4688462324594254,224,400
2,17772,measuring 2.1 cm,81,39,42,-7.971661269725905e-05,3.122651470937555e-05,-2.5528501479969736,-0.20409837,1.0,1.0,0.43333333333333335,1.0,True,1.4678888350982597,225,400
2,10336,diagnosed non-small,197,102,95,8.200868395839092e-05,3.072846876111886e-05,2.668817785745237,0.32594806,1.0,1.0,0.4,1.0,True,1.4678497821598806,227,400
2,10337,diagnosed non-small cell,197,102,95,8.200868395839092e-05,3.072846876111886e-05,2.668817785745237,0.32594806,1.0,1.0,0.4,1.0,True,1.4678497821598806,226,400
2,9737,cycle 5,43,19,24,7.27295171024367e-05,2.727095948665273e-05,2.666921827155837,0.19740845,1.0,1.0,0.4,1.0,True,1.4668070049357105,228,400
2,22324,partially relieved,84,40,44,6.81930241769173e-05,2.792638201881886e-05,2.441885387479259,0.16723174,1.0,1.0,0.4666666666666667,1.0,True,1.4651312324875554,229,400
2,10591,disease activity.,62,25,37,-6.481819262249585e-05,2.551728104036017e-05,-2.5401684654401158,-0.23297657,1.0,1.0,0.43333333333333335,1.0,True,1.4605968676280665,230,400
2,906,- patient expressed,297,143,154,-7.954973449155446e-05,3.143982798546822e-05,-2.530221683411343,-0.22652744,1.0,1.0,0.43333333333333335,1.0,True,1.4548774679615222,231,400
2,17098,lung adenocarcinoma -,212,111,101,-7.447096441417815e-05,3.0721027893222386e-05,-2.4241039288469834,-0.24236229,1.0,1.0,0.4666666666666667,1.0,True,1.45446235730819,232,400
2,27291,the immunophenotype ttf-1+,99,47,52,-6.413364144173449e-05,2.651431808657875e-05,-2.4188305063066364,-0.22424565,1.0,1.0,0.4666666666666667,1.0,True,1.4512983037839817,233,400
2,4241,<1 %.,161,67,94,-0.00012193126172480197,4.63411265714824e-05,-2.6311674045455025,-0.23079579,1.0,1.0,0.4,1.0,True,1.4471420725000266,234,400
2,5204,after intravenous injection,75,34,41,6.980389085517196e-05,2.780675869260023e-05,2.5103210203981003,0.26812282,1.0,1.0,0.43333333333333335,1.0,True,1.4434345867289076,235,400
2,23958,pulmonary pathology.,66,38,28,-7.301412497481685e-05,2.7926925818303457e-05,-2.6144705453746364,-0.20390408,1.0,1.0,0.4,1.0,True,1.4379587999560501,236,400
2,17579,mass now,445,220,225,-7.343558325690679e-05,3.070253449915911e-05,-2.391841079403984,-0.1033508,1.0,1.0,0.4666666666666667,1.0,True,1.4351046476423905,237,400
2,20284,none rash,250,124,126,-8.490819069096411e-05,3.2561823967865734e-05,-2.6075993400970843,-0.20473827,1.0,1.0,0.4,1.0,True,1.4341796370533966,238,400
2,15158,initial oncology consultation,98,52,46,-7.64025290808876e-05,2.9319874472963295e-05,-2.6058272913596743,-0.25973362,1.0,1.0,0.4,1.0,True,1.4332050102478209,239,400
2,768,- next-generation,117,55,62,6.999640956174591e-05,2.699697084161883e-05,2.592750496801614,0.20379172,1.0,1.0,0.4,1.0,True,1.4260127732408878,240,400
2,769,- next-generation sequencing,117,55,62,6.999640956174591e-05,2.699697084161883e-05,2.592750496801614,0.20379172,1.0,1.0,0.4,1.0,True,1.4260127732408878,241,400
2,16517,levels.,101,46,55,7.27079224463191e-05,2.8216962051847267e-05,2.576745232627166,0.26120162,1.0,1.0,0.4,1.0,True,1.4172098779449414,242,400
2,23296,potential benefit from,91,50,41,8.353681775679939e-05,3.097173604156104e-05,2.6971951990260137,0.3466208,1.0,1.0,0.36666666666666664,1.0,True,1.416027479488657,243,400
2,13618,he remains,55,29,26,6.701343085872485e-05,2.6065159987087477e-05,2.570996337330095,0.29996994,1.0,1.0,0.4,1.0,True,1.4140479855315524,244,400
2,4308,> 500,66,30,36,-6.77450634141023e-05,2.639656766984064e-05,-2.566434555485951,-0.24485444,1.0,1.0,0.4,1.0,True,1.4115390055172732,245,400
2,24580,reinforce,328,171,157,8.050096315428746e-05,3.1615023653796615e-05,2.546288246873419,0.26017842,1.0,1.0,0.4,1.0,True,1.4004585357803807,246,400
2,25942,smoker 30-pack-year history,488,194,294,8.490214617993363e-05,3.185580507136693e-05,2.665201710951155,0.37994495,1.0,1.0,0.36666666666666664,1.0,True,1.3992308982493562,247,400
2,13305,given radiographic,108,56,52,-7.101153342493542e-05,2.922525457872167e-05,-2.4298003370221286,-0.12899801,1.0,1.0,0.43333333333333335,1.0,True,1.3971351937877239,248,400
2,24820,resolved.,272,135,137,-8.934155969780767e-05,3.6858321997148256e-05,-2.423918259347782,-0.2595107,1.0,1.0,0.43333333333333335,1.0,True,1.3937529991249744,249,400
2,21225,on exertion mild,86,33,53,-7.495235849233957e-05,2.9650807096860972e-05,-2.527835355290363,-0.36198983,1.0,1.0,0.4,1.0,True,1.3903094454096998,250,400
2,4237,<1 %,217,97,120,-0.0001408389043086865,4.836859583388165e-05,-2.911784017720656,-0.32885042,1.0,1.0,0.3,1.0,True,1.3830974084173115,251,400
2,16196,laboratory <new note>,111,51,60,8.322439201619021e-05,3.311192463566727e-05,2.513426595763121,0.16866218,1.0,1.0,0.4,1.0,True,1.3823846276697167,253,400
2,16195,laboratory <new,111,51,60,8.322439201619021e-05,3.311192463566727e-05,2.513426595763121,0.16866218,1.0,1.0,0.4,1.0,True,1.3823846276697167,252,400
2,12514,for 3,281,151,130,8.918445603488715e-05,3.558240751369423e-05,2.5064199492562063,0.16109167,1.0,1.0,0.4,1.0,True,1.3785309720909136,254,400
2,18561,moist neck supple,143,78,65,7.985131293903393e-05,3.346314812550736e-05,2.386246286199447,0.19459413,1.0,1.0,0.43333333333333335,1.0,True,1.372091614564682,255,400
2,26340,stairs .,110,55,55,-8.469439238381595e-05,3.2420317716422586e-05,-2.61238625495992,-0.38906777,1.0,1.0,0.36666666666666664,1.0,True,1.371502783853958,256,400
2,5296,age 70 years,48,14,34,-0.0001105982127960966,4.638650641204104e-05,-2.3842755437039647,-0.22211623,1.0,1.0,0.43333333333333335,1.0,True,1.3709584376297796,257,400
2,19069,nausea consider adding,158,80,78,9.102127695427616e-05,3.6518502591945206e-05,2.4924701314109328,0.2700676,1.0,1.0,0.4,1.0,True,1.3708585722760132,258,400
2,2254,120 kvp,179,89,90,-7.674206380272504e-05,2.9450948898655778e-05,-2.6057586146647984,-0.18440044,1.0,1.0,0.36666666666666664,1.0,True,1.368023272699019,259,400
2,10087,deletion exons,225,108,117,-7.795427765557076e-05,3.134128531700105e-05,-2.487271241976938,-0.13454224,1.0,1.0,0.4,1.0,True,1.367999183087316,260,400
2,17771,measuring 2.1,87,42,45,-8.213348268869488e-05,3.30454800500455e-05,-2.4854679842540763,-0.1997335,1.0,1.0,0.4,1.0,True,1.367007391339742,261,400
2,18878,musculoskeletal no new,264,129,135,8.170270201194449e-05,3.290021886261728e-05,2.4833482826699007,0.18147308,1.0,1.0,0.4,1.0,True,1.3658415554684455,262,400
2,24803,resolution,206,113,93,8.898895859500879e-05,3.424366744349827e-05,2.598698248131271,0.20252976,1.0,1.0,0.36666666666666664,1.0,True,1.364316580268917,263,400
2,16034,kvp,180,90,90,-7.639404462850083e-05,2.9400934660472546e-05,-2.5983542873964196,-0.18402919,1.0,1.0,0.36666666666666664,1.0,True,1.36413600088312,264,400
2,14066,homozygous deletion exons,220,104,116,-7.825425759868135e-05,3.162151390822262e-05,-2.4747157212587694,-0.13521867,1.0,1.0,0.4,1.0,True,1.3610936466923234,265,400
2,14095,hour <new note>,728,354,374,4.428568721651861e-05,1.7933385972254553e-05,2.469454863963489,0.2312206,1.0,1.0,0.4,1.0,True,1.358200175179919,266,400
2,14094,hour <new,728,354,374,4.428568721651861e-05,1.7933385972254553e-05,2.469454863963489,0.2312206,1.0,1.0,0.4,1.0,True,1.358200175179919,267,400
2,14259,identified -,147,74,73,-8.12171571710802e-05,3.151449406198333e-05,-2.57713663469706,-0.18787153,1.0,1.0,0.36666666666666664,1.0,True,1.3529967332159563,268,400
2,3047,30-pack-year history quit,523,214,309,8.058583780407838e-05,3.129372385043588e-05,2.575143763306262,0.35444212,1.0,1.0,0.36666666666666664,1.0,True,1.3519504757357872,269,400
2,2824,3 nad,201,95,106,9.0131661641443e-05,3.504279353846409e-05,2.5720455631629826,0.10381767,1.0,1.0,0.36666666666666664,1.0,True,1.3503239206605657,270,400
2,21819,oriented 3 nad,201,95,106,9.0131661641443e-05,3.504279353846409e-05,2.5720455631629826,0.10381767,1.0,1.0,0.36666666666666664,1.0,True,1.3503239206605657,271,400
2,11748,exertion mild,89,34,55,-7.211216152106745e-05,2.937916579914156e-05,-2.4545340059714875,-0.35815343,1.0,1.0,0.4,1.0,True,1.3499937032843183,272,400
2,25857,size reduction,94,51,43,7.273158745234346e-05,2.9741484757108578e-05,2.4454591976938787,0.27352756,1.0,1.0,0.4,1.0,True,1.3450025587316334,273,400
2,13800,hepatic toxicity,82,36,46,-6.655048501314338e-05,2.7216759813172322e-05,-2.4452023484784693,-0.21476267,1.0,1.0,0.4,1.0,True,1.3448612916631582,274,400
2,27720,three cycles,96,48,48,0.0001106417405346416,4.5589002808600805e-05,2.4269392554857103,0.30109695,1.0,1.0,0.4,1.0,True,1.3348165905171407,275,400
2,8059,cea in 1,118,56,62,-7.975609341527424e-05,2.993322762282217e-05,-2.664466873410782,-0.26316366,1.0,1.0,0.3333333333333333,1.0,True,1.332233436705391,276,400
2,3980,70 years,66,18,48,-0.00011821961797186208,4.88151044390868e-05,-2.421783571504608,-0.20487061,1.0,1.0,0.4,1.0,True,1.3319809643275347,277,400
2,12422,focal lesions.,366,186,180,8.11018092331507e-05,3.201035350846492e-05,2.5336117956867885,0.25410998,1.0,1.0,0.36666666666666664,1.0,True,1.3301461927355638,278,400
2,22590,pd-l1 >=,147,71,76,0.00010294067396638055,4.069528681912545e-05,2.5295478177586355,0.26518017,1.0,1.0,0.36666666666666664,1.0,True,1.3280126043232834,279,400
2,25729,signature date to,343,173,170,-7.574858654234417e-05,3.143350783518895e-05,-2.4098037972569424,-0.25679344,1.0,1.0,0.4,1.0,True,1.3253920884913184,280,400
2,25196,role function 55,217,103,114,0.00010674994979909902,4.232145955238342e-05,2.522359836549805,0.24250223,1.0,1.0,0.36666666666666664,1.0,True,1.3242389141886473,281,400
2,7002,average,117,55,62,7.412038099497492e-05,2.8154632958207642e-05,2.6326175555191296,0.22384255,1.0,1.0,0.3333333333333333,1.0,True,1.3163087777595648,282,400
2,3372,45 nausea,84,41,43,7.36873715256597e-05,3.085441487649522e-05,2.388227805343814,0.21975589,1.0,1.0,0.4,1.0,True,1.3135252929390977,283,400
2,18395,missense snv,590,297,293,7.598116138953963e-05,3.0424019761828477e-05,2.49740704825828,0.2516386,1.0,1.0,0.36666666666666664,1.0,True,1.3111387003355968,284,400
2,21912,other no abnormal,85,48,37,-6.566558550333646e-05,2.6305941037656693e-05,-2.4962264383295327,-0.1787478,1.0,1.0,0.36666666666666664,1.0,True,1.3105188801230045,285,400
2,20536,now 1.2 cm,103,50,53,7.309025666647659e-05,2.9283623223026308e-05,2.495943077460587,0.1646889,1.0,1.0,0.36666666666666664,1.0,True,1.310370115666808,286,400
2,17687,may represent,59,33,26,6.213017811061345e-05,2.615246064800059e-05,2.3756914864285794,0.23708187,1.0,1.0,0.4,1.0,True,1.3066303175357188,287,400
2,11953,fatigue 45 nausea,83,41,42,7.351247287708494e-05,3.0972132028034495e-05,2.373503794008916,0.22096834,1.0,1.0,0.4,1.0,True,1.3054270867049038,288,400
2,22302,paroxysmal,72,39,33,7.81379422324034e-05,2.994523241050935e-05,2.609361689408051,0.22252992,1.0,1.0,0.3333333333333333,1.0,True,1.3046808447040255,290,400
2,22303,paroxysmal nocturnal,72,39,33,7.81379422324034e-05,2.994523241050935e-05,2.609361689408051,0.22252992,1.0,1.0,0.3333333333333333,1.0,True,1.3046808447040255,289,400
2,4909,additional focal hepatic,78,39,39,7.070189749950808e-05,2.8455356623928977e-05,2.484660390446581,0.2530344,1.0,1.0,0.36666666666666664,1.0,True,1.3044467049844548,291,400
2,17009,low-grade fdg,208,108,100,-8.715448117434416e-05,3.3411615818468345e-05,-2.608508419582908,-0.14832006,1.0,1.0,0.3333333333333333,1.0,True,1.304254209791454,292,400
2,20162,nodule 1.5 cm,45,26,19,-8.970449727857823e-05,3.441688348007658e-05,-2.606409651545202,-0.20885207,1.0,1.0,0.3333333333333333,1.0,True,1.303204825772601,293,400
2,20161,nodule 1.5,45,26,19,-8.941065197234096e-05,3.442441064921847e-05,-2.597303782000138,-0.20721644,1.0,1.0,0.3333333333333333,1.0,True,1.298651891000069,294,400
2,10201,depression reported ---,77,46,31,-6.631005609799897e-05,2.680799717264211e-05,-2.4735177220053277,-0.26225483,1.0,1.0,0.36666666666666664,1.0,True,1.2985968040527969,295,400
2,6988,automated,85,40,45,-6.366943082263331e-05,2.5754479992010424e-05,-2.4721691465867255,-0.22157419,1.0,1.0,0.36666666666666664,1.0,True,1.2978888019580306,296,400
2,1366,--- technique,97,43,54,7.831053189044639e-05,3.017074727595659e-05,2.5955781331559176,0.31818858,1.0,1.0,0.3333333333333333,1.0,True,1.2977890665779588,297,400
2,22685,pembro,176,82,94,0.00014562405047636437,6.178204919592382e-05,2.3570608675435802,0.24931636,1.0,1.0,0.4,1.0,True,1.2963834771489693,298,400
2,28600,unchanged from baseline.,97,55,42,6.122383614498476e-05,2.490727132187524e-05,2.4580707920105995,0.20876443,1.0,1.0,0.36666666666666664,1.0,True,1.2904871658055646,299,400
2,13599,he has no,61,32,29,-6.331033045367376e-05,2.7027116320910434e-05,-2.3424744875461094,-0.2706339,1.0,1.0,0.4,1.0,True,1.2883609681503603,300,400
2,25975,snvs,542,272,270,5.940655574567282e-05,2.424173041495415e-05,2.450590561349792,0.23748633,1.0,1.0,0.36666666666666664,1.0,True,1.2865600447086405,301,400
2,1884,1. known right,123,67,56,7.940478422927528e-05,3.244669360219103e-05,2.4472380823392528,0.24369457,1.0,1.0,0.36666666666666664,1.0,True,1.2847999932281076,302,400
2,7488,braf no,467,240,227,-5.196578887790816e-05,2.2253113244399086e-05,-2.3352143274149517,-0.27818337,1.0,1.0,0.4,1.0,True,1.2843678800782234,303,400
2,13948,hilar region,126,66,60,7.62039979203214e-05,3.1149881736893225e-05,2.446365561319839,0.17576236,1.0,1.0,0.36666666666666664,1.0,True,1.2843419196929153,304,400
2,11116,e.g. climbing a,101,51,50,-6.807072789599628e-05,2.6509358277825556e-05,-2.5677999136227982,-0.19561903,1.0,1.0,0.3333333333333333,1.0,True,1.2838999568113991,305,400
2,11776,exons 1-2,88,46,42,-7.391172568706147e-05,2.879752043368891e-05,-2.5666003382914697,-0.23796389,1.0,1.0,0.3333333333333333,1.0,True,1.2833001691457349,306,400
2,10088,deletion exons 1-2,88,46,42,-7.391172568706147e-05,2.879752043368891e-05,-2.5666003382914697,-0.23796389,1.0,1.0,0.3333333333333333,1.0,True,1.2833001691457349,307,400
2,7017,axial dimension previously,59,26,33,-7.44571904698005e-05,2.90216471398996e-05,-2.5655742456959008,-0.33399656,1.0,1.0,0.3333333333333333,1.0,True,1.2827871228479504,308,400
2,5760,an increase in,72,37,35,6.41414081426155e-05,2.628716502579207e-05,2.4400275982473625,0.23489441,1.0,1.0,0.36666666666666664,1.0,True,1.2810144890798651,309,400
2,26611,subjective chief complaint,308,153,155,7.508921952209865e-05,3.224859464726301e-05,2.3284493585977577,0.33377343,1.0,1.0,0.4,1.0,True,1.2806471472287668,311,400
2,26610,subjective chief,308,153,155,7.508921952209865e-05,3.224859464726301e-05,2.3284493585977577,0.33377343,1.0,1.0,0.4,1.0,True,1.2806471472287668,310,400
2,8073,cell lung carcinoma,609,311,298,7.045156103065933e-05,2.762288306661341e-05,2.550478198121582,0.2219435,1.0,1.0,0.3333333333333333,1.0,True,1.275239099060791,312,400
2,2356,160,41,17,24,-8.741728197356443e-05,3.6028287039491684e-05,-2.426351324384191,-0.26753733,1.0,1.0,0.36666666666666664,1.0,True,1.2738344453017,313,400
2,18500,moderate complexity <new,328,163,165,-7.746541678308412e-05,3.214196391383402e-05,-2.410102163973332,-0.3081845,1.0,1.0,0.36666666666666664,1.0,True,1.265303636085999,314,400
2,28851,vaf copy-number,61,25,36,5.76120836632275e-05,2.278114867955509e-05,2.5289367306983683,0.24816349,1.0,1.0,0.3333333333333333,1.0,True,1.2644683653491842,315,400
2,21086,of superior vena,71,38,33,-7.375384485859053e-05,2.9185530908845765e-05,-2.5270688098477136,-0.2919028,1.0,1.0,0.3333333333333333,1.0,True,1.2635344049238568,316,400
2,631,- limit,123,48,75,6.957165866751815e-05,2.895806503078165e-05,2.4024968033452976,0.11448995,1.0,1.0,0.36666666666666664,1.0,True,1.261310821756281,317,400
2,2550,2. laboratory monitoring,126,67,59,7.892307034412646e-05,3.285876821221058e-05,2.40188767376855,0.2497854,1.0,1.0,0.36666666666666664,1.0,True,1.2609910287284887,318,400
2,72,% vaf,358,167,191,0.00010146209563184741,4.2259910851751414e-05,2.400906523153312,0.19042718,1.0,1.0,0.36666666666666664,1.0,True,1.2604759246554886,319,400
2,28365,trending,81,36,45,9.670360398450263e-05,3.839733009621173e-05,2.5184981284426176,0.2654641,1.0,1.0,0.3333333333333333,1.0,True,1.2592490642213088,320,400
2,11714,exceed,123,67,56,-8.379644585145497e-05,3.342001941889538e-05,-2.5073727456925776,-0.23174353,1.0,1.0,0.3333333333333333,1.0,True,1.2536863728462888,321,400
2,15476,investigation.,80,31,49,-7.201149727721135e-05,2.7288799783452397e-05,-2.63886641584282,-0.30946574,1.0,1.0,0.3,1.0,True,1.2534615475253394,322,400
2,13173,gallops.,629,308,321,5.480515986854734e-05,2.2984101493789876e-05,2.384481285176854,0.2412435,1.0,1.0,0.36666666666666664,1.0,True,1.2518526747178482,323,400
2,10679,disease. --- assessment,80,38,42,-6.675257579122339e-05,2.667337565869227e-05,-2.502591972061481,-0.15408954,1.0,1.0,0.3333333333333333,1.0,True,1.2512959860307404,324,400
2,21299,on-target,195,108,87,7.572131681525089e-05,3.1776334110448227e-05,2.3829468985333118,0.32691047,1.0,1.0,0.36666666666666664,1.0,True,1.2510471217299886,325,400
2,632,- limit of,122,47,75,6.918190643206038e-05,2.9038045292967428e-05,2.382457418675326,0.115021415,1.0,1.0,0.36666666666666664,1.0,True,1.250790144804546,326,400
2,6256,and ribs,165,84,81,-8.501456311035736e-05,3.407308835980507e-05,-2.4950647916801785,-0.21683508,1.0,1.0,0.3333333333333333,1.0,True,1.2475323958400892,327,400
2,863,- offered,96,40,56,7.969727965359076e-05,3.204256475745202e-05,2.4872316013672364,0.24819148,1.0,1.0,0.3333333333333333,1.0,True,1.2436158006836182,328,400
2,12938,function 70 role,75,39,36,8.694862228819669e-05,3.495994729248054e-05,2.487092487891087,0.18381752,1.0,1.0,0.3333333333333333,1.0,True,1.2435462439455436,329,400
2,3972,70 role function,75,39,36,8.694862228819669e-05,3.495994729248054e-05,2.487092487891087,0.18381752,1.0,1.0,0.3333333333333333,1.0,True,1.2435462439455436,330,400
2,11271,efficacy data,112,50,62,-6.671714016895142e-05,2.8299785459522074e-05,-2.3575139912060004,-0.16561304,1.0,1.0,0.36666666666666664,1.0,True,1.23769484538315,331,400
2,8155,changes in,328,163,165,8.602811567066814e-05,3.481084254859894e-05,2.4713023119324236,0.33668676,1.0,1.0,0.3333333333333333,1.0,True,1.2356511559662118,332,400
2,21645,or neuroendocrine,64,32,32,4.7332475202073356e-05,1.9187467882015044e-05,2.4668432277319625,0.19971104,1.0,1.0,0.3333333333333333,1.0,True,1.2334216138659813,333,400
2,19870,no murmurs rubs,737,366,371,4.5202805282329824e-05,1.8388427366925317e-05,2.458220291509794,0.23748639,1.0,1.0,0.3333333333333333,1.0,True,1.229110145754897,334,400
2,18856,murmurs rubs,737,366,371,4.5202805282329824e-05,1.8388427366925317e-05,2.458220291509794,0.23748639,1.0,1.0,0.3333333333333333,1.0,True,1.229110145754897,335,400
2,256,- cardiovascular rrr,298,150,148,8.098321150030869e-05,3.298027301542665e-05,2.455504581858024,0.32475588,1.0,1.0,0.3333333333333333,1.0,True,1.227752290929012,336,400
2,3181,4-5,75,36,39,-6.457177576250265e-05,2.6303223885783297e-05,-2.454899674765846,-0.1568547,1.0,1.0,0.3333333333333333,1.0,True,1.227449837382923,337,400
2,22399,pathologist dr.,195,95,100,-7.60354663914062e-05,2.9438750384385506e-05,-2.5828360714568874,-0.23997022,1.0,1.0,0.3,1.0,True,1.2268471339420215,338,400
2,24157,radiology department,290,130,160,6.812676910707877e-05,2.9222197960718804e-05,2.3313362396167614,0.27885237,1.0,1.0,0.36666666666666664,1.0,True,1.2239515257987996,339,400
2,1988,1.5 cm left,48,20,28,-8.773026103463597e-05,3.411425096527603e-05,-2.571660187524979,-0.2774406,1.0,1.0,0.3,1.0,True,1.221538589074365,340,400
2,26710,support and,163,73,90,-7.288348356469519e-05,3.1366651931741234e-05,-2.3235978045505497,-0.2435127,1.0,1.0,0.36666666666666664,1.0,True,1.2198888473890384,341,400
2,22947,physical function 55,435,203,232,-7.636779306405674e-05,3.139593260178335e-05,-2.4324104027321964,-0.2092288,1.0,1.0,0.3333333333333333,1.0,True,1.2162052013660982,342,400
2,17385,male clinical history,180,78,102,8.957491270089687e-05,3.499171119605746e-05,2.559889460650022,0.33387768,1.0,1.0,0.3,1.0,True,1.2159474938087604,343,400
2,20462,not required,157,79,78,6.362758837684249e-05,2.8795556469715903e-05,2.2096321855686036,0.28062645,1.0,1.0,0.4,1.0,True,1.215297702062732,344,400
2,1447,---------------- kras g12c,70,34,36,-5.9864513710261485e-05,2.468953136446465e-05,-2.424692183360911,-0.22343224,1.0,1.0,0.3333333333333333,1.0,True,1.2123460916804556,345,400
2,3751,6.9,65,28,37,8.246089602041414e-05,3.403224826371022e-05,2.423022287021369,0.2294569,1.0,1.0,0.3333333333333333,1.0,True,1.2115111435106845,346,400
2,9225,context of,419,209,210,6.976830962734793e-05,2.880382116632504e-05,2.422189376349658,0.26862854,1.0,1.0,0.3333333333333333,1.0,True,1.211094688174829,347,400
2,22100,pain dysphagia,63,34,29,-6.468244713721972e-05,2.674381700514892e-05,-2.4185944409044744,-0.2732594,1.0,1.0,0.3333333333333333,1.0,True,1.2092972204522372,348,400
2,19176,negative nuclear,110,56,54,8.335731712464543e-05,3.106112321022623e-05,2.683654308328482,0.19437343,1.0,1.0,0.26666666666666666,1.0,True,1.207644438747817,349,400
2,16912,loss-of-function cdkn2a,42,17,25,0.00013127412912728825,5.4484811190009454e-05,2.409371093706923,0.25174,1.0,1.0,0.3333333333333333,1.0,True,1.2046855468534614,350,400
2,27824,tmb -,101,43,58,-6.54084739250826e-05,2.7222099631331296e-05,-2.4027710871280727,-0.2667912,1.0,1.0,0.3333333333333333,1.0,True,1.2013855435640364,351,400
2,23822,proportion score 60,44,22,22,9.525704983512238e-05,3.783847095932706e-05,2.5174656221578067,0.31990567,1.0,1.0,0.3,1.0,True,1.195796170524958,352,400
2,22642,pelvic lymphadenopathy.,95,46,49,-6.891172485249072e-05,2.881665652229978e-05,-2.391385162923511,-0.14219564,1.0,1.0,0.3333333333333333,1.0,True,1.1956925814617556,353,400
2,10004,decline in,83,33,50,-6.449485810418127e-05,2.7038674511631212e-05,-2.385281796133814,-0.27762938,1.0,1.0,0.3333333333333333,1.0,True,1.192640898066907,354,400
2,27708,thoracic vertebrae and,128,67,61,-8.319451277992913e-05,3.1512218515711276e-05,-2.640071588055606,-0.15538694,1.0,1.0,0.26666666666666666,1.0,True,1.1880322146250226,355,400
2,10240,desire to,218,74,144,-7.554176643876199e-05,3.028575615130439e-05,-2.4943001608202686,-0.23140855,1.0,1.0,0.3,1.0,True,1.1847925763896276,356,400
2,9198,consultation,716,354,362,-3.9628127561604916e-05,1.589066195803766e-05,-2.4937996709168306,-0.16074233,1.0,1.0,0.3,1.0,True,1.1845548436854945,357,400
2,5666,alterations - confirms,79,44,35,7.495833613204583e-05,3.0084960976034694e-05,2.4915550394682815,0.2589787,1.0,1.0,0.3,1.0,True,1.1834886437474337,358,400
2,26400,status 45,82,39,43,-7.604952170174629e-05,3.053525959645229e-05,-2.4905477374943303,-0.22849725,1.0,1.0,0.3,1.0,True,1.1830101753098068,359,400
2,13679,health status 45,82,39,43,-7.604952170174629e-05,3.053525959645229e-05,-2.4905477374943303,-0.22849725,1.0,1.0,0.3,1.0,True,1.1830101753098068,360,400
2,18352,mildly fatigued but,79,25,54,-6.559908522461825e-05,2.774827883579624e-05,-2.3640776284831464,-0.21136464,1.0,1.0,0.3333333333333333,1.0,True,1.1820388142415732,361,400
2,16901,loss suggests,62,29,33,-6.624943477427169e-05,2.6632458136529383e-05,-2.4875448760549523,-0.2582958,1.0,1.0,0.3,1.0,True,1.1815838161261023,362,400
2,11127,e.g. new,71,36,35,7.037834133501758e-05,2.9865478451462117e-05,2.3565114300578727,0.18566287,1.0,1.0,0.3333333333333333,1.0,True,1.1782557150289363,363,400
2,11624,evaluate,622,309,313,6.272731010523682e-05,2.530608857156338e-05,2.4787437982701093,0.302361,1.0,1.0,0.3,1.0,True,1.1774033041783019,364,400
2,15031,infiltrates.,150,76,74,7.894855473260189e-05,3.353031240795184e-05,2.3545427722850243,0.19429019,1.0,1.0,0.3333333333333333,1.0,True,1.1772713861425121,365,400
2,299,- confirms,86,48,38,7.411646898028025e-05,2.9923136587122463e-05,2.4768950529128873,0.24730761,1.0,1.0,0.3,1.0,True,1.1765251501336214,366,400
2,6448,appearance of,135,62,73,-6.740257570824348e-05,3.0175993377445506e-05,-2.2336489428918784,-0.14808735,1.0,1.0,0.36666666666666664,1.0,True,1.172665695018236,367,400
2,22880,pertinent,735,363,372,4.2489368962862344e-05,1.8132912158160604e-05,2.3432181544948514,0.3129288,1.0,1.0,0.3333333333333333,1.0,True,1.1716090772474257,368,400
2,26672,summary pet ct,146,66,80,-6.732887303901614e-05,3.0182254732568697e-05,-2.2307436483982666,-0.21397626,1.0,1.0,0.36666666666666664,1.0,True,1.1711404154090896,371,400
2,14541,imaging summary pet,146,66,80,-6.732887303901614e-05,3.0182254732568697e-05,-2.2307436483982666,-0.21397626,1.0,1.0,0.36666666666666664,1.0,True,1.1711404154090896,369,400
2,26671,summary pet,146,66,80,-6.732887303901614e-05,3.0182254732568697e-05,-2.2307436483982666,-0.21397626,1.0,1.0,0.36666666666666664,1.0,True,1.1711404154090896,370,400
2,7401,bone pain at,88,47,41,8.519059901915762e-05,3.470870359559091e-05,2.4544448565915173,0.2613087,1.0,1.0,0.3,1.0,True,1.1658613068809707,372,400
2,27511,the upcoming,99,43,56,6.895556013663775e-05,2.9667839752764934e-05,2.324252817571975,0.21025822,1.0,1.0,0.3333333333333333,1.0,True,1.1621264087859875,373,400
2,4161,9.8,99,52,47,-0.00010484087886718806,4.514715043604989e-05,-2.322203679625212,-0.23530746,1.0,1.0,0.3333333333333333,1.0,True,1.161101839812606,374,400
2,12908,fullness,52,23,29,7.431833090798596e-05,3.0418765810300684e-05,2.4431737754074034,0.19686429,1.0,1.0,0.3,1.0,True,1.1605075433185166,375,400
2,1503,. - mother,119,60,59,7.27668436455789e-05,3.0023610608250394e-05,2.4236539900228653,0.174003,1.0,1.0,0.3,1.0,True,1.151235645260861,376,400
2,25105,right hilar region,107,58,49,6.876483347217675e-05,2.9870297920319487e-05,2.302114081875259,0.11186327,1.0,1.0,0.3333333333333333,1.0,True,1.1510570409376295,377,400
2,11461,end,388,191,197,-7.36763457045528e-05,2.8885879610175708e-05,-2.5506007329130678,-0.22368118,1.0,1.0,0.26666666666666666,1.0,True,1.1477703298108806,378,400
2,12094,fdg-avid osseous,156,70,86,-8.085744160426588e-05,3.173745816094854e-05,-2.5476974619144888,-0.211417,1.0,1.0,0.26666666666666666,1.0,True,1.14646385786152,379,400
2,9612,ct at,141,75,66,-7.90312581570122e-05,3.107227174129791e-05,-2.543465724521596,-0.26315716,1.0,1.0,0.26666666666666666,1.0,True,1.1445595760347183,380,400
2,6458,appears mildly,490,220,270,-7.090041553503977e-05,2.9496484606245866e-05,-2.403690354342315,-0.14704385,1.0,1.0,0.3,1.0,True,1.1417529183125996,381,400
2,26955,systemic options.,62,27,35,-6.775307317600764e-05,2.6724742858833824e-05,-2.5352188993508675,-0.14660716,1.0,1.0,0.26666666666666666,1.0,True,1.1408485047078905,382,400
2,13365,global health 55.,69,36,33,6.39726145628527e-05,2.6663533179525923e-05,2.399254972404604,0.15992117,1.0,1.0,0.3,1.0,True,1.1396461118921868,384,400
2,13674,health 55.,69,36,33,6.39726145628527e-05,2.6663533179525923e-05,2.399254972404604,0.15992117,1.0,1.0,0.3,1.0,True,1.1396461118921868,383,400
2,11675,evidence of acute,65,33,32,7.432247183899691e-05,2.9366020642801816e-05,2.5309003471403195,0.22629996,1.0,1.0,0.26666666666666666,1.0,True,1.1389051562131438,385,400
2,29576,with a partial,268,129,139,-9.212495537224959e-05,3.641241228951435e-05,-2.530042630511979,-0.33362815,1.0,1.0,0.26666666666666666,1.0,True,1.1385191837303905,386,400
2,16439,lesions identified,733,362,371,5.0636928402209935e-05,2.008324207661159e-05,2.5213522900856904,0.23571475,1.0,1.0,0.26666666666666666,1.0,True,1.1346085305385607,387,400
2,24861,response after,146,74,72,-7.530507277210948e-05,3.324614168151705e-05,-2.2650770574672365,-0.19563422,1.0,1.0,0.3333333333333333,1.0,True,1.1325385287336183,388,400
2,8582,cm are,60,27,33,-6.886207602068937e-05,3.0434879516272163e-05,-2.262603864880487,-0.27202898,1.0,1.0,0.3333333333333333,1.0,True,1.1313019324402436,389,400
2,3328,40 emotional,57,22,35,-6.165275830586299e-05,2.5903169242957538e-05,-2.3801241356837033,-0.25582907,1.0,1.0,0.3,1.0,True,1.1305589644497591,390,400
2,17759,measuring 0.8,137,53,84,8.757976641654997e-05,3.4919535959861245e-05,2.5080449670700027,0.24310634,1.0,1.0,0.26666666666666666,1.0,True,1.1286202351815013,391,400
2,25264,rubs,740,367,373,4.33971919395921e-05,1.831937432198933e-05,2.368923259977338,0.21910623,1.0,1.0,0.3,1.0,True,1.1252385484892355,392,400
2,7631,but he,62,31,31,7.432327571736239e-05,2.973817367922873e-05,2.499254880916749,0.30177853,1.0,1.0,0.26666666666666666,1.0,True,1.124664696412537,393,400
2,17267,lymphadenopathy. - lungs,205,103,102,-7.599895114913317e-05,3.0432816257318098e-05,-2.4972697402218866,-0.28073433,1.0,1.0,0.26666666666666666,1.0,True,1.123771383099849,394,400
2,19035,nausea - dexamethasone,163,90,73,8.714462011775943e-05,3.686008172702978e-05,2.364200404196489,0.34950584,1.0,1.0,0.3,1.0,True,1.1229951919933323,395,400
2,9770,cycles of pembrolizumab,63,26,37,8.667280903110365e-05,3.666812097559767e-05,2.363710130900454,0.3205749,1.0,1.0,0.3,1.0,True,1.1227623121777155,396,400
2,21094,of systems system,458,224,234,-7.011695324574116e-05,2.8129777773602225e-05,-2.492623788572581,-0.20090309,1.0,1.0,0.26666666666666666,1.0,True,1.1216807048576616,398,400
2,26990,systems system,458,224,234,-7.011695324574116e-05,2.8129777773602225e-05,-2.492623788572581,-0.20090309,1.0,1.0,0.26666666666666666,1.0,True,1.1216807048576616,397,400
2,3606,55 %,56,29,27,9.090160974893654e-05,3.851291017813255e-05,2.3602892985363138,0.28237727,1.0,1.0,0.3,1.0,True,1.121137416804749,399,400
2,13575,he continues,176,87,89,7.790088157639456e-05,3.300492271197569e-05,2.3602806846788513,0.27547923,1.0,1.0,0.3,1.0,True,1.1211333252224542,400,400
3,7855,carcinoma adenocarcinoma,514,256,258,0.0001337499687116694,2.9653821634366344e-05,4.510378809207653,0.44991615,1.0,1.0,1.0,1.0,True,4.510378809207653,1,25
3,17126,lung carcinoma adenocarcinoma,512,255,257,0.00013178021971117643,2.9696817057510315e-05,4.4375200027657264,0.45003438,1.0,1.0,1.0,1.0,True,4.4375200027657264,2,25
3,26916,syndromes --- physical,99,50,49,-0.00011458198750250619,2.7578729826528668e-05,-4.154723158870316,-0.40188587,1.0,1.0,1.0,1.0,True,4.154723158870316,3,25
3,1454,-------------------,410,196,214,-0.00012055749701464646,2.976335887679241e-05,-4.050533997648014,-0.3858999,1.0,1.0,1.0,1.0,True,4.050533997648014,4,25
3,22561,pd-l1 <1,153,66,87,-0.00016439549249512128,4.077646062372817e-05,-4.031627315870033,-0.36653864,1.0,1.0,1.0,1.0,True,4.031627315870033,5,25
3,19221,neurologic symptoms or,100,44,56,-0.00011825815856128271,2.9818064713041578e-05,-3.9659904054591424,-0.31622198,1.0,1.0,1.0,1.0,True,3.9659904054591424,6,25
3,26661,superior vena,114,55,59,-0.00011925622668502417,3.0087721266721247e-05,-3.963617770446725,-0.42737967,1.0,1.0,1.0,1.0,True,3.963617770446725,7,25
3,28893,vena,116,56,60,-0.0001188826771748232,3.001292535748136e-05,-3.9610493065511583,-0.40598387,1.0,1.0,1.0,1.0,True,3.9610493065511583,8,25
3,26662,superior vena cava,113,54,59,-0.0001140376269019942,2.9815202895851692e-05,-3.824814719535607,-0.41007495,1.0,1.0,1.0,1.0,True,3.824814719535607,9,25
3,7939,cava,115,55,60,-0.00011369181613902131,2.9744845139982867e-05,-3.8222359405125075,-0.38876095,1.0,1.0,1.0,1.0,True,3.8222359405125075,10,25
3,28894,vena cava,115,55,60,-0.00011369181613902131,2.9744845139982867e-05,-3.8222359405125075,-0.38876095,1.0,1.0,1.0,1.0,True,3.8222359405125075,11,25
3,8068,cell lung carcinoma,610,301,309,0.00010879395609236524,2.8373697102389408e-05,3.834324293368293,0.39522177,1.0,1.0,0.9666666666666667,1.0,True,3.7384661860340853,12,25
3,19565,nkda social,247,115,132,-0.00011166608790524634,2.992277348470621e-05,-3.731809418078169,-0.34039894,1.0,1.0,1.0,1.0,True,3.731809418078169,14,25
3,19566,nkda social history,247,115,132,-0.00011166608790524634,2.992277348470621e-05,-3.731809418078169,-0.34039894,1.0,1.0,1.0,1.0,True,3.731809418078169,13,25
3,26120,spinal,80,31,49,0.00013819978504255013,3.756874665111495e-05,3.6785838592368556,0.35510612,1.0,1.0,1.0,1.0,True,3.6785838592368556,15,25
3,14080,hour <new,724,337,387,6.766143678003887e-05,1.8683724413469346e-05,3.6214105540574577,0.4104544,1.0,1.0,1.0,1.0,True,3.6214105540574577,16,25
3,14081,hour <new note>,724,337,387,6.766143678003887e-05,1.8683724413469346e-05,3.6214105540574577,0.4104544,1.0,1.0,1.0,1.0,True,3.6214105540574577,17,25
3,3619,55.,101,53,48,0.00012062374498829595,3.284113102043382e-05,3.6729473449998906,0.3189216,1.0,1.0,0.9666666666666667,1.0,True,3.5811236613748934,18,25
3,32,% low,206,95,111,-0.00013546830709778999,3.718040960090709e-05,-3.6435399327737628,-0.4372551,1.0,1.0,0.9666666666666667,1.0,True,3.5524514344544187,19,25
3,26915,syndromes ---,130,60,70,-0.00010685647354508369,2.9350940429205326e-05,-3.640649055277198,-0.36042035,1.0,1.0,0.9666666666666667,1.0,True,3.5496328288952683,20,25
3,7791,cancer syndromes ---,130,60,70,-0.00010564932079221536,2.9266124352690482e-05,-3.6099525690186867,-0.36330548,1.0,1.0,0.9666666666666667,1.0,True,3.5197037547932193,21,25
3,7012,axial dimension previously,59,23,36,-9.983880359696535e-05,2.7754771373952708e-05,-3.5971762206862223,-0.41823548,1.0,1.0,0.9666666666666667,1.0,True,3.507246815169067,22,25
3,22562,pd-l1 <1 %,95,44,51,-0.00012930634931478997,3.5471454029403897e-05,-3.6453636551690853,-0.36118263,1.0,1.0,0.9333333333333333,1.0,True,3.463095472410631,23,25
3,9781,cytopenias,330,162,168,-0.00012326654574794062,3.563116803735724e-05,-3.4595145917951022,-0.3396149,1.0,1.0,0.9666666666666667,1.0,True,3.3730267270002248,24,25
3,7760,canal,49,21,28,0.0001229326412168293,3.5327280110931895e-05,3.4798218495962914,0.33087593,1.0,1.0,0.9333333333333333,1.0,True,3.3058307571164764,25,25
3,7855,carcinoma adenocarcinoma,514,256,258,0.0001337499687116694,2.9653821634366344e-05,4.510378809207653,0.44991615,1.0,1.0,1.0,1.0,True,4.510378809207653,1,50
3,17126,lung carcinoma adenocarcinoma,512,255,257,0.00013178021971117643,2.9696817057510315e-05,4.4375200027657264,0.45003438,1.0,1.0,1.0,1.0,True,4.4375200027657264,2,50
3,26916,syndromes --- physical,99,50,49,-0.00011458198750250619,2.7578729826528668e-05,-4.154723158870316,-0.40188587,1.0,1.0,1.0,1.0,True,4.154723158870316,3,50
3,1454,-------------------,410,196,214,-0.00012055749701464646,2.976335887679241e-05,-4.050533997648014,-0.3858999,1.0,1.0,1.0,1.0,True,4.050533997648014,4,50
3,22561,pd-l1 <1,153,66,87,-0.00016439549249512128,4.077646062372817e-05,-4.031627315870033,-0.36653864,1.0,1.0,1.0,1.0,True,4.031627315870033,5,50
3,19221,neurologic symptoms or,100,44,56,-0.00011825815856128271,2.9818064713041578e-05,-3.9659904054591424,-0.31622198,1.0,1.0,1.0,1.0,True,3.9659904054591424,6,50
3,26661,superior vena,114,55,59,-0.00011925622668502417,3.0087721266721247e-05,-3.963617770446725,-0.42737967,1.0,1.0,1.0,1.0,True,3.963617770446725,7,50
3,28893,vena,116,56,60,-0.0001188826771748232,3.001292535748136e-05,-3.9610493065511583,-0.40598387,1.0,1.0,1.0,1.0,True,3.9610493065511583,8,50
3,26662,superior vena cava,113,54,59,-0.0001140376269019942,2.9815202895851692e-05,-3.824814719535607,-0.41007495,1.0,1.0,1.0,1.0,True,3.824814719535607,9,50
3,7939,cava,115,55,60,-0.00011369181613902131,2.9744845139982867e-05,-3.8222359405125075,-0.38876095,1.0,1.0,1.0,1.0,True,3.8222359405125075,10,50
3,28894,vena cava,115,55,60,-0.00011369181613902131,2.9744845139982867e-05,-3.8222359405125075,-0.38876095,1.0,1.0,1.0,1.0,True,3.8222359405125075,11,50
3,8068,cell lung carcinoma,610,301,309,0.00010879395609236524,2.8373697102389408e-05,3.834324293368293,0.39522177,1.0,1.0,0.9666666666666667,1.0,True,3.7384661860340853,12,50
3,19565,nkda social,247,115,132,-0.00011166608790524634,2.992277348470621e-05,-3.731809418078169,-0.34039894,1.0,1.0,1.0,1.0,True,3.731809418078169,14,50
3,19566,nkda social history,247,115,132,-0.00011166608790524634,2.992277348470621e-05,-3.731809418078169,-0.34039894,1.0,1.0,1.0,1.0,True,3.731809418078169,13,50
3,26120,spinal,80,31,49,0.00013819978504255013,3.756874665111495e-05,3.6785838592368556,0.35510612,1.0,1.0,1.0,1.0,True,3.6785838592368556,15,50
3,14080,hour <new,724,337,387,6.766143678003887e-05,1.8683724413469346e-05,3.6214105540574577,0.4104544,1.0,1.0,1.0,1.0,True,3.6214105540574577,16,50
3,14081,hour <new note>,724,337,387,6.766143678003887e-05,1.8683724413469346e-05,3.6214105540574577,0.4104544,1.0,1.0,1.0,1.0,True,3.6214105540574577,17,50
3,3619,55.,101,53,48,0.00012062374498829595,3.284113102043382e-05,3.6729473449998906,0.3189216,1.0,1.0,0.9666666666666667,1.0,True,3.5811236613748934,18,50
3,32,% low,206,95,111,-0.00013546830709778999,3.718040960090709e-05,-3.6435399327737628,-0.4372551,1.0,1.0,0.9666666666666667,1.0,True,3.5524514344544187,19,50
3,26915,syndromes ---,130,60,70,-0.00010685647354508369,2.9350940429205326e-05,-3.640649055277198,-0.36042035,1.0,1.0,0.9666666666666667,1.0,True,3.5496328288952683,20,50
3,7791,cancer syndromes ---,130,60,70,-0.00010564932079221536,2.9266124352690482e-05,-3.6099525690186867,-0.36330548,1.0,1.0,0.9666666666666667,1.0,True,3.5197037547932193,21,50
3,7012,axial dimension previously,59,23,36,-9.983880359696535e-05,2.7754771373952708e-05,-3.5971762206862223,-0.41823548,1.0,1.0,0.9666666666666667,1.0,True,3.507246815169067,22,50
3,22562,pd-l1 <1 %,95,44,51,-0.00012930634931478997,3.5471454029403897e-05,-3.6453636551690853,-0.36118263,1.0,1.0,0.9333333333333333,1.0,True,3.463095472410631,23,50
3,9781,cytopenias,330,162,168,-0.00012326654574794062,3.563116803735724e-05,-3.4595145917951022,-0.3396149,1.0,1.0,0.9666666666666667,1.0,True,3.3730267270002248,24,50
3,7760,canal,49,21,28,0.0001229326412168293,3.5327280110931895e-05,3.4798218495962914,0.33087593,1.0,1.0,0.9333333333333333,1.0,True,3.3058307571164764,25,50
3,15403,intra-abdominal,473,230,243,0.00012218501816407495,3.435131210747441e-05,3.5569243405258177,0.35239616,1.0,1.0,0.9,1.0,True,3.2901550149863814,26,50
3,4217,<1,316,145,171,-0.0001757314733057792,4.9983328788891504e-05,-3.5158017195692346,-0.35364148,1.0,1.0,0.9,1.0,True,3.2521165906015423,27,50
3,16612,lisinopril - no,68,49,19,-8.748821381240622e-05,2.5226897868639876e-05,-3.46805280094168,-0.17063709,1.0,1.0,0.9,1.0,True,3.207948840871054,28,50
3,4995,adenopathy.,303,145,158,0.00012201620879622372,3.519775527626579e-05,3.4665906345027775,0.43496564,1.0,1.0,0.9,1.0,True,3.2065963369150694,29,50
3,1394,-------- -------------------,78,34,44,-8.508287040432683e-05,2.5444215548708686e-05,-3.343898350548475,-0.2449256,1.0,1.0,0.9333333333333333,1.0,True,3.176703433021051,30,50
3,17260,lymphadenopathy. - lungs,198,93,105,-9.721721967143392e-05,2.9171292955704033e-05,-3.3326332096097393,-0.29664308,1.0,1.0,0.9333333333333333,1.0,True,3.1660015491292524,31,50
3,6297,and to discuss,128,68,60,-0.00010844266375273869,3.118314477403946e-05,-3.4776051145110674,-0.371352,1.0,1.0,0.8666666666666667,1.0,True,3.1298446030599605,32,50
3,19652,no cervical adenopathy.,213,99,114,0.00011935948534889198,3.497195036112062e-05,3.413006255481466,0.44586143,1.0,1.0,0.8666666666666667,1.0,True,3.0717056299333194,33,50
3,5583,allergies nkda social,199,94,105,-9.800686460321862e-05,2.9537415679045498e-05,-3.318058210243047,-0.3144431,1.0,1.0,0.9,1.0,True,3.069203844474819,34,50
3,22904,phase ii,77,40,37,-8.946035736235099e-05,2.6387283741272e-05,-3.3902829195877873,-0.24588026,1.0,1.0,0.8666666666666667,1.0,True,3.0512546276290085,35,50
3,11671,evidence of superior,88,39,49,-9.254686675663319e-05,2.8272502695561572e-05,-3.2733878480153753,-0.31954932,1.0,1.0,0.9,1.0,True,3.0278837594142223,36,50
3,17638,may be,750,354,396,-6.217607178833905e-05,1.9579742328790777e-05,-3.1755306451052245,-0.34724724,1.0,1.0,0.9333333333333333,1.0,True,3.0167541128499633,37,50
3,16958,low pd-l1 expression,310,135,175,-0.00015956159974941112,4.6649797701586535e-05,-3.4204135411284864,-0.32343733,1.0,1.0,0.8333333333333334,1.0,True,2.9928618484874256,38,50
3,26121,spinal canal,45,18,27,0.00011441280487823695,3.457210870958293e-05,3.3093961909972602,0.34986046,1.0,1.0,0.8666666666666667,1.0,True,2.978456571897534,39,50
3,17125,lung carcinoma,661,318,343,9.074448474886312e-05,2.6683243114716786e-05,3.400804181063516,0.36004326,1.0,1.0,0.8333333333333334,1.0,True,2.9757036584305765,40,50
3,8071,cell-cycle progression.,80,35,45,-8.662523096312066e-05,2.6403341899336155e-05,-3.2808434361598233,-0.28129083,1.0,1.0,0.8666666666666667,1.0,True,2.952759092543841,41,50
3,29511,wild-type other,62,22,40,-7.127078497905212e-05,2.2348355208386952e-05,-3.1890841323439063,-0.2976052,1.0,1.0,0.9,1.0,True,2.9499028224181134,42,50
3,20662,objective,416,190,226,0.00010458324414733017,3.246335297909713e-05,3.2215786278968292,0.35176057,1.0,1.0,0.8666666666666667,1.0,True,2.899420765107146,43,50
3,29122,wall bones,80,40,40,-8.832664075655413e-05,2.7454375349640968e-05,-3.2172154577069705,-0.28285578,1.0,1.0,0.8666666666666667,1.0,True,2.8954939119362737,44,50
3,17571,mass now,437,204,233,-0.00010513788351868212,3.10852630754476e-05,-3.3822420374407023,-0.17448111,1.0,1.0,0.8,1.0,True,2.8749057318245974,45,50
3,11755,exons 1-2,92,47,45,-8.195625830117403e-05,2.5088920503223447e-05,-3.266631511333627,-0.31972364,1.0,1.0,0.8333333333333334,1.0,True,2.8583025724169233,46,50
3,10080,deletion exons 1-2,92,47,45,-8.195625830117403e-05,2.5088920503223447e-05,-3.266631511333627,-0.31972364,1.0,1.0,0.8333333333333334,1.0,True,2.8583025724169233,47,50
3,4218,<1 %,212,93,119,-0.0001561313867391603,4.795017242713377e-05,-3.2561173158745427,-0.3207629,1.0,1.0,0.8333333333333334,1.0,True,2.8491026513902247,48,50
3,8290,chest wall bones,79,40,39,-8.713515832816888e-05,2.7528418572880788e-05,-3.1652802029829923,-0.28383777,1.0,1.0,0.8666666666666667,1.0,True,2.8487521826846933,49,50
3,16750,lobe primary nsclc,132,61,71,0.0001155100403328212,3.5779128102210145e-05,3.228419653012336,0.42302543,1.0,1.0,0.8333333333333334,1.0,True,2.824867196385794,50,50
3,7855,carcinoma adenocarcinoma,514,256,258,0.0001337499687116694,2.9653821634366344e-05,4.510378809207653,0.44991615,1.0,1.0,1.0,1.0,True,4.510378809207653,1,100
3,17126,lung carcinoma adenocarcinoma,512,255,257,0.00013178021971117643,2.9696817057510315e-05,4.4375200027657264,0.45003438,1.0,1.0,1.0,1.0,True,4.4375200027657264,2,100
3,26916,syndromes --- physical,99,50,49,-0.00011458198750250619,2.7578729826528668e-05,-4.154723158870316,-0.40188587,1.0,1.0,1.0,1.0,True,4.154723158870316,3,100
3,1454,-------------------,410,196,214,-0.00012055749701464646,2.976335887679241e-05,-4.050533997648014,-0.3858999,1.0,1.0,1.0,1.0,True,4.050533997648014,4,100
3,22561,pd-l1 <1,153,66,87,-0.00016439549249512128,4.077646062372817e-05,-4.031627315870033,-0.36653864,1.0,1.0,1.0,1.0,True,4.031627315870033,5,100
3,19221,neurologic symptoms or,100,44,56,-0.00011825815856128271,2.9818064713041578e-05,-3.9659904054591424,-0.31622198,1.0,1.0,1.0,1.0,True,3.9659904054591424,6,100
3,26661,superior vena,114,55,59,-0.00011925622668502417,3.0087721266721247e-05,-3.963617770446725,-0.42737967,1.0,1.0,1.0,1.0,True,3.963617770446725,7,100
3,28893,vena,116,56,60,-0.0001188826771748232,3.001292535748136e-05,-3.9610493065511583,-0.40598387,1.0,1.0,1.0,1.0,True,3.9610493065511583,8,100
3,26662,superior vena cava,113,54,59,-0.0001140376269019942,2.9815202895851692e-05,-3.824814719535607,-0.41007495,1.0,1.0,1.0,1.0,True,3.824814719535607,9,100
3,7939,cava,115,55,60,-0.00011369181613902131,2.9744845139982867e-05,-3.8222359405125075,-0.38876095,1.0,1.0,1.0,1.0,True,3.8222359405125075,10,100
3,28894,vena cava,115,55,60,-0.00011369181613902131,2.9744845139982867e-05,-3.8222359405125075,-0.38876095,1.0,1.0,1.0,1.0,True,3.8222359405125075,11,100
3,8068,cell lung carcinoma,610,301,309,0.00010879395609236524,2.8373697102389408e-05,3.834324293368293,0.39522177,1.0,1.0,0.9666666666666667,1.0,True,3.7384661860340853,12,100
3,19565,nkda social,247,115,132,-0.00011166608790524634,2.992277348470621e-05,-3.731809418078169,-0.34039894,1.0,1.0,1.0,1.0,True,3.731809418078169,14,100
3,19566,nkda social history,247,115,132,-0.00011166608790524634,2.992277348470621e-05,-3.731809418078169,-0.34039894,1.0,1.0,1.0,1.0,True,3.731809418078169,13,100
3,26120,spinal,80,31,49,0.00013819978504255013,3.756874665111495e-05,3.6785838592368556,0.35510612,1.0,1.0,1.0,1.0,True,3.6785838592368556,15,100
3,14080,hour <new,724,337,387,6.766143678003887e-05,1.8683724413469346e-05,3.6214105540574577,0.4104544,1.0,1.0,1.0,1.0,True,3.6214105540574577,16,100
3,14081,hour <new note>,724,337,387,6.766143678003887e-05,1.8683724413469346e-05,3.6214105540574577,0.4104544,1.0,1.0,1.0,1.0,True,3.6214105540574577,17,100
3,3619,55.,101,53,48,0.00012062374498829595,3.284113102043382e-05,3.6729473449998906,0.3189216,1.0,1.0,0.9666666666666667,1.0,True,3.5811236613748934,18,100
3,32,% low,206,95,111,-0.00013546830709778999,3.718040960090709e-05,-3.6435399327737628,-0.4372551,1.0,1.0,0.9666666666666667,1.0,True,3.5524514344544187,19,100
3,26915,syndromes ---,130,60,70,-0.00010685647354508369,2.9350940429205326e-05,-3.640649055277198,-0.36042035,1.0,1.0,0.9666666666666667,1.0,True,3.5496328288952683,20,100
3,7791,cancer syndromes ---,130,60,70,-0.00010564932079221536,2.9266124352690482e-05,-3.6099525690186867,-0.36330548,1.0,1.0,0.9666666666666667,1.0,True,3.5197037547932193,21,100
3,7012,axial dimension previously,59,23,36,-9.983880359696535e-05,2.7754771373952708e-05,-3.5971762206862223,-0.41823548,1.0,1.0,0.9666666666666667,1.0,True,3.507246815169067,22,100
3,22562,pd-l1 <1 %,95,44,51,-0.00012930634931478997,3.5471454029403897e-05,-3.6453636551690853,-0.36118263,1.0,1.0,0.9333333333333333,1.0,True,3.463095472410631,23,100
3,9781,cytopenias,330,162,168,-0.00012326654574794062,3.563116803735724e-05,-3.4595145917951022,-0.3396149,1.0,1.0,0.9666666666666667,1.0,True,3.3730267270002248,24,100
3,7760,canal,49,21,28,0.0001229326412168293,3.5327280110931895e-05,3.4798218495962914,0.33087593,1.0,1.0,0.9333333333333333,1.0,True,3.3058307571164764,25,100
3,15403,intra-abdominal,473,230,243,0.00012218501816407495,3.435131210747441e-05,3.5569243405258177,0.35239616,1.0,1.0,0.9,1.0,True,3.2901550149863814,26,100
3,4217,<1,316,145,171,-0.0001757314733057792,4.9983328788891504e-05,-3.5158017195692346,-0.35364148,1.0,1.0,0.9,1.0,True,3.2521165906015423,27,100
3,16612,lisinopril - no,68,49,19,-8.748821381240622e-05,2.5226897868639876e-05,-3.46805280094168,-0.17063709,1.0,1.0,0.9,1.0,True,3.207948840871054,28,100
3,4995,adenopathy.,303,145,158,0.00012201620879622372,3.519775527626579e-05,3.4665906345027775,0.43496564,1.0,1.0,0.9,1.0,True,3.2065963369150694,29,100
3,1394,-------- -------------------,78,34,44,-8.508287040432683e-05,2.5444215548708686e-05,-3.343898350548475,-0.2449256,1.0,1.0,0.9333333333333333,1.0,True,3.176703433021051,30,100
3,17260,lymphadenopathy. - lungs,198,93,105,-9.721721967143392e-05,2.9171292955704033e-05,-3.3326332096097393,-0.29664308,1.0,1.0,0.9333333333333333,1.0,True,3.1660015491292524,31,100
3,6297,and to discuss,128,68,60,-0.00010844266375273869,3.118314477403946e-05,-3.4776051145110674,-0.371352,1.0,1.0,0.8666666666666667,1.0,True,3.1298446030599605,32,100
3,19652,no cervical adenopathy.,213,99,114,0.00011935948534889198,3.497195036112062e-05,3.413006255481466,0.44586143,1.0,1.0,0.8666666666666667,1.0,True,3.0717056299333194,33,100
3,5583,allergies nkda social,199,94,105,-9.800686460321862e-05,2.9537415679045498e-05,-3.318058210243047,-0.3144431,1.0,1.0,0.9,1.0,True,3.069203844474819,34,100
3,22904,phase ii,77,40,37,-8.946035736235099e-05,2.6387283741272e-05,-3.3902829195877873,-0.24588026,1.0,1.0,0.8666666666666667,1.0,True,3.0512546276290085,35,100
3,11671,evidence of superior,88,39,49,-9.254686675663319e-05,2.8272502695561572e-05,-3.2733878480153753,-0.31954932,1.0,1.0,0.9,1.0,True,3.0278837594142223,36,100
3,17638,may be,750,354,396,-6.217607178833905e-05,1.9579742328790777e-05,-3.1755306451052245,-0.34724724,1.0,1.0,0.9333333333333333,1.0,True,3.0167541128499633,37,100
3,16958,low pd-l1 expression,310,135,175,-0.00015956159974941112,4.6649797701586535e-05,-3.4204135411284864,-0.32343733,1.0,1.0,0.8333333333333334,1.0,True,2.9928618484874256,38,100
3,26121,spinal canal,45,18,27,0.00011441280487823695,3.457210870958293e-05,3.3093961909972602,0.34986046,1.0,1.0,0.8666666666666667,1.0,True,2.978456571897534,39,100
3,17125,lung carcinoma,661,318,343,9.074448474886312e-05,2.6683243114716786e-05,3.400804181063516,0.36004326,1.0,1.0,0.8333333333333334,1.0,True,2.9757036584305765,40,100
3,8071,cell-cycle progression.,80,35,45,-8.662523096312066e-05,2.6403341899336155e-05,-3.2808434361598233,-0.28129083,1.0,1.0,0.8666666666666667,1.0,True,2.952759092543841,41,100
3,29511,wild-type other,62,22,40,-7.127078497905212e-05,2.2348355208386952e-05,-3.1890841323439063,-0.2976052,1.0,1.0,0.9,1.0,True,2.9499028224181134,42,100
3,20662,objective,416,190,226,0.00010458324414733017,3.246335297909713e-05,3.2215786278968292,0.35176057,1.0,1.0,0.8666666666666667,1.0,True,2.899420765107146,43,100
3,29122,wall bones,80,40,40,-8.832664075655413e-05,2.7454375349640968e-05,-3.2172154577069705,-0.28285578,1.0,1.0,0.8666666666666667,1.0,True,2.8954939119362737,44,100
3,17571,mass now,437,204,233,-0.00010513788351868212,3.10852630754476e-05,-3.3822420374407023,-0.17448111,1.0,1.0,0.8,1.0,True,2.8749057318245974,45,100
3,11755,exons 1-2,92,47,45,-8.195625830117403e-05,2.5088920503223447e-05,-3.266631511333627,-0.31972364,1.0,1.0,0.8333333333333334,1.0,True,2.8583025724169233,46,100
3,10080,deletion exons 1-2,92,47,45,-8.195625830117403e-05,2.5088920503223447e-05,-3.266631511333627,-0.31972364,1.0,1.0,0.8333333333333334,1.0,True,2.8583025724169233,47,100
3,4218,<1 %,212,93,119,-0.0001561313867391603,4.795017242713377e-05,-3.2561173158745427,-0.3207629,1.0,1.0,0.8333333333333334,1.0,True,2.8491026513902247,48,100
3,8290,chest wall bones,79,40,39,-8.713515832816888e-05,2.7528418572880788e-05,-3.1652802029829923,-0.28383777,1.0,1.0,0.8666666666666667,1.0,True,2.8487521826846933,49,100
3,16750,lobe primary nsclc,132,61,71,0.0001155100403328212,3.5779128102210145e-05,3.228419653012336,0.42302543,1.0,1.0,0.8333333333333334,1.0,True,2.824867196385794,50,100
3,28845,vaf copy-number,64,27,37,8.771045102183719e-05,2.7227195246426373e-05,3.221428069545627,0.34955522,1.0,1.0,0.8333333333333334,1.0,True,2.8187495608524236,51,100
3,26660,superior,145,66,79,-0.0001054796688061594,3.2104409363682095e-05,-3.2855196808411806,-0.3584418,1.0,1.0,0.8,1.0,True,2.792691728715004,52,100
3,28733,upper-normal,58,23,35,-7.356707693419949e-05,2.3831806787799104e-05,-3.0869282211478306,-0.23195444,1.0,1.0,0.8666666666666667,1.0,True,2.7782353990330475,53,100
3,14500,imaging follow-up -,462,216,246,-9.251353319690197e-05,2.749826756316732e-05,-3.364340425606289,-0.3570113,1.0,1.0,0.7666666666666667,1.0,True,2.7755808511251887,54,100
3,8113,cervical adenopathy.,216,100,116,0.00011314282490421335,3.4900727976924166e-05,3.24184713221517,0.4185213,1.0,1.0,0.8,1.0,True,2.7555700623828945,55,100
3,17331,m1 right,46,23,23,9.109835984052371e-05,2.9878686398454918e-05,3.0489412628673858,0.28648022,1.0,1.0,0.8666666666666667,1.0,True,2.7440471365806474,56,100
3,21065,of superior vena,78,38,40,-8.784126247891611e-05,2.8183055071303408e-05,-3.1168112277635216,-0.32801145,1.0,1.0,0.8333333333333334,1.0,True,2.7272098242930816,57,100
3,4757,achieved,82,43,39,-9.260420100036019e-05,2.8880151102318057e-05,-3.2064998784901557,-0.39733168,1.0,1.0,0.8,1.0,True,2.7255248967166326,58,100
3,21253,on recent,149,63,86,0.00011435058403061415,3.587228843718998e-05,3.1877136645696447,0.2632215,1.0,1.0,0.8,1.0,True,2.7095566148841983,59,100
3,18787,mucosa moist.,64,33,31,8.8360153227274e-05,2.7813506986505935e-05,3.176879250435517,0.43251407,1.0,1.0,0.8,1.0,True,2.7003473628701897,60,100
3,21759,oral mucosa moist.,62,31,31,8.87772101478864e-05,2.80667419586448e-05,3.163075011652439,0.43905544,1.0,1.0,0.8,1.0,True,2.6886137599045736,61,100
3,21064,of superior,89,40,49,-8.543113074076904e-05,2.881793465102172e-05,-2.9645126125560197,-0.30073625,1.0,1.0,0.8666666666666667,1.0,True,2.668061351300418,62,100
3,11955,fatigue grade,584,283,301,0.000103671223600176,3.302332609687856e-05,3.139333188184677,0.350717,1.0,1.0,0.7666666666666667,1.0,True,2.589949880252359,63,100
3,18387,missense snv,601,283,318,8.492411539583306e-05,2.8749950761013195e-05,2.953887333643565,0.37537393,1.0,1.0,0.8333333333333334,1.0,True,2.5846514169381196,64,100
3,27710,three cycles,103,51,52,0.00014381247236512878,4.7813771169993726e-05,3.0077625932041214,0.39156264,1.0,1.0,0.8,1.0,True,2.5565982042235036,65,100
3,17572,mass now measures,291,142,149,-0.00010255102645640892,3.1390894683988776e-05,-3.2669035874506642,-0.23588704,1.0,1.0,0.7,1.0,True,2.5318502802742646,66,100
3,7301,biopsy demonstrated,101,53,48,-9.318286620801608e-05,2.9527809671189494e-05,-3.1557662842474667,-0.28707737,1.0,1.0,0.7333333333333333,1.0,True,2.524613027397973,67,100
3,4893,additional focal hepatic,71,34,37,9.387397974372688e-05,3.0699378063399304e-05,3.0578463039173482,0.31450382,1.0,1.0,0.7666666666666667,1.0,True,2.5227232007318126,68,100
3,19332,new dyspnea,142,63,79,9.109993539516404e-05,2.9808748162314263e-05,3.0561476415952686,0.30929834,1.0,1.0,0.7666666666666667,1.0,True,2.5213218043160968,69,100
3,3026,30 s,67,28,39,0.00011692405240345989,3.831505912493156e-05,3.051647448127714,0.40719482,1.0,1.0,0.7666666666666667,1.0,True,2.5176091447053643,70,100
3,13887,high pd-l1,183,93,90,0.00018938252900639127,6.116991612928815e-05,3.0960076617746894,0.33797097,1.0,1.0,0.7333333333333333,1.0,True,2.476806129419751,71,100
3,1455,------------------- ----------------,223,108,115,-8.522872092436291e-05,2.768730271846484e-05,-3.078260161020428,-0.29141104,1.0,1.0,0.7333333333333333,1.0,True,2.462608128816342,72,100
3,4101,800,463,221,242,7.497830413202132e-05,2.5713274861786275e-05,2.9159375666866207,0.29421493,1.0,1.0,0.7666666666666667,1.0,True,2.4056484925164625,73,100
3,20267,none rash,238,111,127,-0.00010353685068755361,3.3488928601249065e-05,-3.0916740251789334,-0.38731804,1.0,1.0,0.7,1.0,True,2.3960473695136733,74,100
3,15408,intra-abdominal or,133,73,60,0.00010407565789394446,3.531024038024989e-05,2.947463873742338,0.30440176,1.0,1.0,0.7333333333333333,1.0,True,2.35797109899387,75,100
3,23213,positive pd-l1,58,27,31,-7.303191214916989e-05,2.480179403971455e-05,-2.944622152422746,-0.1780298,1.0,1.0,0.7333333333333333,1.0,True,2.3556977219381965,76,100
3,6639,arteries.,67,23,44,-7.177122927379418e-05,2.5004185918358806e-05,-2.8703685658127203,-0.2763559,1.0,1.0,0.7333333333333333,1.0,True,2.296294852650176,77,100
3,28359,trends mild,63,27,36,0.00010310755157414088,3.493734572201922e-05,2.9512130771044087,0.3070379,1.0,1.0,0.7,1.0,True,2.2871901347559165,79,100
3,16204,laboratory trends mild,63,27,36,0.00010310755157414088,3.493734572201922e-05,2.9512130771044087,0.3070379,1.0,1.0,0.7,1.0,True,2.2871901347559165,78,100
3,29877,without focal,91,53,38,9.931238013750299e-05,3.367664299936536e-05,2.9489988102250733,0.28844595,1.0,1.0,0.7,1.0,True,2.2854740779244316,80,100
3,17164,lung no,202,89,113,9.865901979311106e-05,3.241865492449404e-05,3.0432792484110394,0.368754,1.0,1.0,0.6666666666666666,1.0,True,2.2824594363082795,81,100
3,4222,<1 %.,160,67,93,-0.00013361210701789863,4.252506707216228e-05,-3.141961111811242,-0.30017686,1.0,1.0,0.6333333333333333,1.0,True,2.27792180606315,82,100
3,25949,snv 28 %,265,126,139,8.555703276939284e-05,2.9111081690356122e-05,2.9389850119425844,0.27302986,1.0,1.0,0.7,1.0,True,2.277713384255503,83,100
3,25948,snv 28,267,127,140,8.498052970539972e-05,2.902713268873071e-05,2.927623979146654,0.28599465,1.0,1.0,0.7,1.0,True,2.2689085838386567,84,100
3,20169,nodules identified,87,40,47,-7.86667807230769e-05,2.7095600155217912e-05,-2.9033046056345686,-0.25603798,1.0,1.0,0.7,1.0,True,2.2500610693667906,85,100
3,26893,symptoms or,174,86,88,-0.00010126278926781679,3.266536969836379e-05,-3.1000043839359654,-0.35914588,1.0,1.0,0.6333333333333333,1.0,True,2.247503178353575,86,100
3,18010,metastasis in,195,91,104,0.00010814140035869587,3.743163446041616e-05,2.8890376259966706,0.31351486,1.0,1.0,0.7,1.0,True,2.2390041601474193,87,100
3,8928,completed 4 cycles,174,81,93,-0.00010377649164422242,3.363205009436762e-05,-3.0856427530595862,-0.33071485,1.0,1.0,0.6333333333333333,1.0,True,2.2370909959682,88,100
3,28360,trends mild anemia,58,23,35,0.00010424530513146658,3.4987995858339317e-05,2.979459170897893,0.29179788,1.0,1.0,0.6666666666666666,1.0,True,2.2345943781734197,89,100
3,10063,definitive squamous,63,27,36,8.306378583639785e-05,2.697127034946891e-05,3.079713515905396,0.3116988,1.0,1.0,0.6333333333333333,1.0,True,2.232792299031412,91,100
3,19679,no definitive squamous,63,27,36,8.306378583639785e-05,2.697127034946891e-05,3.079713515905396,0.3116988,1.0,1.0,0.6333333333333333,1.0,True,2.232792299031412,90,100
3,3620,55. -,75,42,33,0.00010354507017668109,3.3655790385796473e-05,3.0765900604247736,0.2970877,1.0,1.0,0.6333333333333333,1.0,True,2.2305277938079606,92,100
3,3947,70 s,62,28,34,0.00010392083382092244,3.728406676382258e-05,2.7872719593389084,0.34342548,1.0,1.0,0.7333333333333333,1.0,True,2.2298175674711267,93,100
3,13888,high pd-l1 expression,160,79,81,0.00016737337046821336,5.4623241563650446e-05,3.064142033262148,0.3461973,1.0,1.0,0.6333333333333333,1.0,True,2.221502974115057,94,100
3,17183,lung shows,65,28,37,8.2496666836364e-05,2.7904598413382763e-05,2.9563825149621015,0.3298829,1.0,1.0,0.6666666666666666,1.0,True,2.217286886221576,95,100
3,10472,dimension previously,63,27,36,-9.882765132921792e-05,3.0103634324112133e-05,-3.282914290852246,-0.4299551,1.0,1.0,0.5666666666666667,1.0,True,2.215967146325266,96,100
3,18327,mild tenderness over,227,99,128,0.00010950139378755005,3.8827845931312005e-05,2.8201768900922897,0.27091172,1.0,1.0,0.7,1.0,True,2.1856370898215243,97,100
3,8288,chest wall,623,292,331,-9.350598629818944e-05,3.105415599848858e-05,-3.0110619107709904,-0.27171567,1.0,1.0,0.6333333333333333,1.0,True,2.183019885308968,98,100
3,1705,0.6 cm,187,89,98,0.00013491975195917621,4.33562111873132e-05,3.1118898138095643,0.25256062,1.0,1.0,0.6,1.0,True,2.1783228696666947,99,100
3,21774,organ,421,200,221,-8.826548408894228e-05,3.063703113650977e-05,-2.8810064426822803,-0.20710194,1.0,1.0,0.6666666666666666,1.0,True,2.16075483201171,100,100
3,7855,carcinoma adenocarcinoma,514,256,258,0.0001337499687116694,2.9653821634366344e-05,4.510378809207653,0.44991615,1.0,1.0,1.0,1.0,True,4.510378809207653,1,200
3,17126,lung carcinoma adenocarcinoma,512,255,257,0.00013178021971117643,2.9696817057510315e-05,4.4375200027657264,0.45003438,1.0,1.0,1.0,1.0,True,4.4375200027657264,2,200
3,26916,syndromes --- physical,99,50,49,-0.00011458198750250619,2.7578729826528668e-05,-4.154723158870316,-0.40188587,1.0,1.0,1.0,1.0,True,4.154723158870316,3,200
3,1454,-------------------,410,196,214,-0.00012055749701464646,2.976335887679241e-05,-4.050533997648014,-0.3858999,1.0,1.0,1.0,1.0,True,4.050533997648014,4,200
3,22561,pd-l1 <1,153,66,87,-0.00016439549249512128,4.077646062372817e-05,-4.031627315870033,-0.36653864,1.0,1.0,1.0,1.0,True,4.031627315870033,5,200
3,19221,neurologic symptoms or,100,44,56,-0.00011825815856128271,2.9818064713041578e-05,-3.9659904054591424,-0.31622198,1.0,1.0,1.0,1.0,True,3.9659904054591424,6,200
3,26661,superior vena,114,55,59,-0.00011925622668502417,3.0087721266721247e-05,-3.963617770446725,-0.42737967,1.0,1.0,1.0,1.0,True,3.963617770446725,7,200
3,28893,vena,116,56,60,-0.0001188826771748232,3.001292535748136e-05,-3.9610493065511583,-0.40598387,1.0,1.0,1.0,1.0,True,3.9610493065511583,8,200
3,26662,superior vena cava,113,54,59,-0.0001140376269019942,2.9815202895851692e-05,-3.824814719535607,-0.41007495,1.0,1.0,1.0,1.0,True,3.824814719535607,9,200
3,7939,cava,115,55,60,-0.00011369181613902131,2.9744845139982867e-05,-3.8222359405125075,-0.38876095,1.0,1.0,1.0,1.0,True,3.8222359405125075,10,200
3,28894,vena cava,115,55,60,-0.00011369181613902131,2.9744845139982867e-05,-3.8222359405125075,-0.38876095,1.0,1.0,1.0,1.0,True,3.8222359405125075,11,200
3,8068,cell lung carcinoma,610,301,309,0.00010879395609236524,2.8373697102389408e-05,3.834324293368293,0.39522177,1.0,1.0,0.9666666666666667,1.0,True,3.7384661860340853,12,200
3,19565,nkda social,247,115,132,-0.00011166608790524634,2.992277348470621e-05,-3.731809418078169,-0.34039894,1.0,1.0,1.0,1.0,True,3.731809418078169,14,200
3,19566,nkda social history,247,115,132,-0.00011166608790524634,2.992277348470621e-05,-3.731809418078169,-0.34039894,1.0,1.0,1.0,1.0,True,3.731809418078169,13,200
3,26120,spinal,80,31,49,0.00013819978504255013,3.756874665111495e-05,3.6785838592368556,0.35510612,1.0,1.0,1.0,1.0,True,3.6785838592368556,15,200
3,14080,hour <new,724,337,387,6.766143678003887e-05,1.8683724413469346e-05,3.6214105540574577,0.4104544,1.0,1.0,1.0,1.0,True,3.6214105540574577,16,200
3,14081,hour <new note>,724,337,387,6.766143678003887e-05,1.8683724413469346e-05,3.6214105540574577,0.4104544,1.0,1.0,1.0,1.0,True,3.6214105540574577,17,200
3,3619,55.,101,53,48,0.00012062374498829595,3.284113102043382e-05,3.6729473449998906,0.3189216,1.0,1.0,0.9666666666666667,1.0,True,3.5811236613748934,18,200
3,32,% low,206,95,111,-0.00013546830709778999,3.718040960090709e-05,-3.6435399327737628,-0.4372551,1.0,1.0,0.9666666666666667,1.0,True,3.5524514344544187,19,200
3,26915,syndromes ---,130,60,70,-0.00010685647354508369,2.9350940429205326e-05,-3.640649055277198,-0.36042035,1.0,1.0,0.9666666666666667,1.0,True,3.5496328288952683,20,200
3,7791,cancer syndromes ---,130,60,70,-0.00010564932079221536,2.9266124352690482e-05,-3.6099525690186867,-0.36330548,1.0,1.0,0.9666666666666667,1.0,True,3.5197037547932193,21,200
3,7012,axial dimension previously,59,23,36,-9.983880359696535e-05,2.7754771373952708e-05,-3.5971762206862223,-0.41823548,1.0,1.0,0.9666666666666667,1.0,True,3.507246815169067,22,200
3,22562,pd-l1 <1 %,95,44,51,-0.00012930634931478997,3.5471454029403897e-05,-3.6453636551690853,-0.36118263,1.0,1.0,0.9333333333333333,1.0,True,3.463095472410631,23,200
3,9781,cytopenias,330,162,168,-0.00012326654574794062,3.563116803735724e-05,-3.4595145917951022,-0.3396149,1.0,1.0,0.9666666666666667,1.0,True,3.3730267270002248,24,200
3,7760,canal,49,21,28,0.0001229326412168293,3.5327280110931895e-05,3.4798218495962914,0.33087593,1.0,1.0,0.9333333333333333,1.0,True,3.3058307571164764,25,200
3,15403,intra-abdominal,473,230,243,0.00012218501816407495,3.435131210747441e-05,3.5569243405258177,0.35239616,1.0,1.0,0.9,1.0,True,3.2901550149863814,26,200
3,4217,<1,316,145,171,-0.0001757314733057792,4.9983328788891504e-05,-3.5158017195692346,-0.35364148,1.0,1.0,0.9,1.0,True,3.2521165906015423,27,200
3,16612,lisinopril - no,68,49,19,-8.748821381240622e-05,2.5226897868639876e-05,-3.46805280094168,-0.17063709,1.0,1.0,0.9,1.0,True,3.207948840871054,28,200
3,4995,adenopathy.,303,145,158,0.00012201620879622372,3.519775527626579e-05,3.4665906345027775,0.43496564,1.0,1.0,0.9,1.0,True,3.2065963369150694,29,200
3,1394,-------- -------------------,78,34,44,-8.508287040432683e-05,2.5444215548708686e-05,-3.343898350548475,-0.2449256,1.0,1.0,0.9333333333333333,1.0,True,3.176703433021051,30,200
3,17260,lymphadenopathy. - lungs,198,93,105,-9.721721967143392e-05,2.9171292955704033e-05,-3.3326332096097393,-0.29664308,1.0,1.0,0.9333333333333333,1.0,True,3.1660015491292524,31,200
3,6297,and to discuss,128,68,60,-0.00010844266375273869,3.118314477403946e-05,-3.4776051145110674,-0.371352,1.0,1.0,0.8666666666666667,1.0,True,3.1298446030599605,32,200
3,19652,no cervical adenopathy.,213,99,114,0.00011935948534889198,3.497195036112062e-05,3.413006255481466,0.44586143,1.0,1.0,0.8666666666666667,1.0,True,3.0717056299333194,33,200
3,5583,allergies nkda social,199,94,105,-9.800686460321862e-05,2.9537415679045498e-05,-3.318058210243047,-0.3144431,1.0,1.0,0.9,1.0,True,3.069203844474819,34,200
3,22904,phase ii,77,40,37,-8.946035736235099e-05,2.6387283741272e-05,-3.3902829195877873,-0.24588026,1.0,1.0,0.8666666666666667,1.0,True,3.0512546276290085,35,200
3,11671,evidence of superior,88,39,49,-9.254686675663319e-05,2.8272502695561572e-05,-3.2733878480153753,-0.31954932,1.0,1.0,0.9,1.0,True,3.0278837594142223,36,200
3,17638,may be,750,354,396,-6.217607178833905e-05,1.9579742328790777e-05,-3.1755306451052245,-0.34724724,1.0,1.0,0.9333333333333333,1.0,True,3.0167541128499633,37,200
3,16958,low pd-l1 expression,310,135,175,-0.00015956159974941112,4.6649797701586535e-05,-3.4204135411284864,-0.32343733,1.0,1.0,0.8333333333333334,1.0,True,2.9928618484874256,38,200
3,26121,spinal canal,45,18,27,0.00011441280487823695,3.457210870958293e-05,3.3093961909972602,0.34986046,1.0,1.0,0.8666666666666667,1.0,True,2.978456571897534,39,200
3,17125,lung carcinoma,661,318,343,9.074448474886312e-05,2.6683243114716786e-05,3.400804181063516,0.36004326,1.0,1.0,0.8333333333333334,1.0,True,2.9757036584305765,40,200
3,8071,cell-cycle progression.,80,35,45,-8.662523096312066e-05,2.6403341899336155e-05,-3.2808434361598233,-0.28129083,1.0,1.0,0.8666666666666667,1.0,True,2.952759092543841,41,200
3,29511,wild-type other,62,22,40,-7.127078497905212e-05,2.2348355208386952e-05,-3.1890841323439063,-0.2976052,1.0,1.0,0.9,1.0,True,2.9499028224181134,42,200
3,20662,objective,416,190,226,0.00010458324414733017,3.246335297909713e-05,3.2215786278968292,0.35176057,1.0,1.0,0.8666666666666667,1.0,True,2.899420765107146,43,200
3,29122,wall bones,80,40,40,-8.832664075655413e-05,2.7454375349640968e-05,-3.2172154577069705,-0.28285578,1.0,1.0,0.8666666666666667,1.0,True,2.8954939119362737,44,200
3,17571,mass now,437,204,233,-0.00010513788351868212,3.10852630754476e-05,-3.3822420374407023,-0.17448111,1.0,1.0,0.8,1.0,True,2.8749057318245974,45,200
3,11755,exons 1-2,92,47,45,-8.195625830117403e-05,2.5088920503223447e-05,-3.266631511333627,-0.31972364,1.0,1.0,0.8333333333333334,1.0,True,2.8583025724169233,46,200
3,10080,deletion exons 1-2,92,47,45,-8.195625830117403e-05,2.5088920503223447e-05,-3.266631511333627,-0.31972364,1.0,1.0,0.8333333333333334,1.0,True,2.8583025724169233,47,200
3,4218,<1 %,212,93,119,-0.0001561313867391603,4.795017242713377e-05,-3.2561173158745427,-0.3207629,1.0,1.0,0.8333333333333334,1.0,True,2.8491026513902247,48,200
3,8290,chest wall bones,79,40,39,-8.713515832816888e-05,2.7528418572880788e-05,-3.1652802029829923,-0.28383777,1.0,1.0,0.8666666666666667,1.0,True,2.8487521826846933,49,200
3,16750,lobe primary nsclc,132,61,71,0.0001155100403328212,3.5779128102210145e-05,3.228419653012336,0.42302543,1.0,1.0,0.8333333333333334,1.0,True,2.824867196385794,50,200
3,28845,vaf copy-number,64,27,37,8.771045102183719e-05,2.7227195246426373e-05,3.221428069545627,0.34955522,1.0,1.0,0.8333333333333334,1.0,True,2.8187495608524236,51,200
3,26660,superior,145,66,79,-0.0001054796688061594,3.2104409363682095e-05,-3.2855196808411806,-0.3584418,1.0,1.0,0.8,1.0,True,2.792691728715004,52,200
3,28733,upper-normal,58,23,35,-7.356707693419949e-05,2.3831806787799104e-05,-3.0869282211478306,-0.23195444,1.0,1.0,0.8666666666666667,1.0,True,2.7782353990330475,53,200
3,14500,imaging follow-up -,462,216,246,-9.251353319690197e-05,2.749826756316732e-05,-3.364340425606289,-0.3570113,1.0,1.0,0.7666666666666667,1.0,True,2.7755808511251887,54,200
3,8113,cervical adenopathy.,216,100,116,0.00011314282490421335,3.4900727976924166e-05,3.24184713221517,0.4185213,1.0,1.0,0.8,1.0,True,2.7555700623828945,55,200
3,17331,m1 right,46,23,23,9.109835984052371e-05,2.9878686398454918e-05,3.0489412628673858,0.28648022,1.0,1.0,0.8666666666666667,1.0,True,2.7440471365806474,56,200
3,21065,of superior vena,78,38,40,-8.784126247891611e-05,2.8183055071303408e-05,-3.1168112277635216,-0.32801145,1.0,1.0,0.8333333333333334,1.0,True,2.7272098242930816,57,200
3,4757,achieved,82,43,39,-9.260420100036019e-05,2.8880151102318057e-05,-3.2064998784901557,-0.39733168,1.0,1.0,0.8,1.0,True,2.7255248967166326,58,200
3,21253,on recent,149,63,86,0.00011435058403061415,3.587228843718998e-05,3.1877136645696447,0.2632215,1.0,1.0,0.8,1.0,True,2.7095566148841983,59,200
3,18787,mucosa moist.,64,33,31,8.8360153227274e-05,2.7813506986505935e-05,3.176879250435517,0.43251407,1.0,1.0,0.8,1.0,True,2.7003473628701897,60,200
3,21759,oral mucosa moist.,62,31,31,8.87772101478864e-05,2.80667419586448e-05,3.163075011652439,0.43905544,1.0,1.0,0.8,1.0,True,2.6886137599045736,61,200
3,21064,of superior,89,40,49,-8.543113074076904e-05,2.881793465102172e-05,-2.9645126125560197,-0.30073625,1.0,1.0,0.8666666666666667,1.0,True,2.668061351300418,62,200
3,11955,fatigue grade,584,283,301,0.000103671223600176,3.302332609687856e-05,3.139333188184677,0.350717,1.0,1.0,0.7666666666666667,1.0,True,2.589949880252359,63,200
3,18387,missense snv,601,283,318,8.492411539583306e-05,2.8749950761013195e-05,2.953887333643565,0.37537393,1.0,1.0,0.8333333333333334,1.0,True,2.5846514169381196,64,200
3,27710,three cycles,103,51,52,0.00014381247236512878,4.7813771169993726e-05,3.0077625932041214,0.39156264,1.0,1.0,0.8,1.0,True,2.5565982042235036,65,200
3,17572,mass now measures,291,142,149,-0.00010255102645640892,3.1390894683988776e-05,-3.2669035874506642,-0.23588704,1.0,1.0,0.7,1.0,True,2.5318502802742646,66,200
3,7301,biopsy demonstrated,101,53,48,-9.318286620801608e-05,2.9527809671189494e-05,-3.1557662842474667,-0.28707737,1.0,1.0,0.7333333333333333,1.0,True,2.524613027397973,67,200
3,4893,additional focal hepatic,71,34,37,9.387397974372688e-05,3.0699378063399304e-05,3.0578463039173482,0.31450382,1.0,1.0,0.7666666666666667,1.0,True,2.5227232007318126,68,200
3,19332,new dyspnea,142,63,79,9.109993539516404e-05,2.9808748162314263e-05,3.0561476415952686,0.30929834,1.0,1.0,0.7666666666666667,1.0,True,2.5213218043160968,69,200
3,3026,30 s,67,28,39,0.00011692405240345989,3.831505912493156e-05,3.051647448127714,0.40719482,1.0,1.0,0.7666666666666667,1.0,True,2.5176091447053643,70,200
3,13887,high pd-l1,183,93,90,0.00018938252900639127,6.116991612928815e-05,3.0960076617746894,0.33797097,1.0,1.0,0.7333333333333333,1.0,True,2.476806129419751,71,200
3,1455,------------------- ----------------,223,108,115,-8.522872092436291e-05,2.768730271846484e-05,-3.078260161020428,-0.29141104,1.0,1.0,0.7333333333333333,1.0,True,2.462608128816342,72,200
3,4101,800,463,221,242,7.497830413202132e-05,2.5713274861786275e-05,2.9159375666866207,0.29421493,1.0,1.0,0.7666666666666667,1.0,True,2.4056484925164625,73,200
3,20267,none rash,238,111,127,-0.00010353685068755361,3.3488928601249065e-05,-3.0916740251789334,-0.38731804,1.0,1.0,0.7,1.0,True,2.3960473695136733,74,200
3,15408,intra-abdominal or,133,73,60,0.00010407565789394446,3.531024038024989e-05,2.947463873742338,0.30440176,1.0,1.0,0.7333333333333333,1.0,True,2.35797109899387,75,200
3,23213,positive pd-l1,58,27,31,-7.303191214916989e-05,2.480179403971455e-05,-2.944622152422746,-0.1780298,1.0,1.0,0.7333333333333333,1.0,True,2.3556977219381965,76,200
3,6639,arteries.,67,23,44,-7.177122927379418e-05,2.5004185918358806e-05,-2.8703685658127203,-0.2763559,1.0,1.0,0.7333333333333333,1.0,True,2.296294852650176,77,200
3,28359,trends mild,63,27,36,0.00010310755157414088,3.493734572201922e-05,2.9512130771044087,0.3070379,1.0,1.0,0.7,1.0,True,2.2871901347559165,79,200
3,16204,laboratory trends mild,63,27,36,0.00010310755157414088,3.493734572201922e-05,2.9512130771044087,0.3070379,1.0,1.0,0.7,1.0,True,2.2871901347559165,78,200
3,29877,without focal,91,53,38,9.931238013750299e-05,3.367664299936536e-05,2.9489988102250733,0.28844595,1.0,1.0,0.7,1.0,True,2.2854740779244316,80,200
3,17164,lung no,202,89,113,9.865901979311106e-05,3.241865492449404e-05,3.0432792484110394,0.368754,1.0,1.0,0.6666666666666666,1.0,True,2.2824594363082795,81,200
3,4222,<1 %.,160,67,93,-0.00013361210701789863,4.252506707216228e-05,-3.141961111811242,-0.30017686,1.0,1.0,0.6333333333333333,1.0,True,2.27792180606315,82,200
3,25949,snv 28 %,265,126,139,8.555703276939284e-05,2.9111081690356122e-05,2.9389850119425844,0.27302986,1.0,1.0,0.7,1.0,True,2.277713384255503,83,200
3,25948,snv 28,267,127,140,8.498052970539972e-05,2.902713268873071e-05,2.927623979146654,0.28599465,1.0,1.0,0.7,1.0,True,2.2689085838386567,84,200
3,20169,nodules identified,87,40,47,-7.86667807230769e-05,2.7095600155217912e-05,-2.9033046056345686,-0.25603798,1.0,1.0,0.7,1.0,True,2.2500610693667906,85,200
3,26893,symptoms or,174,86,88,-0.00010126278926781679,3.266536969836379e-05,-3.1000043839359654,-0.35914588,1.0,1.0,0.6333333333333333,1.0,True,2.247503178353575,86,200
3,18010,metastasis in,195,91,104,0.00010814140035869587,3.743163446041616e-05,2.8890376259966706,0.31351486,1.0,1.0,0.7,1.0,True,2.2390041601474193,87,200
3,8928,completed 4 cycles,174,81,93,-0.00010377649164422242,3.363205009436762e-05,-3.0856427530595862,-0.33071485,1.0,1.0,0.6333333333333333,1.0,True,2.2370909959682,88,200
3,28360,trends mild anemia,58,23,35,0.00010424530513146658,3.4987995858339317e-05,2.979459170897893,0.29179788,1.0,1.0,0.6666666666666666,1.0,True,2.2345943781734197,89,200
3,10063,definitive squamous,63,27,36,8.306378583639785e-05,2.697127034946891e-05,3.079713515905396,0.3116988,1.0,1.0,0.6333333333333333,1.0,True,2.232792299031412,91,200
3,19679,no definitive squamous,63,27,36,8.306378583639785e-05,2.697127034946891e-05,3.079713515905396,0.3116988,1.0,1.0,0.6333333333333333,1.0,True,2.232792299031412,90,200
3,3620,55. -,75,42,33,0.00010354507017668109,3.3655790385796473e-05,3.0765900604247736,0.2970877,1.0,1.0,0.6333333333333333,1.0,True,2.2305277938079606,92,200
3,3947,70 s,62,28,34,0.00010392083382092244,3.728406676382258e-05,2.7872719593389084,0.34342548,1.0,1.0,0.7333333333333333,1.0,True,2.2298175674711267,93,200
3,13888,high pd-l1 expression,160,79,81,0.00016737337046821336,5.4623241563650446e-05,3.064142033262148,0.3461973,1.0,1.0,0.6333333333333333,1.0,True,2.221502974115057,94,200
3,17183,lung shows,65,28,37,8.2496666836364e-05,2.7904598413382763e-05,2.9563825149621015,0.3298829,1.0,1.0,0.6666666666666666,1.0,True,2.217286886221576,95,200
3,10472,dimension previously,63,27,36,-9.882765132921792e-05,3.0103634324112133e-05,-3.282914290852246,-0.4299551,1.0,1.0,0.5666666666666667,1.0,True,2.215967146325266,96,200
3,18327,mild tenderness over,227,99,128,0.00010950139378755005,3.8827845931312005e-05,2.8201768900922897,0.27091172,1.0,1.0,0.7,1.0,True,2.1856370898215243,97,200
3,8288,chest wall,623,292,331,-9.350598629818944e-05,3.105415599848858e-05,-3.0110619107709904,-0.27171567,1.0,1.0,0.6333333333333333,1.0,True,2.183019885308968,98,200
3,1705,0.6 cm,187,89,98,0.00013491975195917621,4.33562111873132e-05,3.1118898138095643,0.25256062,1.0,1.0,0.6,1.0,True,2.1783228696666947,99,200
3,21774,organ,421,200,221,-8.826548408894228e-05,3.063703113650977e-05,-2.8810064426822803,-0.20710194,1.0,1.0,0.6666666666666666,1.0,True,2.16075483201171,100,200
3,10210,dermatologic none rash,222,102,120,-9.990069111914068e-05,3.2591708787558316e-05,-3.065217959890374,-0.38505876,1.0,1.0,0.6,1.0,True,2.1456525719232618,101,200
3,3931,70 100 fatigue,208,116,92,-8.322389923364473e-05,2.8147584905181245e-05,-2.95669768877135,-0.40298843,1.0,1.0,0.6333333333333333,1.0,True,2.1436058243592284,102,200
3,15854,kidneys,734,339,395,5.470576393414688e-05,1.866524723382719e-05,2.930888792890091,0.21912366,1.0,1.0,0.6333333333333333,1.0,True,2.124894374845316,103,200
3,1753,1 % low,98,43,55,-9.787475573931843e-05,3.3596305946112454e-05,-2.9132594487116186,-0.26124558,1.0,1.0,0.6333333333333333,1.0,True,2.1121131003159235,104,200
3,3621,55. - pro-ctcae,59,30,29,9.744735721330699e-05,3.243189998395464e-05,3.0046761756640255,0.2821865,1.0,1.0,0.6,1.0,True,2.1032733229648177,105,200
3,24558,reinforce,325,159,166,9.424477494503489e-05,3.263838486237806e-05,2.8875440786186055,0.27867422,1.0,1.0,0.6333333333333333,1.0,True,2.093469456998489,106,200
3,16498,lesions. past medical,169,73,96,0.00010058621663337156,3.398796525230979e-05,2.9594656781207527,0.33609587,1.0,1.0,0.6,1.0,True,2.071625974684527,107,200
3,16497,lesions. past,169,73,96,0.00010058621663337156,3.398796525230979e-05,2.9594656781207527,0.33609587,1.0,1.0,0.6,1.0,True,2.071625974684527,108,200
3,29640,with differential and,166,80,86,-8.87713645364449e-05,3.0169720746128418e-05,-2.9423992778533306,-0.2988005,1.0,1.0,0.6,1.0,True,2.059679494497331,109,200
3,28618,unchecked cell-cycle progression.,64,23,41,-6.872315557832e-05,2.5097485632258982e-05,-2.7382486271846647,-0.24388523,1.0,1.0,0.6666666666666666,1.0,True,2.0536864703884987,110,200
3,10410,differential and,167,80,87,-8.806881109894853e-05,3.0111948347904905e-05,-2.92471314314924,-0.2982773,1.0,1.0,0.6,1.0,True,2.047299200204468,111,200
3,1446,---------------- kras,257,125,132,-7.604080901745882e-05,2.7005612291438376e-05,-2.8157409725372577,-0.25513956,1.0,1.0,0.6333333333333333,1.0,True,2.041412205089512,112,200
3,5865,and acinar,126,74,52,-8.689648882690121e-05,2.8988735057775238e-05,-2.997595053861938,-0.20676947,1.0,1.0,0.5666666666666667,1.0,True,2.0233766613568083,113,200
3,1463,-----------------------,438,219,219,6.701827266592588e-05,2.32303342643395e-05,2.884946548909738,0.3111174,1.0,1.0,0.6,1.0,True,2.0194625842368166,114,200
3,29123,wall bones -,72,35,37,-7.873352900059026e-05,2.7304082188525454e-05,-2.883580867394182,-0.23736534,1.0,1.0,0.6,1.0,True,2.0185066071759272,115,200
3,12077,fdg-avid osseous lesions,98,44,54,-8.198386980044336e-05,2.8573235889935205e-05,-2.8692539450640875,-0.14458814,1.0,1.0,0.6,1.0,True,2.008477761544861,116,200
3,15011,infiltrated,147,71,76,9.236781326351372e-05,3.1288740538216194e-05,2.9521103014899337,0.28990173,1.0,1.0,0.5666666666666667,1.0,True,1.9926744535057053,118,200
3,15012,infiltrated by,147,71,76,9.236781326351372e-05,3.1288740538216194e-05,2.9521103014899337,0.28990173,1.0,1.0,0.5666666666666667,1.0,True,1.9926744535057053,117,200
3,27711,three cycles of,85,44,41,0.00012034083289074269,4.2293327734077523e-05,2.845385769769518,0.37793025,1.0,1.0,0.6,1.0,True,1.9917700388386625,119,200
3,28257,tps >=,67,34,33,8.436450052465447e-05,2.970479396538478e-05,2.8400971446886674,0.2927964,1.0,1.0,0.6,1.0,True,1.988068001282067,120,200
3,12893,fullness,55,28,27,8.426240652501759e-05,3.079710233643401e-05,2.7360498271726144,0.31022987,1.0,1.0,0.6333333333333333,1.0,True,1.9836361247001453,121,200
3,6622,areas of hemorrhage.,78,40,38,7.964772467030876e-05,2.818818719907142e-05,2.8255710134113388,0.24130367,1.0,1.0,0.6,1.0,True,1.977899709387937,122,200
3,14711,in appetite,110,53,57,7.985007753953832e-05,2.8312580779139925e-05,2.8203037427930298,0.26774904,1.0,1.0,0.6,1.0,True,1.9742126199551207,123,200
3,8927,completed 4,195,89,106,-9.541863811099048e-05,3.3870169556018076e-05,-2.8171880850249957,-0.3124327,1.0,1.0,0.6,1.0,True,1.972031659517497,124,200
3,27329,the limited upper,69,30,39,-7.318641882347594e-05,2.6178842501929714e-05,-2.7956323438700994,-0.23555377,1.0,1.0,0.6,1.0,True,1.9569426407090695,125,200
3,29432,wheezes. cardiovascular,95,40,55,7.626227231166756e-05,2.729199502367728e-05,2.79430918280272,0.29177317,1.0,1.0,0.6,1.0,True,1.9560164279619037,126,200
3,5839,anc <1.0,163,77,86,-8.772492227896693e-05,3.0454262688996457e-05,-2.8805465814367968,-0.2933994,1.0,1.0,0.5666666666666667,1.0,True,1.944368942469838,127,200
3,25977,social function 70,183,105,78,-9.396055955454453e-05,3.277468061644583e-05,-2.8668642313907577,-0.40255848,1.0,1.0,0.5666666666666667,1.0,True,1.9351333561887616,128,200
3,25438,segment iv,73,31,42,0.0001480586939234549,5.381440523438499e-05,2.751283662405917,0.35992587,1.0,1.0,0.6,1.0,True,1.925898563684142,129,200
3,8939,completed three cycles,59,32,27,8.03406876508731e-05,2.9326377515107296e-05,2.7395367058030304,0.3139917,1.0,1.0,0.6,1.0,True,1.9176756940621211,130,200
3,442,- evaluation,129,56,73,9.242984122994876e-05,3.3791966231730316e-05,2.735260818980047,0.26171976,1.0,1.0,0.6,1.0,True,1.9146825732860329,131,200
3,23471,primary nsclc,159,70,89,9.90653913139471e-05,3.637842373731772e-05,2.723190868006846,0.31951472,1.0,1.0,0.6,1.0,True,1.906233607604792,132,200
3,7456,bowel wall,126,60,66,9.703098726444128e-05,3.4447889556822244e-05,2.816746933201449,0.3237265,1.0,1.0,0.5666666666666667,1.0,True,1.9013041799109784,133,200
3,21203,on exertion mild,82,29,53,-8.297207854788836e-05,2.843536902868159e-05,-2.9179181203591145,-0.33333436,1.0,1.0,0.5333333333333333,1.0,True,1.8966467782334244,134,200
3,5891,and appearance.,195,91,104,9.723044029175067e-05,3.473344456642362e-05,2.799331926489724,0.2981665,1.0,1.0,0.5666666666666667,1.0,True,1.8895490503805639,135,200
3,18389,missense snv 28,261,125,136,8.190955226711833e-05,2.9271817980625225e-05,2.7982393277156064,0.27526718,1.0,1.0,0.5666666666666667,1.0,True,1.8888115462080344,136,200
3,7460,bp 122,366,257,109,-0.00010505761726193604,3.637258046999193e-05,-2.888374041776073,-0.32308012,1.0,1.0,0.5333333333333333,1.0,True,1.8774431271544476,137,200
3,8308,chief complaint here,157,81,76,-9.064355493842737e-05,3.145584526182448e-05,-2.8816124374961376,-0.33505368,1.0,1.0,0.5333333333333333,1.0,True,1.8730480843724895,138,200
3,8911,complaint here,157,81,76,-9.064355493842737e-05,3.145584526182448e-05,-2.8816124374961376,-0.33505368,1.0,1.0,0.5333333333333333,1.0,True,1.8730480843724895,139,200
3,20427,not detected -,33,13,20,-9.841954031540886e-05,3.560290439729766e-05,-2.764368300325496,-0.2020263,1.0,1.0,0.5666666666666667,1.0,True,1.86594860271971,140,200
3,2252,122,367,257,110,-0.00010446846940060664,3.6422763591563126e-05,-2.868219187651248,-0.31988996,1.0,1.0,0.5333333333333333,1.0,True,1.8643424719733113,141,200
3,10401,diet,346,170,176,-8.5141785108432e-05,3.19846630966483e-05,-2.6619566024865864,-0.2604192,1.0,1.0,0.6,1.0,True,1.8633696217406104,142,200
3,26122,spine,552,266,286,0.00011573386779978967,4.2084356001302235e-05,2.750044881195484,0.34002733,1.0,1.0,0.5666666666666667,1.0,True,1.856280294806952,143,200
3,7057,balanced diet,200,110,90,-8.593206222968289e-05,3.12497473265768e-05,-2.749848225383913,-0.3258486,1.0,1.0,0.5666666666666667,1.0,True,1.8561475521341413,144,200
3,12662,for ongoing trials,68,33,35,7.908224506199245e-05,2.67170893891839e-05,2.959987291654905,0.28276348,1.0,1.0,0.5,1.0,True,1.8499920572843156,145,200
3,7461,bp 122 78,363,254,109,-0.00010354542647158689,3.66013220003066e-05,-2.829007828480062,-0.31671095,1.0,1.0,0.5333333333333333,1.0,True,1.8388550885120405,146,200
3,24260,reasonable,88,30,58,-7.055562683860396e-05,2.591227804263192e-05,-2.722864686868635,-0.28583232,1.0,1.0,0.5666666666666667,1.0,True,1.8379336636363286,147,200
3,1448,---------------- kras g12c,75,37,38,-6.703411919615495e-05,2.4720569943722948e-05,-2.7116736931535135,-0.29073203,1.0,1.0,0.5666666666666667,1.0,True,1.8303797428786217,148,200
3,2253,122 78,363,254,109,-0.00010326722005442596,3.669577519132993e-05,-2.8141446669540526,-0.3134143,1.0,1.0,0.5333333333333333,1.0,True,1.8291940335201342,149,200
3,88,%. he initiated,75,40,35,-8.965801494479181e-05,3.065638313691131e-05,-2.924611639422022,-0.24972633,1.0,1.0,0.5,1.0,True,1.8278822746387637,150,200
3,28271,tract,326,159,167,9.58532205445714e-05,3.279853275965812e-05,2.922485016234322,0.2689728,1.0,1.0,0.5,1.0,True,1.8265531351464512,151,200
3,25731,significance ------ ------------,362,179,183,7.407993911550898e-05,2.63934306248857e-05,2.806756733081181,0.3241327,1.0,1.0,0.5333333333333333,1.0,True,1.8243918765027678,152,200
3,26421,status. ---,99,47,52,-8.199585988438167e-05,2.9223004074710697e-05,-2.805866901115073,-0.21754318,1.0,1.0,0.5333333333333333,1.0,True,1.8238134857247976,153,200
3,12641,for my,242,114,128,-8.853783868973835e-05,3.157103213719227e-05,-2.8044011454866666,-0.31168148,1.0,1.0,0.5333333333333333,1.0,True,1.8228607445663334,154,200
3,1363,--- subjective chief,301,143,158,9.487604129898245e-05,3.386487626715691e-05,2.8016060224320336,0.3715573,1.0,1.0,0.5333333333333333,1.0,True,1.821043914580822,155,200
3,21252,on quality of,130,47,83,-8.227250475975269e-05,2.9401785054724165e-05,-2.7982146188274872,-0.29420003,1.0,1.0,0.5333333333333333,1.0,True,1.8188395022378667,156,200
3,21251,on quality,130,47,83,-8.227250475975269e-05,2.9401785054724165e-05,-2.7982146188274872,-0.29420003,1.0,1.0,0.5333333333333333,1.0,True,1.8188395022378667,157,200
3,12312,first hour <new,699,324,375,5.62695218658506e-05,2.0148543658540408e-05,2.7927339473987,0.367813,1.0,1.0,0.5333333333333333,1.0,True,1.815277065809155,158,200
3,792,- no hepatic,83,33,50,-6.682735043440787e-05,2.3985705182373373e-05,-2.786132403708438,-0.15098797,1.0,1.0,0.5333333333333333,1.0,True,1.8109860624104848,159,200
3,16957,low pd-l1,336,145,191,-0.00015161597172022286,5.23300742151434e-05,-2.8973009114584416,-0.25832164,1.0,1.0,0.5,1.0,True,1.8108130696615259,160,200
3,13660,health 55.,65,30,35,8.049472074603392e-05,2.892959683746044e-05,2.7824349298156372,0.24079342,1.0,1.0,0.5333333333333333,1.0,True,1.8085827043801643,162,200
3,13352,global health 55.,65,30,35,8.049472074603392e-05,2.892959683746044e-05,2.7824349298156372,0.24079342,1.0,1.0,0.5333333333333333,1.0,True,1.8085827043801643,161,200
3,17849,mediastinum hilar nodes,344,163,181,-9.063932860350881e-05,3.132956667926275e-05,-2.8930923153655868,-0.18509448,1.0,1.0,0.5,1.0,True,1.8081826971034918,163,200
3,10625,disease progression depression,96,31,65,-7.924267349021896e-05,2.8497574876717795e-05,-2.78068129772542,-0.21838921,1.0,1.0,0.5333333333333333,1.0,True,1.8074428435215228,164,200
3,1456,------------------- ---------------- kras,76,40,36,-7.291021055873869e-05,2.5284895225878766e-05,-2.8835480593218366,-0.29316518,1.0,1.0,0.5,1.0,True,1.8022175370761477,165,200
3,5349,ago - lung,159,77,82,-9.067445853256972e-05,3.2716215940320356e-05,-2.7715448112328924,-0.32958698,1.0,1.0,0.5333333333333333,1.0,True,1.80150412730138,166,200
3,8497,clinical trial evaluating,120,59,61,-8.670593530642659e-05,3.2540748893218045e-05,-2.6645341074033286,-0.22504708,1.0,1.0,0.5666666666666667,1.0,True,1.798560522497247,167,200
3,13814,here for my,225,106,119,-8.69483390254909e-05,3.143370456602439e-05,-2.766086283048877,-0.33577135,1.0,1.0,0.5333333333333333,1.0,True,1.79795608398177,168,200
3,27399,the pet,102,46,56,7.634248371740463e-05,2.771609398020302e-05,2.754445982609755,0.3142302,1.0,1.0,0.5333333333333333,1.0,True,1.7903898886963407,169,200
3,11980,fatigue now,199,82,117,-9.331060581770075e-05,3.129798960630735e-05,-2.9813610072544807,-0.2531856,1.0,1.0,0.4666666666666667,1.0,True,1.7888166043526883,170,200
3,21245,on prior,462,211,251,8.81432165487027e-05,3.218862696919231e-05,2.738334152403097,0.22770144,1.0,1.0,0.5333333333333333,1.0,True,1.779917199062013,171,200
3,12076,fdg-avid osseous,152,68,84,-8.252050197553441e-05,3.0273218860285522e-05,-2.725858203462812,-0.13195789,1.0,1.0,0.5333333333333333,1.0,True,1.771807832250828,172,200
3,28397,trials e.g.,243,111,132,-9.592797979512426e-05,3.384173004136428e-05,-2.834606259132521,-0.19242036,1.0,1.0,0.5,1.0,True,1.7716289119578257,173,200
3,26255,stable no new,210,99,111,0.00010560425348666425,3.7357148709285935e-05,2.826882059668917,0.20530906,1.0,1.0,0.5,1.0,True,1.766801287293073,174,200
3,12367,flu-like symptoms,77,30,47,-6.0875584713369935e-05,2.2708625494932535e-05,-2.6807252040399545,-0.20961748,1.0,1.0,0.5333333333333333,1.0,True,1.7424713826259706,175,200
3,6242,and ribs show,62,29,33,-8.047374325209629e-05,3.120567167067367e-05,-2.5788178540545097,-0.38455197,1.0,1.0,0.5666666666666667,1.0,True,1.7407020514867941,176,200
3,15076,infusion hold chemotherapy,75,26,49,-6.822319501815561e-05,2.5538982535000607e-05,-2.6713356698786743,-0.29274845,1.0,1.0,0.5333333333333333,1.0,True,1.7363681854211384,177,200
3,16748,lobe primary mass,149,66,83,9.175901012118251e-05,3.339633555089324e-05,2.7475771999400775,0.26663315,1.0,1.0,0.5,1.0,True,1.7172357499625486,178,200
3,28659,unremarkable. - no,69,32,37,-6.899538246295016e-05,2.525970456148241e-05,-2.7314405952379457,-0.21494386,1.0,1.0,0.5,1.0,True,1.707150372023716,179,200
3,2673,200 mg q3,52,23,29,-8.06289925658308e-05,2.958920476259362e-05,-2.724946250254119,-0.22864692,1.0,1.0,0.5,1.0,True,1.7030914064088243,180,200
3,8310,chief complaint new,74,37,37,7.581962239798709e-05,2.8007800945896203e-05,2.707089447845295,0.34498417,1.0,1.0,0.5,1.0,True,1.6919309049033093,181,200
3,8915,complaint new,74,37,37,7.581962239798709e-05,2.8007800945896203e-05,2.707089447845295,0.34498417,1.0,1.0,0.5,1.0,True,1.6919309049033093,182,200
3,20106,nodes multiple,72,37,35,8.864007211279611e-05,3.188154902405576e-05,2.7802937694750662,0.28405422,1.0,1.0,0.4666666666666667,1.0,True,1.6681762616850397,183,200
3,15464,investigational .,81,34,47,8.461210773962378e-05,3.170231973037522e-05,2.6689563558515763,0.29214862,1.0,1.0,0.5,1.0,True,1.6680977224072353,184,200
3,23893,pulmonary arteries.,63,21,42,-6.647680198036996e-05,2.4989484669878403e-05,-2.6601909906729353,-0.24366228,1.0,1.0,0.5,1.0,True,1.6626193691705846,185,200
3,25817,size and appearance.,189,90,99,9.653926952884373e-05,3.486002106122204e-05,2.7693405393903534,0.26793838,1.0,1.0,0.4666666666666667,1.0,True,1.661604323634212,186,200
3,19595,no additional focal,152,74,78,9.789978818715913e-05,3.697758928268778e-05,2.647543825497407,0.2258786,1.0,1.0,0.5,1.0,True,1.6547148909358795,187,200
3,25457,seizures dermatologic,186,91,95,-7.958628054976889e-05,3.1263833330496224e-05,-2.545634110457487,-0.3297426,1.0,1.0,0.5333333333333333,1.0,True,1.6546621717973666,188,200
3,17712,md ---,96,39,57,-6.843666569302122e-05,2.690200484561675e-05,-2.5439243686766297,-0.1651043,1.0,1.0,0.5333333333333333,1.0,True,1.6535508396398093,189,200
3,13039,g12c driver with,135,65,70,-8.287460367077344e-05,3.0175242813722286e-05,-2.7464436386601654,-0.31062877,1.0,1.0,0.4666666666666667,1.0,True,1.6478661831960992,190,200
3,7302,biopsy demonstrated kras,76,42,34,-7.637458180047859e-05,2.7831915125763384e-05,-2.744136774467968,-0.23799123,1.0,1.0,0.4666666666666667,1.0,True,1.6464820646807807,191,200
3,6688,ascites or,218,104,114,9.305355151575027e-05,3.541254381897254e-05,2.627700285848884,0.2138228,1.0,1.0,0.5,1.0,True,1.6423126786555526,192,200
3,20170,nodules identified in,70,32,38,-7.464082120944119e-05,2.7275767864523765e-05,-2.736525020310163,-0.2636889,1.0,1.0,0.4666666666666667,1.0,True,1.641915012186098,193,200
3,1604,. imaging -,118,57,61,-8.17885026869172e-05,2.99034183564545e-05,-2.7350887350731115,-0.27588773,1.0,1.0,0.4666666666666667,1.0,True,1.6410532410438667,194,200
3,18187,mg q3,54,24,30,-7.968822952552345e-05,2.9308335534069213e-05,-2.7189612809260555,-0.22659212,1.0,1.0,0.4666666666666667,1.0,True,1.6313767685556333,195,200
3,22118,pain palpitations gastrointestinal,373,164,209,-8.802005686310937e-05,3.105836568822916e-05,-2.8340208801285436,-0.33533436,1.0,1.0,0.43333333333333335,1.0,True,1.6295620060739124,196,200
3,11727,exertion mild,85,30,55,-7.984719736930434e-05,2.818687154552772e-05,-2.83277969462962,-0.3296014,1.0,1.0,0.43333333333333335,1.0,True,1.6288483244120313,197,200
3,13524,have demonstrated activity,134,55,79,-7.28114148892461e-05,2.7943557594007218e-05,-2.6056601649340907,-0.2880005,1.0,1.0,0.5,1.0,True,1.6285376030838066,198,200
3,20945,of lung cancer,303,113,190,9.104894840820497e-05,3.4979403026258605e-05,2.6029303112993567,0.3379066,1.0,1.0,0.5,1.0,True,1.626831444562098,199,200
3,19637,no bone pain.,174,80,94,-8.625528583595284e-05,3.3477443547752866e-05,-2.576519491786063,-0.24953659,1.0,1.0,0.5,1.0,True,1.6103246823662896,200,200
3,7855,carcinoma adenocarcinoma,514,256,258,0.0001337499687116694,2.9653821634366344e-05,4.510378809207653,0.44991615,1.0,1.0,1.0,1.0,True,4.510378809207653,1,400
3,17126,lung carcinoma adenocarcinoma,512,255,257,0.00013178021971117643,2.9696817057510315e-05,4.4375200027657264,0.45003438,1.0,1.0,1.0,1.0,True,4.4375200027657264,2,400
3,26916,syndromes --- physical,99,50,49,-0.00011458198750250619,2.7578729826528668e-05,-4.154723158870316,-0.40188587,1.0,1.0,1.0,1.0,True,4.154723158870316,3,400
3,1454,-------------------,410,196,214,-0.00012055749701464646,2.976335887679241e-05,-4.050533997648014,-0.3858999,1.0,1.0,1.0,1.0,True,4.050533997648014,4,400
3,22561,pd-l1 <1,153,66,87,-0.00016439549249512128,4.077646062372817e-05,-4.031627315870033,-0.36653864,1.0,1.0,1.0,1.0,True,4.031627315870033,5,400
3,19221,neurologic symptoms or,100,44,56,-0.00011825815856128271,2.9818064713041578e-05,-3.9659904054591424,-0.31622198,1.0,1.0,1.0,1.0,True,3.9659904054591424,6,400
3,26661,superior vena,114,55,59,-0.00011925622668502417,3.0087721266721247e-05,-3.963617770446725,-0.42737967,1.0,1.0,1.0,1.0,True,3.963617770446725,7,400
3,28893,vena,116,56,60,-0.0001188826771748232,3.001292535748136e-05,-3.9610493065511583,-0.40598387,1.0,1.0,1.0,1.0,True,3.9610493065511583,8,400
3,26662,superior vena cava,113,54,59,-0.0001140376269019942,2.9815202895851692e-05,-3.824814719535607,-0.41007495,1.0,1.0,1.0,1.0,True,3.824814719535607,9,400
3,7939,cava,115,55,60,-0.00011369181613902131,2.9744845139982867e-05,-3.8222359405125075,-0.38876095,1.0,1.0,1.0,1.0,True,3.8222359405125075,10,400
3,28894,vena cava,115,55,60,-0.00011369181613902131,2.9744845139982867e-05,-3.8222359405125075,-0.38876095,1.0,1.0,1.0,1.0,True,3.8222359405125075,11,400
3,8068,cell lung carcinoma,610,301,309,0.00010879395609236524,2.8373697102389408e-05,3.834324293368293,0.39522177,1.0,1.0,0.9666666666666667,1.0,True,3.7384661860340853,12,400
3,19565,nkda social,247,115,132,-0.00011166608790524634,2.992277348470621e-05,-3.731809418078169,-0.34039894,1.0,1.0,1.0,1.0,True,3.731809418078169,14,400
3,19566,nkda social history,247,115,132,-0.00011166608790524634,2.992277348470621e-05,-3.731809418078169,-0.34039894,1.0,1.0,1.0,1.0,True,3.731809418078169,13,400
3,26120,spinal,80,31,49,0.00013819978504255013,3.756874665111495e-05,3.6785838592368556,0.35510612,1.0,1.0,1.0,1.0,True,3.6785838592368556,15,400
3,14080,hour <new,724,337,387,6.766143678003887e-05,1.8683724413469346e-05,3.6214105540574577,0.4104544,1.0,1.0,1.0,1.0,True,3.6214105540574577,16,400
3,14081,hour <new note>,724,337,387,6.766143678003887e-05,1.8683724413469346e-05,3.6214105540574577,0.4104544,1.0,1.0,1.0,1.0,True,3.6214105540574577,17,400
3,3619,55.,101,53,48,0.00012062374498829595,3.284113102043382e-05,3.6729473449998906,0.3189216,1.0,1.0,0.9666666666666667,1.0,True,3.5811236613748934,18,400
3,32,% low,206,95,111,-0.00013546830709778999,3.718040960090709e-05,-3.6435399327737628,-0.4372551,1.0,1.0,0.9666666666666667,1.0,True,3.5524514344544187,19,400
3,26915,syndromes ---,130,60,70,-0.00010685647354508369,2.9350940429205326e-05,-3.640649055277198,-0.36042035,1.0,1.0,0.9666666666666667,1.0,True,3.5496328288952683,20,400
3,7791,cancer syndromes ---,130,60,70,-0.00010564932079221536,2.9266124352690482e-05,-3.6099525690186867,-0.36330548,1.0,1.0,0.9666666666666667,1.0,True,3.5197037547932193,21,400
3,7012,axial dimension previously,59,23,36,-9.983880359696535e-05,2.7754771373952708e-05,-3.5971762206862223,-0.41823548,1.0,1.0,0.9666666666666667,1.0,True,3.507246815169067,22,400
3,22562,pd-l1 <1 %,95,44,51,-0.00012930634931478997,3.5471454029403897e-05,-3.6453636551690853,-0.36118263,1.0,1.0,0.9333333333333333,1.0,True,3.463095472410631,23,400
3,9781,cytopenias,330,162,168,-0.00012326654574794062,3.563116803735724e-05,-3.4595145917951022,-0.3396149,1.0,1.0,0.9666666666666667,1.0,True,3.3730267270002248,24,400
3,7760,canal,49,21,28,0.0001229326412168293,3.5327280110931895e-05,3.4798218495962914,0.33087593,1.0,1.0,0.9333333333333333,1.0,True,3.3058307571164764,25,400
3,15403,intra-abdominal,473,230,243,0.00012218501816407495,3.435131210747441e-05,3.5569243405258177,0.35239616,1.0,1.0,0.9,1.0,True,3.2901550149863814,26,400
3,4217,<1,316,145,171,-0.0001757314733057792,4.9983328788891504e-05,-3.5158017195692346,-0.35364148,1.0,1.0,0.9,1.0,True,3.2521165906015423,27,400
3,16612,lisinopril - no,68,49,19,-8.748821381240622e-05,2.5226897868639876e-05,-3.46805280094168,-0.17063709,1.0,1.0,0.9,1.0,True,3.207948840871054,28,400
3,4995,adenopathy.,303,145,158,0.00012201620879622372,3.519775527626579e-05,3.4665906345027775,0.43496564,1.0,1.0,0.9,1.0,True,3.2065963369150694,29,400
3,1394,-------- -------------------,78,34,44,-8.508287040432683e-05,2.5444215548708686e-05,-3.343898350548475,-0.2449256,1.0,1.0,0.9333333333333333,1.0,True,3.176703433021051,30,400
3,17260,lymphadenopathy. - lungs,198,93,105,-9.721721967143392e-05,2.9171292955704033e-05,-3.3326332096097393,-0.29664308,1.0,1.0,0.9333333333333333,1.0,True,3.1660015491292524,31,400
3,6297,and to discuss,128,68,60,-0.00010844266375273869,3.118314477403946e-05,-3.4776051145110674,-0.371352,1.0,1.0,0.8666666666666667,1.0,True,3.1298446030599605,32,400
3,19652,no cervical adenopathy.,213,99,114,0.00011935948534889198,3.497195036112062e-05,3.413006255481466,0.44586143,1.0,1.0,0.8666666666666667,1.0,True,3.0717056299333194,33,400
3,5583,allergies nkda social,199,94,105,-9.800686460321862e-05,2.9537415679045498e-05,-3.318058210243047,-0.3144431,1.0,1.0,0.9,1.0,True,3.069203844474819,34,400
3,22904,phase ii,77,40,37,-8.946035736235099e-05,2.6387283741272e-05,-3.3902829195877873,-0.24588026,1.0,1.0,0.8666666666666667,1.0,True,3.0512546276290085,35,400
3,11671,evidence of superior,88,39,49,-9.254686675663319e-05,2.8272502695561572e-05,-3.2733878480153753,-0.31954932,1.0,1.0,0.9,1.0,True,3.0278837594142223,36,400
3,17638,may be,750,354,396,-6.217607178833905e-05,1.9579742328790777e-05,-3.1755306451052245,-0.34724724,1.0,1.0,0.9333333333333333,1.0,True,3.0167541128499633,37,400
3,16958,low pd-l1 expression,310,135,175,-0.00015956159974941112,4.6649797701586535e-05,-3.4204135411284864,-0.32343733,1.0,1.0,0.8333333333333334,1.0,True,2.9928618484874256,38,400
3,26121,spinal canal,45,18,27,0.00011441280487823695,3.457210870958293e-05,3.3093961909972602,0.34986046,1.0,1.0,0.8666666666666667,1.0,True,2.978456571897534,39,400
3,17125,lung carcinoma,661,318,343,9.074448474886312e-05,2.6683243114716786e-05,3.400804181063516,0.36004326,1.0,1.0,0.8333333333333334,1.0,True,2.9757036584305765,40,400
3,8071,cell-cycle progression.,80,35,45,-8.662523096312066e-05,2.6403341899336155e-05,-3.2808434361598233,-0.28129083,1.0,1.0,0.8666666666666667,1.0,True,2.952759092543841,41,400
3,29511,wild-type other,62,22,40,-7.127078497905212e-05,2.2348355208386952e-05,-3.1890841323439063,-0.2976052,1.0,1.0,0.9,1.0,True,2.9499028224181134,42,400
3,20662,objective,416,190,226,0.00010458324414733017,3.246335297909713e-05,3.2215786278968292,0.35176057,1.0,1.0,0.8666666666666667,1.0,True,2.899420765107146,43,400
3,29122,wall bones,80,40,40,-8.832664075655413e-05,2.7454375349640968e-05,-3.2172154577069705,-0.28285578,1.0,1.0,0.8666666666666667,1.0,True,2.8954939119362737,44,400
3,17571,mass now,437,204,233,-0.00010513788351868212,3.10852630754476e-05,-3.3822420374407023,-0.17448111,1.0,1.0,0.8,1.0,True,2.8749057318245974,45,400
3,11755,exons 1-2,92,47,45,-8.195625830117403e-05,2.5088920503223447e-05,-3.266631511333627,-0.31972364,1.0,1.0,0.8333333333333334,1.0,True,2.8583025724169233,46,400
3,10080,deletion exons 1-2,92,47,45,-8.195625830117403e-05,2.5088920503223447e-05,-3.266631511333627,-0.31972364,1.0,1.0,0.8333333333333334,1.0,True,2.8583025724169233,47,400
3,4218,<1 %,212,93,119,-0.0001561313867391603,4.795017242713377e-05,-3.2561173158745427,-0.3207629,1.0,1.0,0.8333333333333334,1.0,True,2.8491026513902247,48,400
3,8290,chest wall bones,79,40,39,-8.713515832816888e-05,2.7528418572880788e-05,-3.1652802029829923,-0.28383777,1.0,1.0,0.8666666666666667,1.0,True,2.8487521826846933,49,400
3,16750,lobe primary nsclc,132,61,71,0.0001155100403328212,3.5779128102210145e-05,3.228419653012336,0.42302543,1.0,1.0,0.8333333333333334,1.0,True,2.824867196385794,50,400
3,28845,vaf copy-number,64,27,37,8.771045102183719e-05,2.7227195246426373e-05,3.221428069545627,0.34955522,1.0,1.0,0.8333333333333334,1.0,True,2.8187495608524236,51,400
3,26660,superior,145,66,79,-0.0001054796688061594,3.2104409363682095e-05,-3.2855196808411806,-0.3584418,1.0,1.0,0.8,1.0,True,2.792691728715004,52,400
3,28733,upper-normal,58,23,35,-7.356707693419949e-05,2.3831806787799104e-05,-3.0869282211478306,-0.23195444,1.0,1.0,0.8666666666666667,1.0,True,2.7782353990330475,53,400
3,14500,imaging follow-up -,462,216,246,-9.251353319690197e-05,2.749826756316732e-05,-3.364340425606289,-0.3570113,1.0,1.0,0.7666666666666667,1.0,True,2.7755808511251887,54,400
3,8113,cervical adenopathy.,216,100,116,0.00011314282490421335,3.4900727976924166e-05,3.24184713221517,0.4185213,1.0,1.0,0.8,1.0,True,2.7555700623828945,55,400
3,17331,m1 right,46,23,23,9.109835984052371e-05,2.9878686398454918e-05,3.0489412628673858,0.28648022,1.0,1.0,0.8666666666666667,1.0,True,2.7440471365806474,56,400
3,21065,of superior vena,78,38,40,-8.784126247891611e-05,2.8183055071303408e-05,-3.1168112277635216,-0.32801145,1.0,1.0,0.8333333333333334,1.0,True,2.7272098242930816,57,400
3,4757,achieved,82,43,39,-9.260420100036019e-05,2.8880151102318057e-05,-3.2064998784901557,-0.39733168,1.0,1.0,0.8,1.0,True,2.7255248967166326,58,400
3,21253,on recent,149,63,86,0.00011435058403061415,3.587228843718998e-05,3.1877136645696447,0.2632215,1.0,1.0,0.8,1.0,True,2.7095566148841983,59,400
3,18787,mucosa moist.,64,33,31,8.8360153227274e-05,2.7813506986505935e-05,3.176879250435517,0.43251407,1.0,1.0,0.8,1.0,True,2.7003473628701897,60,400
3,21759,oral mucosa moist.,62,31,31,8.87772101478864e-05,2.80667419586448e-05,3.163075011652439,0.43905544,1.0,1.0,0.8,1.0,True,2.6886137599045736,61,400
3,21064,of superior,89,40,49,-8.543113074076904e-05,2.881793465102172e-05,-2.9645126125560197,-0.30073625,1.0,1.0,0.8666666666666667,1.0,True,2.668061351300418,62,400
3,11955,fatigue grade,584,283,301,0.000103671223600176,3.302332609687856e-05,3.139333188184677,0.350717,1.0,1.0,0.7666666666666667,1.0,True,2.589949880252359,63,400
3,18387,missense snv,601,283,318,8.492411539583306e-05,2.8749950761013195e-05,2.953887333643565,0.37537393,1.0,1.0,0.8333333333333334,1.0,True,2.5846514169381196,64,400
3,27710,three cycles,103,51,52,0.00014381247236512878,4.7813771169993726e-05,3.0077625932041214,0.39156264,1.0,1.0,0.8,1.0,True,2.5565982042235036,65,400
3,17572,mass now measures,291,142,149,-0.00010255102645640892,3.1390894683988776e-05,-3.2669035874506642,-0.23588704,1.0,1.0,0.7,1.0,True,2.5318502802742646,66,400
3,7301,biopsy demonstrated,101,53,48,-9.318286620801608e-05,2.9527809671189494e-05,-3.1557662842474667,-0.28707737,1.0,1.0,0.7333333333333333,1.0,True,2.524613027397973,67,400
3,4893,additional focal hepatic,71,34,37,9.387397974372688e-05,3.0699378063399304e-05,3.0578463039173482,0.31450382,1.0,1.0,0.7666666666666667,1.0,True,2.5227232007318126,68,400
3,19332,new dyspnea,142,63,79,9.109993539516404e-05,2.9808748162314263e-05,3.0561476415952686,0.30929834,1.0,1.0,0.7666666666666667,1.0,True,2.5213218043160968,69,400
3,3026,30 s,67,28,39,0.00011692405240345989,3.831505912493156e-05,3.051647448127714,0.40719482,1.0,1.0,0.7666666666666667,1.0,True,2.5176091447053643,70,400
3,13887,high pd-l1,183,93,90,0.00018938252900639127,6.116991612928815e-05,3.0960076617746894,0.33797097,1.0,1.0,0.7333333333333333,1.0,True,2.476806129419751,71,400
3,1455,------------------- ----------------,223,108,115,-8.522872092436291e-05,2.768730271846484e-05,-3.078260161020428,-0.29141104,1.0,1.0,0.7333333333333333,1.0,True,2.462608128816342,72,400
3,4101,800,463,221,242,7.497830413202132e-05,2.5713274861786275e-05,2.9159375666866207,0.29421493,1.0,1.0,0.7666666666666667,1.0,True,2.4056484925164625,73,400
3,20267,none rash,238,111,127,-0.00010353685068755361,3.3488928601249065e-05,-3.0916740251789334,-0.38731804,1.0,1.0,0.7,1.0,True,2.3960473695136733,74,400
3,15408,intra-abdominal or,133,73,60,0.00010407565789394446,3.531024038024989e-05,2.947463873742338,0.30440176,1.0,1.0,0.7333333333333333,1.0,True,2.35797109899387,75,400
3,23213,positive pd-l1,58,27,31,-7.303191214916989e-05,2.480179403971455e-05,-2.944622152422746,-0.1780298,1.0,1.0,0.7333333333333333,1.0,True,2.3556977219381965,76,400
3,6639,arteries.,67,23,44,-7.177122927379418e-05,2.5004185918358806e-05,-2.8703685658127203,-0.2763559,1.0,1.0,0.7333333333333333,1.0,True,2.296294852650176,77,400
3,28359,trends mild,63,27,36,0.00010310755157414088,3.493734572201922e-05,2.9512130771044087,0.3070379,1.0,1.0,0.7,1.0,True,2.2871901347559165,79,400
3,16204,laboratory trends mild,63,27,36,0.00010310755157414088,3.493734572201922e-05,2.9512130771044087,0.3070379,1.0,1.0,0.7,1.0,True,2.2871901347559165,78,400
3,29877,without focal,91,53,38,9.931238013750299e-05,3.367664299936536e-05,2.9489988102250733,0.28844595,1.0,1.0,0.7,1.0,True,2.2854740779244316,80,400
3,17164,lung no,202,89,113,9.865901979311106e-05,3.241865492449404e-05,3.0432792484110394,0.368754,1.0,1.0,0.6666666666666666,1.0,True,2.2824594363082795,81,400
3,4222,<1 %.,160,67,93,-0.00013361210701789863,4.252506707216228e-05,-3.141961111811242,-0.30017686,1.0,1.0,0.6333333333333333,1.0,True,2.27792180606315,82,400
3,25949,snv 28 %,265,126,139,8.555703276939284e-05,2.9111081690356122e-05,2.9389850119425844,0.27302986,1.0,1.0,0.7,1.0,True,2.277713384255503,83,400
3,25948,snv 28,267,127,140,8.498052970539972e-05,2.902713268873071e-05,2.927623979146654,0.28599465,1.0,1.0,0.7,1.0,True,2.2689085838386567,84,400
3,20169,nodules identified,87,40,47,-7.86667807230769e-05,2.7095600155217912e-05,-2.9033046056345686,-0.25603798,1.0,1.0,0.7,1.0,True,2.2500610693667906,85,400
3,26893,symptoms or,174,86,88,-0.00010126278926781679,3.266536969836379e-05,-3.1000043839359654,-0.35914588,1.0,1.0,0.6333333333333333,1.0,True,2.247503178353575,86,400
3,18010,metastasis in,195,91,104,0.00010814140035869587,3.743163446041616e-05,2.8890376259966706,0.31351486,1.0,1.0,0.7,1.0,True,2.2390041601474193,87,400
3,8928,completed 4 cycles,174,81,93,-0.00010377649164422242,3.363205009436762e-05,-3.0856427530595862,-0.33071485,1.0,1.0,0.6333333333333333,1.0,True,2.2370909959682,88,400
3,28360,trends mild anemia,58,23,35,0.00010424530513146658,3.4987995858339317e-05,2.979459170897893,0.29179788,1.0,1.0,0.6666666666666666,1.0,True,2.2345943781734197,89,400
3,10063,definitive squamous,63,27,36,8.306378583639785e-05,2.697127034946891e-05,3.079713515905396,0.3116988,1.0,1.0,0.6333333333333333,1.0,True,2.232792299031412,91,400
3,19679,no definitive squamous,63,27,36,8.306378583639785e-05,2.697127034946891e-05,3.079713515905396,0.3116988,1.0,1.0,0.6333333333333333,1.0,True,2.232792299031412,90,400
3,3620,55. -,75,42,33,0.00010354507017668109,3.3655790385796473e-05,3.0765900604247736,0.2970877,1.0,1.0,0.6333333333333333,1.0,True,2.2305277938079606,92,400
3,3947,70 s,62,28,34,0.00010392083382092244,3.728406676382258e-05,2.7872719593389084,0.34342548,1.0,1.0,0.7333333333333333,1.0,True,2.2298175674711267,93,400
3,13888,high pd-l1 expression,160,79,81,0.00016737337046821336,5.4623241563650446e-05,3.064142033262148,0.3461973,1.0,1.0,0.6333333333333333,1.0,True,2.221502974115057,94,400
3,17183,lung shows,65,28,37,8.2496666836364e-05,2.7904598413382763e-05,2.9563825149621015,0.3298829,1.0,1.0,0.6666666666666666,1.0,True,2.217286886221576,95,400
3,10472,dimension previously,63,27,36,-9.882765132921792e-05,3.0103634324112133e-05,-3.282914290852246,-0.4299551,1.0,1.0,0.5666666666666667,1.0,True,2.215967146325266,96,400
3,18327,mild tenderness over,227,99,128,0.00010950139378755005,3.8827845931312005e-05,2.8201768900922897,0.27091172,1.0,1.0,0.7,1.0,True,2.1856370898215243,97,400
3,8288,chest wall,623,292,331,-9.350598629818944e-05,3.105415599848858e-05,-3.0110619107709904,-0.27171567,1.0,1.0,0.6333333333333333,1.0,True,2.183019885308968,98,400
3,1705,0.6 cm,187,89,98,0.00013491975195917621,4.33562111873132e-05,3.1118898138095643,0.25256062,1.0,1.0,0.6,1.0,True,2.1783228696666947,99,400
3,21774,organ,421,200,221,-8.826548408894228e-05,3.063703113650977e-05,-2.8810064426822803,-0.20710194,1.0,1.0,0.6666666666666666,1.0,True,2.16075483201171,100,400
3,10210,dermatologic none rash,222,102,120,-9.990069111914068e-05,3.2591708787558316e-05,-3.065217959890374,-0.38505876,1.0,1.0,0.6,1.0,True,2.1456525719232618,101,400
3,3931,70 100 fatigue,208,116,92,-8.322389923364473e-05,2.8147584905181245e-05,-2.95669768877135,-0.40298843,1.0,1.0,0.6333333333333333,1.0,True,2.1436058243592284,102,400
3,15854,kidneys,734,339,395,5.470576393414688e-05,1.866524723382719e-05,2.930888792890091,0.21912366,1.0,1.0,0.6333333333333333,1.0,True,2.124894374845316,103,400
3,1753,1 % low,98,43,55,-9.787475573931843e-05,3.3596305946112454e-05,-2.9132594487116186,-0.26124558,1.0,1.0,0.6333333333333333,1.0,True,2.1121131003159235,104,400
3,3621,55. - pro-ctcae,59,30,29,9.744735721330699e-05,3.243189998395464e-05,3.0046761756640255,0.2821865,1.0,1.0,0.6,1.0,True,2.1032733229648177,105,400
3,24558,reinforce,325,159,166,9.424477494503489e-05,3.263838486237806e-05,2.8875440786186055,0.27867422,1.0,1.0,0.6333333333333333,1.0,True,2.093469456998489,106,400
3,16498,lesions. past medical,169,73,96,0.00010058621663337156,3.398796525230979e-05,2.9594656781207527,0.33609587,1.0,1.0,0.6,1.0,True,2.071625974684527,107,400
3,16497,lesions. past,169,73,96,0.00010058621663337156,3.398796525230979e-05,2.9594656781207527,0.33609587,1.0,1.0,0.6,1.0,True,2.071625974684527,108,400
3,29640,with differential and,166,80,86,-8.87713645364449e-05,3.0169720746128418e-05,-2.9423992778533306,-0.2988005,1.0,1.0,0.6,1.0,True,2.059679494497331,109,400
3,28618,unchecked cell-cycle progression.,64,23,41,-6.872315557832e-05,2.5097485632258982e-05,-2.7382486271846647,-0.24388523,1.0,1.0,0.6666666666666666,1.0,True,2.0536864703884987,110,400
3,10410,differential and,167,80,87,-8.806881109894853e-05,3.0111948347904905e-05,-2.92471314314924,-0.2982773,1.0,1.0,0.6,1.0,True,2.047299200204468,111,400
3,1446,---------------- kras,257,125,132,-7.604080901745882e-05,2.7005612291438376e-05,-2.8157409725372577,-0.25513956,1.0,1.0,0.6333333333333333,1.0,True,2.041412205089512,112,400
3,5865,and acinar,126,74,52,-8.689648882690121e-05,2.8988735057775238e-05,-2.997595053861938,-0.20676947,1.0,1.0,0.5666666666666667,1.0,True,2.0233766613568083,113,400
3,1463,-----------------------,438,219,219,6.701827266592588e-05,2.32303342643395e-05,2.884946548909738,0.3111174,1.0,1.0,0.6,1.0,True,2.0194625842368166,114,400
3,29123,wall bones -,72,35,37,-7.873352900059026e-05,2.7304082188525454e-05,-2.883580867394182,-0.23736534,1.0,1.0,0.6,1.0,True,2.0185066071759272,115,400
3,12077,fdg-avid osseous lesions,98,44,54,-8.198386980044336e-05,2.8573235889935205e-05,-2.8692539450640875,-0.14458814,1.0,1.0,0.6,1.0,True,2.008477761544861,116,400
3,15011,infiltrated,147,71,76,9.236781326351372e-05,3.1288740538216194e-05,2.9521103014899337,0.28990173,1.0,1.0,0.5666666666666667,1.0,True,1.9926744535057053,118,400
3,15012,infiltrated by,147,71,76,9.236781326351372e-05,3.1288740538216194e-05,2.9521103014899337,0.28990173,1.0,1.0,0.5666666666666667,1.0,True,1.9926744535057053,117,400
3,27711,three cycles of,85,44,41,0.00012034083289074269,4.2293327734077523e-05,2.845385769769518,0.37793025,1.0,1.0,0.6,1.0,True,1.9917700388386625,119,400
3,28257,tps >=,67,34,33,8.436450052465447e-05,2.970479396538478e-05,2.8400971446886674,0.2927964,1.0,1.0,0.6,1.0,True,1.988068001282067,120,400
3,12893,fullness,55,28,27,8.426240652501759e-05,3.079710233643401e-05,2.7360498271726144,0.31022987,1.0,1.0,0.6333333333333333,1.0,True,1.9836361247001453,121,400
3,6622,areas of hemorrhage.,78,40,38,7.964772467030876e-05,2.818818719907142e-05,2.8255710134113388,0.24130367,1.0,1.0,0.6,1.0,True,1.977899709387937,122,400
3,14711,in appetite,110,53,57,7.985007753953832e-05,2.8312580779139925e-05,2.8203037427930298,0.26774904,1.0,1.0,0.6,1.0,True,1.9742126199551207,123,400
3,8927,completed 4,195,89,106,-9.541863811099048e-05,3.3870169556018076e-05,-2.8171880850249957,-0.3124327,1.0,1.0,0.6,1.0,True,1.972031659517497,124,400
3,27329,the limited upper,69,30,39,-7.318641882347594e-05,2.6178842501929714e-05,-2.7956323438700994,-0.23555377,1.0,1.0,0.6,1.0,True,1.9569426407090695,125,400
3,29432,wheezes. cardiovascular,95,40,55,7.626227231166756e-05,2.729199502367728e-05,2.79430918280272,0.29177317,1.0,1.0,0.6,1.0,True,1.9560164279619037,126,400
3,5839,anc <1.0,163,77,86,-8.772492227896693e-05,3.0454262688996457e-05,-2.8805465814367968,-0.2933994,1.0,1.0,0.5666666666666667,1.0,True,1.944368942469838,127,400
3,25977,social function 70,183,105,78,-9.396055955454453e-05,3.277468061644583e-05,-2.8668642313907577,-0.40255848,1.0,1.0,0.5666666666666667,1.0,True,1.9351333561887616,128,400
3,25438,segment iv,73,31,42,0.0001480586939234549,5.381440523438499e-05,2.751283662405917,0.35992587,1.0,1.0,0.6,1.0,True,1.925898563684142,129,400
3,8939,completed three cycles,59,32,27,8.03406876508731e-05,2.9326377515107296e-05,2.7395367058030304,0.3139917,1.0,1.0,0.6,1.0,True,1.9176756940621211,130,400
3,442,- evaluation,129,56,73,9.242984122994876e-05,3.3791966231730316e-05,2.735260818980047,0.26171976,1.0,1.0,0.6,1.0,True,1.9146825732860329,131,400
3,23471,primary nsclc,159,70,89,9.90653913139471e-05,3.637842373731772e-05,2.723190868006846,0.31951472,1.0,1.0,0.6,1.0,True,1.906233607604792,132,400
3,7456,bowel wall,126,60,66,9.703098726444128e-05,3.4447889556822244e-05,2.816746933201449,0.3237265,1.0,1.0,0.5666666666666667,1.0,True,1.9013041799109784,133,400
3,21203,on exertion mild,82,29,53,-8.297207854788836e-05,2.843536902868159e-05,-2.9179181203591145,-0.33333436,1.0,1.0,0.5333333333333333,1.0,True,1.8966467782334244,134,400
3,5891,and appearance.,195,91,104,9.723044029175067e-05,3.473344456642362e-05,2.799331926489724,0.2981665,1.0,1.0,0.5666666666666667,1.0,True,1.8895490503805639,135,400
3,18389,missense snv 28,261,125,136,8.190955226711833e-05,2.9271817980625225e-05,2.7982393277156064,0.27526718,1.0,1.0,0.5666666666666667,1.0,True,1.8888115462080344,136,400
3,7460,bp 122,366,257,109,-0.00010505761726193604,3.637258046999193e-05,-2.888374041776073,-0.32308012,1.0,1.0,0.5333333333333333,1.0,True,1.8774431271544476,137,400
3,8308,chief complaint here,157,81,76,-9.064355493842737e-05,3.145584526182448e-05,-2.8816124374961376,-0.33505368,1.0,1.0,0.5333333333333333,1.0,True,1.8730480843724895,138,400
3,8911,complaint here,157,81,76,-9.064355493842737e-05,3.145584526182448e-05,-2.8816124374961376,-0.33505368,1.0,1.0,0.5333333333333333,1.0,True,1.8730480843724895,139,400
3,20427,not detected -,33,13,20,-9.841954031540886e-05,3.560290439729766e-05,-2.764368300325496,-0.2020263,1.0,1.0,0.5666666666666667,1.0,True,1.86594860271971,140,400
3,2252,122,367,257,110,-0.00010446846940060664,3.6422763591563126e-05,-2.868219187651248,-0.31988996,1.0,1.0,0.5333333333333333,1.0,True,1.8643424719733113,141,400
3,10401,diet,346,170,176,-8.5141785108432e-05,3.19846630966483e-05,-2.6619566024865864,-0.2604192,1.0,1.0,0.6,1.0,True,1.8633696217406104,142,400
3,26122,spine,552,266,286,0.00011573386779978967,4.2084356001302235e-05,2.750044881195484,0.34002733,1.0,1.0,0.5666666666666667,1.0,True,1.856280294806952,143,400
3,7057,balanced diet,200,110,90,-8.593206222968289e-05,3.12497473265768e-05,-2.749848225383913,-0.3258486,1.0,1.0,0.5666666666666667,1.0,True,1.8561475521341413,144,400
3,12662,for ongoing trials,68,33,35,7.908224506199245e-05,2.67170893891839e-05,2.959987291654905,0.28276348,1.0,1.0,0.5,1.0,True,1.8499920572843156,145,400
3,7461,bp 122 78,363,254,109,-0.00010354542647158689,3.66013220003066e-05,-2.829007828480062,-0.31671095,1.0,1.0,0.5333333333333333,1.0,True,1.8388550885120405,146,400
3,24260,reasonable,88,30,58,-7.055562683860396e-05,2.591227804263192e-05,-2.722864686868635,-0.28583232,1.0,1.0,0.5666666666666667,1.0,True,1.8379336636363286,147,400
3,1448,---------------- kras g12c,75,37,38,-6.703411919615495e-05,2.4720569943722948e-05,-2.7116736931535135,-0.29073203,1.0,1.0,0.5666666666666667,1.0,True,1.8303797428786217,148,400
3,2253,122 78,363,254,109,-0.00010326722005442596,3.669577519132993e-05,-2.8141446669540526,-0.3134143,1.0,1.0,0.5333333333333333,1.0,True,1.8291940335201342,149,400
3,88,%. he initiated,75,40,35,-8.965801494479181e-05,3.065638313691131e-05,-2.924611639422022,-0.24972633,1.0,1.0,0.5,1.0,True,1.8278822746387637,150,400
3,28271,tract,326,159,167,9.58532205445714e-05,3.279853275965812e-05,2.922485016234322,0.2689728,1.0,1.0,0.5,1.0,True,1.8265531351464512,151,400
3,25731,significance ------ ------------,362,179,183,7.407993911550898e-05,2.63934306248857e-05,2.806756733081181,0.3241327,1.0,1.0,0.5333333333333333,1.0,True,1.8243918765027678,152,400
3,26421,status. ---,99,47,52,-8.199585988438167e-05,2.9223004074710697e-05,-2.805866901115073,-0.21754318,1.0,1.0,0.5333333333333333,1.0,True,1.8238134857247976,153,400
3,12641,for my,242,114,128,-8.853783868973835e-05,3.157103213719227e-05,-2.8044011454866666,-0.31168148,1.0,1.0,0.5333333333333333,1.0,True,1.8228607445663334,154,400
3,1363,--- subjective chief,301,143,158,9.487604129898245e-05,3.386487626715691e-05,2.8016060224320336,0.3715573,1.0,1.0,0.5333333333333333,1.0,True,1.821043914580822,155,400
3,21252,on quality of,130,47,83,-8.227250475975269e-05,2.9401785054724165e-05,-2.7982146188274872,-0.29420003,1.0,1.0,0.5333333333333333,1.0,True,1.8188395022378667,156,400
3,21251,on quality,130,47,83,-8.227250475975269e-05,2.9401785054724165e-05,-2.7982146188274872,-0.29420003,1.0,1.0,0.5333333333333333,1.0,True,1.8188395022378667,157,400
3,12312,first hour <new,699,324,375,5.62695218658506e-05,2.0148543658540408e-05,2.7927339473987,0.367813,1.0,1.0,0.5333333333333333,1.0,True,1.815277065809155,158,400
3,792,- no hepatic,83,33,50,-6.682735043440787e-05,2.3985705182373373e-05,-2.786132403708438,-0.15098797,1.0,1.0,0.5333333333333333,1.0,True,1.8109860624104848,159,400
3,16957,low pd-l1,336,145,191,-0.00015161597172022286,5.23300742151434e-05,-2.8973009114584416,-0.25832164,1.0,1.0,0.5,1.0,True,1.8108130696615259,160,400
3,13660,health 55.,65,30,35,8.049472074603392e-05,2.892959683746044e-05,2.7824349298156372,0.24079342,1.0,1.0,0.5333333333333333,1.0,True,1.8085827043801643,162,400
3,13352,global health 55.,65,30,35,8.049472074603392e-05,2.892959683746044e-05,2.7824349298156372,0.24079342,1.0,1.0,0.5333333333333333,1.0,True,1.8085827043801643,161,400
3,17849,mediastinum hilar nodes,344,163,181,-9.063932860350881e-05,3.132956667926275e-05,-2.8930923153655868,-0.18509448,1.0,1.0,0.5,1.0,True,1.8081826971034918,163,400
3,10625,disease progression depression,96,31,65,-7.924267349021896e-05,2.8497574876717795e-05,-2.78068129772542,-0.21838921,1.0,1.0,0.5333333333333333,1.0,True,1.8074428435215228,164,400
3,1456,------------------- ---------------- kras,76,40,36,-7.291021055873869e-05,2.5284895225878766e-05,-2.8835480593218366,-0.29316518,1.0,1.0,0.5,1.0,True,1.8022175370761477,165,400
3,5349,ago - lung,159,77,82,-9.067445853256972e-05,3.2716215940320356e-05,-2.7715448112328924,-0.32958698,1.0,1.0,0.5333333333333333,1.0,True,1.80150412730138,166,400
3,8497,clinical trial evaluating,120,59,61,-8.670593530642659e-05,3.2540748893218045e-05,-2.6645341074033286,-0.22504708,1.0,1.0,0.5666666666666667,1.0,True,1.798560522497247,167,400
3,13814,here for my,225,106,119,-8.69483390254909e-05,3.143370456602439e-05,-2.766086283048877,-0.33577135,1.0,1.0,0.5333333333333333,1.0,True,1.79795608398177,168,400
3,27399,the pet,102,46,56,7.634248371740463e-05,2.771609398020302e-05,2.754445982609755,0.3142302,1.0,1.0,0.5333333333333333,1.0,True,1.7903898886963407,169,400
3,11980,fatigue now,199,82,117,-9.331060581770075e-05,3.129798960630735e-05,-2.9813610072544807,-0.2531856,1.0,1.0,0.4666666666666667,1.0,True,1.7888166043526883,170,400
3,21245,on prior,462,211,251,8.81432165487027e-05,3.218862696919231e-05,2.738334152403097,0.22770144,1.0,1.0,0.5333333333333333,1.0,True,1.779917199062013,171,400
3,12076,fdg-avid osseous,152,68,84,-8.252050197553441e-05,3.0273218860285522e-05,-2.725858203462812,-0.13195789,1.0,1.0,0.5333333333333333,1.0,True,1.771807832250828,172,400
3,28397,trials e.g.,243,111,132,-9.592797979512426e-05,3.384173004136428e-05,-2.834606259132521,-0.19242036,1.0,1.0,0.5,1.0,True,1.7716289119578257,173,400
3,26255,stable no new,210,99,111,0.00010560425348666425,3.7357148709285935e-05,2.826882059668917,0.20530906,1.0,1.0,0.5,1.0,True,1.766801287293073,174,400
3,12367,flu-like symptoms,77,30,47,-6.0875584713369935e-05,2.2708625494932535e-05,-2.6807252040399545,-0.20961748,1.0,1.0,0.5333333333333333,1.0,True,1.7424713826259706,175,400
3,6242,and ribs show,62,29,33,-8.047374325209629e-05,3.120567167067367e-05,-2.5788178540545097,-0.38455197,1.0,1.0,0.5666666666666667,1.0,True,1.7407020514867941,176,400
3,15076,infusion hold chemotherapy,75,26,49,-6.822319501815561e-05,2.5538982535000607e-05,-2.6713356698786743,-0.29274845,1.0,1.0,0.5333333333333333,1.0,True,1.7363681854211384,177,400
3,16748,lobe primary mass,149,66,83,9.175901012118251e-05,3.339633555089324e-05,2.7475771999400775,0.26663315,1.0,1.0,0.5,1.0,True,1.7172357499625486,178,400
3,28659,unremarkable. - no,69,32,37,-6.899538246295016e-05,2.525970456148241e-05,-2.7314405952379457,-0.21494386,1.0,1.0,0.5,1.0,True,1.707150372023716,179,400
3,2673,200 mg q3,52,23,29,-8.06289925658308e-05,2.958920476259362e-05,-2.724946250254119,-0.22864692,1.0,1.0,0.5,1.0,True,1.7030914064088243,180,400
3,8310,chief complaint new,74,37,37,7.581962239798709e-05,2.8007800945896203e-05,2.707089447845295,0.34498417,1.0,1.0,0.5,1.0,True,1.6919309049033093,181,400
3,8915,complaint new,74,37,37,7.581962239798709e-05,2.8007800945896203e-05,2.707089447845295,0.34498417,1.0,1.0,0.5,1.0,True,1.6919309049033093,182,400
3,20106,nodes multiple,72,37,35,8.864007211279611e-05,3.188154902405576e-05,2.7802937694750662,0.28405422,1.0,1.0,0.4666666666666667,1.0,True,1.6681762616850397,183,400
3,15464,investigational .,81,34,47,8.461210773962378e-05,3.170231973037522e-05,2.6689563558515763,0.29214862,1.0,1.0,0.5,1.0,True,1.6680977224072353,184,400
3,23893,pulmonary arteries.,63,21,42,-6.647680198036996e-05,2.4989484669878403e-05,-2.6601909906729353,-0.24366228,1.0,1.0,0.5,1.0,True,1.6626193691705846,185,400
3,25817,size and appearance.,189,90,99,9.653926952884373e-05,3.486002106122204e-05,2.7693405393903534,0.26793838,1.0,1.0,0.4666666666666667,1.0,True,1.661604323634212,186,400
3,19595,no additional focal,152,74,78,9.789978818715913e-05,3.697758928268778e-05,2.647543825497407,0.2258786,1.0,1.0,0.5,1.0,True,1.6547148909358795,187,400
3,25457,seizures dermatologic,186,91,95,-7.958628054976889e-05,3.1263833330496224e-05,-2.545634110457487,-0.3297426,1.0,1.0,0.5333333333333333,1.0,True,1.6546621717973666,188,400
3,17712,md ---,96,39,57,-6.843666569302122e-05,2.690200484561675e-05,-2.5439243686766297,-0.1651043,1.0,1.0,0.5333333333333333,1.0,True,1.6535508396398093,189,400
3,13039,g12c driver with,135,65,70,-8.287460367077344e-05,3.0175242813722286e-05,-2.7464436386601654,-0.31062877,1.0,1.0,0.4666666666666667,1.0,True,1.6478661831960992,190,400
3,7302,biopsy demonstrated kras,76,42,34,-7.637458180047859e-05,2.7831915125763384e-05,-2.744136774467968,-0.23799123,1.0,1.0,0.4666666666666667,1.0,True,1.6464820646807807,191,400
3,6688,ascites or,218,104,114,9.305355151575027e-05,3.541254381897254e-05,2.627700285848884,0.2138228,1.0,1.0,0.5,1.0,True,1.6423126786555526,192,400
3,20170,nodules identified in,70,32,38,-7.464082120944119e-05,2.7275767864523765e-05,-2.736525020310163,-0.2636889,1.0,1.0,0.4666666666666667,1.0,True,1.641915012186098,193,400
3,1604,. imaging -,118,57,61,-8.17885026869172e-05,2.99034183564545e-05,-2.7350887350731115,-0.27588773,1.0,1.0,0.4666666666666667,1.0,True,1.6410532410438667,194,400
3,18187,mg q3,54,24,30,-7.968822952552345e-05,2.9308335534069213e-05,-2.7189612809260555,-0.22659212,1.0,1.0,0.4666666666666667,1.0,True,1.6313767685556333,195,400
3,22118,pain palpitations gastrointestinal,373,164,209,-8.802005686310937e-05,3.105836568822916e-05,-2.8340208801285436,-0.33533436,1.0,1.0,0.43333333333333335,1.0,True,1.6295620060739124,196,400
3,11727,exertion mild,85,30,55,-7.984719736930434e-05,2.818687154552772e-05,-2.83277969462962,-0.3296014,1.0,1.0,0.43333333333333335,1.0,True,1.6288483244120313,197,400
3,13524,have demonstrated activity,134,55,79,-7.28114148892461e-05,2.7943557594007218e-05,-2.6056601649340907,-0.2880005,1.0,1.0,0.5,1.0,True,1.6285376030838066,198,400
3,20945,of lung cancer,303,113,190,9.104894840820497e-05,3.4979403026258605e-05,2.6029303112993567,0.3379066,1.0,1.0,0.5,1.0,True,1.626831444562098,199,400
3,19637,no bone pain.,174,80,94,-8.625528583595284e-05,3.3477443547752866e-05,-2.576519491786063,-0.24953659,1.0,1.0,0.5,1.0,True,1.6103246823662896,200,400
3,8463,clinical history -,366,170,196,-8.15264980103521e-05,3.03984912924005e-05,-2.681925797769227,-0.20700096,1.0,1.0,0.4666666666666667,1.0,True,1.609155478661536,201,400
3,19158,negative nuclear,125,65,60,7.901928648477229e-05,3.0742280640648834e-05,2.5703781514598956,0.21351014,1.0,1.0,0.5,1.0,True,1.6064863446624347,202,400
3,20315,normal albumin 3.9,243,110,133,7.680178994659475e-05,2.9977680418328462e-05,2.561965731666078,0.21007326,1.0,1.0,0.5,1.0,True,1.6012285822912988,203,400
3,15625,is within,58,25,33,-6.827486424434387e-05,2.5591542812479907e-05,-2.667868238527969,-0.28916875,1.0,1.0,0.4666666666666667,1.0,True,1.6007209431167813,204,400
3,1362,--- subjective,307,146,161,9.46505728528258e-05,3.407227992626872e-05,2.7779348214339192,0.38373333,1.0,1.0,0.43333333333333335,1.0,True,1.5973125223245035,205,400
3,8912,complaint here for,154,80,74,-8.759316412570982e-05,3.155330305961341e-05,-2.7760378671044594,-0.3212228,1.0,1.0,0.43333333333333335,1.0,True,1.5962217735850641,206,400
3,21770,ordered,403,192,211,9.421780087440669e-05,3.4027185451673276e-05,2.7688978569273224,0.25197986,1.0,1.0,0.43333333333333335,1.0,True,1.5921162677332101,207,400
3,14576,immunoprofile,253,114,139,8.00828791213992e-05,2.893280313220161e-05,2.767892165701311,0.22201054,1.0,1.0,0.43333333333333335,1.0,True,1.5915379952782538,208,400
3,20316,normal albumin 4.0,574,278,296,-4.702211433444914e-05,1.7755901529479702e-05,-2.648252709465607,-0.2990364,1.0,1.0,0.4666666666666667,1.0,True,1.588951625679364,209,400
3,10615,disease past,61,35,26,-7.493573267457897e-05,2.721088546976932e-05,-2.75388806284275,-0.21232142,1.0,1.0,0.43333333333333335,1.0,True,1.583485636134581,210,400
3,10064,definitive squamous differentiation,61,26,35,7.49926865273933e-05,2.61158363499288e-05,2.871540682157696,0.29084858,1.0,1.0,0.4,1.0,True,1.579347375186733,211,400
3,16946,low expression,158,62,96,-8.825908673260287e-05,3.078286913725765e-05,-2.867149463523516,-0.18575414,1.0,1.0,0.4,1.0,True,1.576932204937934,212,400
3,20795,of actionable,59,27,32,-6.726366374719277e-05,2.561137533608906e-05,-2.626319862346922,-0.2185162,1.0,1.0,0.4666666666666667,1.0,True,1.5757919174081532,213,400
3,3378,4r and,236,110,126,-0.00011721417566047169,4.498596225141692e-05,-2.605572267308338,-0.18841948,1.0,1.0,0.4666666666666667,1.0,True,1.5633433603850029,214,400
3,1769,1 and 8,152,69,83,-8.998992949169876e-05,3.4599467225445215e-05,-2.60090506322936,-0.19481337,1.0,1.0,0.4666666666666667,1.0,True,1.560543037937616,215,400
3,9941,days 1 and,152,69,83,-8.992353122540507e-05,3.4608194559921984e-05,-2.5983306083681406,-0.19395405,1.0,1.0,0.4666666666666667,1.0,True,1.5589983650208843,216,400
3,11128,each core,70,36,34,-7.97232899378026e-05,2.9439145024342847e-05,-2.708070831264986,-0.32506937,1.0,1.0,0.43333333333333335,1.0,True,1.5571407279773668,217,400
3,25945,snv,648,301,347,6.765693030904938e-05,2.7161650452627062e-05,2.49089908682282,0.31746373,1.0,1.0,0.5,1.0,True,1.5568119292642624,218,400
3,2254,122 78 mmhg,358,252,106,-9.643314543778892e-05,3.566256687597241e-05,-2.7040438724774063,-0.29766858,1.0,1.0,0.43333333333333335,1.0,True,1.5548252266745084,219,400
3,6462,appetite loss -,257,117,140,9.040593366101328e-05,3.350891555457785e-05,2.6979665609817802,0.29030323,1.0,1.0,0.43333333333333335,1.0,True,1.5513307725645236,220,400
3,5276,age 70 years,48,13,35,-9.206238912091286e-05,3.710040931406599e-05,-2.4814386370127988,-0.35592732,1.0,1.0,0.5,1.0,True,1.5508991481329992,221,400
3,1383,------ --------------------------------,86,38,48,7.937807385081857e-05,2.9443304426672614e-05,2.6959634931094953,0.30784664,1.0,1.0,0.43333333333333335,1.0,True,1.5501790085379596,222,400
3,27244,the diagnostic,124,68,56,-8.400605793952383e-05,3.25276817265808e-05,-2.5826020632412976,-0.22123472,1.0,1.0,0.4666666666666667,1.0,True,1.5495612379447785,223,400
3,9172,constitutional fatigue weight,152,59,93,-7.448334099822458e-05,3.007343317210536e-05,-2.476715597184018,-0.21008736,1.0,1.0,0.5,1.0,True,1.5479472482400112,224,400
3,22563,pd-l1 <1 %.,100,41,59,-8.521812074964372e-05,3.0286069449886744e-05,-2.8137728763599066,-0.20421244,1.0,1.0,0.4,1.0,True,1.5475750819979488,225,400
3,11107,e.g. new,72,35,37,8.137734005137057e-05,2.8932538022844457e-05,2.8126581908271207,0.22102402,1.0,1.0,0.4,1.0,True,1.5469620049549164,226,400
3,1242,- within,201,95,106,-7.897888984259311e-05,3.0663893395429766e-05,-2.5756315032834136,-0.24644023,1.0,1.0,0.4666666666666667,1.0,True,1.5453789019700481,227,400
3,28105,to total reads,97,44,53,-7.263043581948056e-05,2.703637545990005e-05,-2.686396922072818,-0.15783986,1.0,1.0,0.43333333333333335,1.0,True,1.5446782301918702,228,400
3,10111,demonstrated activity,138,56,82,-7.268044133424405e-05,2.8293120212202617e-05,-2.5688379644637958,-0.2762915,1.0,1.0,0.4666666666666667,1.0,True,1.5413027786782774,229,400
3,12428,focus on,65,25,40,-6.979011738765425e-05,2.611140744630608e-05,-2.6727826729051825,-0.18407014,1.0,1.0,0.43333333333333335,1.0,True,1.5368500369204798,230,400
3,11025,dyspnea 25,164,92,72,-0.00010278665140350601,4.0141281592160594e-05,-2.5606220660274026,-0.27789295,1.0,1.0,0.4666666666666667,1.0,True,1.5363732396164416,231,400
3,14286,identified. mediastinum hilar,84,36,48,-6.35587139025931e-05,2.4865561085966104e-05,-2.5560940966847947,-0.19432959,1.0,1.0,0.4666666666666667,1.0,True,1.5336564580108767,232,400
3,8276,chest pain no,101,44,57,8.68144454987312e-05,2.9780473661280374e-05,2.915146565032798,0.30597463,1.0,1.0,0.36666666666666664,1.0,True,1.5304519466422186,233,400
3,6498,appointment - return,134,62,72,-8.26352729762102e-05,3.242646777792883e-05,-2.5483895915563193,-0.26436466,1.0,1.0,0.4666666666666667,1.0,True,1.5290337549337916,234,400
3,19647,no cavitation.,365,170,195,-7.549089869254215e-05,2.8400371028011472e-05,-2.658095509318698,-0.23864715,1.0,1.0,0.43333333333333335,1.0,True,1.5284049178582513,235,400
3,1129,- symptoms,66,33,33,-8.014138713272408e-05,3.018345278681395e-05,-2.6551431242397463,-0.38900846,1.0,1.0,0.43333333333333335,1.0,True,1.526707296437854,236,400
3,20991,of oral prednisone,67,38,29,-6.536597242098123e-05,2.465843344698774e-05,-2.650856655655321,-0.2176766,1.0,1.0,0.43333333333333335,1.0,True,1.5242425770018093,237,400
3,4496,a new,545,250,295,-8.86423028447284e-05,3.3525025200675804e-05,-2.6440637199861534,-0.30307528,1.0,1.0,0.43333333333333335,1.0,True,1.520336638992038,238,400
3,21409,ongoing trials,163,84,79,9.567679012718048e-05,3.470146886991232e-05,2.7571394884133102,0.20742382,1.0,1.0,0.4,1.0,True,1.5164267186273208,239,400
3,16799,loss - severity,254,117,137,8.533479724217528e-05,3.236851351628325e-05,2.6363520585907323,0.29176155,1.0,1.0,0.43333333333333335,1.0,True,1.515902433689671,240,400
3,8398,ck7+ ki-67,48,28,20,6.8629435614967e-05,2.6211258485537296e-05,2.6183189812436884,0.2447028,1.0,1.0,0.43333333333333335,1.0,True,1.5055334142151207,241,400
3,20278,none vision changes,133,55,78,-8.334989315047767e-05,3.046386897180612e-05,-2.7360245419784603,-0.35630184,1.0,1.0,0.4,1.0,True,1.5048134980881533,242,400
3,19456,next appointment,333,153,180,-8.616366960210734e-05,3.293917696660658e-05,-2.6158416067729693,-0.3370372,1.0,1.0,0.43333333333333335,1.0,True,1.5041089238944572,243,400
3,1464,----------------------- kras,421,210,211,6.361754936977627e-05,2.3342059356022072e-05,2.7254471595439345,0.2597121,1.0,1.0,0.4,1.0,True,1.4989959377491642,244,400
3,13486,harbors,252,112,140,7.68602360944884e-05,2.953834056426229e-05,2.6020498994273122,0.30552083,1.0,1.0,0.43333333333333335,1.0,True,1.4961786921707043,245,400
3,26103,specimen type bronchoscopic,69,30,39,-6.674251666806385e-05,2.5659508326419904e-05,-2.6010832249401865,-0.21729144,1.0,1.0,0.43333333333333335,1.0,True,1.4956228543406072,246,400
3,28515,type bronchoscopic,69,30,39,-6.674251666806385e-05,2.5659508326419904e-05,-2.6010832249401865,-0.21729144,1.0,1.0,0.43333333333333335,1.0,True,1.4956228543406072,247,400
3,23261,post-radiation changes,101,48,53,9.18561762914975e-05,3.5422709141760064e-05,2.5931437351077036,0.35252103,1.0,1.0,0.43333333333333335,1.0,True,1.4910576476869295,248,400
3,12273,findings consistent,128,60,68,-7.363061034869298e-05,2.8468905505031124e-05,-2.5863519879849517,-0.10809015,1.0,1.0,0.43333333333333335,1.0,True,1.487152393091347,249,400
3,12274,findings consistent with,128,60,68,-7.363061034869298e-05,2.8468905505031124e-05,-2.5863519879849517,-0.10809015,1.0,1.0,0.43333333333333335,1.0,True,1.487152393091347,250,400
3,29686,with ipsilateral hilar,35,21,14,-8.700811202711202e-05,3.3663683326172216e-05,-2.584628401594622,-0.19257125,1.0,1.0,0.43333333333333335,1.0,True,1.4861613309169075,251,400
3,23185,positive -,56,28,28,-8.62526664994974e-05,3.197150078201693e-05,-2.6977984889596454,-0.35758576,1.0,1.0,0.4,1.0,True,1.483789168927805,252,400
3,15846,ki-67,276,128,148,0.0001200255434711056,4.453671569915714e-05,2.694979672095064,0.28885132,1.0,1.0,0.4,1.0,True,1.4822388196522853,253,400
3,12745,formation,77,30,47,-6.113239099490117e-05,2.3724227577557082e-05,-2.57679162767482,-0.307926,1.0,1.0,0.43333333333333335,1.0,True,1.4816551859130216,254,400
3,1355,--- signature,360,174,186,-8.159195727315018e-05,3.033077853396359e-05,-2.690071314252145,-0.26570472,1.0,1.0,0.4,1.0,True,1.47953922283868,255,400
3,18085,metastatic lung,74,40,34,-7.990766878224618e-05,3.1070441139866104e-05,-2.5718227952585337,-0.2683755,1.0,1.0,0.43333333333333335,1.0,True,1.4787981072736567,256,400
3,28646,unique molecular identifiers,121,62,59,7.915687670271813e-05,2.9524148775416212e-05,2.6810892095432552,0.27980042,1.0,1.0,0.4,1.0,True,1.4745990652487906,258,400
3,18565,molecular identifiers,121,62,59,7.915687670271813e-05,2.9524148775416212e-05,2.6810892095432552,0.27980042,1.0,1.0,0.4,1.0,True,1.4745990652487906,257,400
3,22759,performed 2 weeks,505,231,274,-7.288320678368459e-05,2.8519895270602863e-05,-2.555521543545414,-0.30718887,1.0,1.0,0.43333333333333335,1.0,True,1.4694248875386131,259,400
3,23802,proportion score <1,96,43,53,-0.00010364522203443484,3.7076362630326966e-05,-2.795452808244389,-0.37056392,1.0,1.0,0.36666666666666664,1.0,True,1.467612724328304,261,400
3,25369,score <1,96,43,53,-0.00010364522203443484,3.7076362630326966e-05,-2.795452808244389,-0.37056392,1.0,1.0,0.36666666666666664,1.0,True,1.467612724328304,260,400
3,16477,lesions. - spleen,119,59,60,8.840730101788576e-05,3.326439765986864e-05,2.657715372509014,0.34983364,1.0,1.0,0.4,1.0,True,1.4617434548799577,262,400
3,16491,lesions. laboratory data,237,118,119,8.406301876948618e-05,3.0206931941090188e-05,2.7829048952547244,0.26519915,1.0,1.0,0.36666666666666664,1.0,True,1.4610250700087302,263,400
3,5850,and 8,162,75,87,-8.743638295221968e-05,3.443580936373048e-05,-2.5391121790885527,-0.17803986,1.0,1.0,0.43333333333333335,1.0,True,1.4599895029759178,264,400
3,25370,score <1 %,63,32,31,-9.27551670784264e-05,3.3372336127838716e-05,-2.7794028779738733,-0.33955187,1.0,1.0,0.36666666666666664,1.0,True,1.4591865109362832,265,400
3,1433,------------ ------ --------------------------------,82,36,46,7.923214709602274e-05,2.9881650521850506e-05,2.6515318167611066,0.31373978,1.0,1.0,0.4,1.0,True,1.4583424992186087,266,400
3,16569,limited upper,84,39,45,-7.273882046983879e-05,2.7455023702222504e-05,-2.6493810844516057,-0.21550745,1.0,1.0,0.4,1.0,True,1.4571595964483832,267,400
3,18157,mg m administered,143,75,68,8.673123749393058e-05,3.2744993217092234e-05,2.6486869891504083,0.28048602,1.0,1.0,0.4,1.0,True,1.4567778440327248,269,400
3,17297,m administered,143,75,68,8.673123749393058e-05,3.2744993217092234e-05,2.6486869891504083,0.28048602,1.0,1.0,0.4,1.0,True,1.4567778440327248,268,400
3,25959,snvs,526,240,286,6.326311022985128e-05,2.612063874033167e-05,2.421958775922644,0.20962852,1.0,1.0,0.4666666666666667,1.0,True,1.4531752655535863,270,400
3,19372,new lymphadenopathy.,65,29,36,-6.118841136356315e-05,2.317694698603129e-05,-2.6400548528001258,-0.27603054,1.0,1.0,0.4,1.0,True,1.4520301690400692,271,400
3,5214,after three cycles,57,29,28,0.00011353056512769982,4.3063220020650846e-05,2.636369622923148,0.3835261,1.0,1.0,0.4,1.0,True,1.4500032926077315,272,400
3,20581,nuclear excludes,123,64,59,7.79376173601466e-05,3.091627890031283e-05,2.520924902102561,0.21479252,1.0,1.0,0.43333333333333335,1.0,True,1.4495318187089725,274,400
3,20582,nuclear excludes squamous,123,64,59,7.79376173601466e-05,3.091627890031283e-05,2.520924902102561,0.21479252,1.0,1.0,0.43333333333333335,1.0,True,1.4495318187089725,273,400
3,19159,negative nuclear excludes,123,64,59,7.79376173601466e-05,3.091627890031283e-05,2.520924902102561,0.21479252,1.0,1.0,0.43333333333333335,1.0,True,1.4495318187089725,275,400
3,17289,lytic lesions,146,60,86,0.00019404952148542948,7.702834526713687e-05,2.5191962882294727,0.24542846,1.0,1.0,0.43333333333333335,1.0,True,1.4485378657319468,276,400
3,22119,pain palpitations or,720,337,383,5.3316734713190334e-05,2.0297602521058026e-05,2.626750359205042,0.34178445,1.0,1.0,0.4,1.0,True,1.4447126975627733,277,400
3,1015,- resolved with,74,41,33,-5.5454300552545946e-05,2.217082798961471e-05,-2.501228216579098,-0.17270686,1.0,1.0,0.43333333333333335,1.0,True,1.4382062245329812,278,400
3,7825,capmatinib tepotinib have,71,32,39,-6.913558570942827e-05,2.6448070955333716e-05,-2.614012410439555,-0.2172576,1.0,1.0,0.4,1.0,True,1.4377068257417553,279,400
3,4256,<=3.0,242,109,133,0.000100794056439378,3.696498945637727e-05,2.7267438168304095,0.2856025,1.0,1.0,0.36666666666666664,1.0,True,1.4315405038359648,280,400
3,29042,visualized on the,62,28,34,-7.318180631363465e-05,2.6902355098896818e-05,-2.7202750853822315,-0.2447962,1.0,1.0,0.36666666666666664,1.0,True,1.4281444198256712,281,400
3,29070,vitamin d 600,68,28,40,-8.214119356453633e-05,3.0217724668778495e-05,-2.7183116685620647,-0.27735746,1.0,1.0,0.36666666666666664,1.0,True,1.4271136259950838,282,400
3,23703,progression depression,98,33,65,-7.403823344164435e-05,2.8572578824662138e-05,-2.5912338503285177,-0.19539303,1.0,1.0,0.4,1.0,True,1.4251786176806849,283,400
3,29705,with low,138,53,85,-7.875753826982328e-05,2.902750642436397e-05,-2.713203715070712,-0.23581661,1.0,1.0,0.36666666666666664,1.0,True,1.4244319504121237,284,400
3,20888,of first-line carboplatin,178,76,102,-8.65492584307549e-05,3.496452244905696e-05,-2.4753450746211825,-0.1729218,1.0,1.0,0.43333333333333335,1.0,True,1.4233234179071799,285,400
3,14858,in the neck,181,90,91,-8.439110883617416e-05,3.2675942945128726e-05,-2.582667896620105,-0.33785474,1.0,1.0,0.4,1.0,True,1.420467343141058,286,400
3,4115,85 100,256,132,124,-7.713765026229123e-05,2.988719979042312e-05,-2.5809594342461204,-0.3832816,1.0,1.0,0.4,1.0,True,1.4195276888353663,287,400
3,3954,70 years,66,17,49,-0.00010233797990295371,4.1711177419320826e-05,-2.45349055659959,-0.31689587,1.0,1.0,0.43333333333333335,1.0,True,1.410757070044764,288,400
3,9811,d 600,76,29,47,-7.975701392693734e-05,2.989459056132034e-05,-2.667941337525204,-0.2606258,1.0,1.0,0.36666666666666664,1.0,True,1.4006692022007319,289,400
3,13928,hilar nodes -,295,134,161,-8.409951095512894e-05,3.1563031915606763e-05,-2.664494056844546,-0.16552173,1.0,1.0,0.36666666666666664,1.0,True,1.3988593798433864,290,400
3,15898,known lytic lesions,65,29,36,0.00010856604264546881,4.464202980284467e-05,2.4319244246942997,0.28419587,1.0,1.0,0.43333333333333335,1.0,True,1.3983565441992223,291,400
3,14610,impact on quality,117,46,71,-8.028536200999015e-05,3.0154421809287605e-05,-2.662473932272916,-0.29287475,1.0,1.0,0.36666666666666664,1.0,True,1.3977988144432807,292,400
3,9253,continues to,200,103,97,8.988615067494397e-05,3.393038518474472e-05,2.6491344022630567,0.32343212,1.0,1.0,0.36666666666666664,1.0,True,1.3907955611881047,293,400
3,20173,nodules identified. mediastinum,70,29,41,-6.278622740983259e-05,2.4870332564565758e-05,-2.524543137765993,-0.19364633,1.0,1.0,0.4,1.0,True,1.3884987257712962,294,400
3,13607,he reports increasing,72,31,41,-8.227049654187841e-05,3.113174312573238e-05,-2.6426562820337733,-0.30147523,1.0,1.0,0.36666666666666664,1.0,True,1.3873945480677308,295,400
3,15336,interested in,125,63,62,7.263649002327848e-05,2.8835644265921368e-05,2.51898273378001,0.25742427,1.0,1.0,0.4,1.0,True,1.3854405035790056,296,400
3,14760,in greatest dimension.,146,64,82,-8.130069387383931e-05,3.23296302684074e-05,-2.514742457580363,-0.22876798,1.0,1.0,0.4,1.0,True,1.3831083516691998,297,400
3,13414,greatest dimension.,146,64,82,-8.130069387383931e-05,3.23296302684074e-05,-2.514742457580363,-0.22876798,1.0,1.0,0.4,1.0,True,1.3831083516691998,298,400
3,8109,certain,115,57,58,-8.231546896666242e-05,3.1331044445245765e-05,-2.627281357010527,-0.23893878,1.0,1.0,0.36666666666666664,1.0,True,1.3793227124305263,299,400
3,9940,days 1,163,76,87,-8.806127863776226e-05,3.5180530146004535e-05,-2.5031254012459336,-0.16879293,1.0,1.0,0.4,1.0,True,1.3767189706852636,300,400
3,18491,moderate complexity <new,329,162,167,-8.043067358234695e-05,3.3620241867835296e-05,-2.39232882078982,-0.3356341,1.0,1.0,0.43333333333333335,1.0,True,1.3755890719541464,301,400
3,23310,pre-chemo,64,34,30,-7.746008216538007e-05,2.9640078554979003e-05,-2.6133561698124503,-0.20784873,1.0,1.0,0.36666666666666664,1.0,True,1.372011989151536,302,400
3,6560,are common in,98,44,54,-6.83192258726032e-05,2.6314879565311568e-05,-2.5962203514190505,-0.15758051,1.0,1.0,0.36666666666666664,1.0,True,1.3630156844950012,303,400
3,2695,21-day cycle -,83,43,40,8.835166110559169e-05,3.403206743476502e-05,2.5961297025210164,0.2250517,1.0,1.0,0.36666666666666664,1.0,True,1.3629680938235333,304,400
3,26596,subjective chief complaint,304,145,159,8.826206363260907e-05,3.405420343236814e-05,2.591811134502032,0.33928806,1.0,1.0,0.36666666666666664,1.0,True,1.3607008456135665,305,400
3,26595,subjective chief,304,145,159,8.826206363260907e-05,3.405420343236814e-05,2.591811134502032,0.33928806,1.0,1.0,0.36666666666666664,1.0,True,1.3607008456135665,306,400
3,21056,of stairs .,97,42,55,-8.045806702661613e-05,2.9690298850199997e-05,-2.709910985826071,-0.21293633,1.0,1.0,0.3333333333333333,1.0,True,1.3549554929130354,307,400
3,25008,review vaccination,81,41,40,7.616946337922358e-05,2.9515308867046862e-05,2.580676479529068,0.31602332,1.0,1.0,0.36666666666666664,1.0,True,1.3548551517527605,309,400
3,25009,review vaccination status,81,41,40,7.616946337922358e-05,2.9515308867046862e-05,2.580676479529068,0.31602332,1.0,1.0,0.36666666666666664,1.0,True,1.3548551517527605,308,400
3,10966,driver with,141,67,74,-7.673167829886474e-05,2.9851516593278855e-05,-2.570444890432839,-0.28596914,1.0,1.0,0.36666666666666664,1.0,True,1.3494835674772403,310,400
3,12387,focal deficits. ---,140,67,73,-6.756434634591304e-05,2.7664995180212426e-05,-2.4422323555739816,-0.17475444,1.0,1.0,0.4,1.0,True,1.34322779556569,311,400
3,2482,2 weeks after,85,40,45,-6.39594658005942e-05,2.619503806237592e-05,-2.4416634038970737,-0.1877342,1.0,1.0,0.4,1.0,True,1.3429148721433906,312,400
3,29277,weeks ago -,517,242,275,-7.578132229560927e-05,2.9632590716228703e-05,-2.557364053022423,-0.23235121,1.0,1.0,0.36666666666666664,1.0,True,1.3426161278367719,313,400
3,4892,additional focal,157,78,79,9.558850700417972e-05,3.744671958785508e-05,2.5526536918652147,0.21481879,1.0,1.0,0.36666666666666664,1.0,True,1.3401431882292376,314,400
3,25106,right paratracheal station,244,121,123,-9.175582750746592e-05,3.771119684560564e-05,-2.433118945631075,-0.19428475,1.0,1.0,0.4,1.0,True,1.3382154200970915,315,400
3,20947,of lung parenchyma,136,68,68,7.837537774269758e-05,2.9430768290820575e-05,2.6630421934021604,0.2524188,1.0,1.0,0.3333333333333333,1.0,True,1.3315210967010802,316,400
3,6840,at age 64,80,46,34,-0.00017225002396961016,7.124183638243856e-05,-2.417821222981144,-0.21160078,1.0,1.0,0.4,1.0,True,1.3298016726396293,317,400
3,28516,type bronchoscopic core,62,26,36,-6.546017279493458e-05,2.5850908510261696e-05,-2.5322194293074736,-0.22371955,1.0,1.0,0.36666666666666664,1.0,True,1.3294152003864235,318,400
3,9642,ct performed 2,185,87,98,-9.304474861752456e-05,3.501878876344688e-05,-2.6569950561695617,-0.2524995,1.0,1.0,0.3333333333333333,1.0,True,1.3284975280847808,319,400
3,1953,1.2 cm unchanged,76,39,37,-6.865797372947509e-05,2.8442413923052385e-05,-2.4139292085130744,-0.28551838,1.0,1.0,0.4,1.0,True,1.327661064682191,320,400
3,1055,- right paratracheal,148,80,68,-8.860941063679882e-05,3.341014417709405e-05,-2.6521708546696217,-0.23688193,1.0,1.0,0.3333333333333333,1.0,True,1.3260854273348108,321,400
3,12784,fragments of lung,134,66,68,7.833557886602457e-05,2.9586196688977874e-05,2.6477069590768973,0.25385618,1.0,1.0,0.3333333333333333,1.0,True,1.3238534795384487,322,400
3,18659,morphine 2.5,71,34,37,-6.397529399926655e-05,2.5435845463607886e-05,-2.5151628669390464,-0.23813207,1.0,1.0,0.36666666666666664,1.0,True,1.3204605051429992,323,400
3,18660,morphine 2.5 mg,71,34,37,-6.397529399926655e-05,2.5435845463607886e-05,-2.5151628669390464,-0.23813207,1.0,1.0,0.36666666666666664,1.0,True,1.3204605051429992,324,400
3,28949,view -,64,25,39,-7.195020713833514e-05,2.725452532236094e-05,-2.6399361679325852,-0.2340185,1.0,1.0,0.3333333333333333,1.0,True,1.3199680839662926,325,400
3,26632,suggests a,173,83,90,-7.57875804366602e-05,3.1619063810744805e-05,-2.3968951418133395,-0.3523628,1.0,1.0,0.4,1.0,True,1.3182923279973369,326,400
3,3596,55 100 cognitive,71,25,46,7.795229224431786e-05,3.1080569988377535e-05,2.5080715145657826,0.25448075,1.0,1.0,0.36666666666666664,1.0,True,1.3167375451470356,327,400
3,22693,pemetrexed.,185,89,96,-0.00011340431701676988,4.521599493849024e-05,-2.5080575396171176,-0.20047548,1.0,1.0,0.36666666666666664,1.0,True,1.3167302082989865,328,400
3,1465,----------------------- kras c.34g>t,209,108,101,8.094270502895191e-05,3.241747208221576e-05,2.4968851619172714,0.23152767,1.0,1.0,0.36666666666666664,1.0,True,1.3108647100065673,329,400
3,1382,------ ------------------- ----------------,107,52,55,-7.310217909087404e-05,2.9280801009745682e-05,-2.4965908229950085,-0.26935053,1.0,1.0,0.36666666666666664,1.0,True,1.3107101820723792,330,400
3,1459,------------------- constitutional,60,22,38,-6.206516914664933e-05,2.3688143460529522e-05,-2.620094278391454,-0.20014559,1.0,1.0,0.3333333333333333,1.0,True,1.310047139195727,331,400
3,15162,initiate primary,91,47,44,7.285333362254024e-05,2.9255096321267304e-05,2.49027837141588,0.19575153,1.0,1.0,0.36666666666666664,1.0,True,1.3073961449933367,332,400
3,1471,--------------------------------,169,81,88,8.614605937671448e-05,3.30028115227701e-05,2.6102642593731296,0.2532806,1.0,1.0,0.3333333333333333,1.0,True,1.3051321296865648,333,400
3,3573,500,764,358,406,-5.928516638345325e-05,2.3875621002333924e-05,-2.4830837437760436,-0.28525022,1.0,1.0,0.36666666666666664,1.0,True,1.3036189654824226,334,400
3,6706,assay comprehensive solid-tumor,98,52,46,-6.409441698680802e-05,2.4620008711964687e-05,-2.603346641208124,-0.25574508,1.0,1.0,0.3333333333333333,1.0,True,1.301673320604062,335,400
3,12258,findings -------- -------------------,61,23,38,-6.121109240939908e-05,2.3599086039533878e-05,-2.593790806425998,-0.19884908,1.0,1.0,0.3333333333333333,1.0,True,1.296895403212999,336,400
3,26940,system positive findings,61,23,38,-6.121109240939908e-05,2.3599086039533878e-05,-2.593790806425998,-0.19884908,1.0,1.0,0.3333333333333333,1.0,True,1.296895403212999,337,400
3,19884,no new lymphadenopathy.,61,29,32,-6.020697079236549e-05,2.3220527495549507e-05,-2.592833896814139,-0.26002094,1.0,1.0,0.3333333333333333,1.0,True,1.2964169484070696,338,400
3,13780,hepatic metastasis in,136,63,73,8.918444655267147e-05,3.615188223570277e-05,2.466937847695104,0.27598113,1.0,1.0,0.36666666666666664,1.0,True,1.2951423700399294,339,400
3,25052,ribs show,63,30,33,-7.693964727292656e-05,3.120857389129596e-05,-2.4653368507295026,-0.3598157,1.0,1.0,0.36666666666666664,1.0,True,1.2943018466329888,340,400
3,1060,- role function,61,21,40,-5.7340101956640555e-05,2.2231522469598446e-05,-2.579225153610285,-0.22778161,1.0,1.0,0.3333333333333333,1.0,True,1.2896125768051425,341,400
3,13812,here,312,145,167,-8.344628135368178e-05,3.401488243607424e-05,-2.453228568715658,-0.28059623,1.0,1.0,0.36666666666666664,1.0,True,1.28794499857572,342,400
3,7394,bone or,60,22,38,-7.746523297693755e-05,3.0090801060858656e-05,-2.574382543697128,-0.27308843,1.0,1.0,0.3333333333333333,1.0,True,1.287191271848564,343,400
3,7288,biology and,115,53,62,-6.994392565136428e-05,2.8530861733683034e-05,-2.451518159677235,-0.27147833,1.0,1.0,0.36666666666666664,1.0,True,1.2870470338305482,344,400
3,26486,stk11 loss-of-function -,144,65,79,-7.19441424061318e-05,2.9385171394835418e-05,-2.4483145406725897,-0.1427007,1.0,1.0,0.36666666666666664,1.0,True,1.2853651338531094,345,400
3,28431,ttf-1+ ck7+ ki-67,47,27,20,6.757450963357402e-05,2.6294580990353134e-05,2.5699025079869315,0.24983028,1.0,1.0,0.3333333333333333,1.0,True,1.2849512539934658,346,400
3,14311,if applicable,105,61,44,-8.690040972399036e-05,3.401057015943607e-05,-2.555100056147699,-0.31917024,1.0,1.0,0.3333333333333333,1.0,True,1.2775500280738494,347,400
3,8343,chosen.,70,28,42,-5.89274167816198e-05,2.4216741639403823e-05,-2.4333338340504547,-0.232655,1.0,1.0,0.36666666666666664,1.0,True,1.2775002628764884,348,400
3,2095,100 constipation 15,102,45,57,-6.898319074747198e-05,2.702848493004272e-05,-2.552240383655235,-0.2730957,1.0,1.0,0.3333333333333333,1.0,True,1.2761201918276175,350,400
3,2318,15 100 diarrhea,102,45,57,-6.898319074747198e-05,2.702848493004272e-05,-2.552240383655235,-0.2730957,1.0,1.0,0.3333333333333333,1.0,True,1.2761201918276175,351,400
3,9153,constipation 15 100,102,45,57,-6.898319074747198e-05,2.702848493004272e-05,-2.552240383655235,-0.2730957,1.0,1.0,0.3333333333333333,1.0,True,1.2761201918276175,349,400
3,27591,therapy. technique,237,113,124,8.490047701978648e-05,3.3364906004305176e-05,2.544604112142007,0.2530026,1.0,1.0,0.3333333333333333,1.0,True,1.2723020560710034,352,400
3,12796,free fluid.,120,59,61,8.8125282803125e-05,3.464668381471029e-05,2.5435416351653477,0.2666111,1.0,1.0,0.3333333333333333,1.0,True,1.2717708175826739,353,400
3,12793,free,288,148,140,9.555941964809542e-05,3.9489340516358147e-05,2.419878843216201,0.20583357,1.0,1.0,0.36666666666666664,1.0,True,1.2704363926885054,354,400
3,28069,to reduced,156,78,78,7.849562826839303e-05,3.0903297204075944e-05,2.540040557809474,0.27839172,1.0,1.0,0.3333333333333333,1.0,True,1.270020278904737,355,400
3,11988,fatigue remains,62,22,40,8.828569170768326e-05,3.3076280793226676e-05,2.6691541367541634,0.30312967,1.0,1.0,0.3,1.0,True,1.2678482149582275,356,400
3,22093,pain is,78,31,47,6.952693613745646e-05,2.7442939721232604e-05,2.5335090498217823,0.34198266,1.0,1.0,0.3333333333333333,1.0,True,1.2667545249108911,357,400
3,2622,2.5 mg,81,38,43,-6.577384169899638e-05,2.5997156274899253e-05,-2.5300398629561753,-0.23318502,1.0,1.0,0.3333333333333333,1.0,True,1.2650199314780877,358,400
3,10411,differential and cmp,159,75,84,-7.488222359206513e-05,2.9667213631399005e-05,-2.52407335998726,-0.25050732,1.0,1.0,0.3333333333333333,1.0,True,1.26203667999363,359,400
3,5611,also,425,210,215,8.043628611745804e-05,3.188302063052854e-05,2.522856508785084,0.17169032,1.0,1.0,0.3333333333333333,1.0,True,1.261428254392542,360,400
3,17166,lung no new,83,37,46,7.45118278533116e-05,2.9584539929570095e-05,2.5186069491260246,0.33120218,1.0,1.0,0.3333333333333333,1.0,True,1.2593034745630123,361,400
3,25378,screen,101,54,47,7.691869007925238e-05,3.2114634176159006e-05,2.395128951409779,0.2585771,1.0,1.0,0.36666666666666664,1.0,True,1.2574426994901338,362,400
3,25264,s with,61,36,25,9.948934972231768e-05,3.956562973288377e-05,2.5145397759113672,0.2647829,1.0,1.0,0.3333333333333333,1.0,True,1.2572698879556836,363,400
3,19773,no hepatic,154,70,84,-7.400569013576156e-05,2.9453769837096046e-05,-2.5126050262861037,-0.22010835,1.0,1.0,0.3333333333333333,1.0,True,1.2563025131430519,364,400
3,10048,deficits. ---,171,83,88,-6.550777022945608e-05,2.868718415162631e-05,-2.283520400023032,-0.18229179,1.0,1.0,0.4,1.0,True,1.2559362200126676,365,400
3,18043,metastatic deposit,70,33,37,7.174139392762154e-05,2.8567550108311672e-05,2.511289685521494,0.23173448,1.0,1.0,0.3333333333333333,1.0,True,1.255644842760747,366,400
3,14887,in-situ,70,36,34,-6.846551730597719e-05,2.596281334092269e-05,-2.63706079949593,-0.22044428,1.0,1.0,0.3,1.0,True,1.2526038797605665,367,400
3,15546,is based,144,79,65,-6.973277882982533e-05,2.7837805508787006e-05,-2.5049668088173895,-0.24733473,1.0,1.0,0.3333333333333333,1.0,True,1.2524834044086948,369,400
3,15547,is based on,144,79,65,-6.973277882982533e-05,2.7837805508787006e-05,-2.5049668088173895,-0.24733473,1.0,1.0,0.3333333333333333,1.0,True,1.2524834044086948,368,400
3,15390,interval growth,93,37,56,-7.343355933064566e-05,2.9430158575539267e-05,-2.495180552363031,-0.15575503,1.0,1.0,0.3333333333333333,1.0,True,1.2475902761815154,370,400
3,15581,is interested in,113,53,60,6.752094422475012e-05,2.7260519737034043e-05,2.4768766287687964,0.2601956,1.0,1.0,0.3333333333333333,1.0,True,1.2384383143843982,371,400
3,15013,infiltrated by a,136,67,69,8.540168379145634e-05,3.112975544843269e-05,2.7434100448661285,0.27850863,1.0,1.0,0.26666666666666666,1.0,True,1.234534520189758,372,400
3,26967,systemic therapy. technique,162,70,92,7.821675593712243e-05,3.171402597826142e-05,2.466314304930462,0.2593926,1.0,1.0,0.3333333333333333,1.0,True,1.233157152465231,373,400
3,21419,opacities.,118,64,54,-6.779102150485466e-05,2.886394648536427e-05,-2.3486400773098968,-0.20068775,1.0,1.0,0.36666666666666664,1.0,True,1.2330360405876957,374,400
3,5534,alk rearrangement,265,128,137,8.366222218076136e-05,3.392649253961226e-05,2.4659850140145827,0.17336518,1.0,1.0,0.3333333333333333,1.0,True,1.2329925070072913,375,400
3,19629,no ascites or,165,77,88,8.634154143206276e-05,3.5026173796178295e-05,2.4650577575071444,0.17080127,1.0,1.0,0.3333333333333333,1.0,True,1.2325288787535722,376,400
3,29243,week - lives,338,155,183,-8.934724749697194e-05,3.456055104351167e-05,-2.5852379316661915,-0.24159978,1.0,1.0,0.3,1.0,True,1.2279880175414408,377,400
3,20153,nodule stable,56,28,28,-7.303586037134547e-05,2.8282716975477738e-05,-2.582349511706054,-0.21935202,1.0,1.0,0.3,1.0,True,1.2266160180603758,378,400
3,4082,8. medications,62,36,26,6.0194111268415915e-05,2.4602965970539908e-05,2.4466201083435863,0.20282184,1.0,1.0,0.3333333333333333,1.0,True,1.2233100541717932,379,400
3,24557,rehabilitation for dyspnea,71,30,41,-6.857043712325547e-05,2.663367683475263e-05,-2.5745764487831497,-0.1973588,1.0,1.0,0.3,1.0,True,1.2229238131719962,380,400
3,29777,with primary,452,213,239,7.317287384082038e-05,3.143061338181893e-05,2.328076546006808,0.24657674,1.0,1.0,0.36666666666666664,1.0,True,1.222240186653574,381,400
3,14609,impact on,200,89,111,-7.592604266419263e-05,3.106569033203964e-05,-2.444048139689534,-0.21519035,1.0,1.0,0.3333333333333333,1.0,True,1.222024069844767,382,400
3,298,- completed 4,57,23,34,-7.67500797768429e-05,3.2994957585638594e-05,-2.3261154246868676,-0.27644813,1.0,1.0,0.36666666666666664,1.0,True,1.2212105979606054,383,400
3,4695,about,633,290,343,-7.090802099213146e-05,2.7598885216221846e-05,-2.569234968608577,-0.20759605,1.0,1.0,0.3,1.0,True,1.2203866100890741,384,400
3,10248,detected -,649,309,340,-8.99274377417222e-05,3.6843844291794565e-05,-2.440772386006142,-0.22449219,1.0,1.0,0.3333333333333333,1.0,True,1.220386193003071,385,400
3,13327,glands right,54,20,34,-5.9760050787717975e-05,2.452033009634213e-05,-2.4371633886214608,-0.18643756,1.0,1.0,0.3333333333333333,1.0,True,1.2185816943107304,387,400
3,5093,adrenal glands right,54,20,34,-5.9760050787717975e-05,2.452033009634213e-05,-2.4371633886214608,-0.18643756,1.0,1.0,0.3333333333333333,1.0,True,1.2185816943107304,386,400
3,26100,specimen revealed,106,49,57,7.517934193387056e-05,3.092763553977887e-05,2.430814403421675,0.34109822,1.0,1.0,0.3333333333333333,1.0,True,1.2154072017108375,388,400
3,3176,4. baseline,149,69,80,8.632686528764191e-05,3.38509173660301e-05,2.5502075572779663,0.26178196,1.0,1.0,0.3,1.0,True,1.211348589707034,389,400
3,8938,completed three,81,42,39,8.292232294126955e-05,3.4291721207076306e-05,2.4181440890799624,0.30000898,1.0,1.0,0.3333333333333333,1.0,True,1.2090720445399812,390,400
3,17290,lytic lesions in,98,42,56,0.00013633055860768443,5.668911277706657e-05,2.404880795079873,0.24957927,1.0,1.0,0.3333333333333333,1.0,True,1.2024403975399365,391,400
3,1439,-------------,158,75,83,8.710801776939635e-05,3.441132167995302e-05,2.5313766957153176,0.22996123,1.0,1.0,0.3,1.0,True,1.2024039304647758,392,400
3,5251,age 64,83,47,36,-0.00019565530778905798,8.543698487059931e-05,-2.2900539864017033,-0.17815985,1.0,1.0,0.36666666666666664,1.0,True,1.202278342860894,393,400
3,22609,pd-l1 tps >=,52,26,26,6.176803408099299e-05,2.4485630786524414e-05,2.522623763280251,0.26928997,1.0,1.0,0.3,1.0,True,1.198246287558119,394,400
3,27817,tmb -,93,42,51,-7.492053280928777e-05,2.8189193713539506e-05,-2.6577749463370712,-0.37079117,1.0,1.0,0.26666666666666666,1.0,True,1.195998725851682,395,400
3,14292,identified. overall imaging,166,88,78,-7.578458133007845e-05,3.332739795669444e-05,-2.273942341029828,-0.2984688,1.0,1.0,0.36666666666666664,1.0,True,1.1938197290406594,396,400
3,10079,deletion exons,223,105,118,-7.483816488984454e-05,2.9800966542366704e-05,-2.511266363909723,-0.19399777,1.0,1.0,0.3,1.0,True,1.1928515228571184,397,400
3,536,- high pd-l1,74,34,40,8.680794904088895e-05,3.458245622242935e-05,2.510173033475494,0.27584386,1.0,1.0,0.3,1.0,True,1.1923321909008595,398,400
3,1243,- within normal,181,84,97,-7.615220326573401e-05,3.0395666436961642e-05,-2.5053638295336618,-0.24521929,1.0,1.0,0.3,1.0,True,1.1900478190284893,399,400
3,27634,thigh,22,11,11,-9.366547289493813e-05,3.751467254041922e-05,-2.4967690386746857,-0.1987403,1.0,1.0,0.3,1.0,True,1.1859652933704756,400,400
4,17196,lung no,204,101,103,0.0001332722425727923,3.497218179296327e-05,3.810807211336409,0.36977252,1.0,1.0,1.0,1.0,True,3.810807211336409,1,25
4,26922,syndromes --- physical,107,57,50,-0.00010547574896331344,2.7329662100391544e-05,-3.859387231933699,-0.31246293,1.0,1.0,0.9666666666666667,1.0,True,3.7629025511353564,2,25
4,15896,kidneys,727,342,385,7.434218239837332e-05,1.903249085120107e-05,3.9060668926412148,0.33761844,1.0,1.0,0.9333333333333333,1.0,True,3.7107635480091536,3,25
4,34,% low,197,94,103,-0.0001256282873217583,3.389810137994278e-05,-3.7060567467678736,-0.32458237,1.0,1.0,0.9333333333333333,1.0,True,3.5207539094294797,4,25
4,19239,neurologic symptoms or,104,51,53,-9.721434694026332e-05,2.7616736675502803e-05,-3.5201243391836554,-0.2671188,1.0,1.0,1.0,1.0,True,3.5201243391836554,5,25
4,17879,mediastinum hilar nodes,335,158,177,-0.00011216394353137893,3.177924852419874e-05,-3.5294712348522075,-0.30339113,1.0,1.0,0.9333333333333333,1.0,True,3.3529976731095967,6,25
4,13411,global health 70,184,98,86,-9.682738249486293e-05,2.7934410046505082e-05,-3.4662404659223207,-0.28145325,1.0,1.0,0.9333333333333333,1.0,True,3.2929284426262044,7,25
4,13718,health 70,185,99,86,-9.623562879642635e-05,2.789062486559971e-05,-3.450465138739984,-0.28084165,1.0,1.0,0.9333333333333333,1.0,True,3.2779418818029846,8,25
4,18511,moderate complexity <new,321,158,163,-0.00011053722700089074,3.220788027157033e-05,-3.4319932286404202,-0.39663485,1.0,1.0,0.9333333333333333,1.0,True,3.260393567208399,9,25
4,26921,syndromes ---,146,72,74,-9.78190616814534e-05,2.79804993418903e-05,-3.4959726946332963,-0.23363264,1.0,1.0,0.9,1.0,True,3.2337747425357994,10,25
4,21265,on quality,124,49,75,-9.0409548872675e-05,2.603703813478605e-05,-3.472343835909887,-0.3449643,1.0,1.0,0.9,1.0,True,3.2119180482166456,12,25
4,21266,on quality of,124,49,75,-9.0409548872675e-05,2.603703813478605e-05,-3.472343835909887,-0.3449643,1.0,1.0,0.9,1.0,True,3.2119180482166456,11,25
4,7812,cancer syndromes ---,146,72,74,-9.65224479656365e-05,2.7878792886097276e-05,-3.4622176203967125,-0.23534454,1.0,1.0,0.9,1.0,True,3.2025512988669593,13,25
4,29774,with primary,469,221,248,9.938936188517938e-05,2.9802659716875015e-05,3.3349158373573826,0.3254465,1.0,1.0,0.9333333333333333,1.0,True,3.1681700454895134,14,25
4,14657,impact on quality,110,47,63,-9.052051785414133e-05,2.656350575392768e-05,-3.4077022322536235,-0.343333,1.0,1.0,0.9,1.0,True,3.152124564834602,15,25
4,13719,health 70 100,182,96,86,-8.918917731332041e-05,2.6323136526051493e-05,-3.388242781214603,-0.2551145,1.0,1.0,0.9,1.0,True,3.134124572623508,16,25
4,717,- metastatic nsclc,204,99,105,0.00012905136526204918,3.9317852136857065e-05,3.2822587768235376,0.39611372,1.0,1.0,0.9333333333333333,1.0,True,3.1181458379823606,17,25
4,14137,hour <new note>,731,343,388,5.8538910484995396e-05,1.7437364844380292e-05,3.3570961557222505,0.40021983,1.0,1.0,0.9,1.0,True,3.1053139440430817,19,25
4,14136,hour <new,731,343,388,5.8538910484995396e-05,1.7437364844380292e-05,3.3570961557222505,0.40021983,1.0,1.0,0.9,1.0,True,3.1053139440430817,18,25
4,14972,increasing,239,99,140,-0.00010632360290873814,3.097182431286824e-05,-3.4329137939918697,-0.39888433,1.0,1.0,0.8666666666666667,1.0,True,3.0896224145926827,20,25
4,24732,reports increasing,105,41,64,-9.869308105319146e-05,3.0335374555133105e-05,-3.2533991256254793,-0.39979437,1.0,1.0,0.9,1.0,True,3.0093941912035684,21,25
4,21626,or masses.,207,99,108,0.00011148061939244846,3.155530429716267e-05,3.5328646601729132,0.32306644,1.0,1.0,0.8,1.0,True,3.0029349611469764,22,25
4,17198,lung no new,86,41,45,9.828357361916263e-05,3.0794218221576656e-05,3.191624249460506,0.3687053,1.0,1.0,0.9,1.0,True,2.9522524307509683,23,25
4,17609,mass or,140,71,69,0.0001049227502616068,3.257030123538733e-05,3.2214240053637946,0.37512127,1.0,1.0,0.8666666666666667,1.0,True,2.899281604827415,24,25
4,25250,rubs,736,362,374,6.0104272192392146e-05,1.8393382489359814e-05,3.2677117559622983,0.45321828,1.0,1.0,0.8333333333333334,1.0,True,2.859247786467011,25,25
4,17196,lung no,204,101,103,0.0001332722425727923,3.497218179296327e-05,3.810807211336409,0.36977252,1.0,1.0,1.0,1.0,True,3.810807211336409,1,50
4,26922,syndromes --- physical,107,57,50,-0.00010547574896331344,2.7329662100391544e-05,-3.859387231933699,-0.31246293,1.0,1.0,0.9666666666666667,1.0,True,3.7629025511353564,2,50
4,15896,kidneys,727,342,385,7.434218239837332e-05,1.903249085120107e-05,3.9060668926412148,0.33761844,1.0,1.0,0.9333333333333333,1.0,True,3.7107635480091536,3,50
4,34,% low,197,94,103,-0.0001256282873217583,3.389810137994278e-05,-3.7060567467678736,-0.32458237,1.0,1.0,0.9333333333333333,1.0,True,3.5207539094294797,4,50
4,19239,neurologic symptoms or,104,51,53,-9.721434694026332e-05,2.7616736675502803e-05,-3.5201243391836554,-0.2671188,1.0,1.0,1.0,1.0,True,3.5201243391836554,5,50
4,17879,mediastinum hilar nodes,335,158,177,-0.00011216394353137893,3.177924852419874e-05,-3.5294712348522075,-0.30339113,1.0,1.0,0.9333333333333333,1.0,True,3.3529976731095967,6,50
4,13411,global health 70,184,98,86,-9.682738249486293e-05,2.7934410046505082e-05,-3.4662404659223207,-0.28145325,1.0,1.0,0.9333333333333333,1.0,True,3.2929284426262044,7,50
4,13718,health 70,185,99,86,-9.623562879642635e-05,2.789062486559971e-05,-3.450465138739984,-0.28084165,1.0,1.0,0.9333333333333333,1.0,True,3.2779418818029846,8,50
4,18511,moderate complexity <new,321,158,163,-0.00011053722700089074,3.220788027157033e-05,-3.4319932286404202,-0.39663485,1.0,1.0,0.9333333333333333,1.0,True,3.260393567208399,9,50
4,26921,syndromes ---,146,72,74,-9.78190616814534e-05,2.79804993418903e-05,-3.4959726946332963,-0.23363264,1.0,1.0,0.9,1.0,True,3.2337747425357994,10,50
4,21265,on quality,124,49,75,-9.0409548872675e-05,2.603703813478605e-05,-3.472343835909887,-0.3449643,1.0,1.0,0.9,1.0,True,3.2119180482166456,12,50
4,21266,on quality of,124,49,75,-9.0409548872675e-05,2.603703813478605e-05,-3.472343835909887,-0.3449643,1.0,1.0,0.9,1.0,True,3.2119180482166456,11,50
4,7812,cancer syndromes ---,146,72,74,-9.65224479656365e-05,2.7878792886097276e-05,-3.4622176203967125,-0.23534454,1.0,1.0,0.9,1.0,True,3.2025512988669593,13,50
4,29774,with primary,469,221,248,9.938936188517938e-05,2.9802659716875015e-05,3.3349158373573826,0.3254465,1.0,1.0,0.9333333333333333,1.0,True,3.1681700454895134,14,50
4,14657,impact on quality,110,47,63,-9.052051785414133e-05,2.656350575392768e-05,-3.4077022322536235,-0.343333,1.0,1.0,0.9,1.0,True,3.152124564834602,15,50
4,13719,health 70 100,182,96,86,-8.918917731332041e-05,2.6323136526051493e-05,-3.388242781214603,-0.2551145,1.0,1.0,0.9,1.0,True,3.134124572623508,16,50
4,717,- metastatic nsclc,204,99,105,0.00012905136526204918,3.9317852136857065e-05,3.2822587768235376,0.39611372,1.0,1.0,0.9333333333333333,1.0,True,3.1181458379823606,17,50
4,14137,hour <new note>,731,343,388,5.8538910484995396e-05,1.7437364844380292e-05,3.3570961557222505,0.40021983,1.0,1.0,0.9,1.0,True,3.1053139440430817,19,50
4,14136,hour <new,731,343,388,5.8538910484995396e-05,1.7437364844380292e-05,3.3570961557222505,0.40021983,1.0,1.0,0.9,1.0,True,3.1053139440430817,18,50
4,14972,increasing,239,99,140,-0.00010632360290873814,3.097182431286824e-05,-3.4329137939918697,-0.39888433,1.0,1.0,0.8666666666666667,1.0,True,3.0896224145926827,20,50
4,24732,reports increasing,105,41,64,-9.869308105319146e-05,3.0335374555133105e-05,-3.2533991256254793,-0.39979437,1.0,1.0,0.9,1.0,True,3.0093941912035684,21,50
4,21626,or masses.,207,99,108,0.00011148061939244846,3.155530429716267e-05,3.5328646601729132,0.32306644,1.0,1.0,0.8,1.0,True,3.0029349611469764,22,50
4,17198,lung no new,86,41,45,9.828357361916263e-05,3.0794218221576656e-05,3.191624249460506,0.3687053,1.0,1.0,0.9,1.0,True,2.9522524307509683,23,50
4,17609,mass or,140,71,69,0.0001049227502616068,3.257030123538733e-05,3.2214240053637946,0.37512127,1.0,1.0,0.8666666666666667,1.0,True,2.899281604827415,24,50
4,25250,rubs,736,362,374,6.0104272192392146e-05,1.8393382489359814e-05,3.2677117559622983,0.45321828,1.0,1.0,0.8333333333333334,1.0,True,2.859247786467011,25,50
4,18832,multiplanar reconstructions,247,119,128,0.00010769612196923347,3.400561882228329e-05,3.1670096207354437,0.30043793,1.0,1.0,0.8666666666666667,1.0,True,2.8503086586618993,26,50
4,16368,left lung no,122,63,59,0.00011624104842012463,3.675263975328552e-05,3.162794542118113,0.2985245,1.0,1.0,0.8666666666666667,1.0,True,2.846515087906302,27,50
4,18458,ml s,503,242,261,7.849248247979794e-05,2.4284493477569073e-05,3.2322058745964504,0.31031555,1.0,1.0,0.8333333333333334,1.0,True,2.8281801402718942,28,50
4,462,- fda-approved,196,93,103,0.00010381877156367097,3.34045813121698e-05,3.107920156025072,0.2872216,1.0,1.0,0.8666666666666667,1.0,True,2.797128140422565,29,50
4,7780,canal,56,26,30,0.00011160289476778401,3.391545576432061e-05,3.2906205224932097,0.30377337,1.0,1.0,0.8,1.0,True,2.7970274441192284,30,50
4,3621,55 emotional function,60,26,34,0.00011998122601881937,3.882843594752499e-05,3.090034998601772,0.29099974,1.0,1.0,0.8666666666666667,1.0,True,2.781031498741595,31,50
4,2813,3 ml s,496,236,260,7.674980613967095e-05,2.44941436956437e-05,3.1333941326277492,0.29814643,1.0,1.0,0.8333333333333334,1.0,True,2.7417198660492805,32,50
4,28367,trends mild anemia,54,21,33,9.703068916156916e-05,3.0106950924990006e-05,3.222866686278407,0.3602518,1.0,1.0,0.8,1.0,True,2.739436683336646,33,50
4,13665,he reports increasing,66,25,41,-9.221067932039928e-05,2.9082438002705036e-05,-3.1706653792856883,-0.39132044,1.0,1.0,0.8,1.0,True,2.6950655723928354,34,50
4,22565,pd-l1 22c3,586,276,310,-5.3934389238645996e-05,1.701562020340246e-05,-3.169698700013369,-0.23447551,1.0,1.0,0.8,1.0,True,2.694243895011364,35,50
4,18831,multiplanar,425,208,217,9.134032283838937e-05,2.8924565296379466e-05,3.1578805732241233,0.26221845,1.0,1.0,0.8,1.0,True,2.684198487240505,36,50
4,3620,55 emotional,81,39,42,0.00011573655070483977,3.775191808097777e-05,3.0657131236771904,0.24448282,1.0,1.0,0.8333333333333334,1.0,True,2.6824989832175414,37,50
4,10672,disease progression depression,104,42,62,-9.471431472925134e-05,2.921427166174615e-05,-3.242056342389411,-0.22319683,1.0,1.0,0.7666666666666667,1.0,True,2.6746964824712642,38,50
4,626,- left lung,135,67,68,0.00011810094526096501,3.775213083878101e-05,3.1283252795798586,0.34303722,1.0,1.0,0.8,1.0,True,2.65907648764288,39,50
4,27288,the immunophenotype ttf-1+,100,46,54,-7.21237286241373e-05,2.3737262001649525e-05,-3.038418189053369,-0.22962599,1.0,1.0,0.8333333333333334,1.0,True,2.6586159154216977,40,50
4,29569,with a more,72,35,37,-7.674589369197376e-05,2.4666780484388104e-05,-3.1113056582535017,-0.20180233,1.0,1.0,0.8,1.0,True,2.644609809515477,41,50
4,10463,differential and,175,88,87,-9.649807762240522e-05,2.9196908269100047e-05,-3.3050786313745415,-0.24549697,1.0,1.0,0.7333333333333333,1.0,True,2.644062905099633,42,50
4,29635,with differential and,175,88,87,-9.649807762240522e-05,2.9196908269100047e-05,-3.3050786313745415,-0.24549697,1.0,1.0,0.7333333333333333,1.0,True,2.644062905099633,43,50
4,23717,progression depression,105,43,62,-9.33514967607221e-05,2.9142449091532052e-05,-3.2032824855426214,-0.22243762,1.0,1.0,0.7666666666666667,1.0,True,2.642708050572663,44,50
4,19862,no murmurs rubs,734,362,372,5.90076899426039e-05,1.8505875021017662e-05,3.188592264650396,0.46500692,1.0,1.0,0.7666666666666667,1.0,True,2.630588618336577,45,50
4,18855,murmurs rubs,734,362,372,5.90076899426039e-05,1.8505875021017662e-05,3.188592264650396,0.46500692,1.0,1.0,0.7666666666666667,1.0,True,2.630588618336577,46,50
4,24274,reasonable,81,28,53,-7.816594120128054e-05,2.5267108919319453e-05,-3.0935846855638545,-0.3224894,1.0,1.0,0.8,1.0,True,2.6295469827292766,47,50
4,10500,difficulty,84,46,38,-8.071787909766267e-05,2.6181087388952793e-05,-3.083060603958027,-0.32414126,1.0,1.0,0.8,1.0,True,2.6206015133643232,48,50
4,7472,bowel sounds.,72,31,41,7.873643464706656e-05,2.554834605622787e-05,3.0818603471935178,0.27270672,1.0,1.0,0.8,1.0,True,2.6195812951144903,49,50
4,1646,. physical examination,206,98,108,0.00011043794785335142,3.4876217258272383e-05,3.166568984116428,0.41753355,1.0,1.0,0.7666666666666667,1.0,True,2.6124194118960533,50,50
4,17196,lung no,204,101,103,0.0001332722425727923,3.497218179296327e-05,3.810807211336409,0.36977252,1.0,1.0,1.0,1.0,True,3.810807211336409,1,100
4,26922,syndromes --- physical,107,57,50,-0.00010547574896331344,2.7329662100391544e-05,-3.859387231933699,-0.31246293,1.0,1.0,0.9666666666666667,1.0,True,3.7629025511353564,2,100
4,15896,kidneys,727,342,385,7.434218239837332e-05,1.903249085120107e-05,3.9060668926412148,0.33761844,1.0,1.0,0.9333333333333333,1.0,True,3.7107635480091536,3,100
4,34,% low,197,94,103,-0.0001256282873217583,3.389810137994278e-05,-3.7060567467678736,-0.32458237,1.0,1.0,0.9333333333333333,1.0,True,3.5207539094294797,4,100
4,19239,neurologic symptoms or,104,51,53,-9.721434694026332e-05,2.7616736675502803e-05,-3.5201243391836554,-0.2671188,1.0,1.0,1.0,1.0,True,3.5201243391836554,5,100
4,17879,mediastinum hilar nodes,335,158,177,-0.00011216394353137893,3.177924852419874e-05,-3.5294712348522075,-0.30339113,1.0,1.0,0.9333333333333333,1.0,True,3.3529976731095967,6,100
4,13411,global health 70,184,98,86,-9.682738249486293e-05,2.7934410046505082e-05,-3.4662404659223207,-0.28145325,1.0,1.0,0.9333333333333333,1.0,True,3.2929284426262044,7,100
4,13718,health 70,185,99,86,-9.623562879642635e-05,2.789062486559971e-05,-3.450465138739984,-0.28084165,1.0,1.0,0.9333333333333333,1.0,True,3.2779418818029846,8,100
4,18511,moderate complexity <new,321,158,163,-0.00011053722700089074,3.220788027157033e-05,-3.4319932286404202,-0.39663485,1.0,1.0,0.9333333333333333,1.0,True,3.260393567208399,9,100
4,26921,syndromes ---,146,72,74,-9.78190616814534e-05,2.79804993418903e-05,-3.4959726946332963,-0.23363264,1.0,1.0,0.9,1.0,True,3.2337747425357994,10,100
4,21265,on quality,124,49,75,-9.0409548872675e-05,2.603703813478605e-05,-3.472343835909887,-0.3449643,1.0,1.0,0.9,1.0,True,3.2119180482166456,12,100
4,21266,on quality of,124,49,75,-9.0409548872675e-05,2.603703813478605e-05,-3.472343835909887,-0.3449643,1.0,1.0,0.9,1.0,True,3.2119180482166456,11,100
4,7812,cancer syndromes ---,146,72,74,-9.65224479656365e-05,2.7878792886097276e-05,-3.4622176203967125,-0.23534454,1.0,1.0,0.9,1.0,True,3.2025512988669593,13,100
4,29774,with primary,469,221,248,9.938936188517938e-05,2.9802659716875015e-05,3.3349158373573826,0.3254465,1.0,1.0,0.9333333333333333,1.0,True,3.1681700454895134,14,100
4,14657,impact on quality,110,47,63,-9.052051785414133e-05,2.656350575392768e-05,-3.4077022322536235,-0.343333,1.0,1.0,0.9,1.0,True,3.152124564834602,15,100
4,13719,health 70 100,182,96,86,-8.918917731332041e-05,2.6323136526051493e-05,-3.388242781214603,-0.2551145,1.0,1.0,0.9,1.0,True,3.134124572623508,16,100
4,717,- metastatic nsclc,204,99,105,0.00012905136526204918,3.9317852136857065e-05,3.2822587768235376,0.39611372,1.0,1.0,0.9333333333333333,1.0,True,3.1181458379823606,17,100
4,14137,hour <new note>,731,343,388,5.8538910484995396e-05,1.7437364844380292e-05,3.3570961557222505,0.40021983,1.0,1.0,0.9,1.0,True,3.1053139440430817,19,100
4,14136,hour <new,731,343,388,5.8538910484995396e-05,1.7437364844380292e-05,3.3570961557222505,0.40021983,1.0,1.0,0.9,1.0,True,3.1053139440430817,18,100
4,14972,increasing,239,99,140,-0.00010632360290873814,3.097182431286824e-05,-3.4329137939918697,-0.39888433,1.0,1.0,0.8666666666666667,1.0,True,3.0896224145926827,20,100
4,24732,reports increasing,105,41,64,-9.869308105319146e-05,3.0335374555133105e-05,-3.2533991256254793,-0.39979437,1.0,1.0,0.9,1.0,True,3.0093941912035684,21,100
4,21626,or masses.,207,99,108,0.00011148061939244846,3.155530429716267e-05,3.5328646601729132,0.32306644,1.0,1.0,0.8,1.0,True,3.0029349611469764,22,100
4,17198,lung no new,86,41,45,9.828357361916263e-05,3.0794218221576656e-05,3.191624249460506,0.3687053,1.0,1.0,0.9,1.0,True,2.9522524307509683,23,100
4,17609,mass or,140,71,69,0.0001049227502616068,3.257030123538733e-05,3.2214240053637946,0.37512127,1.0,1.0,0.8666666666666667,1.0,True,2.899281604827415,24,100
4,25250,rubs,736,362,374,6.0104272192392146e-05,1.8393382489359814e-05,3.2677117559622983,0.45321828,1.0,1.0,0.8333333333333334,1.0,True,2.859247786467011,25,100
4,18832,multiplanar reconstructions,247,119,128,0.00010769612196923347,3.400561882228329e-05,3.1670096207354437,0.30043793,1.0,1.0,0.8666666666666667,1.0,True,2.8503086586618993,26,100
4,16368,left lung no,122,63,59,0.00011624104842012463,3.675263975328552e-05,3.162794542118113,0.2985245,1.0,1.0,0.8666666666666667,1.0,True,2.846515087906302,27,100
4,18458,ml s,503,242,261,7.849248247979794e-05,2.4284493477569073e-05,3.2322058745964504,0.31031555,1.0,1.0,0.8333333333333334,1.0,True,2.8281801402718942,28,100
4,462,- fda-approved,196,93,103,0.00010381877156367097,3.34045813121698e-05,3.107920156025072,0.2872216,1.0,1.0,0.8666666666666667,1.0,True,2.797128140422565,29,100
4,7780,canal,56,26,30,0.00011160289476778401,3.391545576432061e-05,3.2906205224932097,0.30377337,1.0,1.0,0.8,1.0,True,2.7970274441192284,30,100
4,3621,55 emotional function,60,26,34,0.00011998122601881937,3.882843594752499e-05,3.090034998601772,0.29099974,1.0,1.0,0.8666666666666667,1.0,True,2.781031498741595,31,100
4,2813,3 ml s,496,236,260,7.674980613967095e-05,2.44941436956437e-05,3.1333941326277492,0.29814643,1.0,1.0,0.8333333333333334,1.0,True,2.7417198660492805,32,100
4,28367,trends mild anemia,54,21,33,9.703068916156916e-05,3.0106950924990006e-05,3.222866686278407,0.3602518,1.0,1.0,0.8,1.0,True,2.739436683336646,33,100
4,13665,he reports increasing,66,25,41,-9.221067932039928e-05,2.9082438002705036e-05,-3.1706653792856883,-0.39132044,1.0,1.0,0.8,1.0,True,2.6950655723928354,34,100
4,22565,pd-l1 22c3,586,276,310,-5.3934389238645996e-05,1.701562020340246e-05,-3.169698700013369,-0.23447551,1.0,1.0,0.8,1.0,True,2.694243895011364,35,100
4,18831,multiplanar,425,208,217,9.134032283838937e-05,2.8924565296379466e-05,3.1578805732241233,0.26221845,1.0,1.0,0.8,1.0,True,2.684198487240505,36,100
4,3620,55 emotional,81,39,42,0.00011573655070483977,3.775191808097777e-05,3.0657131236771904,0.24448282,1.0,1.0,0.8333333333333334,1.0,True,2.6824989832175414,37,100
4,10672,disease progression depression,104,42,62,-9.471431472925134e-05,2.921427166174615e-05,-3.242056342389411,-0.22319683,1.0,1.0,0.7666666666666667,1.0,True,2.6746964824712642,38,100
4,626,- left lung,135,67,68,0.00011810094526096501,3.775213083878101e-05,3.1283252795798586,0.34303722,1.0,1.0,0.8,1.0,True,2.65907648764288,39,100
4,27288,the immunophenotype ttf-1+,100,46,54,-7.21237286241373e-05,2.3737262001649525e-05,-3.038418189053369,-0.22962599,1.0,1.0,0.8333333333333334,1.0,True,2.6586159154216977,40,100
4,29569,with a more,72,35,37,-7.674589369197376e-05,2.4666780484388104e-05,-3.1113056582535017,-0.20180233,1.0,1.0,0.8,1.0,True,2.644609809515477,41,100
4,10463,differential and,175,88,87,-9.649807762240522e-05,2.9196908269100047e-05,-3.3050786313745415,-0.24549697,1.0,1.0,0.7333333333333333,1.0,True,2.644062905099633,42,100
4,29635,with differential and,175,88,87,-9.649807762240522e-05,2.9196908269100047e-05,-3.3050786313745415,-0.24549697,1.0,1.0,0.7333333333333333,1.0,True,2.644062905099633,43,100
4,23717,progression depression,105,43,62,-9.33514967607221e-05,2.9142449091532052e-05,-3.2032824855426214,-0.22243762,1.0,1.0,0.7666666666666667,1.0,True,2.642708050572663,44,100
4,19862,no murmurs rubs,734,362,372,5.90076899426039e-05,1.8505875021017662e-05,3.188592264650396,0.46500692,1.0,1.0,0.7666666666666667,1.0,True,2.630588618336577,45,100
4,18855,murmurs rubs,734,362,372,5.90076899426039e-05,1.8505875021017662e-05,3.188592264650396,0.46500692,1.0,1.0,0.7666666666666667,1.0,True,2.630588618336577,46,100
4,24274,reasonable,81,28,53,-7.816594120128054e-05,2.5267108919319453e-05,-3.0935846855638545,-0.3224894,1.0,1.0,0.8,1.0,True,2.6295469827292766,47,100
4,10500,difficulty,84,46,38,-8.071787909766267e-05,2.6181087388952793e-05,-3.083060603958027,-0.32414126,1.0,1.0,0.8,1.0,True,2.6206015133643232,48,100
4,7472,bowel sounds.,72,31,41,7.873643464706656e-05,2.554834605622787e-05,3.0818603471935178,0.27270672,1.0,1.0,0.8,1.0,True,2.6195812951144903,49,100
4,1646,. physical examination,206,98,108,0.00011043794785335142,3.4876217258272383e-05,3.166568984116428,0.41753355,1.0,1.0,0.7666666666666667,1.0,True,2.6124194118960533,50,100
4,278,- chest pain,64,31,33,-8.079435390236317e-05,2.6345427592771404e-05,-3.066731546408126,-0.3217983,1.0,1.0,0.8,1.0,True,2.6067218144469075,51,100
4,3958,70 100 instrument,188,94,94,-8.423463805527984e-05,2.6874651880911678e-05,-3.134352713796802,-0.28951815,1.0,1.0,0.7666666666666667,1.0,True,2.585840988882362,52,100
4,5545,alk or,73,30,43,-8.154111509028054e-05,2.6029128008088004e-05,-3.132687159744397,-0.2309104,1.0,1.0,0.7666666666666667,1.0,True,2.5844669067891277,53,100
4,16247,laboratory trends mild,58,24,34,9.683076745964762e-05,3.111715342300297e-05,3.111813157949939,0.3527719,1.0,1.0,0.7666666666666667,1.0,True,2.5672458553087,54,100
4,28366,trends mild,58,24,34,9.683076745964762e-05,3.111715342300297e-05,3.111813157949939,0.3527719,1.0,1.0,0.7666666666666667,1.0,True,2.5672458553087,55,100
4,5053,administer,348,158,190,9.512637319597065e-05,3.0753006879286896e-05,3.0932381204012027,0.27515402,1.0,1.0,0.7666666666666667,1.0,True,2.5519214493309925,56,100
4,26119,spinal canal,52,23,29,0.00010171660791121492,3.299077271023302e-05,3.083183555736015,0.32858285,1.0,1.0,0.7666666666666667,1.0,True,2.5436264334822125,57,100
4,11087,dyspnea hemoptysis,191,103,88,-9.635825337929618e-05,3.14019910686075e-05,-3.0685396084844223,-0.3040285,1.0,1.0,0.7666666666666667,1.0,True,2.5315451769996486,58,100
4,20904,of first-line carboplatin,171,77,94,-0.00010585969307140125,3.24178049396873e-05,-3.2654799813976045,-0.24356416,1.0,1.0,0.7,1.0,True,2.5307469855831433,59,100
4,28277,tract,323,154,169,0.00010195156384224857,3.33910249938754e-05,3.053262481788103,0.23801203,1.0,1.0,0.7666666666666667,1.0,True,2.518941547475185,60,100
4,12965,function 55 emotional,62,27,35,0.0001160816425541374,3.853668871852512e-05,3.0122370762575494,0.2877433,1.0,1.0,0.7666666666666667,1.0,True,2.4850955879124785,61,100
4,1448,---------------- kras g12c,69,33,36,-7.439400718792007e-05,2.472846008767827e-05,-3.0084367131695844,-0.24723268,1.0,1.0,0.7666666666666667,1.0,True,2.4819602883649075,62,100
4,1645,. physical,215,104,111,0.00010642542957994761,3.439118317942795e-05,3.0945556314447757,0.41070265,1.0,1.0,0.7333333333333333,1.0,True,2.4756445051558202,63,100
4,26972,systemic treatment,136,66,70,-0.00010121610499006532,3.272168575127566e-05,-3.0932423763075656,-0.34027377,1.0,1.0,0.7333333333333333,1.0,True,2.4745939010460525,64,100
4,26633,suggestive of nodal,106,51,55,0.00010821090733301853,3.5069744126666656e-05,3.0855915840782004,0.268485,1.0,1.0,0.7333333333333333,1.0,True,2.46847326726256,65,100
4,13246,gem,126,64,62,0.00014388163953190514,4.667796614206533e-05,3.0824316358171746,0.2685919,1.0,1.0,0.7333333333333333,1.0,True,2.4659453086537395,66,100
4,12446,focal fdg-avid osseous,66,31,35,-7.843710637728866e-05,2.5470430474429196e-05,-3.0795359527211317,-0.19269632,1.0,1.0,0.7333333333333333,1.0,True,2.463628762176905,67,100
4,8727,cm. the,160,82,78,0.00010722867713692422,3.4853799115577624e-05,3.0765276629198,0.27941173,1.0,1.0,0.7333333333333333,1.0,True,2.4612221303358397,68,100
4,20187,nodules multiple bilateral,67,34,33,-8.512313796498562e-05,2.7822082373131013e-05,-3.0595530853288215,-0.30754155,1.0,1.0,0.7333333333333333,1.0,True,2.447642468263057,69,100
4,25500,sensation,643,303,340,8.440867498941006e-05,2.765157673074615e-05,3.0525809002260242,0.27252567,1.0,1.0,0.7333333333333333,1.0,True,2.442064720180819,70,100
4,21066,of stairs .,111,54,57,-9.333255053761001e-05,2.978949535237417e-05,-3.133069205557105,-0.20220639,1.0,1.0,0.7,1.0,True,2.428128634306756,71,100
4,22139,pain palpitations or,718,346,372,5.874128436177727e-05,1.9387008998670267e-05,3.029930215940286,0.32431647,1.0,1.0,0.7333333333333333,1.0,True,2.4239441727522286,72,100
4,3635,55.,92,50,42,0.00010316605087918043,3.557631277786515e-05,2.899852256284643,0.20996328,1.0,1.0,0.7666666666666667,1.0,True,2.3923781114348306,73,100
4,24733,reports increasing fatigue,87,32,55,-9.608395148593583e-05,3.138698601698591e-05,-3.061267221833196,-0.41924128,1.0,1.0,0.7,1.0,True,2.3724820969207268,74,100
4,10464,differential and cmp,168,83,85,-8.825877964934276e-05,2.8889911524158397e-05,-3.055003459444269,-0.21350403,1.0,1.0,0.7,1.0,True,2.367627681069308,75,100
4,5546,alk or ros1,72,30,42,-7.935583556078587e-05,2.6035783736797836e-05,-3.0479526317707046,-0.23188172,1.0,1.0,0.7,1.0,True,2.3621632896222957,76,100
4,1359,--- review,724,351,373,-6.337827458632471e-05,2.0871211436477847e-05,-3.03663612336152,-0.24351647,1.0,1.0,0.7,1.0,True,2.3533929956051773,78,100
4,1360,--- review of,724,351,373,-6.337827458632471e-05,2.0871211436477847e-05,-3.03663612336152,-0.24351647,1.0,1.0,0.7,1.0,True,2.3533929956051773,77,100
4,1468,----------------------- kras c.34g>t,202,95,107,9.257583602344219e-05,3.0688987960812e-05,3.0165815875602022,0.22324724,1.0,1.0,0.7,1.0,True,2.3378507303591562,79,100
4,1083,- sequencing platform,119,58,61,8.468704918108062e-05,2.7223289608578415e-05,3.110830851036997,0.42498133,1.0,1.0,0.6666666666666666,1.0,True,2.3331231382777475,80,100
4,19581,nkda social history,257,125,132,-9.239749165221491e-05,2.9720391637469437e-05,-3.1088921296624665,-0.26051506,1.0,1.0,0.6666666666666666,1.0,True,2.33166909724685,82,100
4,19580,nkda social,257,125,132,-9.239749165221491e-05,2.9720391637469437e-05,-3.1088921296624665,-0.26051506,1.0,1.0,0.6666666666666666,1.0,True,2.33166909724685,81,100
4,14625,immunoprofile,262,123,139,8.202378594222803e-05,2.764181466978199e-05,2.9673806485612673,0.31647694,1.0,1.0,0.7,1.0,True,2.2997200026349818,83,100
4,23441,previously 4.5,69,30,39,-7.035888597738956e-05,2.3748085370321367e-05,-2.9627182520288136,-0.27149773,1.0,1.0,0.7,1.0,True,2.29610664532233,84,100
4,25055,rhythm no murmurs.,550,261,289,-7.653361843708414e-05,2.5865433130345548e-05,-2.9589150141581912,-0.2907882,1.0,1.0,0.7,1.0,True,2.293159135972598,85,100
4,27462,the sampled tissue.,74,39,35,8.296202798993032e-05,2.8085468622441965e-05,2.953912897278086,0.264107,1.0,1.0,0.7,1.0,True,2.289282495390516,86,100
4,18856,murmurs rubs or,732,362,370,5.7263997163903875e-05,1.879067469132226e-05,3.047468922994501,0.4431083,1.0,1.0,0.6666666666666666,1.0,True,2.285601692245876,88,100
4,25251,rubs or,732,362,370,5.7263997163903875e-05,1.879067469132226e-05,3.047468922994501,0.4431083,1.0,1.0,0.6666666666666666,1.0,True,2.285601692245876,87,100
4,16995,low pd-l1 expression,305,137,168,-0.00013742725843245683,4.524221023151145e-05,-3.0375894044349314,-0.31093395,1.0,1.0,0.6666666666666666,1.0,True,2.2781920533261983,89,100
4,9166,consistent with primary,249,112,137,9.542546301748044e-05,3.161657920033059e-05,3.0182096049303984,0.27626273,1.0,1.0,0.6666666666666666,1.0,True,2.263657203697799,90,100
4,1537,. --- plan,235,122,113,-9.141513741247943e-05,3.138801302885441e-05,-2.9124219277098944,-0.19374776,1.0,1.0,0.7,1.0,True,2.257126993975168,91,100
4,21638,or neurologic changes.,58,23,35,-7.060437773750213e-05,2.3134272075193866e-05,-3.0519385917142787,-0.27140152,1.0,1.0,0.6333333333333333,1.0,True,2.212655478992852,92,100
4,3957,70 100 fatigue,210,116,94,-7.839887168572305e-05,2.7503097942827254e-05,-2.8505469401554926,-0.33774644,1.0,1.0,0.7,1.0,True,2.2091738786205064,93,100
4,8994,complexity <new note>,522,250,272,-8.971126376960769e-05,2.9471607189038533e-05,-3.0439895318289354,-0.36100668,1.0,1.0,0.6333333333333333,1.0,True,2.206892410575978,95,100
4,8993,complexity <new,522,250,272,-8.971126376960769e-05,2.9471607189038533e-05,-3.0439895318289354,-0.36100668,1.0,1.0,0.6333333333333333,1.0,True,2.206892410575978,94,100
4,15662,is within,60,23,37,-6.90061695438038e-05,2.269924537159295e-05,-3.0400204242103044,-0.2794404,1.0,1.0,0.6333333333333333,1.0,True,2.2040148075524706,96,100
4,8290,chest in 6,61,31,30,-9.070257612409758e-05,2.9838308955074233e-05,-3.0398028340233036,-0.3110071,1.0,1.0,0.6333333333333333,1.0,True,2.203857054666895,97,100
4,19042,nausea 10 pain,74,43,31,-6.946554217287536e-05,2.2914218623084393e-05,-3.0315474996338705,-0.32522008,1.0,1.0,0.6333333333333333,1.0,True,2.197871937234556,98,100
4,19232,neurologic no weakness,239,114,125,9.967604014869081e-05,3.411175500389748e-05,2.9220437393884366,0.24524705,1.0,1.0,0.6666666666666666,1.0,True,2.1915328045413274,99,100
4,21145,offer early,115,42,73,-8.297997366514637e-05,2.8428858180417747e-05,-2.9188641041624495,-0.27844107,1.0,1.0,0.6666666666666666,1.0,True,2.1891480781218373,100,100
4,17196,lung no,204,101,103,0.0001332722425727923,3.497218179296327e-05,3.810807211336409,0.36977252,1.0,1.0,1.0,1.0,True,3.810807211336409,1,200
4,26922,syndromes --- physical,107,57,50,-0.00010547574896331344,2.7329662100391544e-05,-3.859387231933699,-0.31246293,1.0,1.0,0.9666666666666667,1.0,True,3.7629025511353564,2,200
4,15896,kidneys,727,342,385,7.434218239837332e-05,1.903249085120107e-05,3.9060668926412148,0.33761844,1.0,1.0,0.9333333333333333,1.0,True,3.7107635480091536,3,200
4,34,% low,197,94,103,-0.0001256282873217583,3.389810137994278e-05,-3.7060567467678736,-0.32458237,1.0,1.0,0.9333333333333333,1.0,True,3.5207539094294797,4,200
4,19239,neurologic symptoms or,104,51,53,-9.721434694026332e-05,2.7616736675502803e-05,-3.5201243391836554,-0.2671188,1.0,1.0,1.0,1.0,True,3.5201243391836554,5,200
4,17879,mediastinum hilar nodes,335,158,177,-0.00011216394353137893,3.177924852419874e-05,-3.5294712348522075,-0.30339113,1.0,1.0,0.9333333333333333,1.0,True,3.3529976731095967,6,200
4,13411,global health 70,184,98,86,-9.682738249486293e-05,2.7934410046505082e-05,-3.4662404659223207,-0.28145325,1.0,1.0,0.9333333333333333,1.0,True,3.2929284426262044,7,200
4,13718,health 70,185,99,86,-9.623562879642635e-05,2.789062486559971e-05,-3.450465138739984,-0.28084165,1.0,1.0,0.9333333333333333,1.0,True,3.2779418818029846,8,200
4,18511,moderate complexity <new,321,158,163,-0.00011053722700089074,3.220788027157033e-05,-3.4319932286404202,-0.39663485,1.0,1.0,0.9333333333333333,1.0,True,3.260393567208399,9,200
4,26921,syndromes ---,146,72,74,-9.78190616814534e-05,2.79804993418903e-05,-3.4959726946332963,-0.23363264,1.0,1.0,0.9,1.0,True,3.2337747425357994,10,200
4,21265,on quality,124,49,75,-9.0409548872675e-05,2.603703813478605e-05,-3.472343835909887,-0.3449643,1.0,1.0,0.9,1.0,True,3.2119180482166456,12,200
4,21266,on quality of,124,49,75,-9.0409548872675e-05,2.603703813478605e-05,-3.472343835909887,-0.3449643,1.0,1.0,0.9,1.0,True,3.2119180482166456,11,200
4,7812,cancer syndromes ---,146,72,74,-9.65224479656365e-05,2.7878792886097276e-05,-3.4622176203967125,-0.23534454,1.0,1.0,0.9,1.0,True,3.2025512988669593,13,200
4,29774,with primary,469,221,248,9.938936188517938e-05,2.9802659716875015e-05,3.3349158373573826,0.3254465,1.0,1.0,0.9333333333333333,1.0,True,3.1681700454895134,14,200
4,14657,impact on quality,110,47,63,-9.052051785414133e-05,2.656350575392768e-05,-3.4077022322536235,-0.343333,1.0,1.0,0.9,1.0,True,3.152124564834602,15,200
4,13719,health 70 100,182,96,86,-8.918917731332041e-05,2.6323136526051493e-05,-3.388242781214603,-0.2551145,1.0,1.0,0.9,1.0,True,3.134124572623508,16,200
4,717,- metastatic nsclc,204,99,105,0.00012905136526204918,3.9317852136857065e-05,3.2822587768235376,0.39611372,1.0,1.0,0.9333333333333333,1.0,True,3.1181458379823606,17,200
4,14137,hour <new note>,731,343,388,5.8538910484995396e-05,1.7437364844380292e-05,3.3570961557222505,0.40021983,1.0,1.0,0.9,1.0,True,3.1053139440430817,19,200
4,14136,hour <new,731,343,388,5.8538910484995396e-05,1.7437364844380292e-05,3.3570961557222505,0.40021983,1.0,1.0,0.9,1.0,True,3.1053139440430817,18,200
4,14972,increasing,239,99,140,-0.00010632360290873814,3.097182431286824e-05,-3.4329137939918697,-0.39888433,1.0,1.0,0.8666666666666667,1.0,True,3.0896224145926827,20,200
4,24732,reports increasing,105,41,64,-9.869308105319146e-05,3.0335374555133105e-05,-3.2533991256254793,-0.39979437,1.0,1.0,0.9,1.0,True,3.0093941912035684,21,200
4,21626,or masses.,207,99,108,0.00011148061939244846,3.155530429716267e-05,3.5328646601729132,0.32306644,1.0,1.0,0.8,1.0,True,3.0029349611469764,22,200
4,17198,lung no new,86,41,45,9.828357361916263e-05,3.0794218221576656e-05,3.191624249460506,0.3687053,1.0,1.0,0.9,1.0,True,2.9522524307509683,23,200
4,17609,mass or,140,71,69,0.0001049227502616068,3.257030123538733e-05,3.2214240053637946,0.37512127,1.0,1.0,0.8666666666666667,1.0,True,2.899281604827415,24,200
4,25250,rubs,736,362,374,6.0104272192392146e-05,1.8393382489359814e-05,3.2677117559622983,0.45321828,1.0,1.0,0.8333333333333334,1.0,True,2.859247786467011,25,200
4,18832,multiplanar reconstructions,247,119,128,0.00010769612196923347,3.400561882228329e-05,3.1670096207354437,0.30043793,1.0,1.0,0.8666666666666667,1.0,True,2.8503086586618993,26,200
4,16368,left lung no,122,63,59,0.00011624104842012463,3.675263975328552e-05,3.162794542118113,0.2985245,1.0,1.0,0.8666666666666667,1.0,True,2.846515087906302,27,200
4,18458,ml s,503,242,261,7.849248247979794e-05,2.4284493477569073e-05,3.2322058745964504,0.31031555,1.0,1.0,0.8333333333333334,1.0,True,2.8281801402718942,28,200
4,462,- fda-approved,196,93,103,0.00010381877156367097,3.34045813121698e-05,3.107920156025072,0.2872216,1.0,1.0,0.8666666666666667,1.0,True,2.797128140422565,29,200
4,7780,canal,56,26,30,0.00011160289476778401,3.391545576432061e-05,3.2906205224932097,0.30377337,1.0,1.0,0.8,1.0,True,2.7970274441192284,30,200
4,3621,55 emotional function,60,26,34,0.00011998122601881937,3.882843594752499e-05,3.090034998601772,0.29099974,1.0,1.0,0.8666666666666667,1.0,True,2.781031498741595,31,200
4,2813,3 ml s,496,236,260,7.674980613967095e-05,2.44941436956437e-05,3.1333941326277492,0.29814643,1.0,1.0,0.8333333333333334,1.0,True,2.7417198660492805,32,200
4,28367,trends mild anemia,54,21,33,9.703068916156916e-05,3.0106950924990006e-05,3.222866686278407,0.3602518,1.0,1.0,0.8,1.0,True,2.739436683336646,33,200
4,13665,he reports increasing,66,25,41,-9.221067932039928e-05,2.9082438002705036e-05,-3.1706653792856883,-0.39132044,1.0,1.0,0.8,1.0,True,2.6950655723928354,34,200
4,22565,pd-l1 22c3,586,276,310,-5.3934389238645996e-05,1.701562020340246e-05,-3.169698700013369,-0.23447551,1.0,1.0,0.8,1.0,True,2.694243895011364,35,200
4,18831,multiplanar,425,208,217,9.134032283838937e-05,2.8924565296379466e-05,3.1578805732241233,0.26221845,1.0,1.0,0.8,1.0,True,2.684198487240505,36,200
4,3620,55 emotional,81,39,42,0.00011573655070483977,3.775191808097777e-05,3.0657131236771904,0.24448282,1.0,1.0,0.8333333333333334,1.0,True,2.6824989832175414,37,200
4,10672,disease progression depression,104,42,62,-9.471431472925134e-05,2.921427166174615e-05,-3.242056342389411,-0.22319683,1.0,1.0,0.7666666666666667,1.0,True,2.6746964824712642,38,200
4,626,- left lung,135,67,68,0.00011810094526096501,3.775213083878101e-05,3.1283252795798586,0.34303722,1.0,1.0,0.8,1.0,True,2.65907648764288,39,200
4,27288,the immunophenotype ttf-1+,100,46,54,-7.21237286241373e-05,2.3737262001649525e-05,-3.038418189053369,-0.22962599,1.0,1.0,0.8333333333333334,1.0,True,2.6586159154216977,40,200
4,29569,with a more,72,35,37,-7.674589369197376e-05,2.4666780484388104e-05,-3.1113056582535017,-0.20180233,1.0,1.0,0.8,1.0,True,2.644609809515477,41,200
4,10463,differential and,175,88,87,-9.649807762240522e-05,2.9196908269100047e-05,-3.3050786313745415,-0.24549697,1.0,1.0,0.7333333333333333,1.0,True,2.644062905099633,42,200
4,29635,with differential and,175,88,87,-9.649807762240522e-05,2.9196908269100047e-05,-3.3050786313745415,-0.24549697,1.0,1.0,0.7333333333333333,1.0,True,2.644062905099633,43,200
4,23717,progression depression,105,43,62,-9.33514967607221e-05,2.9142449091532052e-05,-3.2032824855426214,-0.22243762,1.0,1.0,0.7666666666666667,1.0,True,2.642708050572663,44,200
4,19862,no murmurs rubs,734,362,372,5.90076899426039e-05,1.8505875021017662e-05,3.188592264650396,0.46500692,1.0,1.0,0.7666666666666667,1.0,True,2.630588618336577,45,200
4,18855,murmurs rubs,734,362,372,5.90076899426039e-05,1.8505875021017662e-05,3.188592264650396,0.46500692,1.0,1.0,0.7666666666666667,1.0,True,2.630588618336577,46,200
4,24274,reasonable,81,28,53,-7.816594120128054e-05,2.5267108919319453e-05,-3.0935846855638545,-0.3224894,1.0,1.0,0.8,1.0,True,2.6295469827292766,47,200
4,10500,difficulty,84,46,38,-8.071787909766267e-05,2.6181087388952793e-05,-3.083060603958027,-0.32414126,1.0,1.0,0.8,1.0,True,2.6206015133643232,48,200
4,7472,bowel sounds.,72,31,41,7.873643464706656e-05,2.554834605622787e-05,3.0818603471935178,0.27270672,1.0,1.0,0.8,1.0,True,2.6195812951144903,49,200
4,1646,. physical examination,206,98,108,0.00011043794785335142,3.4876217258272383e-05,3.166568984116428,0.41753355,1.0,1.0,0.7666666666666667,1.0,True,2.6124194118960533,50,200
4,278,- chest pain,64,31,33,-8.079435390236317e-05,2.6345427592771404e-05,-3.066731546408126,-0.3217983,1.0,1.0,0.8,1.0,True,2.6067218144469075,51,200
4,3958,70 100 instrument,188,94,94,-8.423463805527984e-05,2.6874651880911678e-05,-3.134352713796802,-0.28951815,1.0,1.0,0.7666666666666667,1.0,True,2.585840988882362,52,200
4,5545,alk or,73,30,43,-8.154111509028054e-05,2.6029128008088004e-05,-3.132687159744397,-0.2309104,1.0,1.0,0.7666666666666667,1.0,True,2.5844669067891277,53,200
4,16247,laboratory trends mild,58,24,34,9.683076745964762e-05,3.111715342300297e-05,3.111813157949939,0.3527719,1.0,1.0,0.7666666666666667,1.0,True,2.5672458553087,54,200
4,28366,trends mild,58,24,34,9.683076745964762e-05,3.111715342300297e-05,3.111813157949939,0.3527719,1.0,1.0,0.7666666666666667,1.0,True,2.5672458553087,55,200
4,5053,administer,348,158,190,9.512637319597065e-05,3.0753006879286896e-05,3.0932381204012027,0.27515402,1.0,1.0,0.7666666666666667,1.0,True,2.5519214493309925,56,200
4,26119,spinal canal,52,23,29,0.00010171660791121492,3.299077271023302e-05,3.083183555736015,0.32858285,1.0,1.0,0.7666666666666667,1.0,True,2.5436264334822125,57,200
4,11087,dyspnea hemoptysis,191,103,88,-9.635825337929618e-05,3.14019910686075e-05,-3.0685396084844223,-0.3040285,1.0,1.0,0.7666666666666667,1.0,True,2.5315451769996486,58,200
4,20904,of first-line carboplatin,171,77,94,-0.00010585969307140125,3.24178049396873e-05,-3.2654799813976045,-0.24356416,1.0,1.0,0.7,1.0,True,2.5307469855831433,59,200
4,28277,tract,323,154,169,0.00010195156384224857,3.33910249938754e-05,3.053262481788103,0.23801203,1.0,1.0,0.7666666666666667,1.0,True,2.518941547475185,60,200
4,12965,function 55 emotional,62,27,35,0.0001160816425541374,3.853668871852512e-05,3.0122370762575494,0.2877433,1.0,1.0,0.7666666666666667,1.0,True,2.4850955879124785,61,200
4,1448,---------------- kras g12c,69,33,36,-7.439400718792007e-05,2.472846008767827e-05,-3.0084367131695844,-0.24723268,1.0,1.0,0.7666666666666667,1.0,True,2.4819602883649075,62,200
4,1645,. physical,215,104,111,0.00010642542957994761,3.439118317942795e-05,3.0945556314447757,0.41070265,1.0,1.0,0.7333333333333333,1.0,True,2.4756445051558202,63,200
4,26972,systemic treatment,136,66,70,-0.00010121610499006532,3.272168575127566e-05,-3.0932423763075656,-0.34027377,1.0,1.0,0.7333333333333333,1.0,True,2.4745939010460525,64,200
4,26633,suggestive of nodal,106,51,55,0.00010821090733301853,3.5069744126666656e-05,3.0855915840782004,0.268485,1.0,1.0,0.7333333333333333,1.0,True,2.46847326726256,65,200
4,13246,gem,126,64,62,0.00014388163953190514,4.667796614206533e-05,3.0824316358171746,0.2685919,1.0,1.0,0.7333333333333333,1.0,True,2.4659453086537395,66,200
4,12446,focal fdg-avid osseous,66,31,35,-7.843710637728866e-05,2.5470430474429196e-05,-3.0795359527211317,-0.19269632,1.0,1.0,0.7333333333333333,1.0,True,2.463628762176905,67,200
4,8727,cm. the,160,82,78,0.00010722867713692422,3.4853799115577624e-05,3.0765276629198,0.27941173,1.0,1.0,0.7333333333333333,1.0,True,2.4612221303358397,68,200
4,20187,nodules multiple bilateral,67,34,33,-8.512313796498562e-05,2.7822082373131013e-05,-3.0595530853288215,-0.30754155,1.0,1.0,0.7333333333333333,1.0,True,2.447642468263057,69,200
4,25500,sensation,643,303,340,8.440867498941006e-05,2.765157673074615e-05,3.0525809002260242,0.27252567,1.0,1.0,0.7333333333333333,1.0,True,2.442064720180819,70,200
4,21066,of stairs .,111,54,57,-9.333255053761001e-05,2.978949535237417e-05,-3.133069205557105,-0.20220639,1.0,1.0,0.7,1.0,True,2.428128634306756,71,200
4,22139,pain palpitations or,718,346,372,5.874128436177727e-05,1.9387008998670267e-05,3.029930215940286,0.32431647,1.0,1.0,0.7333333333333333,1.0,True,2.4239441727522286,72,200
4,3635,55.,92,50,42,0.00010316605087918043,3.557631277786515e-05,2.899852256284643,0.20996328,1.0,1.0,0.7666666666666667,1.0,True,2.3923781114348306,73,200
4,24733,reports increasing fatigue,87,32,55,-9.608395148593583e-05,3.138698601698591e-05,-3.061267221833196,-0.41924128,1.0,1.0,0.7,1.0,True,2.3724820969207268,74,200
4,10464,differential and cmp,168,83,85,-8.825877964934276e-05,2.8889911524158397e-05,-3.055003459444269,-0.21350403,1.0,1.0,0.7,1.0,True,2.367627681069308,75,200
4,5546,alk or ros1,72,30,42,-7.935583556078587e-05,2.6035783736797836e-05,-3.0479526317707046,-0.23188172,1.0,1.0,0.7,1.0,True,2.3621632896222957,76,200
4,1359,--- review,724,351,373,-6.337827458632471e-05,2.0871211436477847e-05,-3.03663612336152,-0.24351647,1.0,1.0,0.7,1.0,True,2.3533929956051773,78,200
4,1360,--- review of,724,351,373,-6.337827458632471e-05,2.0871211436477847e-05,-3.03663612336152,-0.24351647,1.0,1.0,0.7,1.0,True,2.3533929956051773,77,200
4,1468,----------------------- kras c.34g>t,202,95,107,9.257583602344219e-05,3.0688987960812e-05,3.0165815875602022,0.22324724,1.0,1.0,0.7,1.0,True,2.3378507303591562,79,200
4,1083,- sequencing platform,119,58,61,8.468704918108062e-05,2.7223289608578415e-05,3.110830851036997,0.42498133,1.0,1.0,0.6666666666666666,1.0,True,2.3331231382777475,80,200
4,19581,nkda social history,257,125,132,-9.239749165221491e-05,2.9720391637469437e-05,-3.1088921296624665,-0.26051506,1.0,1.0,0.6666666666666666,1.0,True,2.33166909724685,82,200
4,19580,nkda social,257,125,132,-9.239749165221491e-05,2.9720391637469437e-05,-3.1088921296624665,-0.26051506,1.0,1.0,0.6666666666666666,1.0,True,2.33166909724685,81,200
4,14625,immunoprofile,262,123,139,8.202378594222803e-05,2.764181466978199e-05,2.9673806485612673,0.31647694,1.0,1.0,0.7,1.0,True,2.2997200026349818,83,200
4,23441,previously 4.5,69,30,39,-7.035888597738956e-05,2.3748085370321367e-05,-2.9627182520288136,-0.27149773,1.0,1.0,0.7,1.0,True,2.29610664532233,84,200
4,25055,rhythm no murmurs.,550,261,289,-7.653361843708414e-05,2.5865433130345548e-05,-2.9589150141581912,-0.2907882,1.0,1.0,0.7,1.0,True,2.293159135972598,85,200
4,27462,the sampled tissue.,74,39,35,8.296202798993032e-05,2.8085468622441965e-05,2.953912897278086,0.264107,1.0,1.0,0.7,1.0,True,2.289282495390516,86,200
4,18856,murmurs rubs or,732,362,370,5.7263997163903875e-05,1.879067469132226e-05,3.047468922994501,0.4431083,1.0,1.0,0.6666666666666666,1.0,True,2.285601692245876,88,200
4,25251,rubs or,732,362,370,5.7263997163903875e-05,1.879067469132226e-05,3.047468922994501,0.4431083,1.0,1.0,0.6666666666666666,1.0,True,2.285601692245876,87,200
4,16995,low pd-l1 expression,305,137,168,-0.00013742725843245683,4.524221023151145e-05,-3.0375894044349314,-0.31093395,1.0,1.0,0.6666666666666666,1.0,True,2.2781920533261983,89,200
4,9166,consistent with primary,249,112,137,9.542546301748044e-05,3.161657920033059e-05,3.0182096049303984,0.27626273,1.0,1.0,0.6666666666666666,1.0,True,2.263657203697799,90,200
4,1537,. --- plan,235,122,113,-9.141513741247943e-05,3.138801302885441e-05,-2.9124219277098944,-0.19374776,1.0,1.0,0.7,1.0,True,2.257126993975168,91,200
4,21638,or neurologic changes.,58,23,35,-7.060437773750213e-05,2.3134272075193866e-05,-3.0519385917142787,-0.27140152,1.0,1.0,0.6333333333333333,1.0,True,2.212655478992852,92,200
4,3957,70 100 fatigue,210,116,94,-7.839887168572305e-05,2.7503097942827254e-05,-2.8505469401554926,-0.33774644,1.0,1.0,0.7,1.0,True,2.2091738786205064,93,200
4,8994,complexity <new note>,522,250,272,-8.971126376960769e-05,2.9471607189038533e-05,-3.0439895318289354,-0.36100668,1.0,1.0,0.6333333333333333,1.0,True,2.206892410575978,95,200
4,8993,complexity <new,522,250,272,-8.971126376960769e-05,2.9471607189038533e-05,-3.0439895318289354,-0.36100668,1.0,1.0,0.6333333333333333,1.0,True,2.206892410575978,94,200
4,15662,is within,60,23,37,-6.90061695438038e-05,2.269924537159295e-05,-3.0400204242103044,-0.2794404,1.0,1.0,0.6333333333333333,1.0,True,2.2040148075524706,96,200
4,8290,chest in 6,61,31,30,-9.070257612409758e-05,2.9838308955074233e-05,-3.0398028340233036,-0.3110071,1.0,1.0,0.6333333333333333,1.0,True,2.203857054666895,97,200
4,19042,nausea 10 pain,74,43,31,-6.946554217287536e-05,2.2914218623084393e-05,-3.0315474996338705,-0.32522008,1.0,1.0,0.6333333333333333,1.0,True,2.197871937234556,98,200
4,19232,neurologic no weakness,239,114,125,9.967604014869081e-05,3.411175500389748e-05,2.9220437393884366,0.24524705,1.0,1.0,0.6666666666666666,1.0,True,2.1915328045413274,99,200
4,21145,offer early,115,42,73,-8.297997366514637e-05,2.8428858180417747e-05,-2.9188641041624495,-0.27844107,1.0,1.0,0.6666666666666666,1.0,True,2.1891480781218373,100,200
4,6661,artery disease,193,88,105,-9.613552884630187e-05,3.3117913488586675e-05,-2.902825652933503,-0.31396577,1.0,1.0,0.6666666666666666,1.0,True,2.177119239700127,101,200
4,9440,coronary artery disease,193,88,105,-9.613552884630187e-05,3.3117913488586675e-05,-2.902825652933503,-0.31396577,1.0,1.0,0.6666666666666666,1.0,True,2.177119239700127,102,200
4,21903,other no abnormal,78,40,38,-7.45044408103968e-05,2.5245851410563596e-05,-2.951155799769224,-0.2755658,1.0,1.0,0.6333333333333333,1.0,True,2.1395879548326873,103,200
4,28222,tp53 missense,228,103,125,-9.512964554603112e-05,3.226696095738642e-05,-2.9482059271607493,-0.19301105,1.0,1.0,0.6333333333333333,1.0,True,2.137449297191543,104,200
4,5858,anc <1.0,150,76,74,-9.175992262623758e-05,3.126244483636148e-05,-2.9351486458126024,-0.2643164,1.0,1.0,0.6333333333333333,1.0,True,2.1279827682141366,105,200
4,13947,high pd-l1 expression,160,82,78,0.00015944899291404552,5.4673224180365626e-05,2.9164000350158097,0.35076898,1.0,1.0,0.6333333333333333,1.0,True,2.114390025386462,106,200
4,2633,2.5 mg,74,35,39,-7.654785712296787e-05,2.563396899759162e-05,-2.9861882539594142,-0.3227272,1.0,1.0,0.6,1.0,True,2.0903317777715897,107,200
4,21002,of oral prednisone,67,38,29,-6.952139119822959e-05,2.414104191849688e-05,-2.8798007738415903,-0.26448563,1.0,1.0,0.6333333333333333,1.0,True,2.087855561035153,108,200
4,26326,stairs .,116,57,59,-8.843461352416867e-05,2.974364835856626e-05,-2.9732268368046126,-0.19944045,1.0,1.0,0.6,1.0,True,2.0812587857632288,109,200
4,1321,--- laboratory,703,343,360,-6.280513457204968e-05,2.1183838798573416e-05,-2.964766450936134,-0.24033539,1.0,1.0,0.6,1.0,True,2.0753365156552936,110,200
4,6027,and growth,72,33,39,-6.3270316765274e-05,2.27003946484087e-05,-2.787190167625974,-0.22706741,0.8571428571428571,1.0,0.7333333333333333,1.0,True,2.0704841245221517,111,200
4,6586,are diagnostic of,76,43,33,9.377701206970387e-05,3.2885281105146574e-05,2.851640883648329,0.23628062,1.0,1.0,0.6333333333333333,1.0,True,2.0674396406450386,113,200
4,6585,are diagnostic,76,43,33,9.377701206970387e-05,3.2885281105146574e-05,2.851640883648329,0.23628062,1.0,1.0,0.6333333333333333,1.0,True,2.0674396406450386,112,200
4,6881,at bases,139,49,90,-8.524293108650084e-05,3.0190438657580302e-05,-2.823507536718013,-0.18690428,1.0,1.0,0.6333333333333333,1.0,True,2.047042964120559,114,200
4,5405,ago. she completed,65,37,28,-7.207991297985482e-05,2.5547433574462175e-05,-2.8214150266705307,-0.26880646,1.0,1.0,0.6333333333333333,1.0,True,2.0455258943361345,115,200
4,7415,bone or,60,25,35,-8.447744305640001e-05,2.909291762408139e-05,-2.903711623150323,-0.25821602,1.0,1.0,0.6,1.0,True,2.032598136205226,116,200
4,20996,of nodal,119,56,63,0.00010476850977242052,3.618921438097744e-05,2.8950202861405914,0.30546042,1.0,1.0,0.6,1.0,True,2.026514200298414,117,200
4,22568,pd-l1 22c3 tumor,271,119,152,-7.408592481599583e-05,2.5632654879208094e-05,-2.890294632573958,-0.20664905,1.0,1.0,0.6,1.0,True,2.0232062428017703,118,200
4,14992,indicated,464,229,235,8.381154420377672e-05,2.908065192872324e-05,2.882038009642942,0.2994905,1.0,1.0,0.6,1.0,True,2.0174266067500595,119,200
4,7502,braf no,474,227,247,-6.210881785356052e-05,2.1880220024187564e-05,-2.838582874619273,-0.245978,1.0,1.0,0.6,1.0,True,1.987008012233491,120,200
4,6436,aortic aneurysm,61,23,38,-6.441495098811242e-05,2.353898373201507e-05,-2.7365221762102867,-0.19867125,1.0,1.0,0.6333333333333333,1.0,True,1.983978577752458,121,200
4,25976,social function 70,186,105,81,-8.943609446188882e-05,3.273013766073812e-05,-2.7325303482964904,-0.29026806,1.0,1.0,0.6333333333333333,1.0,True,1.9810845025149555,122,200
4,26189,sputum. - cardiovascular,84,41,43,-7.557412249461531e-05,2.5753181535019766e-05,-2.934554800223339,-0.20267613,1.0,1.0,0.5666666666666667,1.0,True,1.980824490150754,123,200
4,7546,breast,528,256,272,-8.496582941200624e-05,3.0071595780446706e-05,-2.825451300700614,-0.29187104,1.0,1.0,0.6,1.0,True,1.9778159104904296,124,200
4,25305,sampled tissue.,78,40,38,7.865783255455217e-05,2.7878591267938896e-05,2.8214421524595013,0.27821943,1.0,1.0,0.6,1.0,True,1.9750095067216507,125,200
4,20195,nodules or masses.,157,73,84,9.679341660209098e-05,3.1936638639735165e-05,3.0307953724867533,0.32526374,1.0,1.0,0.5333333333333333,1.0,True,1.9700169921163897,126,200
4,2734,22c3 tumor,282,125,157,-7.572912472826162e-05,2.5990074691722818e-05,-2.9137709539703414,-0.20326112,1.0,1.0,0.5666666666666667,1.0,True,1.9667953939299805,128,200
4,2735,22c3 tumor proportion,282,125,157,-7.572912472826162e-05,2.5990074691722818e-05,-2.9137709539703414,-0.20326112,1.0,1.0,0.5666666666666667,1.0,True,1.9667953939299805,127,200
4,5562,all extremities sensation,378,178,200,8.302876932490138e-05,2.8589876661589998e-05,2.904131777401093,0.23188749,1.0,1.0,0.5666666666666667,1.0,True,1.9602889497457379,129,200
4,3182,4-5,62,32,30,-6.939375341151601e-05,2.487139546557831e-05,-2.790102932002994,-0.24661535,1.0,1.0,0.6,1.0,True,1.9530720524020957,130,200
4,13617,he continues,178,84,94,8.931043888226665e-05,3.2042778543808695e-05,2.787225170256754,0.29219675,1.0,1.0,0.6,1.0,True,1.9510576191797275,131,200
4,7807,cancer nsclc -,77,33,44,9.720644304975749e-05,3.379942967863888e-05,2.8759787953224434,0.37555045,1.0,1.0,0.5666666666666667,1.0,True,1.9412856868426493,132,200
4,6972,attenuation no focal,246,123,123,9.97942055404924e-05,3.476793669610372e-05,2.8702941567330877,0.33944204,1.0,1.0,0.5666666666666667,1.0,True,1.9374485557948344,133,200
4,22208,palpitations or,720,347,373,5.548258253840856e-05,1.9358617366536206e-05,2.8660405589872937,0.33499864,1.0,1.0,0.5666666666666667,1.0,True,1.9345773773164234,134,200
4,17391,maintaining quality,137,37,100,8.838546306121173e-05,3.0868843572998235e-05,2.8632579919036796,0.2607082,1.0,1.0,0.5666666666666667,1.0,True,1.932699144534984,135,200
4,22638,pelvic lymphadenopathy.,96,46,50,-8.207872713630985e-05,2.7666470314322066e-05,-2.966722035872435,-0.29768732,1.0,1.0,0.5333333333333333,1.0,True,1.9283693233170829,136,200
4,28658,unremarkable. - no,64,28,36,-7.215243891981116e-05,2.621045446614717e-05,-2.7528114406792,-0.26629454,1.0,1.0,0.6,1.0,True,1.92696800847544,137,200
4,18677,morphine 2.5,64,29,35,-7.157937052692536e-05,2.4686915041868076e-05,-2.8994862422270846,-0.31191573,1.0,1.0,0.5333333333333333,1.0,True,1.884666057447605,138,200
4,18678,morphine 2.5 mg,64,29,35,-7.157937052692536e-05,2.4686915041868076e-05,-2.8994862422270846,-0.31191573,1.0,1.0,0.5333333333333333,1.0,True,1.884666057447605,139,200
4,13845,hepatitis,133,65,68,0.00010273176639251772,3.6806932406657654e-05,2.791098297937362,0.2671152,1.0,1.0,0.5666666666666667,1.0,True,1.8839913511077195,140,200
4,9247,context,564,274,290,7.074848309919526e-05,2.5363330771547225e-05,2.7894003250772346,0.30134046,1.0,1.0,0.5666666666666667,1.0,True,1.8828452194271335,141,200
4,25184,role function 55,204,95,109,0.00012438000965654883,4.30257944799054e-05,2.8908242406689033,0.24458703,1.0,1.0,0.5333333333333333,1.0,True,1.8790357564347873,142,200
4,11595,epidural,111,52,59,0.00011136645631060092,3.8538881197767434e-05,2.8897169001639935,0.2953297,1.0,1.0,0.5333333333333333,1.0,True,1.8783159851065958,143,200
4,17322,lytic lesions in,92,41,51,0.00016957919472214414,5.8748079631808784e-05,2.88654873120868,0.31068975,1.0,1.0,0.5333333333333333,1.0,True,1.8762566752856422,144,200
4,24392,reconstructions in,156,75,81,9.045189421377932e-05,3.2604186586560636e-05,2.774241705850848,0.3467443,1.0,1.0,0.5666666666666667,1.0,True,1.8726131514493225,145,200
4,9438,coronary,271,126,145,-9.880887954082887e-05,3.431611385272204e-05,-2.8793726458915776,-0.36010376,1.0,1.0,0.5333333333333333,1.0,True,1.8715922198295254,146,200
4,401,- discuss potential,254,126,128,-8.495888419437358e-05,3.067652273117339e-05,-2.7695082959333788,-0.22455737,1.0,1.0,0.5666666666666667,1.0,True,1.8694180997550307,147,200
4,5209,after prior,232,117,115,9.486564676454654e-05,3.177204100351802e-05,2.985821614483072,0.31456113,1.0,1.0,0.5,1.0,True,1.86613850905192,148,200
4,18476,ml.,81,40,41,-8.294035014475194e-05,3.009374731743101e-05,-2.7560658787319228,-0.3262267,1.0,1.0,0.5666666666666667,1.0,True,1.860344468144048,149,200
4,18245,middle,72,38,34,7.313917109954532e-05,2.5643220679963925e-05,2.852183507381812,0.28850234,1.0,1.0,0.5333333333333333,1.0,True,1.8539192797981778,150,200
4,7970,cavitation. - right,132,62,70,7.340585877137523e-05,2.6741831455054726e-05,2.7449824779110292,0.32611275,1.0,1.0,0.5666666666666667,1.0,True,1.852863172589945,151,200
4,8880,comment,409,198,211,7.292907888245945e-05,2.5587379712121762e-05,2.8501972340649653,0.32131568,1.0,1.0,0.5333333333333333,1.0,True,1.8526282021422276,152,200
4,1246,- within normal,175,80,95,-8.268783611412455e-05,3.017783316410195e-05,-2.7400189955482257,-0.38265386,1.0,1.0,0.5666666666666667,1.0,True,1.8495128219950525,153,200
4,29464,whichever,67,28,39,-8.189958948927274e-05,2.8828777283880735e-05,-2.840897089834813,-0.3982911,1.0,1.0,0.5333333333333333,1.0,True,1.8465831083926285,154,200
4,2076,10 pain,78,47,31,-6.650705148267157e-05,2.267274690817956e-05,-2.933347765580097,-0.31723657,1.0,1.0,0.5,1.0,True,1.8333423534875606,155,200
4,13946,high pd-l1,187,99,88,0.00016792808053097172,5.955349280279158e-05,2.8197855848196376,0.34128052,1.0,1.0,0.5333333333333333,1.0,True,1.8328606301327646,156,200
4,17606,mass now measures,299,134,165,-8.555534618095573e-05,3.055162382191547e-05,-2.8003534829983296,-0.27435133,1.0,1.0,0.5333333333333333,1.0,True,1.8202297639489142,157,200
4,13986,hilar nodes -,277,127,150,-8.923355559730199e-05,3.192281956187229e-05,-2.7952905420635217,-0.24296816,1.0,1.0,0.5333333333333333,1.0,True,1.816938852341289,158,200
4,4910,additional focal hepatic,71,33,38,7.510643244535085e-05,2.7925667573653927e-05,2.689512515582938,0.28240082,1.0,1.0,0.5666666666666667,1.0,True,1.815420948018483,159,200
4,17350,m on day,79,42,37,8.140040018215442e-05,2.915437684056959e-05,2.7920473357153774,0.28696382,1.0,1.0,0.5333333333333333,1.0,True,1.8148307682149953,160,200
4,27191,that is,189,85,104,9.517679452831618e-05,3.2835700329095944e-05,2.8985766581618897,0.31445822,1.0,1.0,0.5,1.0,True,1.811610411351181,161,200
4,1345,--- physical examination,702,344,358,-6.014696568531886e-05,2.1676003972505566e-05,-2.7748179858986424,-0.22579786,1.0,1.0,0.5333333333333333,1.0,True,1.8036316908341177,162,200
4,16421,lesion measuring,312,143,169,9.812984298242072e-05,3.562453064135865e-05,2.7545581995260284,0.21646698,1.0,1.0,0.5333333333333333,1.0,True,1.7904628296919185,163,200
4,1407,---------- ----------,630,298,332,-6.452370730349411e-05,2.2735053940900197e-05,-2.8380714411860897,-0.3303034,1.0,1.0,0.5,1.0,True,1.773794650741306,164,200
4,2705,21-day cycle -,85,44,41,0.00011295567783551893,3.9826005198050243e-05,2.8362291742243055,0.322725,1.0,1.0,0.5,1.0,True,1.772643233890191,165,200
4,16367,left lung,232,119,113,0.00010876783186581351,4.0032843398859065e-05,2.7169649375670724,0.27210426,1.0,1.0,0.5333333333333333,1.0,True,1.7660272094185971,166,200
4,18069,metastatic deposit.,228,101,127,9.624223879547954e-05,3.410699084625894e-05,2.8217745514197414,0.21839994,1.0,1.0,0.5,1.0,True,1.7636090946373384,167,200
4,17392,maintaining quality of,136,37,99,8.72264135605157e-05,3.093186606583958e-05,2.8199531633445964,0.2632319,1.0,1.0,0.5,1.0,True,1.7624707270903728,168,200
4,14133,hour,761,364,397,4.219566663896862e-05,1.4980775817766999e-05,2.816654300969188,0.30429718,1.0,1.0,0.5,1.0,True,1.7604089381057424,169,200
4,8041,cea 4.0,71,39,32,0.00012429531515510637,4.591342385975362e-05,2.7071672009209498,0.2902469,1.0,1.0,0.5333333333333333,1.0,True,1.7596586805986174,170,200
4,8042,cea 4.0 ng,71,39,32,0.00012429531515510637,4.591342385975362e-05,2.7071672009209498,0.2902469,1.0,1.0,0.5333333333333333,1.0,True,1.7596586805986174,171,200
4,11981,fatigue 30,212,118,94,-0.00010337209444501587,3.6733893033552044e-05,-2.814079475611195,-0.33570787,1.0,1.0,0.5,1.0,True,1.7587996722569967,172,200
4,3253,4.0 ng,71,39,32,0.00013403344369530316,4.8325578312712526e-05,2.7735507442451928,0.2916643,1.0,1.0,0.5,1.0,True,1.7334692151532454,173,200
4,3254,4.0 ng ml,71,39,32,0.00013401218267484384,4.832595973223544e-05,2.773088903301223,0.29219568,1.0,1.0,0.5,1.0,True,1.7331805645632645,174,200
4,26425,status. ---,97,48,49,-7.738980423938741e-05,2.7908692822949565e-05,-2.772964134520449,-0.23638703,1.0,1.0,0.5,1.0,True,1.7331025840752807,175,200
4,7287,bilaterally. neurologic,98,44,54,-6.854480681528852e-05,2.6717512864130398e-05,-2.5655384602551594,-0.25680685,1.0,1.0,0.5666666666666667,1.0,True,1.7317384606722328,176,200
4,29121,wall invasion or,147,79,68,-9.380697512366954e-05,3.281547025554506e-05,-2.858620473610867,-0.25900245,1.0,1.0,0.4666666666666667,1.0,True,1.7151722841665202,177,200
4,871,- offer early,89,31,58,-7.689681269935794e-05,2.808530066559673e-05,-2.737973633073944,-0.28841382,1.0,1.0,0.5,1.0,True,1.711233520671215,178,200
4,22848,peripheral pulses intact,122,55,67,-8.715886987639176e-05,3.1893085062334524e-05,-2.732845370902224,-0.3136528,1.0,1.0,0.5,1.0,True,1.7080283568138899,179,200
4,8091,cell-cycle progression.,83,38,45,-6.245388752419389e-05,2.480328800644542e-05,-2.517968081810949,-0.15574911,1.0,1.0,0.5666666666666667,1.0,True,1.6996284552223906,180,200
4,1344,--- physical,709,348,361,-5.7946286761161993e-05,2.1350826392854247e-05,-2.7140067412358153,-0.22935224,1.0,1.0,0.5,1.0,True,1.6962542132723846,181,200
4,17920,medications current,134,65,69,9.761268664298772e-05,3.7405620357661e-05,2.609572724891215,0.2490298,1.0,1.0,0.5333333333333333,1.0,True,1.6962222711792898,182,200
4,25263,s .,438,203,235,6.989942782192527e-05,2.5787514764808154e-05,2.7105918681747494,0.30352855,1.0,1.0,0.5,1.0,True,1.6941199176092183,183,200
4,16214,lab,367,172,195,-8.074278527139605e-05,3.0988085840521e-05,-2.6056073836549865,-0.25303194,1.0,1.0,0.5333333333333333,1.0,True,1.6936447993757413,184,200
4,14973,increasing fatigue,146,53,93,-8.49709180394494e-05,3.139613872012422e-05,-2.706413001831494,-0.377963,1.0,1.0,0.5,1.0,True,1.6915081261446838,185,200
4,15428,interval growth,79,32,47,-6.600371745734376e-05,2.53645455974481e-05,-2.602203820437624,-0.19242632,1.0,1.0,0.5333333333333333,1.0,True,1.6914324832844556,186,200
4,22579,pd-l1 <1,160,76,84,-0.00011682121440717824,4.159380390701638e-05,-2.8086205981144197,-0.2961714,1.0,1.0,0.4666666666666667,1.0,True,1.6851723588686518,187,200
4,23496,primary tumor -,107,51,56,-7.284762302583141e-05,2.7237773912041887e-05,-2.674507221518029,-0.19804503,1.0,1.0,0.5,1.0,True,1.6715670134487681,188,200
4,9720,current -,126,66,60,0.00010095904903072342,3.78137380153279e-05,2.6699039642629194,0.21112737,1.0,1.0,0.5,1.0,True,1.6686899776643247,189,200
4,20036,no weakness,382,187,195,8.662249415924755e-05,3.1295787004218574e-05,2.7678643821154303,0.1984489,1.0,1.0,0.4666666666666667,1.0,True,1.6607186292692582,190,200
4,26804,suvmax 3.2,97,51,46,9.150421064246374e-05,3.308413467901773e-05,2.765803353487633,0.30729944,1.0,1.0,0.4666666666666667,1.0,True,1.6594820120925797,191,200
4,16387,lepidic-type growth,66,31,35,-7.681769878633348e-05,2.8934950515437885e-05,-2.654841201312867,-0.34071743,1.0,1.0,0.5,1.0,True,1.6592757508205418,192,200
4,15977,kras g12c mutant,259,114,145,-0.00010948673430360248,3.959711054718443e-05,-2.7650182750869323,-0.3213346,1.0,1.0,0.4666666666666667,1.0,True,1.6590109650521594,193,200
4,13121,g12c mutant,259,114,145,-0.00010948673430360248,3.959711054718443e-05,-2.7650182750869323,-0.3213346,1.0,1.0,0.4666666666666667,1.0,True,1.6590109650521594,194,200
4,6719,assay comprehensive solid-tumor,93,46,47,-6.19009712374786e-05,2.3392417960377187e-05,-2.646198069063592,-0.14244257,1.0,1.0,0.5,1.0,True,1.653873793164745,195,200
4,18432,ml <=3.0,194,89,105,9.326161047719416e-05,3.385325540933096e-05,2.7548786475491656,0.32520697,1.0,1.0,0.4666666666666667,1.0,True,1.6529271885294994,196,200
4,19510,ng ml <=3.0,194,89,105,9.326161047719416e-05,3.385325540933096e-05,2.7548786475491656,0.32520697,1.0,1.0,0.4666666666666667,1.0,True,1.6529271885294994,197,200
4,27169,testing.,186,87,99,9.959000139880646e-05,3.618263400781893e-05,2.7524254142825932,0.33700576,1.0,1.0,0.4666666666666667,1.0,True,1.651455248569556,198,200
4,22028,pack-years quit 2,57,40,17,-5.964413780405937e-05,2.1703220790536602e-05,-2.748169885921558,-0.25051743,1.0,1.0,0.4666666666666667,1.0,True,1.648901931552935,199,200
4,1308,--- history of,724,351,373,-5.319677609134254e-05,2.0184697370858287e-05,-2.6355003056991846,-0.2254738,1.0,1.0,0.5,1.0,True,1.6471876910619905,200,200
4,17196,lung no,204,101,103,0.0001332722425727923,3.497218179296327e-05,3.810807211336409,0.36977252,1.0,1.0,1.0,1.0,True,3.810807211336409,1,400
4,26922,syndromes --- physical,107,57,50,-0.00010547574896331344,2.7329662100391544e-05,-3.859387231933699,-0.31246293,1.0,1.0,0.9666666666666667,1.0,True,3.7629025511353564,2,400
4,15896,kidneys,727,342,385,7.434218239837332e-05,1.903249085120107e-05,3.9060668926412148,0.33761844,1.0,1.0,0.9333333333333333,1.0,True,3.7107635480091536,3,400
4,34,% low,197,94,103,-0.0001256282873217583,3.389810137994278e-05,-3.7060567467678736,-0.32458237,1.0,1.0,0.9333333333333333,1.0,True,3.5207539094294797,4,400
4,19239,neurologic symptoms or,104,51,53,-9.721434694026332e-05,2.7616736675502803e-05,-3.5201243391836554,-0.2671188,1.0,1.0,1.0,1.0,True,3.5201243391836554,5,400
4,17879,mediastinum hilar nodes,335,158,177,-0.00011216394353137893,3.177924852419874e-05,-3.5294712348522075,-0.30339113,1.0,1.0,0.9333333333333333,1.0,True,3.3529976731095967,6,400
4,13411,global health 70,184,98,86,-9.682738249486293e-05,2.7934410046505082e-05,-3.4662404659223207,-0.28145325,1.0,1.0,0.9333333333333333,1.0,True,3.2929284426262044,7,400
4,13718,health 70,185,99,86,-9.623562879642635e-05,2.789062486559971e-05,-3.450465138739984,-0.28084165,1.0,1.0,0.9333333333333333,1.0,True,3.2779418818029846,8,400
4,18511,moderate complexity <new,321,158,163,-0.00011053722700089074,3.220788027157033e-05,-3.4319932286404202,-0.39663485,1.0,1.0,0.9333333333333333,1.0,True,3.260393567208399,9,400
4,26921,syndromes ---,146,72,74,-9.78190616814534e-05,2.79804993418903e-05,-3.4959726946332963,-0.23363264,1.0,1.0,0.9,1.0,True,3.2337747425357994,10,400
4,21265,on quality,124,49,75,-9.0409548872675e-05,2.603703813478605e-05,-3.472343835909887,-0.3449643,1.0,1.0,0.9,1.0,True,3.2119180482166456,12,400
4,21266,on quality of,124,49,75,-9.0409548872675e-05,2.603703813478605e-05,-3.472343835909887,-0.3449643,1.0,1.0,0.9,1.0,True,3.2119180482166456,11,400
4,7812,cancer syndromes ---,146,72,74,-9.65224479656365e-05,2.7878792886097276e-05,-3.4622176203967125,-0.23534454,1.0,1.0,0.9,1.0,True,3.2025512988669593,13,400
4,29774,with primary,469,221,248,9.938936188517938e-05,2.9802659716875015e-05,3.3349158373573826,0.3254465,1.0,1.0,0.9333333333333333,1.0,True,3.1681700454895134,14,400
4,14657,impact on quality,110,47,63,-9.052051785414133e-05,2.656350575392768e-05,-3.4077022322536235,-0.343333,1.0,1.0,0.9,1.0,True,3.152124564834602,15,400
4,13719,health 70 100,182,96,86,-8.918917731332041e-05,2.6323136526051493e-05,-3.388242781214603,-0.2551145,1.0,1.0,0.9,1.0,True,3.134124572623508,16,400
4,717,- metastatic nsclc,204,99,105,0.00012905136526204918,3.9317852136857065e-05,3.2822587768235376,0.39611372,1.0,1.0,0.9333333333333333,1.0,True,3.1181458379823606,17,400
4,14137,hour <new note>,731,343,388,5.8538910484995396e-05,1.7437364844380292e-05,3.3570961557222505,0.40021983,1.0,1.0,0.9,1.0,True,3.1053139440430817,19,400
4,14136,hour <new,731,343,388,5.8538910484995396e-05,1.7437364844380292e-05,3.3570961557222505,0.40021983,1.0,1.0,0.9,1.0,True,3.1053139440430817,18,400
4,14972,increasing,239,99,140,-0.00010632360290873814,3.097182431286824e-05,-3.4329137939918697,-0.39888433,1.0,1.0,0.8666666666666667,1.0,True,3.0896224145926827,20,400
4,24732,reports increasing,105,41,64,-9.869308105319146e-05,3.0335374555133105e-05,-3.2533991256254793,-0.39979437,1.0,1.0,0.9,1.0,True,3.0093941912035684,21,400
4,21626,or masses.,207,99,108,0.00011148061939244846,3.155530429716267e-05,3.5328646601729132,0.32306644,1.0,1.0,0.8,1.0,True,3.0029349611469764,22,400
4,17198,lung no new,86,41,45,9.828357361916263e-05,3.0794218221576656e-05,3.191624249460506,0.3687053,1.0,1.0,0.9,1.0,True,2.9522524307509683,23,400
4,17609,mass or,140,71,69,0.0001049227502616068,3.257030123538733e-05,3.2214240053637946,0.37512127,1.0,1.0,0.8666666666666667,1.0,True,2.899281604827415,24,400
4,25250,rubs,736,362,374,6.0104272192392146e-05,1.8393382489359814e-05,3.2677117559622983,0.45321828,1.0,1.0,0.8333333333333334,1.0,True,2.859247786467011,25,400
4,18832,multiplanar reconstructions,247,119,128,0.00010769612196923347,3.400561882228329e-05,3.1670096207354437,0.30043793,1.0,1.0,0.8666666666666667,1.0,True,2.8503086586618993,26,400
4,16368,left lung no,122,63,59,0.00011624104842012463,3.675263975328552e-05,3.162794542118113,0.2985245,1.0,1.0,0.8666666666666667,1.0,True,2.846515087906302,27,400
4,18458,ml s,503,242,261,7.849248247979794e-05,2.4284493477569073e-05,3.2322058745964504,0.31031555,1.0,1.0,0.8333333333333334,1.0,True,2.8281801402718942,28,400
4,462,- fda-approved,196,93,103,0.00010381877156367097,3.34045813121698e-05,3.107920156025072,0.2872216,1.0,1.0,0.8666666666666667,1.0,True,2.797128140422565,29,400
4,7780,canal,56,26,30,0.00011160289476778401,3.391545576432061e-05,3.2906205224932097,0.30377337,1.0,1.0,0.8,1.0,True,2.7970274441192284,30,400
4,3621,55 emotional function,60,26,34,0.00011998122601881937,3.882843594752499e-05,3.090034998601772,0.29099974,1.0,1.0,0.8666666666666667,1.0,True,2.781031498741595,31,400
4,2813,3 ml s,496,236,260,7.674980613967095e-05,2.44941436956437e-05,3.1333941326277492,0.29814643,1.0,1.0,0.8333333333333334,1.0,True,2.7417198660492805,32,400
4,28367,trends mild anemia,54,21,33,9.703068916156916e-05,3.0106950924990006e-05,3.222866686278407,0.3602518,1.0,1.0,0.8,1.0,True,2.739436683336646,33,400
4,13665,he reports increasing,66,25,41,-9.221067932039928e-05,2.9082438002705036e-05,-3.1706653792856883,-0.39132044,1.0,1.0,0.8,1.0,True,2.6950655723928354,34,400
4,22565,pd-l1 22c3,586,276,310,-5.3934389238645996e-05,1.701562020340246e-05,-3.169698700013369,-0.23447551,1.0,1.0,0.8,1.0,True,2.694243895011364,35,400
4,18831,multiplanar,425,208,217,9.134032283838937e-05,2.8924565296379466e-05,3.1578805732241233,0.26221845,1.0,1.0,0.8,1.0,True,2.684198487240505,36,400
4,3620,55 emotional,81,39,42,0.00011573655070483977,3.775191808097777e-05,3.0657131236771904,0.24448282,1.0,1.0,0.8333333333333334,1.0,True,2.6824989832175414,37,400
4,10672,disease progression depression,104,42,62,-9.471431472925134e-05,2.921427166174615e-05,-3.242056342389411,-0.22319683,1.0,1.0,0.7666666666666667,1.0,True,2.6746964824712642,38,400
4,626,- left lung,135,67,68,0.00011810094526096501,3.775213083878101e-05,3.1283252795798586,0.34303722,1.0,1.0,0.8,1.0,True,2.65907648764288,39,400
4,27288,the immunophenotype ttf-1+,100,46,54,-7.21237286241373e-05,2.3737262001649525e-05,-3.038418189053369,-0.22962599,1.0,1.0,0.8333333333333334,1.0,True,2.6586159154216977,40,400
4,29569,with a more,72,35,37,-7.674589369197376e-05,2.4666780484388104e-05,-3.1113056582535017,-0.20180233,1.0,1.0,0.8,1.0,True,2.644609809515477,41,400
4,10463,differential and,175,88,87,-9.649807762240522e-05,2.9196908269100047e-05,-3.3050786313745415,-0.24549697,1.0,1.0,0.7333333333333333,1.0,True,2.644062905099633,42,400
4,29635,with differential and,175,88,87,-9.649807762240522e-05,2.9196908269100047e-05,-3.3050786313745415,-0.24549697,1.0,1.0,0.7333333333333333,1.0,True,2.644062905099633,43,400
4,23717,progression depression,105,43,62,-9.33514967607221e-05,2.9142449091532052e-05,-3.2032824855426214,-0.22243762,1.0,1.0,0.7666666666666667,1.0,True,2.642708050572663,44,400
4,19862,no murmurs rubs,734,362,372,5.90076899426039e-05,1.8505875021017662e-05,3.188592264650396,0.46500692,1.0,1.0,0.7666666666666667,1.0,True,2.630588618336577,45,400
4,18855,murmurs rubs,734,362,372,5.90076899426039e-05,1.8505875021017662e-05,3.188592264650396,0.46500692,1.0,1.0,0.7666666666666667,1.0,True,2.630588618336577,46,400
4,24274,reasonable,81,28,53,-7.816594120128054e-05,2.5267108919319453e-05,-3.0935846855638545,-0.3224894,1.0,1.0,0.8,1.0,True,2.6295469827292766,47,400
4,10500,difficulty,84,46,38,-8.071787909766267e-05,2.6181087388952793e-05,-3.083060603958027,-0.32414126,1.0,1.0,0.8,1.0,True,2.6206015133643232,48,400
4,7472,bowel sounds.,72,31,41,7.873643464706656e-05,2.554834605622787e-05,3.0818603471935178,0.27270672,1.0,1.0,0.8,1.0,True,2.6195812951144903,49,400
4,1646,. physical examination,206,98,108,0.00011043794785335142,3.4876217258272383e-05,3.166568984116428,0.41753355,1.0,1.0,0.7666666666666667,1.0,True,2.6124194118960533,50,400
4,278,- chest pain,64,31,33,-8.079435390236317e-05,2.6345427592771404e-05,-3.066731546408126,-0.3217983,1.0,1.0,0.8,1.0,True,2.6067218144469075,51,400
4,3958,70 100 instrument,188,94,94,-8.423463805527984e-05,2.6874651880911678e-05,-3.134352713796802,-0.28951815,1.0,1.0,0.7666666666666667,1.0,True,2.585840988882362,52,400
4,5545,alk or,73,30,43,-8.154111509028054e-05,2.6029128008088004e-05,-3.132687159744397,-0.2309104,1.0,1.0,0.7666666666666667,1.0,True,2.5844669067891277,53,400
4,16247,laboratory trends mild,58,24,34,9.683076745964762e-05,3.111715342300297e-05,3.111813157949939,0.3527719,1.0,1.0,0.7666666666666667,1.0,True,2.5672458553087,54,400
4,28366,trends mild,58,24,34,9.683076745964762e-05,3.111715342300297e-05,3.111813157949939,0.3527719,1.0,1.0,0.7666666666666667,1.0,True,2.5672458553087,55,400
4,5053,administer,348,158,190,9.512637319597065e-05,3.0753006879286896e-05,3.0932381204012027,0.27515402,1.0,1.0,0.7666666666666667,1.0,True,2.5519214493309925,56,400
4,26119,spinal canal,52,23,29,0.00010171660791121492,3.299077271023302e-05,3.083183555736015,0.32858285,1.0,1.0,0.7666666666666667,1.0,True,2.5436264334822125,57,400
4,11087,dyspnea hemoptysis,191,103,88,-9.635825337929618e-05,3.14019910686075e-05,-3.0685396084844223,-0.3040285,1.0,1.0,0.7666666666666667,1.0,True,2.5315451769996486,58,400
4,20904,of first-line carboplatin,171,77,94,-0.00010585969307140125,3.24178049396873e-05,-3.2654799813976045,-0.24356416,1.0,1.0,0.7,1.0,True,2.5307469855831433,59,400
4,28277,tract,323,154,169,0.00010195156384224857,3.33910249938754e-05,3.053262481788103,0.23801203,1.0,1.0,0.7666666666666667,1.0,True,2.518941547475185,60,400
4,12965,function 55 emotional,62,27,35,0.0001160816425541374,3.853668871852512e-05,3.0122370762575494,0.2877433,1.0,1.0,0.7666666666666667,1.0,True,2.4850955879124785,61,400
4,1448,---------------- kras g12c,69,33,36,-7.439400718792007e-05,2.472846008767827e-05,-3.0084367131695844,-0.24723268,1.0,1.0,0.7666666666666667,1.0,True,2.4819602883649075,62,400
4,1645,. physical,215,104,111,0.00010642542957994761,3.439118317942795e-05,3.0945556314447757,0.41070265,1.0,1.0,0.7333333333333333,1.0,True,2.4756445051558202,63,400
4,26972,systemic treatment,136,66,70,-0.00010121610499006532,3.272168575127566e-05,-3.0932423763075656,-0.34027377,1.0,1.0,0.7333333333333333,1.0,True,2.4745939010460525,64,400
4,26633,suggestive of nodal,106,51,55,0.00010821090733301853,3.5069744126666656e-05,3.0855915840782004,0.268485,1.0,1.0,0.7333333333333333,1.0,True,2.46847326726256,65,400
4,13246,gem,126,64,62,0.00014388163953190514,4.667796614206533e-05,3.0824316358171746,0.2685919,1.0,1.0,0.7333333333333333,1.0,True,2.4659453086537395,66,400
4,12446,focal fdg-avid osseous,66,31,35,-7.843710637728866e-05,2.5470430474429196e-05,-3.0795359527211317,-0.19269632,1.0,1.0,0.7333333333333333,1.0,True,2.463628762176905,67,400
4,8727,cm. the,160,82,78,0.00010722867713692422,3.4853799115577624e-05,3.0765276629198,0.27941173,1.0,1.0,0.7333333333333333,1.0,True,2.4612221303358397,68,400
4,20187,nodules multiple bilateral,67,34,33,-8.512313796498562e-05,2.7822082373131013e-05,-3.0595530853288215,-0.30754155,1.0,1.0,0.7333333333333333,1.0,True,2.447642468263057,69,400
4,25500,sensation,643,303,340,8.440867498941006e-05,2.765157673074615e-05,3.0525809002260242,0.27252567,1.0,1.0,0.7333333333333333,1.0,True,2.442064720180819,70,400
4,21066,of stairs .,111,54,57,-9.333255053761001e-05,2.978949535237417e-05,-3.133069205557105,-0.20220639,1.0,1.0,0.7,1.0,True,2.428128634306756,71,400
4,22139,pain palpitations or,718,346,372,5.874128436177727e-05,1.9387008998670267e-05,3.029930215940286,0.32431647,1.0,1.0,0.7333333333333333,1.0,True,2.4239441727522286,72,400
4,3635,55.,92,50,42,0.00010316605087918043,3.557631277786515e-05,2.899852256284643,0.20996328,1.0,1.0,0.7666666666666667,1.0,True,2.3923781114348306,73,400
4,24733,reports increasing fatigue,87,32,55,-9.608395148593583e-05,3.138698601698591e-05,-3.061267221833196,-0.41924128,1.0,1.0,0.7,1.0,True,2.3724820969207268,74,400
4,10464,differential and cmp,168,83,85,-8.825877964934276e-05,2.8889911524158397e-05,-3.055003459444269,-0.21350403,1.0,1.0,0.7,1.0,True,2.367627681069308,75,400
4,5546,alk or ros1,72,30,42,-7.935583556078587e-05,2.6035783736797836e-05,-3.0479526317707046,-0.23188172,1.0,1.0,0.7,1.0,True,2.3621632896222957,76,400
4,1359,--- review,724,351,373,-6.337827458632471e-05,2.0871211436477847e-05,-3.03663612336152,-0.24351647,1.0,1.0,0.7,1.0,True,2.3533929956051773,78,400
4,1360,--- review of,724,351,373,-6.337827458632471e-05,2.0871211436477847e-05,-3.03663612336152,-0.24351647,1.0,1.0,0.7,1.0,True,2.3533929956051773,77,400
4,1468,----------------------- kras c.34g>t,202,95,107,9.257583602344219e-05,3.0688987960812e-05,3.0165815875602022,0.22324724,1.0,1.0,0.7,1.0,True,2.3378507303591562,79,400
4,1083,- sequencing platform,119,58,61,8.468704918108062e-05,2.7223289608578415e-05,3.110830851036997,0.42498133,1.0,1.0,0.6666666666666666,1.0,True,2.3331231382777475,80,400
4,19581,nkda social history,257,125,132,-9.239749165221491e-05,2.9720391637469437e-05,-3.1088921296624665,-0.26051506,1.0,1.0,0.6666666666666666,1.0,True,2.33166909724685,82,400
4,19580,nkda social,257,125,132,-9.239749165221491e-05,2.9720391637469437e-05,-3.1088921296624665,-0.26051506,1.0,1.0,0.6666666666666666,1.0,True,2.33166909724685,81,400
4,14625,immunoprofile,262,123,139,8.202378594222803e-05,2.764181466978199e-05,2.9673806485612673,0.31647694,1.0,1.0,0.7,1.0,True,2.2997200026349818,83,400
4,23441,previously 4.5,69,30,39,-7.035888597738956e-05,2.3748085370321367e-05,-2.9627182520288136,-0.27149773,1.0,1.0,0.7,1.0,True,2.29610664532233,84,400
4,25055,rhythm no murmurs.,550,261,289,-7.653361843708414e-05,2.5865433130345548e-05,-2.9589150141581912,-0.2907882,1.0,1.0,0.7,1.0,True,2.293159135972598,85,400
4,27462,the sampled tissue.,74,39,35,8.296202798993032e-05,2.8085468622441965e-05,2.953912897278086,0.264107,1.0,1.0,0.7,1.0,True,2.289282495390516,86,400
4,18856,murmurs rubs or,732,362,370,5.7263997163903875e-05,1.879067469132226e-05,3.047468922994501,0.4431083,1.0,1.0,0.6666666666666666,1.0,True,2.285601692245876,88,400
4,25251,rubs or,732,362,370,5.7263997163903875e-05,1.879067469132226e-05,3.047468922994501,0.4431083,1.0,1.0,0.6666666666666666,1.0,True,2.285601692245876,87,400
4,16995,low pd-l1 expression,305,137,168,-0.00013742725843245683,4.524221023151145e-05,-3.0375894044349314,-0.31093395,1.0,1.0,0.6666666666666666,1.0,True,2.2781920533261983,89,400
4,9166,consistent with primary,249,112,137,9.542546301748044e-05,3.161657920033059e-05,3.0182096049303984,0.27626273,1.0,1.0,0.6666666666666666,1.0,True,2.263657203697799,90,400
4,1537,. --- plan,235,122,113,-9.141513741247943e-05,3.138801302885441e-05,-2.9124219277098944,-0.19374776,1.0,1.0,0.7,1.0,True,2.257126993975168,91,400
4,21638,or neurologic changes.,58,23,35,-7.060437773750213e-05,2.3134272075193866e-05,-3.0519385917142787,-0.27140152,1.0,1.0,0.6333333333333333,1.0,True,2.212655478992852,92,400
4,3957,70 100 fatigue,210,116,94,-7.839887168572305e-05,2.7503097942827254e-05,-2.8505469401554926,-0.33774644,1.0,1.0,0.7,1.0,True,2.2091738786205064,93,400
4,8994,complexity <new note>,522,250,272,-8.971126376960769e-05,2.9471607189038533e-05,-3.0439895318289354,-0.36100668,1.0,1.0,0.6333333333333333,1.0,True,2.206892410575978,95,400
4,8993,complexity <new,522,250,272,-8.971126376960769e-05,2.9471607189038533e-05,-3.0439895318289354,-0.36100668,1.0,1.0,0.6333333333333333,1.0,True,2.206892410575978,94,400
4,15662,is within,60,23,37,-6.90061695438038e-05,2.269924537159295e-05,-3.0400204242103044,-0.2794404,1.0,1.0,0.6333333333333333,1.0,True,2.2040148075524706,96,400
4,8290,chest in 6,61,31,30,-9.070257612409758e-05,2.9838308955074233e-05,-3.0398028340233036,-0.3110071,1.0,1.0,0.6333333333333333,1.0,True,2.203857054666895,97,400
4,19042,nausea 10 pain,74,43,31,-6.946554217287536e-05,2.2914218623084393e-05,-3.0315474996338705,-0.32522008,1.0,1.0,0.6333333333333333,1.0,True,2.197871937234556,98,400
4,19232,neurologic no weakness,239,114,125,9.967604014869081e-05,3.411175500389748e-05,2.9220437393884366,0.24524705,1.0,1.0,0.6666666666666666,1.0,True,2.1915328045413274,99,400
4,21145,offer early,115,42,73,-8.297997366514637e-05,2.8428858180417747e-05,-2.9188641041624495,-0.27844107,1.0,1.0,0.6666666666666666,1.0,True,2.1891480781218373,100,400
4,6661,artery disease,193,88,105,-9.613552884630187e-05,3.3117913488586675e-05,-2.902825652933503,-0.31396577,1.0,1.0,0.6666666666666666,1.0,True,2.177119239700127,101,400
4,9440,coronary artery disease,193,88,105,-9.613552884630187e-05,3.3117913488586675e-05,-2.902825652933503,-0.31396577,1.0,1.0,0.6666666666666666,1.0,True,2.177119239700127,102,400
4,21903,other no abnormal,78,40,38,-7.45044408103968e-05,2.5245851410563596e-05,-2.951155799769224,-0.2755658,1.0,1.0,0.6333333333333333,1.0,True,2.1395879548326873,103,400
4,28222,tp53 missense,228,103,125,-9.512964554603112e-05,3.226696095738642e-05,-2.9482059271607493,-0.19301105,1.0,1.0,0.6333333333333333,1.0,True,2.137449297191543,104,400
4,5858,anc <1.0,150,76,74,-9.175992262623758e-05,3.126244483636148e-05,-2.9351486458126024,-0.2643164,1.0,1.0,0.6333333333333333,1.0,True,2.1279827682141366,105,400
4,13947,high pd-l1 expression,160,82,78,0.00015944899291404552,5.4673224180365626e-05,2.9164000350158097,0.35076898,1.0,1.0,0.6333333333333333,1.0,True,2.114390025386462,106,400
4,2633,2.5 mg,74,35,39,-7.654785712296787e-05,2.563396899759162e-05,-2.9861882539594142,-0.3227272,1.0,1.0,0.6,1.0,True,2.0903317777715897,107,400
4,21002,of oral prednisone,67,38,29,-6.952139119822959e-05,2.414104191849688e-05,-2.8798007738415903,-0.26448563,1.0,1.0,0.6333333333333333,1.0,True,2.087855561035153,108,400
4,26326,stairs .,116,57,59,-8.843461352416867e-05,2.974364835856626e-05,-2.9732268368046126,-0.19944045,1.0,1.0,0.6,1.0,True,2.0812587857632288,109,400
4,1321,--- laboratory,703,343,360,-6.280513457204968e-05,2.1183838798573416e-05,-2.964766450936134,-0.24033539,1.0,1.0,0.6,1.0,True,2.0753365156552936,110,400
4,6027,and growth,72,33,39,-6.3270316765274e-05,2.27003946484087e-05,-2.787190167625974,-0.22706741,0.8571428571428571,1.0,0.7333333333333333,1.0,True,2.0704841245221517,111,400
4,6586,are diagnostic of,76,43,33,9.377701206970387e-05,3.2885281105146574e-05,2.851640883648329,0.23628062,1.0,1.0,0.6333333333333333,1.0,True,2.0674396406450386,113,400
4,6585,are diagnostic,76,43,33,9.377701206970387e-05,3.2885281105146574e-05,2.851640883648329,0.23628062,1.0,1.0,0.6333333333333333,1.0,True,2.0674396406450386,112,400
4,6881,at bases,139,49,90,-8.524293108650084e-05,3.0190438657580302e-05,-2.823507536718013,-0.18690428,1.0,1.0,0.6333333333333333,1.0,True,2.047042964120559,114,400
4,5405,ago. she completed,65,37,28,-7.207991297985482e-05,2.5547433574462175e-05,-2.8214150266705307,-0.26880646,1.0,1.0,0.6333333333333333,1.0,True,2.0455258943361345,115,400
4,7415,bone or,60,25,35,-8.447744305640001e-05,2.909291762408139e-05,-2.903711623150323,-0.25821602,1.0,1.0,0.6,1.0,True,2.032598136205226,116,400
4,20996,of nodal,119,56,63,0.00010476850977242052,3.618921438097744e-05,2.8950202861405914,0.30546042,1.0,1.0,0.6,1.0,True,2.026514200298414,117,400
4,22568,pd-l1 22c3 tumor,271,119,152,-7.408592481599583e-05,2.5632654879208094e-05,-2.890294632573958,-0.20664905,1.0,1.0,0.6,1.0,True,2.0232062428017703,118,400
4,14992,indicated,464,229,235,8.381154420377672e-05,2.908065192872324e-05,2.882038009642942,0.2994905,1.0,1.0,0.6,1.0,True,2.0174266067500595,119,400
4,7502,braf no,474,227,247,-6.210881785356052e-05,2.1880220024187564e-05,-2.838582874619273,-0.245978,1.0,1.0,0.6,1.0,True,1.987008012233491,120,400
4,6436,aortic aneurysm,61,23,38,-6.441495098811242e-05,2.353898373201507e-05,-2.7365221762102867,-0.19867125,1.0,1.0,0.6333333333333333,1.0,True,1.983978577752458,121,400
4,25976,social function 70,186,105,81,-8.943609446188882e-05,3.273013766073812e-05,-2.7325303482964904,-0.29026806,1.0,1.0,0.6333333333333333,1.0,True,1.9810845025149555,122,400
4,26189,sputum. - cardiovascular,84,41,43,-7.557412249461531e-05,2.5753181535019766e-05,-2.934554800223339,-0.20267613,1.0,1.0,0.5666666666666667,1.0,True,1.980824490150754,123,400
4,7546,breast,528,256,272,-8.496582941200624e-05,3.0071595780446706e-05,-2.825451300700614,-0.29187104,1.0,1.0,0.6,1.0,True,1.9778159104904296,124,400
4,25305,sampled tissue.,78,40,38,7.865783255455217e-05,2.7878591267938896e-05,2.8214421524595013,0.27821943,1.0,1.0,0.6,1.0,True,1.9750095067216507,125,400
4,20195,nodules or masses.,157,73,84,9.679341660209098e-05,3.1936638639735165e-05,3.0307953724867533,0.32526374,1.0,1.0,0.5333333333333333,1.0,True,1.9700169921163897,126,400
4,2734,22c3 tumor,282,125,157,-7.572912472826162e-05,2.5990074691722818e-05,-2.9137709539703414,-0.20326112,1.0,1.0,0.5666666666666667,1.0,True,1.9667953939299805,128,400
4,2735,22c3 tumor proportion,282,125,157,-7.572912472826162e-05,2.5990074691722818e-05,-2.9137709539703414,-0.20326112,1.0,1.0,0.5666666666666667,1.0,True,1.9667953939299805,127,400
4,5562,all extremities sensation,378,178,200,8.302876932490138e-05,2.8589876661589998e-05,2.904131777401093,0.23188749,1.0,1.0,0.5666666666666667,1.0,True,1.9602889497457379,129,400
4,3182,4-5,62,32,30,-6.939375341151601e-05,2.487139546557831e-05,-2.790102932002994,-0.24661535,1.0,1.0,0.6,1.0,True,1.9530720524020957,130,400
4,13617,he continues,178,84,94,8.931043888226665e-05,3.2042778543808695e-05,2.787225170256754,0.29219675,1.0,1.0,0.6,1.0,True,1.9510576191797275,131,400
4,7807,cancer nsclc -,77,33,44,9.720644304975749e-05,3.379942967863888e-05,2.8759787953224434,0.37555045,1.0,1.0,0.5666666666666667,1.0,True,1.9412856868426493,132,400
4,6972,attenuation no focal,246,123,123,9.97942055404924e-05,3.476793669610372e-05,2.8702941567330877,0.33944204,1.0,1.0,0.5666666666666667,1.0,True,1.9374485557948344,133,400
4,22208,palpitations or,720,347,373,5.548258253840856e-05,1.9358617366536206e-05,2.8660405589872937,0.33499864,1.0,1.0,0.5666666666666667,1.0,True,1.9345773773164234,134,400
4,17391,maintaining quality,137,37,100,8.838546306121173e-05,3.0868843572998235e-05,2.8632579919036796,0.2607082,1.0,1.0,0.5666666666666667,1.0,True,1.932699144534984,135,400
4,22638,pelvic lymphadenopathy.,96,46,50,-8.207872713630985e-05,2.7666470314322066e-05,-2.966722035872435,-0.29768732,1.0,1.0,0.5333333333333333,1.0,True,1.9283693233170829,136,400
4,28658,unremarkable. - no,64,28,36,-7.215243891981116e-05,2.621045446614717e-05,-2.7528114406792,-0.26629454,1.0,1.0,0.6,1.0,True,1.92696800847544,137,400
4,18677,morphine 2.5,64,29,35,-7.157937052692536e-05,2.4686915041868076e-05,-2.8994862422270846,-0.31191573,1.0,1.0,0.5333333333333333,1.0,True,1.884666057447605,138,400
4,18678,morphine 2.5 mg,64,29,35,-7.157937052692536e-05,2.4686915041868076e-05,-2.8994862422270846,-0.31191573,1.0,1.0,0.5333333333333333,1.0,True,1.884666057447605,139,400
4,13845,hepatitis,133,65,68,0.00010273176639251772,3.6806932406657654e-05,2.791098297937362,0.2671152,1.0,1.0,0.5666666666666667,1.0,True,1.8839913511077195,140,400
4,9247,context,564,274,290,7.074848309919526e-05,2.5363330771547225e-05,2.7894003250772346,0.30134046,1.0,1.0,0.5666666666666667,1.0,True,1.8828452194271335,141,400
4,25184,role function 55,204,95,109,0.00012438000965654883,4.30257944799054e-05,2.8908242406689033,0.24458703,1.0,1.0,0.5333333333333333,1.0,True,1.8790357564347873,142,400
4,11595,epidural,111,52,59,0.00011136645631060092,3.8538881197767434e-05,2.8897169001639935,0.2953297,1.0,1.0,0.5333333333333333,1.0,True,1.8783159851065958,143,400
4,17322,lytic lesions in,92,41,51,0.00016957919472214414,5.8748079631808784e-05,2.88654873120868,0.31068975,1.0,1.0,0.5333333333333333,1.0,True,1.8762566752856422,144,400
4,24392,reconstructions in,156,75,81,9.045189421377932e-05,3.2604186586560636e-05,2.774241705850848,0.3467443,1.0,1.0,0.5666666666666667,1.0,True,1.8726131514493225,145,400
4,9438,coronary,271,126,145,-9.880887954082887e-05,3.431611385272204e-05,-2.8793726458915776,-0.36010376,1.0,1.0,0.5333333333333333,1.0,True,1.8715922198295254,146,400
4,401,- discuss potential,254,126,128,-8.495888419437358e-05,3.067652273117339e-05,-2.7695082959333788,-0.22455737,1.0,1.0,0.5666666666666667,1.0,True,1.8694180997550307,147,400
4,5209,after prior,232,117,115,9.486564676454654e-05,3.177204100351802e-05,2.985821614483072,0.31456113,1.0,1.0,0.5,1.0,True,1.86613850905192,148,400
4,18476,ml.,81,40,41,-8.294035014475194e-05,3.009374731743101e-05,-2.7560658787319228,-0.3262267,1.0,1.0,0.5666666666666667,1.0,True,1.860344468144048,149,400
4,18245,middle,72,38,34,7.313917109954532e-05,2.5643220679963925e-05,2.852183507381812,0.28850234,1.0,1.0,0.5333333333333333,1.0,True,1.8539192797981778,150,400
4,7970,cavitation. - right,132,62,70,7.340585877137523e-05,2.6741831455054726e-05,2.7449824779110292,0.32611275,1.0,1.0,0.5666666666666667,1.0,True,1.852863172589945,151,400
4,8880,comment,409,198,211,7.292907888245945e-05,2.5587379712121762e-05,2.8501972340649653,0.32131568,1.0,1.0,0.5333333333333333,1.0,True,1.8526282021422276,152,400
4,1246,- within normal,175,80,95,-8.268783611412455e-05,3.017783316410195e-05,-2.7400189955482257,-0.38265386,1.0,1.0,0.5666666666666667,1.0,True,1.8495128219950525,153,400
4,29464,whichever,67,28,39,-8.189958948927274e-05,2.8828777283880735e-05,-2.840897089834813,-0.3982911,1.0,1.0,0.5333333333333333,1.0,True,1.8465831083926285,154,400
4,2076,10 pain,78,47,31,-6.650705148267157e-05,2.267274690817956e-05,-2.933347765580097,-0.31723657,1.0,1.0,0.5,1.0,True,1.8333423534875606,155,400
4,13946,high pd-l1,187,99,88,0.00016792808053097172,5.955349280279158e-05,2.8197855848196376,0.34128052,1.0,1.0,0.5333333333333333,1.0,True,1.8328606301327646,156,400
4,17606,mass now measures,299,134,165,-8.555534618095573e-05,3.055162382191547e-05,-2.8003534829983296,-0.27435133,1.0,1.0,0.5333333333333333,1.0,True,1.8202297639489142,157,400
4,13986,hilar nodes -,277,127,150,-8.923355559730199e-05,3.192281956187229e-05,-2.7952905420635217,-0.24296816,1.0,1.0,0.5333333333333333,1.0,True,1.816938852341289,158,400
4,4910,additional focal hepatic,71,33,38,7.510643244535085e-05,2.7925667573653927e-05,2.689512515582938,0.28240082,1.0,1.0,0.5666666666666667,1.0,True,1.815420948018483,159,400
4,17350,m on day,79,42,37,8.140040018215442e-05,2.915437684056959e-05,2.7920473357153774,0.28696382,1.0,1.0,0.5333333333333333,1.0,True,1.8148307682149953,160,400
4,27191,that is,189,85,104,9.517679452831618e-05,3.2835700329095944e-05,2.8985766581618897,0.31445822,1.0,1.0,0.5,1.0,True,1.811610411351181,161,400
4,1345,--- physical examination,702,344,358,-6.014696568531886e-05,2.1676003972505566e-05,-2.7748179858986424,-0.22579786,1.0,1.0,0.5333333333333333,1.0,True,1.8036316908341177,162,400
4,16421,lesion measuring,312,143,169,9.812984298242072e-05,3.562453064135865e-05,2.7545581995260284,0.21646698,1.0,1.0,0.5333333333333333,1.0,True,1.7904628296919185,163,400
4,1407,---------- ----------,630,298,332,-6.452370730349411e-05,2.2735053940900197e-05,-2.8380714411860897,-0.3303034,1.0,1.0,0.5,1.0,True,1.773794650741306,164,400
4,2705,21-day cycle -,85,44,41,0.00011295567783551893,3.9826005198050243e-05,2.8362291742243055,0.322725,1.0,1.0,0.5,1.0,True,1.772643233890191,165,400
4,16367,left lung,232,119,113,0.00010876783186581351,4.0032843398859065e-05,2.7169649375670724,0.27210426,1.0,1.0,0.5333333333333333,1.0,True,1.7660272094185971,166,400
4,18069,metastatic deposit.,228,101,127,9.624223879547954e-05,3.410699084625894e-05,2.8217745514197414,0.21839994,1.0,1.0,0.5,1.0,True,1.7636090946373384,167,400
4,17392,maintaining quality of,136,37,99,8.72264135605157e-05,3.093186606583958e-05,2.8199531633445964,0.2632319,1.0,1.0,0.5,1.0,True,1.7624707270903728,168,400
4,14133,hour,761,364,397,4.219566663896862e-05,1.4980775817766999e-05,2.816654300969188,0.30429718,1.0,1.0,0.5,1.0,True,1.7604089381057424,169,400
4,8041,cea 4.0,71,39,32,0.00012429531515510637,4.591342385975362e-05,2.7071672009209498,0.2902469,1.0,1.0,0.5333333333333333,1.0,True,1.7596586805986174,170,400
4,8042,cea 4.0 ng,71,39,32,0.00012429531515510637,4.591342385975362e-05,2.7071672009209498,0.2902469,1.0,1.0,0.5333333333333333,1.0,True,1.7596586805986174,171,400
4,11981,fatigue 30,212,118,94,-0.00010337209444501587,3.6733893033552044e-05,-2.814079475611195,-0.33570787,1.0,1.0,0.5,1.0,True,1.7587996722569967,172,400
4,3253,4.0 ng,71,39,32,0.00013403344369530316,4.8325578312712526e-05,2.7735507442451928,0.2916643,1.0,1.0,0.5,1.0,True,1.7334692151532454,173,400
4,3254,4.0 ng ml,71,39,32,0.00013401218267484384,4.832595973223544e-05,2.773088903301223,0.29219568,1.0,1.0,0.5,1.0,True,1.7331805645632645,174,400
4,26425,status. ---,97,48,49,-7.738980423938741e-05,2.7908692822949565e-05,-2.772964134520449,-0.23638703,1.0,1.0,0.5,1.0,True,1.7331025840752807,175,400
4,7287,bilaterally. neurologic,98,44,54,-6.854480681528852e-05,2.6717512864130398e-05,-2.5655384602551594,-0.25680685,1.0,1.0,0.5666666666666667,1.0,True,1.7317384606722328,176,400
4,29121,wall invasion or,147,79,68,-9.380697512366954e-05,3.281547025554506e-05,-2.858620473610867,-0.25900245,1.0,1.0,0.4666666666666667,1.0,True,1.7151722841665202,177,400
4,871,- offer early,89,31,58,-7.689681269935794e-05,2.808530066559673e-05,-2.737973633073944,-0.28841382,1.0,1.0,0.5,1.0,True,1.711233520671215,178,400
4,22848,peripheral pulses intact,122,55,67,-8.715886987639176e-05,3.1893085062334524e-05,-2.732845370902224,-0.3136528,1.0,1.0,0.5,1.0,True,1.7080283568138899,179,400
4,8091,cell-cycle progression.,83,38,45,-6.245388752419389e-05,2.480328800644542e-05,-2.517968081810949,-0.15574911,1.0,1.0,0.5666666666666667,1.0,True,1.6996284552223906,180,400
4,1344,--- physical,709,348,361,-5.7946286761161993e-05,2.1350826392854247e-05,-2.7140067412358153,-0.22935224,1.0,1.0,0.5,1.0,True,1.6962542132723846,181,400
4,17920,medications current,134,65,69,9.761268664298772e-05,3.7405620357661e-05,2.609572724891215,0.2490298,1.0,1.0,0.5333333333333333,1.0,True,1.6962222711792898,182,400
4,25263,s .,438,203,235,6.989942782192527e-05,2.5787514764808154e-05,2.7105918681747494,0.30352855,1.0,1.0,0.5,1.0,True,1.6941199176092183,183,400
4,16214,lab,367,172,195,-8.074278527139605e-05,3.0988085840521e-05,-2.6056073836549865,-0.25303194,1.0,1.0,0.5333333333333333,1.0,True,1.6936447993757413,184,400
4,14973,increasing fatigue,146,53,93,-8.49709180394494e-05,3.139613872012422e-05,-2.706413001831494,-0.377963,1.0,1.0,0.5,1.0,True,1.6915081261446838,185,400
4,15428,interval growth,79,32,47,-6.600371745734376e-05,2.53645455974481e-05,-2.602203820437624,-0.19242632,1.0,1.0,0.5333333333333333,1.0,True,1.6914324832844556,186,400
4,22579,pd-l1 <1,160,76,84,-0.00011682121440717824,4.159380390701638e-05,-2.8086205981144197,-0.2961714,1.0,1.0,0.4666666666666667,1.0,True,1.6851723588686518,187,400
4,23496,primary tumor -,107,51,56,-7.284762302583141e-05,2.7237773912041887e-05,-2.674507221518029,-0.19804503,1.0,1.0,0.5,1.0,True,1.6715670134487681,188,400
4,9720,current -,126,66,60,0.00010095904903072342,3.78137380153279e-05,2.6699039642629194,0.21112737,1.0,1.0,0.5,1.0,True,1.6686899776643247,189,400
4,20036,no weakness,382,187,195,8.662249415924755e-05,3.1295787004218574e-05,2.7678643821154303,0.1984489,1.0,1.0,0.4666666666666667,1.0,True,1.6607186292692582,190,400
4,26804,suvmax 3.2,97,51,46,9.150421064246374e-05,3.308413467901773e-05,2.765803353487633,0.30729944,1.0,1.0,0.4666666666666667,1.0,True,1.6594820120925797,191,400
4,16387,lepidic-type growth,66,31,35,-7.681769878633348e-05,2.8934950515437885e-05,-2.654841201312867,-0.34071743,1.0,1.0,0.5,1.0,True,1.6592757508205418,192,400
4,15977,kras g12c mutant,259,114,145,-0.00010948673430360248,3.959711054718443e-05,-2.7650182750869323,-0.3213346,1.0,1.0,0.4666666666666667,1.0,True,1.6590109650521594,193,400
4,13121,g12c mutant,259,114,145,-0.00010948673430360248,3.959711054718443e-05,-2.7650182750869323,-0.3213346,1.0,1.0,0.4666666666666667,1.0,True,1.6590109650521594,194,400
4,6719,assay comprehensive solid-tumor,93,46,47,-6.19009712374786e-05,2.3392417960377187e-05,-2.646198069063592,-0.14244257,1.0,1.0,0.5,1.0,True,1.653873793164745,195,400
4,18432,ml <=3.0,194,89,105,9.326161047719416e-05,3.385325540933096e-05,2.7548786475491656,0.32520697,1.0,1.0,0.4666666666666667,1.0,True,1.6529271885294994,196,400
4,19510,ng ml <=3.0,194,89,105,9.326161047719416e-05,3.385325540933096e-05,2.7548786475491656,0.32520697,1.0,1.0,0.4666666666666667,1.0,True,1.6529271885294994,197,400
4,27169,testing.,186,87,99,9.959000139880646e-05,3.618263400781893e-05,2.7524254142825932,0.33700576,1.0,1.0,0.4666666666666667,1.0,True,1.651455248569556,198,400
4,22028,pack-years quit 2,57,40,17,-5.964413780405937e-05,2.1703220790536602e-05,-2.748169885921558,-0.25051743,1.0,1.0,0.4666666666666667,1.0,True,1.648901931552935,199,400
4,1308,--- history of,724,351,373,-5.319677609134254e-05,2.0184697370858287e-05,-2.6355003056991846,-0.2254738,1.0,1.0,0.5,1.0,True,1.6471876910619905,200,400
4,1307,--- history,724,351,373,-5.319677609134254e-05,2.0184697370858287e-05,-2.6355003056991846,-0.2254738,1.0,1.0,0.5,1.0,True,1.6471876910619905,201,400
4,12212,fever severe,114,50,64,-9.414408543765616e-05,3.302454701232914e-05,-2.8507305611946503,-0.34267822,1.0,1.0,0.43333333333333335,1.0,True,1.6391700726869238,202,400
4,6769,assessment. signature,62,36,26,-6.127878810398296e-05,2.265000531950487e-05,-2.705464623057427,-0.20541756,1.0,1.0,0.4666666666666667,1.0,True,1.6232787738344563,203,400
4,22581,pd-l1 <1 %.,100,44,56,-8.763936878045838e-05,3.1148399095213705e-05,-2.8136074830865105,-0.2654107,1.0,1.0,0.43333333333333335,1.0,True,1.6178243027747434,204,400
4,3285,4.3 cm,41,23,18,-0.0001356169594944252,5.037508220245864e-05,-2.6921436862252146,-0.2633498,1.0,1.0,0.4666666666666667,1.0,True,1.6152862117351288,205,400
4,23986,q4h,90,35,55,-7.579288769443095e-05,2.6996165581239526e-05,-2.807542703290492,-0.29392242,1.0,1.0,0.43333333333333335,1.0,True,1.6143370543920326,206,400
4,18113,metastatic nsclc,514,249,265,9.236334766457517e-05,3.435648248813433e-05,2.6883819580911585,0.28834942,1.0,1.0,0.4666666666666667,1.0,True,1.613029174854695,207,400
4,26073,sounds.,77,33,44,6.899044323595761e-05,2.5694815812042976e-05,2.6849946596473475,0.2054598,1.0,1.0,0.4666666666666667,1.0,True,1.6109967957884084,208,400
4,9903,daily allergies -,205,104,101,-8.005756010765253e-05,2.8755844233811624e-05,-2.7840448521250316,-0.3108655,1.0,1.0,0.43333333333333335,1.0,True,1.600825789971893,209,400
4,20273,none rash,247,117,130,-9.30581738187745e-05,3.216418677074712e-05,-2.8932232760011702,-0.37097776,1.0,1.0,0.4,1.0,True,1.5912728018006437,210,400
4,16216,lab review,150,70,80,-8.337780215409842e-05,3.147818945668636e-05,-2.648748342684237,-0.2631343,1.0,1.0,0.4666666666666667,1.0,True,1.5892490056105422,211,400
4,17851,mediastinal nodes stable,126,59,67,9.330128546229662e-05,3.5317602946630945e-05,2.6417785375549365,0.24997842,1.0,1.0,0.4666666666666667,1.0,True,1.5850671225329618,212,400
4,29165,was referred to,158,74,84,-7.007106122157116e-05,2.7664951312508194e-05,-2.5328459981742255,-0.18345271,1.0,1.0,0.5,1.0,True,1.583028748858891,213,400
4,23987,q4h prn,87,34,53,-7.484768444491529e-05,2.7190520404747377e-05,-2.7527124648871055,-0.30043498,1.0,1.0,0.43333333333333335,1.0,True,1.5828096673100855,214,400
4,7745,calcification.,347,168,179,-8.545369566858151e-05,3.247092918801653e-05,-2.631698500950764,-0.38537112,1.0,1.0,0.4666666666666667,1.0,True,1.5790191005704584,215,400
4,11962,father lung,78,31,47,9.770407572089662e-05,3.722706091636284e-05,2.624544439336913,0.2325698,1.0,1.0,0.4666666666666667,1.0,True,1.5747266636021477,216,400
4,6392,anti-pd-1 pd-l1,79,40,39,-7.160598568584667e-05,2.6267056992662273e-05,-2.7260756964836173,-0.30855203,1.0,1.0,0.43333333333333335,1.0,True,1.5674935254780797,217,400
4,29467,while maintaining quality,86,22,64,7.676576927230857e-05,2.8287802436846576e-05,2.713740999983672,0.25773937,1.0,1.0,0.43333333333333335,1.0,True,1.5604010749906112,218,400
4,3955,70 100,744,354,390,-4.737482765420579e-05,1.8219431815342716e-05,-2.600236282577764,-0.22027932,1.0,1.0,0.4666666666666667,1.0,True,1.5601417695466584,219,400
4,26118,spinal,89,40,49,9.782581758428362e-05,3.6243530065716856e-05,2.6991249860845676,0.33198255,1.0,1.0,0.43333333333333335,1.0,True,1.5519968669986264,220,400
4,29374,well-controlled,461,207,254,8.172057328874537e-05,3.0352864788906823e-05,2.692351244506321,0.29428926,1.0,1.0,0.43333333333333335,1.0,True,1.5481019655911343,221,400
4,6441,apices through the,426,193,233,7.55099059386273e-05,2.8063191080397536e-05,2.6907098954748534,0.25483555,1.0,1.0,0.43333333333333335,1.0,True,1.5471581898980407,222,400
4,12360,first hour <new,708,332,376,4.744145516835334e-05,1.856275649035208e-05,2.555733314338894,0.33140084,1.0,1.0,0.4666666666666667,1.0,True,1.5334399886033363,223,400
4,1410,---------- constitutional fatigue,543,252,291,-6.675627350902825e-05,2.5202718982957938e-05,-2.6487726802083853,-0.4334768,1.0,1.0,0.43333333333333335,1.0,True,1.5230442911198214,224,400
4,3411,5 100,229,114,115,-0.00010577413766025609,3.996333343047192e-05,-2.6467796497577356,-0.33528864,1.0,1.0,0.43333333333333335,1.0,True,1.521898298610698,225,400
4,5404,ago. she,108,63,45,-8.732828900847816e-05,3.36157552788258e-05,-2.5978380757515005,-0.22946437,0.8571428571428571,1.0,0.5,1.0,True,1.5076738832486387,226,400
4,10558,discomfort and,126,55,71,-8.337778688512558e-05,3.1808948567295266e-05,-2.621205372718651,-0.24727999,1.0,1.0,0.43333333333333335,1.0,True,1.5071930893132242,227,400
4,22892,pet ct demonstrated,193,91,102,-8.023744932064053e-05,3.0731642579709265e-05,-2.6109066286491873,-0.18707448,1.0,1.0,0.43333333333333335,1.0,True,1.5012713114732825,228,400
4,28079,to reduced responsiveness,77,39,38,8.014221428825491e-05,3.0770827693039214e-05,2.6044867914418885,0.25529042,1.0,1.0,0.43333333333333335,1.0,True,1.497579905079086,229,400
4,715,- metastatic,373,174,199,9.049634897647117e-05,3.4761793285495725e-05,2.603327976587173,0.26878715,1.0,1.0,0.43333333333333335,1.0,True,1.4969135865376244,230,400
4,16066,l - within,137,61,76,-8.000169233920896e-05,3.0774722427660154e-05,-2.5995910288797233,-0.37793937,1.0,1.0,0.43333333333333335,1.0,True,1.4947648416058408,231,400
4,22922,phase ii,82,44,38,-7.063091807322984e-05,2.6102204505418095e-05,-2.7059368896818206,-0.24379091,1.0,1.0,0.4,1.0,True,1.4882652893250015,232,400
4,3031,30 nausea,79,54,25,-7.101743944866095e-05,2.6263166814990334e-05,-2.70406992229612,-0.3059676,1.0,1.0,0.4,1.0,True,1.487238457262866,234,400
4,11983,fatigue 30 nausea,79,54,25,-7.101743944866095e-05,2.6263166814990334e-05,-2.70406992229612,-0.3059676,1.0,1.0,0.4,1.0,True,1.487238457262866,233,400
4,29876,without focal,89,55,34,8.524615126258135e-05,3.309521959722322e-05,2.575784427480691,0.28532395,1.0,1.0,0.43333333333333335,1.0,True,1.4810760458013972,235,400
4,11963,father lung cancer,77,30,47,9.616607001488876e-05,3.73807627503421e-05,2.5726085542224166,0.23650286,1.0,1.0,0.43333333333333335,1.0,True,1.4792499186778894,236,400
4,7547,breast cancer,469,221,248,-8.342777215366769e-05,3.105586084985273e-05,-2.686377703616717,-0.2965623,1.0,1.0,0.4,1.0,True,1.4775077369891945,237,400
4,27243,the cores,132,67,65,7.795985402375904e-05,2.9085988389003997e-05,2.680323356425181,0.2686397,1.0,1.0,0.4,1.0,True,1.4741778460338497,238,400
4,18017,metastases .,92,41,51,-6.553160941700031e-05,2.445646399200148e-05,-2.6795210230895403,-0.2572563,1.0,1.0,0.4,1.0,True,1.4737365626992474,239,400
4,29064,vitamin d 600,69,36,33,-7.750117593929962e-05,3.0275799169803668e-05,-2.559839147585487,-0.29545993,1.0,1.0,0.43333333333333335,1.0,True,1.471907509861655,240,400
4,12401,fixed,86,43,43,7.244455957051984e-05,2.7108643774961378e-05,2.6723786026297827,0.3240077,1.0,1.0,0.4,1.0,True,1.4698082314463805,241,400
4,5774,analgesic,124,52,72,-8.581568740925406e-05,3.213853971801607e-05,-2.6701800443393484,-0.37208673,1.0,1.0,0.4,1.0,True,1.4685990243866418,242,400
4,13618,he continues to,117,54,63,7.635996154750853e-05,2.9978369577956956e-05,2.5471685959751422,0.30778652,1.0,1.0,0.43333333333333335,1.0,True,1.4646219426857066,243,400
4,22088,pain controlled,61,29,32,9.936295669022894e-05,3.734613069706206e-05,2.660595752106807,0.24375305,1.0,1.0,0.4,1.0,True,1.463327663658744,244,400
4,24965,retroperitoneum -,70,33,37,8.335338194191711e-05,3.14358880577686e-05,2.651535779385065,0.26038083,1.0,1.0,0.4,1.0,True,1.4583446786617857,245,400
4,28266,tps >=,64,34,30,7.603874628410012e-05,2.877282580071473e-05,2.6427277880440676,0.2956727,1.0,1.0,0.4,1.0,True,1.4535002834242372,246,400
4,7032,axial images obtained,604,295,309,6.350034139334897e-05,2.4119036915100487e-05,2.6327892617301223,0.22628585,1.0,1.0,0.4,1.0,True,1.4480340939515675,247,400
4,11077,dyspnea at,409,196,213,8.280336290370984e-05,3.288991124388379e-05,2.517591558387314,0.12133595,1.0,1.0,0.43333333333333335,1.0,True,1.4476151460727056,248,400
4,20321,normal albumin 4.0,575,281,294,-4.7009016597721654e-05,1.7894097825348037e-05,-2.6270682689087925,-0.25228748,1.0,1.0,0.4,1.0,True,1.444887547899836,249,400
4,22857,persistent cough,214,108,106,-0.0001083569127157184,3.93983843139336e-05,-2.750288231423667,-0.21886277,1.0,1.0,0.36666666666666664,1.0,True,1.443901321497425,250,400
4,22215,pancreas,741,353,388,4.474388917697171e-05,1.7842020135527678e-05,2.5077815649291897,0.24017042,1.0,1.0,0.43333333333333335,1.0,True,1.441974399834284,251,400
4,19523,ng ml.,77,39,38,-7.916820461712869e-05,3.0307355645158166e-05,-2.6121778997824383,-0.3133517,1.0,1.0,0.4,1.0,True,1.4366978448803411,252,400
4,20556,nsclc after,247,122,125,9.252448950773667e-05,3.5444600412641156e-05,2.6103973082099756,0.37594393,1.0,1.0,0.4,1.0,True,1.4357185195154867,253,400
4,264,- cardiovascular rrr,297,147,150,8.825807891907767e-05,3.384143619218784e-05,2.6079885740621047,0.3387335,1.0,1.0,0.4,1.0,True,1.4343937157341577,254,400
4,14483,illness mr.,333,144,189,9.140785492072594e-05,3.6766304838002375e-05,2.486185525673088,0.3082081,1.0,1.0,0.43333333333333335,1.0,True,1.4295566772620256,256,400
4,23402,present illness mr.,333,144,189,9.140785492072594e-05,3.6766304838002375e-05,2.486185525673088,0.3082081,1.0,1.0,0.43333333333333335,1.0,True,1.4295566772620256,255,400
4,29897,work-up for newly,108,47,61,8.033948814456597e-05,3.093098024555167e-05,2.5973793105415712,0.27842304,1.0,1.0,0.4,1.0,True,1.4285586207978642,257,400
4,13367,glands -,278,130,148,7.864967905791584e-05,3.0377276416475294e-05,2.5890958089731746,0.3373346,1.0,1.0,0.4,1.0,True,1.4240026949352462,259,400
4,5102,adrenal glands -,278,130,148,7.864967905791584e-05,3.0377276416475294e-05,2.5890958089731746,0.3373346,1.0,1.0,0.4,1.0,True,1.4240026949352462,258,400
4,9439,coronary artery,244,116,128,-8.91726100752902e-05,3.447507755998204e-05,-2.586581855258824,-0.33480042,1.0,1.0,0.4,1.0,True,1.4226200203923534,260,400
4,18789,msi stable,228,110,118,7.423037366718591e-05,2.870380108087536e-05,2.586081664168297,0.2681704,1.0,1.0,0.4,1.0,True,1.4223449152925633,261,400
4,4028,75 100 cognitive,200,106,94,-6.949098796342937e-05,2.691611325556744e-05,-2.5817616125929908,-0.29855636,1.0,1.0,0.4,1.0,True,1.419968886926145,262,400
4,25958,snvs,536,263,273,6.535357622291468e-05,2.5403487787130153e-05,2.5726221836366867,0.14815754,1.0,1.0,0.4,1.0,True,1.4149422010001778,263,400
4,27761,thyroid breast,79,46,33,-6.712723229117217e-05,2.492965999857953e-05,-2.6926653750992604,-0.15437964,1.0,1.0,0.36666666666666664,1.0,True,1.4136493219271116,264,400
4,22472,patient has,122,59,63,8.699261534919393e-05,3.38989759908902e-05,2.5662313626397384,0.30913052,1.0,1.0,0.4,1.0,True,1.4114272494518563,265,400
4,19033,nausea - dexamethasone,163,91,72,9.771943380674636e-05,3.808140784515818e-05,2.566066732723769,0.31488553,1.0,1.0,0.4,1.0,True,1.411336702998073,266,400
4,9114,consider erythropoiesis-stimulating agent,98,41,57,-7.764463133236904e-05,2.8983247723094476e-05,-2.6789486145301833,-0.26521292,1.0,1.0,0.36666666666666664,1.0,True,1.406448022628346,267,400
4,2754,25 100 insomnia,99,53,46,-7.772428035974337e-05,2.9056767245722248e-05,-2.674911482838339,-0.32561433,1.0,1.0,0.36666666666666664,1.0,True,1.4043285284901277,268,400
4,18833,multiplanar reconstructions in,125,61,64,8.96272272401345e-05,3.354612614205588e-05,2.67176087219714,0.27475634,1.0,1.0,0.36666666666666664,1.0,True,1.4026744579034984,269,400
4,2915,3. skoulidis f,72,33,39,6.74807988806134e-05,2.6504622315731203e-05,2.5460011494131627,0.36990693,1.0,1.0,0.4,1.0,True,1.4003006321772395,270,400
4,26555,study contrast-enhanced ct,60,29,31,8.094283807108212e-05,3.0350758784413976e-05,2.6669131617443678,0.28406796,1.0,1.0,0.36666666666666664,1.0,True,1.4001294099157928,271,400
4,18823,multifactorial cancer-related,133,63,70,-7.292895145409909e-05,2.736100607545896e-05,-2.665433838688834,-0.16587831,1.0,1.0,0.36666666666666664,1.0,True,1.3993527653116378,272,400
4,3275,4.2 k l,366,164,202,8.195565035320519e-05,3.2331755871190914e-05,2.5348345038764646,0.37999308,1.0,1.0,0.4,1.0,True,1.3941589771320557,273,400
4,22901,pet ct showed,106,51,55,7.744611703880298e-05,3.0614577092173306e-05,2.5297137636633327,0.25825423,1.0,1.0,0.4,1.0,True,1.3913425700148332,274,400
4,10261,dermatologic none rash,232,109,123,-8.82608554871315e-05,3.1776390355665654e-05,-2.7775607770186777,-0.38658533,1.0,1.0,0.3333333333333333,1.0,True,1.3887803885093388,275,400
4,10378,diagnosed one,63,27,36,-7.724742749613407e-05,3.060080372654127e-05,-2.5243594314202396,-0.32116455,1.0,1.0,0.4,1.0,True,1.3883976872811319,276,400
4,22659,pelvis in 6,262,123,139,9.165099409784608e-05,3.4768703049072135e-05,2.6360199277059877,0.23081629,1.0,1.0,0.36666666666666664,1.0,True,1.3839104620456433,277,400
4,15887,ki-67,294,153,141,0.00011930617435614828,4.5279195574973444e-05,2.6349004844531905,0.25656813,1.0,1.0,0.36666666666666664,1.0,True,1.3833227543379247,278,400
4,23321,pre-contrast,92,44,48,8.054411265363523e-05,3.0660745596021136e-05,2.6269456625375573,0.09991805,1.0,1.0,0.36666666666666664,1.0,True,1.3791464728322174,279,400
4,12808,forming irregular angulated,159,72,87,-7.223195150053778e-05,2.762795518511539e-05,-2.6144515950081195,-0.21079269,1.0,1.0,0.36666666666666664,1.0,True,1.3725870873792625,280,400
4,10786,dl - normal.,96,56,40,-6.1030688212399514e-05,2.4495395011469e-05,-2.4915168007629314,-0.23947406,1.0,1.0,0.4,1.0,True,1.3703342404196124,281,400
4,13811,hemorrhagic. -,93,50,43,-6.767233630237878e-05,2.5974246142928335e-05,-2.6053628632761314,-0.24102427,1.0,1.0,0.36666666666666664,1.0,True,1.3678155032199688,282,400
4,23958,pulses intact,135,59,76,-8.089662363938352e-05,3.257706535325091e-05,-2.483238522628642,-0.28385758,1.0,1.0,0.4,1.0,True,1.3657811874457533,283,400
4,17005,low tumor,382,169,213,-9.133042825219241e-05,3.518626101380148e-05,-2.595627543840731,-0.19656843,1.0,1.0,0.36666666666666664,1.0,True,1.3627044605163836,284,400
4,17605,mass now,440,198,242,-7.881438144818121e-05,3.0394614346931218e-05,-2.5930377187410727,-0.2347799,1.0,1.0,0.36666666666666664,1.0,True,1.3613448023390629,285,400
4,25453,segment of the,344,160,184,-6.848907522743012e-05,2.768787097131691e-05,-2.473612915141832,-0.24639012,1.0,1.0,0.4,1.0,True,1.3604871033280075,286,400
4,25452,segment of,344,160,184,-6.848907522743012e-05,2.768787097131691e-05,-2.473612915141832,-0.24639012,1.0,1.0,0.4,1.0,True,1.3604871033280075,287,400
4,3237,4. supportive,396,200,196,-7.139538131042273e-05,2.891315717551354e-05,-2.4693042298019,-0.16060084,1.0,1.0,0.4,1.0,True,1.358117326391045,288,400
4,7876,carcinoma adenocarcinoma,513,265,248,7.655964590658269e-05,2.95985805737954e-05,2.5865985605527135,0.18312594,1.0,1.0,0.36666666666666664,1.0,True,1.3579642442901745,289,400
4,20115,nodes multiple,75,34,41,7.402788617181846e-05,2.863013532451948e-05,2.58566315990897,0.29512644,1.0,1.0,0.36666666666666664,1.0,True,1.3574731589522089,290,400
4,11740,examination system findings,290,149,141,8.295989383005358e-05,3.211366144661089e-05,2.5833209323693835,0.23045821,1.0,1.0,0.36666666666666664,1.0,True,1.3562434894939261,293,400
4,22941,physical examination system,290,149,141,8.295989383005358e-05,3.211366144661089e-05,2.5833209323693835,0.23045821,1.0,1.0,0.36666666666666664,1.0,True,1.3562434894939261,291,400
4,11739,examination system,290,149,141,8.295989383005358e-05,3.211366144661089e-05,2.5833209323693835,0.23045821,1.0,1.0,0.36666666666666664,1.0,True,1.3562434894939261,292,400
4,12549,for 3,271,143,128,9.314252718831167e-05,3.6135943607423784e-05,2.577559014376379,0.25601053,1.0,1.0,0.36666666666666664,1.0,True,1.3532184825475988,294,400
4,15335,intact strength,589,279,310,6.693578129368481e-05,2.596931285293033e-05,2.577495279630855,0.18339609,1.0,1.0,0.36666666666666664,1.0,True,1.3531850218061985,295,400
4,10810,dl and,188,69,119,-7.966726784752871e-05,3.0919597272841746e-05,-2.5765946155289843,-0.26569325,1.0,1.0,0.36666666666666664,1.0,True,1.3527121731527165,296,400
4,9902,daily allergies,240,112,128,-7.838490017413475e-05,2.9014555149087223e-05,-2.7015716688181133,-0.31455263,1.0,1.0,0.3333333333333333,1.0,True,1.3507858344090566,297,400
4,15440,intra-abdominal,462,225,237,8.812171391779166e-05,3.427842282316974e-05,2.570763374160486,0.22880112,1.0,1.0,0.36666666666666664,1.0,True,1.349650771434255,298,400
4,28155,tolerated and,80,29,51,7.271183508910765e-05,2.8365924725100276e-05,2.5633514787115974,0.33048317,1.0,1.0,0.36666666666666664,1.0,True,1.3457595263235884,299,400
4,6018,and gemcitabine,186,87,99,-9.50098409148709e-05,3.531971472334971e-05,-2.689994572692862,-0.21446082,1.0,1.0,0.3333333333333333,1.0,True,1.344997286346431,300,400
4,457,- father lung,76,30,46,8.987334720291899e-05,3.683468922733463e-05,2.4399105595337813,0.21534647,1.0,1.0,0.4,1.0,True,1.3419508077435798,301,400
4,16534,lesions. past,169,72,97,8.013993345152784e-05,3.144986893275292e-05,2.5481802045943502,0.2389896,1.0,1.0,0.36666666666666664,1.0,True,1.3377946074120337,303,400
4,16535,lesions. past medical,169,72,97,8.013993345152784e-05,3.144986893275292e-05,2.5481802045943502,0.2389896,1.0,1.0,0.36666666666666664,1.0,True,1.3377946074120337,302,400
4,13496,growth of,153,73,80,-7.668242403337358e-05,3.0126602994399498e-05,-2.5453392155640233,-0.25443506,1.0,1.0,0.36666666666666664,1.0,True,1.336303088171112,304,400
4,1708,0.6,339,175,164,0.0001076426380376598,4.239085537384632e-05,2.5392891247028615,0.22209567,1.0,1.0,0.36666666666666664,1.0,True,1.333126790469002,305,400
4,1092,- skin,712,345,367,5.8294353267613446e-05,2.3009610978555434e-05,2.533478437420902,0.24901308,1.0,1.0,0.36666666666666664,1.0,True,1.3300761796459732,306,400
4,464,- fda-approved kras,123,58,65,7.501311810095888e-05,2.8201692126076273e-05,2.659880044275752,0.20378982,1.0,1.0,0.3333333333333333,1.0,True,1.329940022137876,307,400
4,11061,dyspnea 25,163,88,75,-9.631529640323731e-05,3.8058663877735385e-05,-2.5307061938026285,-0.2895337,1.0,1.0,0.36666666666666664,1.0,True,1.3286207517463797,308,400
4,17216,lung shows,68,31,37,6.153625008363108e-05,2.4337529910724632e-05,2.5284509278205087,0.24499016,1.0,1.0,0.36666666666666664,1.0,True,1.327436737105767,309,400
4,22296,parietal,25,11,14,-0.0001110881293619063,4.189324513180868e-05,-2.6516954944022557,-0.23495957,1.0,1.0,0.3333333333333333,1.0,True,1.3258477472011279,310,400
4,15518,iodinated contrast 350,73,32,41,-6.561578629908715e-05,2.614807068097177e-05,-2.5093930293999263,-0.17994073,1.0,1.0,0.36666666666666664,1.0,True,1.3174313404349611,311,400
4,18053,metastasis with,80,38,42,-7.712458362973219e-05,3.074814193798159e-05,-2.50826810235529,-0.22629482,1.0,1.0,0.36666666666666664,1.0,True,1.3168407537365272,312,400
4,19610,no additional focal,155,74,81,7.938574591119135e-05,3.3284883476442627e-05,2.3850390213135824,0.189352,1.0,1.0,0.4,1.0,True,1.3117714617224705,313,400
4,12129,fdg-avid osseous lesions,90,41,49,-7.35161833562556e-05,2.9434836057426052e-05,-2.4975910588674184,-0.1297947,1.0,1.0,0.36666666666666664,1.0,True,1.3112353059053945,314,400
4,9304,contrast 350 mg,74,32,42,-6.496417244479573e-05,2.6053815349084814e-05,-2.493460998873538,-0.17909071,1.0,1.0,0.36666666666666664,1.0,True,1.3090670244086071,316,400
4,9303,contrast 350,74,32,42,-6.496417244479573e-05,2.6053815349084814e-05,-2.493460998873538,-0.17909071,1.0,1.0,0.36666666666666664,1.0,True,1.3090670244086071,315,400
4,4135,85 100,244,128,116,-7.004719343589534e-05,2.8112870341725625e-05,-2.491641464725501,-0.3108226,1.0,1.0,0.36666666666666664,1.0,True,1.3081117689808879,317,400
4,6416,anxiety about disease,467,215,252,-6.830419448142797e-05,2.611990261127544e-05,-2.6150248528086935,-0.2552453,1.0,1.0,0.3333333333333333,1.0,True,1.3075124264043467,318,400
4,13679,he was hospitalized,149,64,85,8.794896581882691e-05,3.5314161209687155e-05,2.4904730228931875,0.27768436,1.0,1.0,0.36666666666666664,1.0,True,1.3074983370189233,319,400
4,1408,---------- ---------- constitutional,616,288,328,-6.128995622712803e-05,2.3439875224639765e-05,-2.6147731436172763,-0.31996903,1.0,1.0,0.3333333333333333,1.0,True,1.3073865718086382,320,400
4,15634,is otherwise,117,52,65,-7.349851984249973e-05,2.8215264817025357e-05,-2.604920432933524,-0.34202218,1.0,1.0,0.3333333333333333,1.0,True,1.302460216466762,321,400
4,6160,and multiple subcentimeter,51,26,25,8.336509442974385e-05,3.203594306084075e-05,2.6022363153605883,0.2904721,1.0,1.0,0.3333333333333333,1.0,True,1.3011181576802942,322,400
4,14783,in coronal,213,106,107,8.480122394016459e-05,3.259688256544494e-05,2.6015133125049217,0.25439775,1.0,1.0,0.3333333333333333,1.0,True,1.3007566562524608,323,400
4,14784,in coronal and,213,106,107,8.480122394016459e-05,3.259688256544494e-05,2.6015133125049217,0.25439775,1.0,1.0,0.3333333333333333,1.0,True,1.3007566562524608,324,400
4,12947,fullness,54,28,26,6.908843823113842e-05,2.6583376552522554e-05,2.5989338899306405,0.35308465,1.0,1.0,0.3333333333333333,1.0,True,1.2994669449653202,325,400
4,19173,negative nuclear,114,61,53,7.647801279511541e-05,2.942739386699515e-05,2.5988714169109883,0.24270333,1.0,1.0,0.3333333333333333,1.0,True,1.2994357084554942,326,400
4,3899,7 subcarinal node,55,20,35,-6.601974831542093e-05,2.7957744589060863e-05,-2.361411812212232,-0.25906074,1.0,1.0,0.4,1.0,True,1.2987764967167277,327,400
4,1446,---------------- kras,257,127,130,-6.636314471962887e-05,2.683711117033654e-05,-2.4728125280854014,-0.17562655,1.0,1.0,0.36666666666666664,1.0,True,1.2982265772448356,328,400
4,16405,lesion identified,58,23,35,6.859575156669248e-05,2.6435308022786863e-05,2.5948535007635964,0.27532592,1.0,1.0,0.3333333333333333,1.0,True,1.2974267503817982,329,400
4,696,- mean target,85,40,45,-7.564191245202398e-05,2.9171245899260368e-05,-2.5930298868017108,-0.2747482,1.0,1.0,0.3333333333333333,1.0,True,1.2965149434008554,330,400
4,372,- cytology,95,49,46,-7.480011052944081e-05,2.8879958306734537e-05,-2.5900352671907467,-0.2356289,1.0,1.0,0.3333333333333333,1.0,True,1.2950176335953734,331,400
4,26033,somatic,138,65,73,7.666078239051841e-05,3.10814148890601e-05,2.466450857020062,0.2969626,1.0,1.0,0.36666666666666664,1.0,True,1.2948866999355324,332,400
4,4718,about the,97,39,58,-6.148946196011253e-05,2.4960822327033776e-05,-2.4634389506276992,-0.18581265,1.0,1.0,0.36666666666666664,1.0,True,1.293305449079542,333,400
4,4518,a newly identified,62,25,37,-6.72799557507465e-05,2.6012483136578305e-05,-2.5864487983516877,-0.25926557,1.0,1.0,0.3333333333333333,1.0,True,1.2932243991758439,334,400
4,6577,are common in,97,50,47,-6.805484262852809e-05,2.6389617025895504e-05,-2.5788491951871637,-0.21258992,1.0,1.0,0.3333333333333333,1.0,True,1.2894245975935819,335,400
4,6272,and risks of,93,52,41,7.1714768197602e-05,2.7821110140039392e-05,2.5777105168205363,0.20273423,1.0,1.0,0.3333333333333333,1.0,True,1.2888552584102682,336,400
4,23442,previously 4.5 cm,65,29,36,-5.97889645332857e-05,2.32224788467886e-05,-2.5746159541255786,-0.23779155,1.0,1.0,0.3333333333333333,1.0,True,1.2873079770627893,337,400
4,8419,ck7+ ki-67,52,31,21,7.027234116135445e-05,2.7349492386165385e-05,2.569420308396707,0.25825852,1.0,1.0,0.3333333333333333,1.0,True,1.2847101541983534,338,400
4,15336,intact strength 5,588,279,309,6.6759995174438e-05,2.6002025571908248e-05,2.567492097483488,0.18361257,1.0,1.0,0.3333333333333333,1.0,True,1.283746048741744,339,400
4,16514,lesions. - spleen,111,53,58,8.009902748357414e-05,3.278925309704714e-05,2.4428439173805856,0.28017712,1.0,1.0,0.36666666666666664,1.0,True,1.2824930566248072,340,400
4,26907,symptoms. ---,132,73,59,-6.977638140229148e-05,2.7224360919193406e-05,-2.5630126492004646,-0.13848859,1.0,1.0,0.3333333333333333,1.0,True,1.2815063246002323,341,400
4,17293,lymphadenopathy. - lungs,208,98,110,-7.37407450114041e-05,3.0214954367703364e-05,-2.4405380234571945,-0.24546848,1.0,1.0,0.36666666666666664,1.0,True,1.281282462315027,342,400
4,17716,mb - -,155,74,81,8.006641855539873e-05,3.13049520979485e-05,2.557627889187721,0.2628833,1.0,1.0,0.3333333333333333,1.0,True,1.2788139445938604,343,400
4,12402,fixed in,81,39,42,7.052514993653668e-05,2.7577114259314765e-05,2.55737961823599,0.33371317,1.0,1.0,0.3333333333333333,1.0,True,1.278689809117995,344,400
4,12111,fdg-avid left adrenal,69,34,35,-8.309324150486477e-05,3.109583634377963e-05,-2.6721661571095394,-0.2750591,1.0,1.0,0.3,1.0,True,1.269278924627031,345,400
4,4123,800,460,214,246,5.9915183839371973e-05,2.4785045306032628e-05,2.4173925485941616,0.2814884,1.0,1.0,0.36666666666666664,1.0,True,1.2691310880119346,346,400
4,24457,refer to,640,309,331,5.79258587020915e-05,2.400406590548088e-05,2.413168624439796,0.2821894,1.0,1.0,0.36666666666666664,1.0,True,1.2669135278308927,347,400
4,3227,4. overall,211,101,110,8.462673872002183e-05,3.17328194494752e-05,2.6668521797996547,0.22590904,1.0,1.0,0.3,1.0,True,1.266754785404836,348,400
4,22365,pathogenic,748,361,387,-6.916574171920009e-05,2.6040325937607678e-05,-2.6561012287219605,-0.1628275,1.0,1.0,0.3,1.0,True,1.2616480836429311,349,400
4,3633,55-year-old,74,62,12,-9.957361932265e-05,3.749359317770779e-05,-2.65575024646751,-0.27483496,1.0,1.0,0.3,1.0,True,1.261481367072067,350,400
4,14118,hospitalization,492,250,242,-7.487661770245062e-05,2.9707798132184894e-05,-2.5204364648395345,-0.18486714,1.0,1.0,0.3333333333333333,1.0,True,1.2602182324197673,351,400
4,8883,comment the,257,128,129,7.10200001972129e-05,2.8188297223762263e-05,2.5194852897089586,0.24888274,1.0,1.0,0.3333333333333333,1.0,True,1.2597426448544793,352,400
4,7783,cancer .,73,41,32,7.82410407212551e-05,3.1073600506019665e-05,2.5179264535533314,0.274154,1.0,1.0,0.3333333333333333,1.0,True,1.2589632267766657,353,400
4,18362,mildly fatigued,336,143,193,-7.269578621553233e-05,3.0330985419872437e-05,-2.39674989813892,-0.16130592,1.0,1.0,0.36666666666666664,1.0,True,1.2582936965229328,354,400
4,19161,negative -------- ----------,626,295,331,-5.7706641653155033e-05,2.2942816548053265e-05,-2.51523789733007,-0.28963345,1.0,1.0,0.3333333333333333,1.0,True,1.257618948665035,356,400
4,1392,-------- ---------- ----------,626,295,331,-5.7706641653155033e-05,2.2942816548053265e-05,-2.51523789733007,-0.28963345,1.0,1.0,0.3333333333333333,1.0,True,1.257618948665035,355,400
4,2038,10 100,376,185,191,-9.98962959327177e-05,3.975383209289133e-05,-2.512872110021838,-0.3151525,1.0,1.0,0.3333333333333333,1.0,True,1.256436055010919,357,400
4,13869,here,311,155,156,-8.43659122238205e-05,3.190722952262325e-05,-2.6441002081989713,-0.30655456,1.0,1.0,0.3,1.0,True,1.2559475988945112,358,400
4,1855,1-2 glasses wine,149,58,91,-7.472076904851843e-05,2.829515772528234e-05,-2.6407617082040082,-0.25900635,1.0,1.0,0.3,1.0,True,1.254361811396904,360,400
4,13402,glasses wine,149,58,91,-7.472076904851843e-05,2.829515772528234e-05,-2.6407617082040082,-0.25900635,1.0,1.0,0.3,1.0,True,1.254361811396904,359,400
4,19174,negative nuclear excludes,111,59,52,7.429339129767376e-05,2.9680156842167065e-05,2.503133379407348,0.24533078,1.0,1.0,0.3333333333333333,1.0,True,1.251566689703674,362,400
4,20591,nuclear excludes squamous,111,59,52,7.429339129767376e-05,2.9680156842167065e-05,2.503133379407348,0.24533078,1.0,1.0,0.3333333333333333,1.0,True,1.251566689703674,363,400
4,20590,nuclear excludes,111,59,52,7.429339129767376e-05,2.9680156842167065e-05,2.503133379407348,0.24533078,1.0,1.0,0.3333333333333333,1.0,True,1.251566689703674,361,400
4,21812,oriented appears mildly,142,61,81,-6.42728966589848e-05,2.5724758362928474e-05,-2.498483979993663,-0.21790925,1.0,1.0,0.3333333333333333,1.0,True,1.2492419899968314,364,400
4,17160,lung carcinoma adenocarcinoma,511,264,247,7.341604906834339e-05,2.9386190597585254e-05,2.4983180050011717,0.17777431,1.0,1.0,0.3333333333333333,1.0,True,1.2491590025005859,365,400
4,4027,75 100,417,219,198,-5.859166090219678e-05,2.463527704754883e-05,-2.3783641965587945,-0.33347785,1.0,1.0,0.36666666666666664,1.0,True,1.248641203193367,366,400
4,6553,approximately 3,70,36,34,7.507224207520691e-05,3.007957436904258e-05,2.4957880438783757,0.2693392,1.0,1.0,0.3333333333333333,1.0,True,1.2478940219391879,367,400
4,2513,2+ bilaterally. neurologic,90,38,52,-6.009738539966409e-05,2.6488087441678655e-05,-2.2688457795220676,-0.24773109,1.0,1.0,0.4,1.0,True,1.2478651787371373,368,400
4,962,- prescribe,323,151,172,-7.578576446460067e-05,3.044477986160607e-05,-2.489286005978783,-0.21107498,1.0,1.0,0.3333333333333333,1.0,True,1.2446430029893916,369,400
4,14126,hospitalized,330,147,183,8.375031211282208e-05,3.3741560376886456e-05,2.48211141326447,0.30515862,1.0,1.0,0.3333333333333333,1.0,True,1.241055706632235,370,400
4,26051,sotorasib,777,381,396,3.8692714550769135e-05,1.5599033635462994e-05,2.4804558702152386,0.22150461,1.0,1.0,0.3333333333333333,1.0,True,1.2402279351076193,371,400
4,24456,refer,648,315,333,5.6792956614545927e-05,2.4049936147426447e-05,2.3614597671446735,0.281211,1.0,1.0,0.36666666666666664,1.0,True,1.2397663777509533,372,400
4,851,- normal. -,90,50,40,-5.785465989136149e-05,2.4586752306267597e-05,-2.3530826345297062,-0.22548825,1.0,1.0,0.36666666666666664,1.0,True,1.2353683831280955,373,400
4,850,- normal.,99,59,40,-6.146828807267722e-05,2.489047971297618e-05,-2.4695501565858486,-0.2327922,1.0,1.0,0.3333333333333333,1.0,True,1.2347750782929243,374,400
4,4186,96413,762,364,398,3.478470350877383e-05,1.4090090484095262e-05,2.4687352822920774,0.27590626,1.0,1.0,0.3333333333333333,1.0,True,1.2343676411460387,375,400
4,13308,genomic alterations,142,77,65,7.32196742496864e-05,2.9659598096839414e-05,2.4686671077140736,0.3018621,1.0,1.0,0.3333333333333333,1.0,True,1.2343335538570368,376,400
4,1245,- within,195,91,104,-7.451789275197199e-05,3.0260445129778304e-05,-2.4625511102822935,-0.34297913,1.0,1.0,0.3333333333333333,1.0,True,1.2312755551411467,377,400
4,22874,pertinent,735,354,381,4.275084020122508e-05,1.7412365324917333e-05,2.4552000491310646,0.32336858,1.0,1.0,0.3333333333333333,1.0,True,1.2276000245655323,378,400
4,28818,vaccine if seasonally,78,36,42,7.527004842189802e-05,3.066316862394429e-05,2.4547381043693264,0.2646782,1.0,1.0,0.3333333333333333,1.0,True,1.2273690521846632,379,400
4,4030,75 cognitive,76,47,29,-6.956688784829674e-05,2.6938205147625357e-05,-2.582461877733126,-0.30259028,1.0,1.0,0.3,1.0,True,1.2266693919232348,380,400
4,1133,- symptoms,60,33,27,-6.920266060149124e-05,2.6840330780694408e-05,-2.5783087834098906,-0.3310944,1.0,1.0,0.3,1.0,True,1.224696672119698,381,400
4,13634,he experienced grade,200,105,95,-8.204790845671713e-05,3.182590655380043e-05,-2.5780226658435765,-0.17753693,1.0,1.0,0.3,1.0,True,1.2245607662756988,382,400
4,28448,tumor -,127,61,66,-7.212129075470994e-05,2.9490383214862614e-05,-2.4455867605803823,-0.22472008,1.0,1.0,0.3333333333333333,1.0,True,1.2227933802901911,383,400
4,26322,staging work-up for,136,58,78,7.372175934109758e-05,3.016636721477487e-05,2.443839485749884,0.26053014,1.0,1.0,0.3333333333333333,1.0,True,1.221919742874942,384,400
4,9829,cytopenias and,68,34,34,-6.219993453269849e-05,2.5518577728818576e-05,-2.437437352257098,-0.26964182,1.0,1.0,0.3333333333333333,1.0,True,1.218718676128549,385,400
4,4230,<1,320,144,176,-0.00011484215851856517,4.953868339278339e-05,-2.318231948314051,-0.24134484,1.0,1.0,0.36666666666666664,1.0,True,1.2170717728648768,386,400
4,10328,develop. signature,197,106,91,7.994826795141156e-05,3.1224922109828264e-05,2.5603992756237264,0.25582215,1.0,1.0,0.3,1.0,True,1.21618965592127,387,400
4,18142,mg daily,659,310,349,5.8820330275122446e-05,2.421983057643462e-05,2.4286020535731314,0.2316157,1.0,1.0,0.3333333333333333,1.0,True,1.2143010267865657,388,400
4,15551,is a 55-year-old,65,54,11,-6.432337475526419e-05,2.5185940647848947e-05,-2.5539397418042373,-0.2560204,1.0,1.0,0.3,1.0,True,1.2131213773570126,389,400
4,4408,a 55-year-old,65,54,11,-6.432337475526419e-05,2.5185940647848947e-05,-2.5539397418042373,-0.2560204,1.0,1.0,0.3,1.0,True,1.2131213773570126,390,400
4,26619,such,132,73,59,8.228685426508253e-05,3.2277792514867374e-05,2.5493333915936365,0.24978362,1.0,1.0,0.3,1.0,True,1.2109333610069772,391,400
4,29164,was referred,167,80,87,-6.337047711431564e-05,2.766178933332088e-05,-2.2909030341714276,-0.16556902,1.0,1.0,0.36666666666666664,1.0,True,1.2027240929399994,392,400
4,24810,resolved no,124,58,66,9.023449271518766e-05,3.377386665077534e-05,2.6717252616711025,0.34323847,1.0,1.0,0.26666666666666666,1.0,True,1.202276367751996,393,400
4,11338,egfr no,571,278,293,-4.4282657260020607e-05,1.8416362203473504e-05,-2.4045279285215444,-0.20605563,1.0,1.0,0.3333333333333333,1.0,True,1.2022639642607722,394,400
4,12005,fatigue grade,578,285,293,7.686394394485632e-05,3.3579904995126607e-05,2.2889863433506275,0.1614778,1.0,1.0,0.36666666666666664,1.0,True,1.2017178302590792,395,400
4,19670,no change in,251,108,143,7.408489950722657e-05,3.089546684991721e-05,2.397921347721117,0.1913658,1.0,1.0,0.3333333333333333,1.0,True,1.1989606738605585,396,400
4,20027,no vomiting abdominal,81,43,38,9.622127254617745e-05,3.8256441657991464e-05,2.5151652473689383,0.25671822,1.0,1.0,0.3,1.0,True,1.1947034925002455,397,400
4,23280,posterior segment of,336,157,179,-6.644879934224883e-05,2.7854203120449132e-05,-2.385593264144237,-0.2597085,1.0,1.0,0.3333333333333333,1.0,True,1.1927966320721184,398,400
4,7411,bone metastasis.,82,38,44,-6.400585678424755e-05,2.6889087058649684e-05,-2.3803655603717546,-0.17789836,1.0,1.0,0.3333333333333333,1.0,True,1.1901827801858773,399,400
4,14276,i m,255,129,126,-8.076343412915297e-05,3.054314229286536e-05,-2.644241164014702,-0.19364259,1.0,1.0,0.26666666666666666,1.0,True,1.1899085238066158,400,400
5,26654,superior vena cava,112,53,59,-0.00013301605758942234,3.288447846462411e-05,-4.044949587159062,-0.5048094,1.0,1.0,1.0,1.0,True,4.044949587159062,1,25
5,28883,vena cava,113,54,59,-0.00013116424159135369,3.2813612885014535e-05,-3.997250837662388,-0.4868612,1.0,1.0,1.0,1.0,True,3.997250837662388,3,25
5,7973,cava,113,54,59,-0.00013116424159135369,3.2813612885014535e-05,-3.997250837662388,-0.4868612,1.0,1.0,1.0,1.0,True,3.997250837662388,2,25
5,13915,high pd-l1 expression,163,85,78,0.00020950584091136048,5.4713320083935176e-05,3.829156055416845,0.35605857,1.0,1.0,1.0,1.0,True,3.829156055416845,4,25
5,18510,moderate complexity <new,310,157,153,-0.00013066252974725526,3.372972530468203e-05,-3.873809483088733,-0.4752599,1.0,1.0,0.9666666666666667,1.0,True,3.7769642460115147,5,25
5,21086,of superior,85,38,47,-0.00011327092910845066,3.047604048854258e-05,-3.7167206530991024,-0.4135074,1.0,1.0,1.0,1.0,True,3.7167206530991024,6,25
5,11684,evidence of superior,85,38,47,-0.00011327092910845066,3.047604048854258e-05,-3.7167206530991024,-0.4135074,1.0,1.0,1.0,1.0,True,3.7167206530991024,7,25
5,6059,and immunophenotypic profile,84,42,42,-0.00010595373619893346,2.862232971226698e-05,-3.701785887594039,-0.27132618,1.0,1.0,1.0,1.0,True,3.701785887594039,8,25
5,14593,immunophenotypic profile,84,42,42,-0.00010595373619893346,2.862232971226698e-05,-3.701785887594039,-0.27132618,1.0,1.0,1.0,1.0,True,3.701785887594039,9,25
5,24352,recist criteria,177,96,81,0.00012695912348724598,3.4587152877492843e-05,3.670701775799044,0.40112513,1.0,1.0,1.0,1.0,True,3.670701775799044,10,25
5,26653,superior vena,113,53,60,-0.0001234621278372937,3.369618469755022e-05,-3.6639794370034315,-0.48749512,1.0,1.0,0.9666666666666667,1.0,True,3.5723799510783456,11,25
5,26911,syndromes --- physical,104,53,51,-0.00010974100658187833,3.0003933693749867e-05,-3.6575539628238323,-0.36894104,1.0,1.0,0.9666666666666667,1.0,True,3.5661151137532365,12,25
5,28882,vena,114,54,60,-0.00012164521115981605,3.361920295715573e-05,-3.6183252563970822,-0.46965805,1.0,1.0,0.9666666666666667,1.0,True,3.527867124987155,13,25
5,13914,high pd-l1,185,101,84,0.00022444918717492534,6.101932004465817e-05,3.6783298635687496,0.3366511,1.0,1.0,0.9333333333333333,1.0,True,3.494413370390312,14,25
5,8994,complexity <new,521,257,264,-0.00011295365792127296,3.12302069051752e-05,-3.616807863753066,-0.46583018,1.0,1.0,0.9333333333333333,1.0,True,3.4359674705654126,15,25
5,8995,complexity <new note>,521,257,264,-0.00011295365792127296,3.12302069051752e-05,-3.616807863753066,-0.46583018,1.0,1.0,0.9333333333333333,1.0,True,3.4359674705654126,16,25
5,14106,hour <new note>,726,349,377,6.694840401846481e-05,1.861139507617654e-05,3.597172793573219,0.43992287,1.0,1.0,0.9333333333333333,1.0,True,3.417314153894558,17,25
5,14105,hour <new,726,349,377,6.694840401846481e-05,1.861139507617654e-05,3.597172793573219,0.43992287,1.0,1.0,0.9333333333333333,1.0,True,3.417314153894558,18,25
5,30,% low,211,104,107,-0.00013019813276776883,3.6736433561501305e-05,-3.5441146607168914,-0.32046956,1.0,1.0,0.9333333333333333,1.0,True,3.3669089276810467,19,25
5,7822,cancer nsclc -,78,34,44,0.00011224910694533551,3.174234625045204e-05,3.5362574039005383,0.41107365,1.0,1.0,0.9333333333333333,1.0,True,3.359444533705511,20,25
5,28244,tps >=,64,37,27,8.74218612729919e-05,2.564132637619384e-05,3.4094126017660664,0.27966034,1.0,1.0,0.9666666666666667,1.0,True,3.324177286721915,21,25
5,6225,and portal-venous,106,48,58,0.00010751064601717668,3.163880026340238e-05,3.3980632995599938,0.3281615,1.0,1.0,0.9666666666666667,1.0,True,3.313111717070994,22,25
5,24280,reasonable,81,32,49,-9.109246325712576e-05,2.6136639061967084e-05,-3.4852401275143143,-0.35935974,1.0,1.0,0.9333333333333333,1.0,True,3.3109781211385987,23,25
5,22510,patient reports a,78,36,42,8.798106127630213e-05,2.5165748988881194e-05,3.4960636901835977,0.40539068,1.0,1.0,0.9,1.0,True,3.233858913419828,24,25
5,5780,analgesia,125,55,70,-0.00010325924257276398,3.034493571687555e-05,-3.40284927726306,-0.32314706,1.0,1.0,0.9333333333333333,1.0,True,3.232706813399907,25,25
5,26654,superior vena cava,112,53,59,-0.00013301605758942234,3.288447846462411e-05,-4.044949587159062,-0.5048094,1.0,1.0,1.0,1.0,True,4.044949587159062,1,50
5,28883,vena cava,113,54,59,-0.00013116424159135369,3.2813612885014535e-05,-3.997250837662388,-0.4868612,1.0,1.0,1.0,1.0,True,3.997250837662388,3,50
5,7973,cava,113,54,59,-0.00013116424159135369,3.2813612885014535e-05,-3.997250837662388,-0.4868612,1.0,1.0,1.0,1.0,True,3.997250837662388,2,50
5,13915,high pd-l1 expression,163,85,78,0.00020950584091136048,5.4713320083935176e-05,3.829156055416845,0.35605857,1.0,1.0,1.0,1.0,True,3.829156055416845,4,50
5,18510,moderate complexity <new,310,157,153,-0.00013066252974725526,3.372972530468203e-05,-3.873809483088733,-0.4752599,1.0,1.0,0.9666666666666667,1.0,True,3.7769642460115147,5,50
5,21086,of superior,85,38,47,-0.00011327092910845066,3.047604048854258e-05,-3.7167206530991024,-0.4135074,1.0,1.0,1.0,1.0,True,3.7167206530991024,6,50
5,11684,evidence of superior,85,38,47,-0.00011327092910845066,3.047604048854258e-05,-3.7167206530991024,-0.4135074,1.0,1.0,1.0,1.0,True,3.7167206530991024,7,50
5,6059,and immunophenotypic profile,84,42,42,-0.00010595373619893346,2.862232971226698e-05,-3.701785887594039,-0.27132618,1.0,1.0,1.0,1.0,True,3.701785887594039,8,50
5,14593,immunophenotypic profile,84,42,42,-0.00010595373619893346,2.862232971226698e-05,-3.701785887594039,-0.27132618,1.0,1.0,1.0,1.0,True,3.701785887594039,9,50
5,24352,recist criteria,177,96,81,0.00012695912348724598,3.4587152877492843e-05,3.670701775799044,0.40112513,1.0,1.0,1.0,1.0,True,3.670701775799044,10,50
5,26653,superior vena,113,53,60,-0.0001234621278372937,3.369618469755022e-05,-3.6639794370034315,-0.48749512,1.0,1.0,0.9666666666666667,1.0,True,3.5723799510783456,11,50
5,26911,syndromes --- physical,104,53,51,-0.00010974100658187833,3.0003933693749867e-05,-3.6575539628238323,-0.36894104,1.0,1.0,0.9666666666666667,1.0,True,3.5661151137532365,12,50
5,28882,vena,114,54,60,-0.00012164521115981605,3.361920295715573e-05,-3.6183252563970822,-0.46965805,1.0,1.0,0.9666666666666667,1.0,True,3.527867124987155,13,50
5,13914,high pd-l1,185,101,84,0.00022444918717492534,6.101932004465817e-05,3.6783298635687496,0.3366511,1.0,1.0,0.9333333333333333,1.0,True,3.494413370390312,14,50
5,8994,complexity <new,521,257,264,-0.00011295365792127296,3.12302069051752e-05,-3.616807863753066,-0.46583018,1.0,1.0,0.9333333333333333,1.0,True,3.4359674705654126,15,50
5,8995,complexity <new note>,521,257,264,-0.00011295365792127296,3.12302069051752e-05,-3.616807863753066,-0.46583018,1.0,1.0,0.9333333333333333,1.0,True,3.4359674705654126,16,50
5,14106,hour <new note>,726,349,377,6.694840401846481e-05,1.861139507617654e-05,3.597172793573219,0.43992287,1.0,1.0,0.9333333333333333,1.0,True,3.417314153894558,17,50
5,14105,hour <new,726,349,377,6.694840401846481e-05,1.861139507617654e-05,3.597172793573219,0.43992287,1.0,1.0,0.9333333333333333,1.0,True,3.417314153894558,18,50
5,30,% low,211,104,107,-0.00013019813276776883,3.6736433561501305e-05,-3.5441146607168914,-0.32046956,1.0,1.0,0.9333333333333333,1.0,True,3.3669089276810467,19,50
5,7822,cancer nsclc -,78,34,44,0.00011224910694533551,3.174234625045204e-05,3.5362574039005383,0.41107365,1.0,1.0,0.9333333333333333,1.0,True,3.359444533705511,20,50
5,28244,tps >=,64,37,27,8.74218612729919e-05,2.564132637619384e-05,3.4094126017660664,0.27966034,1.0,1.0,0.9666666666666667,1.0,True,3.324177286721915,21,50
5,6225,and portal-venous,106,48,58,0.00010751064601717668,3.163880026340238e-05,3.3980632995599938,0.3281615,1.0,1.0,0.9666666666666667,1.0,True,3.313111717070994,22,50
5,24280,reasonable,81,32,49,-9.109246325712576e-05,2.6136639061967084e-05,-3.4852401275143143,-0.35935974,1.0,1.0,0.9333333333333333,1.0,True,3.3109781211385987,23,50
5,22510,patient reports a,78,36,42,8.798106127630213e-05,2.5165748988881194e-05,3.4960636901835977,0.40539068,1.0,1.0,0.9,1.0,True,3.233858913419828,24,50
5,5780,analgesia,125,55,70,-0.00010325924257276398,3.034493571687555e-05,-3.40284927726306,-0.32314706,1.0,1.0,0.9333333333333333,1.0,True,3.232706813399907,25,50
5,14594,immunophenotypic profile is,81,41,40,-9.569996947849474e-05,2.8183844271744222e-05,-3.395561249763183,-0.23737086,1.0,1.0,0.9333333333333333,1.0,True,3.2257831872750238,26,50
5,6609,are normal in,79,36,43,0.00011100877367609775,3.209782290953713e-05,3.4584518080543725,0.40106282,1.0,1.0,0.9,1.0,True,3.1990679224502947,27,50
5,25373,score <1 %,58,32,26,-8.070170167354582e-05,2.4803354542137686e-05,-3.253660771426868,-0.3364578,1.0,1.0,0.9666666666666667,1.0,True,3.1723192521411963,28,50
5,22574,pd-l1 <1,153,70,83,-0.0001443808166520537,4.2417090121641924e-05,-3.403835959468331,-0.29917756,1.0,1.0,0.9,1.0,True,3.148548262508206,29,50
5,3962,70 100 fatigue,215,124,91,-9.78394557244106e-05,2.8841662641704824e-05,-3.3922959622631286,-0.40917835,1.0,1.0,0.9,1.0,True,3.137873765093394,30,50
5,21087,of superior vena,77,38,39,-0.00010298121244083132,3.060576556333831e-05,-3.364765120078855,-0.40547934,1.0,1.0,0.9,1.0,True,3.112407736072941,31,50
5,15656,is within,70,35,35,-9.590067503329841e-05,2.762077512051358e-05,-3.4720486523230933,-0.344532,1.0,1.0,0.8333333333333334,1.0,True,3.038042570782707,32,50
5,540,- high pd-l1,71,32,39,0.00011265423814581327,3.433187287995904e-05,3.281330981846152,0.32104146,1.0,1.0,0.9,1.0,True,3.035231158207691,33,50
5,19597,nkda social,232,105,127,-0.00010620845624113368,3.177078762888156e-05,-3.3429594973145647,-0.32651344,1.0,1.0,0.8666666666666667,1.0,True,3.008663547583108,34,50
5,19598,nkda social history,232,105,127,-0.00010620845624113368,3.177078762888156e-05,-3.3429594973145647,-0.32651344,1.0,1.0,0.8666666666666667,1.0,True,3.008663547583108,35,50
5,17177,lung no,207,109,98,0.0001124873555306304,3.4638284212712565e-05,3.2474863604631583,0.30669495,1.0,1.0,0.9,1.0,True,3.0039248834284216,36,50
5,14824,in previously,70,30,40,0.00010488194256605857,3.171101238587779e-05,3.3074296490378465,0.35629097,1.0,1.0,0.8666666666666667,1.0,True,2.976686684134062,37,50
5,3326,40 100 emotional,130,59,71,-8.839080733715728e-05,2.8285498939675163e-05,-3.1249513231380313,-0.31405568,1.0,1.0,0.9333333333333333,1.0,True,2.9687037569811294,38,50
5,18676,morphine 2.5,66,32,34,-8.577504006756321e-05,2.6170322257192738e-05,-3.2775691191188336,-0.2682117,1.0,1.0,0.8666666666666667,1.0,True,2.9498122072069504,39,50
5,18677,morphine 2.5 mg,66,32,34,-8.577504006756321e-05,2.6170322257192738e-05,-3.2775691191188336,-0.2682117,1.0,1.0,0.8666666666666667,1.0,True,2.9498122072069504,40,50
5,25970,social function 70,191,111,80,-0.00010834671012280832,3.312970917188175e-05,-3.270379150045955,-0.40084895,1.0,1.0,0.8666666666666667,1.0,True,2.9433412350413595,41,50
5,11128,e.g. new,79,40,39,9.851645446843714e-05,2.8968094125451405e-05,3.400860755346706,0.3304692,1.0,1.0,0.8,1.0,True,2.8907316420447002,42,50
5,6339,and unchanged,100,42,58,-7.604864797987015e-05,2.4367110044968342e-05,-3.120954755796891,-0.31057748,1.0,1.0,0.9,1.0,True,2.8868831491121245,43,50
5,26910,syndromes ---,142,68,74,-0.00010203315533582338,3.109997440831524e-05,-3.280811552968437,-0.342107,1.0,1.0,0.8333333333333334,1.0,True,2.8707101088473825,45,50
5,7829,cancer syndromes ---,142,68,74,-0.00010203315533582338,3.109997440831524e-05,-3.280811552968437,-0.342107,1.0,1.0,0.8333333333333334,1.0,True,2.8707101088473825,44,50
5,6608,are normal,83,37,46,0.00010478406958727295,3.2125215552682144e-05,3.261739035351764,0.3913411,1.0,1.0,0.8333333333333334,1.0,True,2.8540216559327938,46,50
5,3643,55.,92,50,42,0.00010235191166928249,3.326463848458205e-05,3.0768983621067143,0.22954236,1.0,1.0,0.9,1.0,True,2.846130984948711,47,50
5,2638,2.5 mg,78,38,40,-8.83633714798365e-05,2.723538172338534e-05,-3.2444330091384153,-0.29983386,1.0,1.0,0.8333333333333334,1.0,True,2.8388788829961134,48,50
5,15886,kidneys,731,357,374,6.147976523737484e-05,1.897701636962046e-05,3.239696063907881,0.251884,1.0,1.0,0.8333333333333334,1.0,True,2.834734055919396,49,50
5,28408,ttf-1 napsin,56,31,25,8.59617534921101e-05,2.6797625831082396e-05,3.2078122903113155,0.3732564,1.0,1.0,0.8333333333333334,1.0,True,2.806835754022401,51,50
5,26654,superior vena cava,112,53,59,-0.00013301605758942234,3.288447846462411e-05,-4.044949587159062,-0.5048094,1.0,1.0,1.0,1.0,True,4.044949587159062,1,100
5,28883,vena cava,113,54,59,-0.00013116424159135369,3.2813612885014535e-05,-3.997250837662388,-0.4868612,1.0,1.0,1.0,1.0,True,3.997250837662388,3,100
5,7973,cava,113,54,59,-0.00013116424159135369,3.2813612885014535e-05,-3.997250837662388,-0.4868612,1.0,1.0,1.0,1.0,True,3.997250837662388,2,100
5,13915,high pd-l1 expression,163,85,78,0.00020950584091136048,5.4713320083935176e-05,3.829156055416845,0.35605857,1.0,1.0,1.0,1.0,True,3.829156055416845,4,100
5,18510,moderate complexity <new,310,157,153,-0.00013066252974725526,3.372972530468203e-05,-3.873809483088733,-0.4752599,1.0,1.0,0.9666666666666667,1.0,True,3.7769642460115147,5,100
5,21086,of superior,85,38,47,-0.00011327092910845066,3.047604048854258e-05,-3.7167206530991024,-0.4135074,1.0,1.0,1.0,1.0,True,3.7167206530991024,6,100
5,11684,evidence of superior,85,38,47,-0.00011327092910845066,3.047604048854258e-05,-3.7167206530991024,-0.4135074,1.0,1.0,1.0,1.0,True,3.7167206530991024,7,100
5,6059,and immunophenotypic profile,84,42,42,-0.00010595373619893346,2.862232971226698e-05,-3.701785887594039,-0.27132618,1.0,1.0,1.0,1.0,True,3.701785887594039,8,100
5,14593,immunophenotypic profile,84,42,42,-0.00010595373619893346,2.862232971226698e-05,-3.701785887594039,-0.27132618,1.0,1.0,1.0,1.0,True,3.701785887594039,9,100
5,24352,recist criteria,177,96,81,0.00012695912348724598,3.4587152877492843e-05,3.670701775799044,0.40112513,1.0,1.0,1.0,1.0,True,3.670701775799044,10,100
5,26653,superior vena,113,53,60,-0.0001234621278372937,3.369618469755022e-05,-3.6639794370034315,-0.48749512,1.0,1.0,0.9666666666666667,1.0,True,3.5723799510783456,11,100
5,26911,syndromes --- physical,104,53,51,-0.00010974100658187833,3.0003933693749867e-05,-3.6575539628238323,-0.36894104,1.0,1.0,0.9666666666666667,1.0,True,3.5661151137532365,12,100
5,28882,vena,114,54,60,-0.00012164521115981605,3.361920295715573e-05,-3.6183252563970822,-0.46965805,1.0,1.0,0.9666666666666667,1.0,True,3.527867124987155,13,100
5,13914,high pd-l1,185,101,84,0.00022444918717492534,6.101932004465817e-05,3.6783298635687496,0.3366511,1.0,1.0,0.9333333333333333,1.0,True,3.494413370390312,14,100
5,8994,complexity <new,521,257,264,-0.00011295365792127296,3.12302069051752e-05,-3.616807863753066,-0.46583018,1.0,1.0,0.9333333333333333,1.0,True,3.4359674705654126,15,100
5,8995,complexity <new note>,521,257,264,-0.00011295365792127296,3.12302069051752e-05,-3.616807863753066,-0.46583018,1.0,1.0,0.9333333333333333,1.0,True,3.4359674705654126,16,100
5,14106,hour <new note>,726,349,377,6.694840401846481e-05,1.861139507617654e-05,3.597172793573219,0.43992287,1.0,1.0,0.9333333333333333,1.0,True,3.417314153894558,17,100
5,14105,hour <new,726,349,377,6.694840401846481e-05,1.861139507617654e-05,3.597172793573219,0.43992287,1.0,1.0,0.9333333333333333,1.0,True,3.417314153894558,18,100
5,30,% low,211,104,107,-0.00013019813276776883,3.6736433561501305e-05,-3.5441146607168914,-0.32046956,1.0,1.0,0.9333333333333333,1.0,True,3.3669089276810467,19,100
5,7822,cancer nsclc -,78,34,44,0.00011224910694533551,3.174234625045204e-05,3.5362574039005383,0.41107365,1.0,1.0,0.9333333333333333,1.0,True,3.359444533705511,20,100
5,28244,tps >=,64,37,27,8.74218612729919e-05,2.564132637619384e-05,3.4094126017660664,0.27966034,1.0,1.0,0.9666666666666667,1.0,True,3.324177286721915,21,100
5,6225,and portal-venous,106,48,58,0.00010751064601717668,3.163880026340238e-05,3.3980632995599938,0.3281615,1.0,1.0,0.9666666666666667,1.0,True,3.313111717070994,22,100
5,24280,reasonable,81,32,49,-9.109246325712576e-05,2.6136639061967084e-05,-3.4852401275143143,-0.35935974,1.0,1.0,0.9333333333333333,1.0,True,3.3109781211385987,23,100
5,22510,patient reports a,78,36,42,8.798106127630213e-05,2.5165748988881194e-05,3.4960636901835977,0.40539068,1.0,1.0,0.9,1.0,True,3.233858913419828,24,100
5,5780,analgesia,125,55,70,-0.00010325924257276398,3.034493571687555e-05,-3.40284927726306,-0.32314706,1.0,1.0,0.9333333333333333,1.0,True,3.232706813399907,25,100
5,14594,immunophenotypic profile is,81,41,40,-9.569996947849474e-05,2.8183844271744222e-05,-3.395561249763183,-0.23737086,1.0,1.0,0.9333333333333333,1.0,True,3.2257831872750238,26,100
5,6609,are normal in,79,36,43,0.00011100877367609775,3.209782290953713e-05,3.4584518080543725,0.40106282,1.0,1.0,0.9,1.0,True,3.1990679224502947,27,100
5,25373,score <1 %,58,32,26,-8.070170167354582e-05,2.4803354542137686e-05,-3.253660771426868,-0.3364578,1.0,1.0,0.9666666666666667,1.0,True,3.1723192521411963,28,100
5,22574,pd-l1 <1,153,70,83,-0.0001443808166520537,4.2417090121641924e-05,-3.403835959468331,-0.29917756,1.0,1.0,0.9,1.0,True,3.148548262508206,29,100
5,3962,70 100 fatigue,215,124,91,-9.78394557244106e-05,2.8841662641704824e-05,-3.3922959622631286,-0.40917835,1.0,1.0,0.9,1.0,True,3.137873765093394,30,100
5,21087,of superior vena,77,38,39,-0.00010298121244083132,3.060576556333831e-05,-3.364765120078855,-0.40547934,1.0,1.0,0.9,1.0,True,3.112407736072941,31,100
5,15656,is within,70,35,35,-9.590067503329841e-05,2.762077512051358e-05,-3.4720486523230933,-0.344532,1.0,1.0,0.8333333333333334,1.0,True,3.038042570782707,32,100
5,540,- high pd-l1,71,32,39,0.00011265423814581327,3.433187287995904e-05,3.281330981846152,0.32104146,1.0,1.0,0.9,1.0,True,3.035231158207691,33,100
5,19597,nkda social,232,105,127,-0.00010620845624113368,3.177078762888156e-05,-3.3429594973145647,-0.32651344,1.0,1.0,0.8666666666666667,1.0,True,3.008663547583108,34,100
5,19598,nkda social history,232,105,127,-0.00010620845624113368,3.177078762888156e-05,-3.3429594973145647,-0.32651344,1.0,1.0,0.8666666666666667,1.0,True,3.008663547583108,35,100
5,17177,lung no,207,109,98,0.0001124873555306304,3.4638284212712565e-05,3.2474863604631583,0.30669495,1.0,1.0,0.9,1.0,True,3.0039248834284216,36,100
5,14824,in previously,70,30,40,0.00010488194256605857,3.171101238587779e-05,3.3074296490378465,0.35629097,1.0,1.0,0.8666666666666667,1.0,True,2.976686684134062,37,100
5,3326,40 100 emotional,130,59,71,-8.839080733715728e-05,2.8285498939675163e-05,-3.1249513231380313,-0.31405568,1.0,1.0,0.9333333333333333,1.0,True,2.9687037569811294,38,100
5,18676,morphine 2.5,66,32,34,-8.577504006756321e-05,2.6170322257192738e-05,-3.2775691191188336,-0.2682117,1.0,1.0,0.8666666666666667,1.0,True,2.9498122072069504,39,100
5,18677,morphine 2.5 mg,66,32,34,-8.577504006756321e-05,2.6170322257192738e-05,-3.2775691191188336,-0.2682117,1.0,1.0,0.8666666666666667,1.0,True,2.9498122072069504,40,100
5,25970,social function 70,191,111,80,-0.00010834671012280832,3.312970917188175e-05,-3.270379150045955,-0.40084895,1.0,1.0,0.8666666666666667,1.0,True,2.9433412350413595,41,100
5,11128,e.g. new,79,40,39,9.851645446843714e-05,2.8968094125451405e-05,3.400860755346706,0.3304692,1.0,1.0,0.8,1.0,True,2.8907316420447002,42,100
5,6339,and unchanged,100,42,58,-7.604864797987015e-05,2.4367110044968342e-05,-3.120954755796891,-0.31057748,1.0,1.0,0.9,1.0,True,2.8868831491121245,43,100
5,26910,syndromes ---,142,68,74,-0.00010203315533582338,3.109997440831524e-05,-3.280811552968437,-0.342107,1.0,1.0,0.8333333333333334,1.0,True,2.8707101088473825,45,100
5,7829,cancer syndromes ---,142,68,74,-0.00010203315533582338,3.109997440831524e-05,-3.280811552968437,-0.342107,1.0,1.0,0.8333333333333334,1.0,True,2.8707101088473825,44,100
5,6608,are normal,83,37,46,0.00010478406958727295,3.2125215552682144e-05,3.261739035351764,0.3913411,1.0,1.0,0.8333333333333334,1.0,True,2.8540216559327938,46,100
5,3643,55.,92,50,42,0.00010235191166928249,3.326463848458205e-05,3.0768983621067143,0.22954236,1.0,1.0,0.9,1.0,True,2.846130984948711,47,100
5,2638,2.5 mg,78,38,40,-8.83633714798365e-05,2.723538172338534e-05,-3.2444330091384153,-0.29983386,1.0,1.0,0.8333333333333334,1.0,True,2.8388788829961134,48,100
5,15886,kidneys,731,357,374,6.147976523737484e-05,1.897701636962046e-05,3.239696063907881,0.251884,1.0,1.0,0.8333333333333334,1.0,True,2.834734055919396,49,100
5,28408,ttf-1 napsin,56,31,25,8.59617534921101e-05,2.6797625831082396e-05,3.2078122903113155,0.3732564,1.0,1.0,0.8333333333333334,1.0,True,2.806835754022401,51,100
5,28409,ttf-1 napsin a,56,31,25,8.59617534921101e-05,2.6797625831082396e-05,3.2078122903113155,0.3732564,1.0,1.0,0.8333333333333334,1.0,True,2.806835754022401,50,100
5,7770,calcium carbonate +,62,26,36,-9.068719725179731e-05,2.9196632033943228e-05,-3.1060841930797634,-0.31667385,1.0,1.0,0.8666666666666667,1.0,True,2.7954757737717872,54,100
5,7872,carbonate + vitamin,62,26,36,-9.068719725179731e-05,2.9196632033943228e-05,-3.1060841930797634,-0.31667385,1.0,1.0,0.8666666666666667,1.0,True,2.7954757737717872,53,100
5,7871,carbonate +,62,26,36,-9.068719725179731e-05,2.9196632033943228e-05,-3.1060841930797634,-0.31667385,1.0,1.0,0.8666666666666667,1.0,True,2.7954757737717872,52,100
5,25904,smarca4,57,37,20,-8.933500070479765e-05,2.718397720957164e-05,-3.28631090351791,-0.2587853,1.0,1.0,0.8,1.0,True,2.7933642679902237,55,100
5,16922,loss-of-function cdkn2a,37,14,23,0.00016654203377272379,5.379021588930095e-05,3.0961399023841722,0.3745321,1.0,1.0,0.8666666666666667,1.0,True,2.786525912145755,56,100
5,18388,minutes post-injection. low-dose,86,49,37,-8.388870679747177e-05,2.641275343299701e-05,-3.17606822061463,-0.32433337,1.0,1.0,0.8333333333333334,1.0,True,2.779059693037801,57,100
5,12519,for 3,259,142,117,0.00011535497719208546,3.656865832833897e-05,3.1544766055223534,0.28376517,1.0,1.0,0.8333333333333334,1.0,True,2.760167029832059,58,100
5,26887,symptoms or,184,90,94,-0.00010309175639460142,3.1753188752434465e-05,-3.2466583812530496,-0.280299,1.0,1.0,0.8,1.0,True,2.7596596240650926,59,100
5,25178,role function 40,129,57,72,-0.00011294577883065761,3.693506969997626e-05,-3.0579549395227,-0.29637003,1.0,1.0,0.8666666666666667,1.0,True,2.75215944557043,60,100
5,8103,cell-cycle progression.,80,31,49,-8.440490728750535e-05,2.77095374492546e-05,-3.0460597706504076,-0.23778895,1.0,1.0,0.8666666666666667,1.0,True,2.7414537935853667,61,100
5,16923,loss-of-function cdkn2a homozygous,33,12,21,0.00016754520703616963,5.538616958151505e-05,3.025036905460371,0.40762576,1.0,1.0,0.8666666666666667,1.0,True,2.722533214914334,62,100
5,26652,superior,142,63,79,-0.0001136307738254665,3.450416958639255e-05,-3.29324760420489,-0.42224205,1.0,1.0,0.7666666666666667,1.0,True,2.7169292734690345,63,100
5,13299,given molecular,76,33,43,8.821489926328061e-05,2.8433885604983723e-05,3.102456712698416,0.3658058,1.0,1.0,0.8333333333333334,1.0,True,2.714649623611114,64,100
5,15098,infusion hold chemotherapy,76,28,48,-8.854036011782182e-05,2.789880259822152e-05,-3.173625814445028,-0.36124963,1.0,1.0,0.8,1.0,True,2.697581942278274,65,100
5,24695,report specimen,101,53,48,9.452278043534007e-05,3.077142769871992e-05,3.0717710390562143,0.3217427,1.0,1.0,0.8333333333333334,1.0,True,2.6877996591741873,66,100
5,11672,evidence of acute,66,32,34,8.96638201552502e-05,2.8511223479622725e-05,3.1448604869353955,0.3108268,1.0,1.0,0.8,1.0,True,2.6731314138950864,67,100
5,4128,800,456,219,237,7.83895673074142e-05,2.5001903691708514e-05,3.1353439431658505,0.3748017,1.0,1.0,0.8,1.0,True,2.6650423516909734,68,100
5,17374,maintaining quality,140,44,96,9.947078452826135e-05,3.1767694905022775e-05,3.131193019375607,0.28163034,1.0,1.0,0.8,1.0,True,2.661514066469266,69,100
5,8990,complexity - 96413,736,359,377,5.6414653296545054e-05,1.804841156846559e-05,3.1257406272313424,0.40564358,1.0,1.0,0.8,1.0,True,2.6568795331466415,70,100
5,22576,pd-l1 <1 %.,96,39,57,-0.00010239364731005931,3.197383512017358e-05,-3.2024199450961395,-0.25228214,1.0,1.0,0.7666666666666667,1.0,True,2.6419964547043153,71,100
5,4682,abdominal pain or,407,200,207,9.46364803508962e-05,3.0464747105882166e-05,3.1064259296813166,0.33660772,1.0,1.0,0.8,1.0,True,2.6404620402291195,72,100
5,6596,are diagnostic of,81,46,35,0.0001003154870724437,3.232367900518314e-05,3.103467493794812,0.3329901,1.0,1.0,0.8,1.0,True,2.63794736972559,73,100
5,6595,are diagnostic,81,46,35,0.0001003154870724437,3.232367900518314e-05,3.103467493794812,0.3329901,1.0,1.0,0.8,1.0,True,2.63794736972559,74,100
5,27614,thickness 1.25 mm,79,41,38,8.497094938102049e-05,2.6754263994544068e-05,3.17597783285492,0.30400687,1.0,1.0,0.7666666666666667,1.0,True,2.6201817121053095,75,100
5,20038,no vomiting,542,268,274,9.833100180904832e-05,3.2032333027297336e-05,3.069742117292941,0.36249942,1.0,1.0,0.8,1.0,True,2.609280799699,76,100
5,20256,none cough,63,29,34,-8.387088788011338e-05,2.703904377303078e-05,-3.101843711047492,-0.2968314,1.0,1.0,0.7666666666666667,1.0,True,2.5590210616141813,77,100
5,24842,respiratory none cough,63,29,34,-8.387088788011338e-05,2.703904377303078e-05,-3.101843711047492,-0.2968314,1.0,1.0,0.7666666666666667,1.0,True,2.5590210616141813,78,100
5,24801,resolved .,131,64,67,0.00010281557241188918,3.335718563154911e-05,3.082261601669613,0.25841844,1.0,1.0,0.7666666666666667,1.0,True,2.542865821377431,79,100
5,17375,maintaining quality of,139,44,95,9.786306791886103e-05,3.182773773679933e-05,3.074772977210738,0.267743,1.0,1.0,0.7666666666666667,1.0,True,2.536687706198859,80,100
5,29575,with a more,67,31,36,-8.062768826466584e-05,2.623013484514709e-05,-3.07385717765698,-0.32573685,1.0,1.0,0.7666666666666667,1.0,True,2.535932171567009,81,100
5,15890,kidneys are,66,30,36,8.235296735982481e-05,2.6918213188912316e-05,3.0593771875521893,0.31858227,1.0,1.0,0.7666666666666667,1.0,True,2.5239861797305565,82,100
5,1065,- schedule next,96,43,53,8.425579280268959e-05,2.7864195863611364e-05,3.0238013404406763,0.26675233,1.0,1.0,0.7666666666666667,1.0,True,2.494636105863558,83,100
5,16514,lesions. past,165,73,92,8.516578413108615e-05,2.8373026927518833e-05,3.0016460474467164,0.3279679,1.0,1.0,0.7666666666666667,1.0,True,2.476357989143541,84,100
5,16515,lesions. past medical,165,73,92,8.516578413108615e-05,2.8373026927518833e-05,3.0016460474467164,0.3279679,1.0,1.0,0.7666666666666667,1.0,True,2.476357989143541,85,100
5,7239,benefits and risks,120,60,60,8.2074869664691e-05,2.678325730783148e-05,3.0644095571113428,0.20422462,1.0,1.0,0.7333333333333333,1.0,True,2.451527645689074,86,100
5,17908,medications current,141,74,67,0.00010314650867973278,3.4825732601937074e-05,2.9617900607780916,0.29555252,1.0,1.0,0.7666666666666667,1.0,True,2.4434768001419256,87,100
5,20257,none cough dyspnea,62,29,33,-8.248975495015323e-05,2.71168206049905e-05,-3.0420142594066526,-0.29919517,1.0,1.0,0.7333333333333333,1.0,True,2.433611407525322,88,100
5,17870,mediastinum hilar nodes,345,163,182,-9.933898408304935e-05,3.1751855209760717e-05,-3.1286040902741306,-0.28783137,1.0,1.0,0.7,1.0,True,2.424668169962451,89,100
5,18508,moderate complexity -,702,348,354,5.6224974368967504e-05,1.7998514507806103e-05,3.1238674916522844,0.29783934,1.0,1.0,0.7,1.0,True,2.4209973060305203,90,100
5,17316,m and pembrolizumab,44,25,19,-0.00011738176129957055,4.02769051563959e-05,-2.9143689378261612,-0.3626251,1.0,1.0,0.7666666666666667,1.0,True,2.404354373706583,91,100
5,10106,definitive squamous,63,30,33,7.301391505937077e-05,2.45115089915347e-05,2.9787605114228937,0.3005456,1.0,1.0,0.7333333333333333,1.0,True,2.3830084091383146,93,100
5,19712,no definitive squamous,63,30,33,7.301391505937077e-05,2.45115089915347e-05,2.9787605114228937,0.3005456,1.0,1.0,0.7333333333333333,1.0,True,2.3830084091383146,92,100
5,20190,nodules identified in,70,34,36,-8.183065700164202e-05,2.752526635232841e-05,-2.9729287976434,-0.35512808,1.0,1.0,0.7333333333333333,1.0,True,2.3783430381147195,94,100
5,3957,70,781,381,400,-7.262415137988352e-05,2.3988704076811913e-05,-3.0274312087614548,-0.37700695,1.0,1.0,0.7,1.0,True,2.3462591867901272,95,100
5,14307,identified. overall imaging,166,87,79,-9.638064783646981e-05,3.5153969409333284e-05,-2.74167183552481,-0.34341046,1.0,1.0,0.8,1.0,True,2.330421060196089,96,100
5,7769,calcium carbonate,268,111,157,-0.00011069729733227755,3.450493767029047e-05,-3.2081581595665485,-0.3184526,1.0,1.0,0.6333333333333333,1.0,True,2.3259146656857475,98,100
5,7870,carbonate,268,111,157,-0.00011069729733227755,3.450493767029047e-05,-3.2081581595665485,-0.3184526,1.0,1.0,0.6333333333333333,1.0,True,2.3259146656857475,97,100
5,8988,complexity -,758,370,388,5.2151449476267616e-05,1.7721607195397977e-05,2.9428171441363697,0.38143763,1.0,1.0,0.7,1.0,True,2.280683286705686,99,100
5,19898,no new enlarged,75,35,40,9.722720019727562e-05,3.110762357838898e-05,3.1255103737599903,0.34310818,1.0,1.0,0.6333333333333333,1.0,True,2.2659950209759927,100,100
5,26654,superior vena cava,112,53,59,-0.00013301605758942234,3.288447846462411e-05,-4.044949587159062,-0.5048094,1.0,1.0,1.0,1.0,True,4.044949587159062,1,200
5,28883,vena cava,113,54,59,-0.00013116424159135369,3.2813612885014535e-05,-3.997250837662388,-0.4868612,1.0,1.0,1.0,1.0,True,3.997250837662388,3,200
5,7973,cava,113,54,59,-0.00013116424159135369,3.2813612885014535e-05,-3.997250837662388,-0.4868612,1.0,1.0,1.0,1.0,True,3.997250837662388,2,200
5,13915,high pd-l1 expression,163,85,78,0.00020950584091136048,5.4713320083935176e-05,3.829156055416845,0.35605857,1.0,1.0,1.0,1.0,True,3.829156055416845,4,200
5,18510,moderate complexity <new,310,157,153,-0.00013066252974725526,3.372972530468203e-05,-3.873809483088733,-0.4752599,1.0,1.0,0.9666666666666667,1.0,True,3.7769642460115147,5,200
5,21086,of superior,85,38,47,-0.00011327092910845066,3.047604048854258e-05,-3.7167206530991024,-0.4135074,1.0,1.0,1.0,1.0,True,3.7167206530991024,6,200
5,11684,evidence of superior,85,38,47,-0.00011327092910845066,3.047604048854258e-05,-3.7167206530991024,-0.4135074,1.0,1.0,1.0,1.0,True,3.7167206530991024,7,200
5,6059,and immunophenotypic profile,84,42,42,-0.00010595373619893346,2.862232971226698e-05,-3.701785887594039,-0.27132618,1.0,1.0,1.0,1.0,True,3.701785887594039,8,200
5,14593,immunophenotypic profile,84,42,42,-0.00010595373619893346,2.862232971226698e-05,-3.701785887594039,-0.27132618,1.0,1.0,1.0,1.0,True,3.701785887594039,9,200
5,24352,recist criteria,177,96,81,0.00012695912348724598,3.4587152877492843e-05,3.670701775799044,0.40112513,1.0,1.0,1.0,1.0,True,3.670701775799044,10,200
5,26653,superior vena,113,53,60,-0.0001234621278372937,3.369618469755022e-05,-3.6639794370034315,-0.48749512,1.0,1.0,0.9666666666666667,1.0,True,3.5723799510783456,11,200
5,26911,syndromes --- physical,104,53,51,-0.00010974100658187833,3.0003933693749867e-05,-3.6575539628238323,-0.36894104,1.0,1.0,0.9666666666666667,1.0,True,3.5661151137532365,12,200
5,28882,vena,114,54,60,-0.00012164521115981605,3.361920295715573e-05,-3.6183252563970822,-0.46965805,1.0,1.0,0.9666666666666667,1.0,True,3.527867124987155,13,200
5,13914,high pd-l1,185,101,84,0.00022444918717492534,6.101932004465817e-05,3.6783298635687496,0.3366511,1.0,1.0,0.9333333333333333,1.0,True,3.494413370390312,14,200
5,8994,complexity <new,521,257,264,-0.00011295365792127296,3.12302069051752e-05,-3.616807863753066,-0.46583018,1.0,1.0,0.9333333333333333,1.0,True,3.4359674705654126,15,200
5,8995,complexity <new note>,521,257,264,-0.00011295365792127296,3.12302069051752e-05,-3.616807863753066,-0.46583018,1.0,1.0,0.9333333333333333,1.0,True,3.4359674705654126,16,200
5,14106,hour <new note>,726,349,377,6.694840401846481e-05,1.861139507617654e-05,3.597172793573219,0.43992287,1.0,1.0,0.9333333333333333,1.0,True,3.417314153894558,17,200
5,14105,hour <new,726,349,377,6.694840401846481e-05,1.861139507617654e-05,3.597172793573219,0.43992287,1.0,1.0,0.9333333333333333,1.0,True,3.417314153894558,18,200
5,30,% low,211,104,107,-0.00013019813276776883,3.6736433561501305e-05,-3.5441146607168914,-0.32046956,1.0,1.0,0.9333333333333333,1.0,True,3.3669089276810467,19,200
5,7822,cancer nsclc -,78,34,44,0.00011224910694533551,3.174234625045204e-05,3.5362574039005383,0.41107365,1.0,1.0,0.9333333333333333,1.0,True,3.359444533705511,20,200
5,28244,tps >=,64,37,27,8.74218612729919e-05,2.564132637619384e-05,3.4094126017660664,0.27966034,1.0,1.0,0.9666666666666667,1.0,True,3.324177286721915,21,200
5,6225,and portal-venous,106,48,58,0.00010751064601717668,3.163880026340238e-05,3.3980632995599938,0.3281615,1.0,1.0,0.9666666666666667,1.0,True,3.313111717070994,22,200
5,24280,reasonable,81,32,49,-9.109246325712576e-05,2.6136639061967084e-05,-3.4852401275143143,-0.35935974,1.0,1.0,0.9333333333333333,1.0,True,3.3109781211385987,23,200
5,22510,patient reports a,78,36,42,8.798106127630213e-05,2.5165748988881194e-05,3.4960636901835977,0.40539068,1.0,1.0,0.9,1.0,True,3.233858913419828,24,200
5,5780,analgesia,125,55,70,-0.00010325924257276398,3.034493571687555e-05,-3.40284927726306,-0.32314706,1.0,1.0,0.9333333333333333,1.0,True,3.232706813399907,25,200
5,14594,immunophenotypic profile is,81,41,40,-9.569996947849474e-05,2.8183844271744222e-05,-3.395561249763183,-0.23737086,1.0,1.0,0.9333333333333333,1.0,True,3.2257831872750238,26,200
5,6609,are normal in,79,36,43,0.00011100877367609775,3.209782290953713e-05,3.4584518080543725,0.40106282,1.0,1.0,0.9,1.0,True,3.1990679224502947,27,200
5,25373,score <1 %,58,32,26,-8.070170167354582e-05,2.4803354542137686e-05,-3.253660771426868,-0.3364578,1.0,1.0,0.9666666666666667,1.0,True,3.1723192521411963,28,200
5,22574,pd-l1 <1,153,70,83,-0.0001443808166520537,4.2417090121641924e-05,-3.403835959468331,-0.29917756,1.0,1.0,0.9,1.0,True,3.148548262508206,29,200
5,3962,70 100 fatigue,215,124,91,-9.78394557244106e-05,2.8841662641704824e-05,-3.3922959622631286,-0.40917835,1.0,1.0,0.9,1.0,True,3.137873765093394,30,200
5,21087,of superior vena,77,38,39,-0.00010298121244083132,3.060576556333831e-05,-3.364765120078855,-0.40547934,1.0,1.0,0.9,1.0,True,3.112407736072941,31,200
5,15656,is within,70,35,35,-9.590067503329841e-05,2.762077512051358e-05,-3.4720486523230933,-0.344532,1.0,1.0,0.8333333333333334,1.0,True,3.038042570782707,32,200
5,540,- high pd-l1,71,32,39,0.00011265423814581327,3.433187287995904e-05,3.281330981846152,0.32104146,1.0,1.0,0.9,1.0,True,3.035231158207691,33,200
5,19597,nkda social,232,105,127,-0.00010620845624113368,3.177078762888156e-05,-3.3429594973145647,-0.32651344,1.0,1.0,0.8666666666666667,1.0,True,3.008663547583108,34,200
5,19598,nkda social history,232,105,127,-0.00010620845624113368,3.177078762888156e-05,-3.3429594973145647,-0.32651344,1.0,1.0,0.8666666666666667,1.0,True,3.008663547583108,35,200
5,17177,lung no,207,109,98,0.0001124873555306304,3.4638284212712565e-05,3.2474863604631583,0.30669495,1.0,1.0,0.9,1.0,True,3.0039248834284216,36,200
5,14824,in previously,70,30,40,0.00010488194256605857,3.171101238587779e-05,3.3074296490378465,0.35629097,1.0,1.0,0.8666666666666667,1.0,True,2.976686684134062,37,200
5,3326,40 100 emotional,130,59,71,-8.839080733715728e-05,2.8285498939675163e-05,-3.1249513231380313,-0.31405568,1.0,1.0,0.9333333333333333,1.0,True,2.9687037569811294,38,200
5,18676,morphine 2.5,66,32,34,-8.577504006756321e-05,2.6170322257192738e-05,-3.2775691191188336,-0.2682117,1.0,1.0,0.8666666666666667,1.0,True,2.9498122072069504,39,200
5,18677,morphine 2.5 mg,66,32,34,-8.577504006756321e-05,2.6170322257192738e-05,-3.2775691191188336,-0.2682117,1.0,1.0,0.8666666666666667,1.0,True,2.9498122072069504,40,200
5,25970,social function 70,191,111,80,-0.00010834671012280832,3.312970917188175e-05,-3.270379150045955,-0.40084895,1.0,1.0,0.8666666666666667,1.0,True,2.9433412350413595,41,200
5,11128,e.g. new,79,40,39,9.851645446843714e-05,2.8968094125451405e-05,3.400860755346706,0.3304692,1.0,1.0,0.8,1.0,True,2.8907316420447002,42,200
5,6339,and unchanged,100,42,58,-7.604864797987015e-05,2.4367110044968342e-05,-3.120954755796891,-0.31057748,1.0,1.0,0.9,1.0,True,2.8868831491121245,43,200
5,26910,syndromes ---,142,68,74,-0.00010203315533582338,3.109997440831524e-05,-3.280811552968437,-0.342107,1.0,1.0,0.8333333333333334,1.0,True,2.8707101088473825,45,200
5,7829,cancer syndromes ---,142,68,74,-0.00010203315533582338,3.109997440831524e-05,-3.280811552968437,-0.342107,1.0,1.0,0.8333333333333334,1.0,True,2.8707101088473825,44,200
5,6608,are normal,83,37,46,0.00010478406958727295,3.2125215552682144e-05,3.261739035351764,0.3913411,1.0,1.0,0.8333333333333334,1.0,True,2.8540216559327938,46,200
5,3643,55.,92,50,42,0.00010235191166928249,3.326463848458205e-05,3.0768983621067143,0.22954236,1.0,1.0,0.9,1.0,True,2.846130984948711,47,200
5,2638,2.5 mg,78,38,40,-8.83633714798365e-05,2.723538172338534e-05,-3.2444330091384153,-0.29983386,1.0,1.0,0.8333333333333334,1.0,True,2.8388788829961134,48,200
5,15886,kidneys,731,357,374,6.147976523737484e-05,1.897701636962046e-05,3.239696063907881,0.251884,1.0,1.0,0.8333333333333334,1.0,True,2.834734055919396,49,200
5,28408,ttf-1 napsin,56,31,25,8.59617534921101e-05,2.6797625831082396e-05,3.2078122903113155,0.3732564,1.0,1.0,0.8333333333333334,1.0,True,2.806835754022401,51,200
5,28409,ttf-1 napsin a,56,31,25,8.59617534921101e-05,2.6797625831082396e-05,3.2078122903113155,0.3732564,1.0,1.0,0.8333333333333334,1.0,True,2.806835754022401,50,200
5,7770,calcium carbonate +,62,26,36,-9.068719725179731e-05,2.9196632033943228e-05,-3.1060841930797634,-0.31667385,1.0,1.0,0.8666666666666667,1.0,True,2.7954757737717872,54,200
5,7872,carbonate + vitamin,62,26,36,-9.068719725179731e-05,2.9196632033943228e-05,-3.1060841930797634,-0.31667385,1.0,1.0,0.8666666666666667,1.0,True,2.7954757737717872,53,200
5,7871,carbonate +,62,26,36,-9.068719725179731e-05,2.9196632033943228e-05,-3.1060841930797634,-0.31667385,1.0,1.0,0.8666666666666667,1.0,True,2.7954757737717872,52,200
5,25904,smarca4,57,37,20,-8.933500070479765e-05,2.718397720957164e-05,-3.28631090351791,-0.2587853,1.0,1.0,0.8,1.0,True,2.7933642679902237,55,200
5,16922,loss-of-function cdkn2a,37,14,23,0.00016654203377272379,5.379021588930095e-05,3.0961399023841722,0.3745321,1.0,1.0,0.8666666666666667,1.0,True,2.786525912145755,56,200
5,18388,minutes post-injection. low-dose,86,49,37,-8.388870679747177e-05,2.641275343299701e-05,-3.17606822061463,-0.32433337,1.0,1.0,0.8333333333333334,1.0,True,2.779059693037801,57,200
5,12519,for 3,259,142,117,0.00011535497719208546,3.656865832833897e-05,3.1544766055223534,0.28376517,1.0,1.0,0.8333333333333334,1.0,True,2.760167029832059,58,200
5,26887,symptoms or,184,90,94,-0.00010309175639460142,3.1753188752434465e-05,-3.2466583812530496,-0.280299,1.0,1.0,0.8,1.0,True,2.7596596240650926,59,200
5,25178,role function 40,129,57,72,-0.00011294577883065761,3.693506969997626e-05,-3.0579549395227,-0.29637003,1.0,1.0,0.8666666666666667,1.0,True,2.75215944557043,60,200
5,8103,cell-cycle progression.,80,31,49,-8.440490728750535e-05,2.77095374492546e-05,-3.0460597706504076,-0.23778895,1.0,1.0,0.8666666666666667,1.0,True,2.7414537935853667,61,200
5,16923,loss-of-function cdkn2a homozygous,33,12,21,0.00016754520703616963,5.538616958151505e-05,3.025036905460371,0.40762576,1.0,1.0,0.8666666666666667,1.0,True,2.722533214914334,62,200
5,26652,superior,142,63,79,-0.0001136307738254665,3.450416958639255e-05,-3.29324760420489,-0.42224205,1.0,1.0,0.7666666666666667,1.0,True,2.7169292734690345,63,200
5,13299,given molecular,76,33,43,8.821489926328061e-05,2.8433885604983723e-05,3.102456712698416,0.3658058,1.0,1.0,0.8333333333333334,1.0,True,2.714649623611114,64,200
5,15098,infusion hold chemotherapy,76,28,48,-8.854036011782182e-05,2.789880259822152e-05,-3.173625814445028,-0.36124963,1.0,1.0,0.8,1.0,True,2.697581942278274,65,200
5,24695,report specimen,101,53,48,9.452278043534007e-05,3.077142769871992e-05,3.0717710390562143,0.3217427,1.0,1.0,0.8333333333333334,1.0,True,2.6877996591741873,66,200
5,11672,evidence of acute,66,32,34,8.96638201552502e-05,2.8511223479622725e-05,3.1448604869353955,0.3108268,1.0,1.0,0.8,1.0,True,2.6731314138950864,67,200
5,4128,800,456,219,237,7.83895673074142e-05,2.5001903691708514e-05,3.1353439431658505,0.3748017,1.0,1.0,0.8,1.0,True,2.6650423516909734,68,200
5,17374,maintaining quality,140,44,96,9.947078452826135e-05,3.1767694905022775e-05,3.131193019375607,0.28163034,1.0,1.0,0.8,1.0,True,2.661514066469266,69,200
5,8990,complexity - 96413,736,359,377,5.6414653296545054e-05,1.804841156846559e-05,3.1257406272313424,0.40564358,1.0,1.0,0.8,1.0,True,2.6568795331466415,70,200
5,22576,pd-l1 <1 %.,96,39,57,-0.00010239364731005931,3.197383512017358e-05,-3.2024199450961395,-0.25228214,1.0,1.0,0.7666666666666667,1.0,True,2.6419964547043153,71,200
5,4682,abdominal pain or,407,200,207,9.46364803508962e-05,3.0464747105882166e-05,3.1064259296813166,0.33660772,1.0,1.0,0.8,1.0,True,2.6404620402291195,72,200
5,6596,are diagnostic of,81,46,35,0.0001003154870724437,3.232367900518314e-05,3.103467493794812,0.3329901,1.0,1.0,0.8,1.0,True,2.63794736972559,73,200
5,6595,are diagnostic,81,46,35,0.0001003154870724437,3.232367900518314e-05,3.103467493794812,0.3329901,1.0,1.0,0.8,1.0,True,2.63794736972559,74,200
5,27614,thickness 1.25 mm,79,41,38,8.497094938102049e-05,2.6754263994544068e-05,3.17597783285492,0.30400687,1.0,1.0,0.7666666666666667,1.0,True,2.6201817121053095,75,200
5,20038,no vomiting,542,268,274,9.833100180904832e-05,3.2032333027297336e-05,3.069742117292941,0.36249942,1.0,1.0,0.8,1.0,True,2.609280799699,76,200
5,20256,none cough,63,29,34,-8.387088788011338e-05,2.703904377303078e-05,-3.101843711047492,-0.2968314,1.0,1.0,0.7666666666666667,1.0,True,2.5590210616141813,77,200
5,24842,respiratory none cough,63,29,34,-8.387088788011338e-05,2.703904377303078e-05,-3.101843711047492,-0.2968314,1.0,1.0,0.7666666666666667,1.0,True,2.5590210616141813,78,200
5,24801,resolved .,131,64,67,0.00010281557241188918,3.335718563154911e-05,3.082261601669613,0.25841844,1.0,1.0,0.7666666666666667,1.0,True,2.542865821377431,79,200
5,17375,maintaining quality of,139,44,95,9.786306791886103e-05,3.182773773679933e-05,3.074772977210738,0.267743,1.0,1.0,0.7666666666666667,1.0,True,2.536687706198859,80,200
5,29575,with a more,67,31,36,-8.062768826466584e-05,2.623013484514709e-05,-3.07385717765698,-0.32573685,1.0,1.0,0.7666666666666667,1.0,True,2.535932171567009,81,200
5,15890,kidneys are,66,30,36,8.235296735982481e-05,2.6918213188912316e-05,3.0593771875521893,0.31858227,1.0,1.0,0.7666666666666667,1.0,True,2.5239861797305565,82,200
5,1065,- schedule next,96,43,53,8.425579280268959e-05,2.7864195863611364e-05,3.0238013404406763,0.26675233,1.0,1.0,0.7666666666666667,1.0,True,2.494636105863558,83,200
5,16514,lesions. past,165,73,92,8.516578413108615e-05,2.8373026927518833e-05,3.0016460474467164,0.3279679,1.0,1.0,0.7666666666666667,1.0,True,2.476357989143541,84,200
5,16515,lesions. past medical,165,73,92,8.516578413108615e-05,2.8373026927518833e-05,3.0016460474467164,0.3279679,1.0,1.0,0.7666666666666667,1.0,True,2.476357989143541,85,200
5,7239,benefits and risks,120,60,60,8.2074869664691e-05,2.678325730783148e-05,3.0644095571113428,0.20422462,1.0,1.0,0.7333333333333333,1.0,True,2.451527645689074,86,200
5,17908,medications current,141,74,67,0.00010314650867973278,3.4825732601937074e-05,2.9617900607780916,0.29555252,1.0,1.0,0.7666666666666667,1.0,True,2.4434768001419256,87,200
5,20257,none cough dyspnea,62,29,33,-8.248975495015323e-05,2.71168206049905e-05,-3.0420142594066526,-0.29919517,1.0,1.0,0.7333333333333333,1.0,True,2.433611407525322,88,200
5,17870,mediastinum hilar nodes,345,163,182,-9.933898408304935e-05,3.1751855209760717e-05,-3.1286040902741306,-0.28783137,1.0,1.0,0.7,1.0,True,2.424668169962451,89,200
5,18508,moderate complexity -,702,348,354,5.6224974368967504e-05,1.7998514507806103e-05,3.1238674916522844,0.29783934,1.0,1.0,0.7,1.0,True,2.4209973060305203,90,200
5,17316,m and pembrolizumab,44,25,19,-0.00011738176129957055,4.02769051563959e-05,-2.9143689378261612,-0.3626251,1.0,1.0,0.7666666666666667,1.0,True,2.404354373706583,91,200
5,10106,definitive squamous,63,30,33,7.301391505937077e-05,2.45115089915347e-05,2.9787605114228937,0.3005456,1.0,1.0,0.7333333333333333,1.0,True,2.3830084091383146,93,200
5,19712,no definitive squamous,63,30,33,7.301391505937077e-05,2.45115089915347e-05,2.9787605114228937,0.3005456,1.0,1.0,0.7333333333333333,1.0,True,2.3830084091383146,92,200
5,20190,nodules identified in,70,34,36,-8.183065700164202e-05,2.752526635232841e-05,-2.9729287976434,-0.35512808,1.0,1.0,0.7333333333333333,1.0,True,2.3783430381147195,94,200
5,3957,70,781,381,400,-7.262415137988352e-05,2.3988704076811913e-05,-3.0274312087614548,-0.37700695,1.0,1.0,0.7,1.0,True,2.3462591867901272,95,200
5,14307,identified. overall imaging,166,87,79,-9.638064783646981e-05,3.5153969409333284e-05,-2.74167183552481,-0.34341046,1.0,1.0,0.8,1.0,True,2.330421060196089,96,200
5,7769,calcium carbonate,268,111,157,-0.00011069729733227755,3.450493767029047e-05,-3.2081581595665485,-0.3184526,1.0,1.0,0.6333333333333333,1.0,True,2.3259146656857475,98,200
5,7870,carbonate,268,111,157,-0.00011069729733227755,3.450493767029047e-05,-3.2081581595665485,-0.3184526,1.0,1.0,0.6333333333333333,1.0,True,2.3259146656857475,97,200
5,8988,complexity -,758,370,388,5.2151449476267616e-05,1.7721607195397977e-05,2.9428171441363697,0.38143763,1.0,1.0,0.7,1.0,True,2.280683286705686,99,200
5,19898,no new enlarged,75,35,40,9.722720019727562e-05,3.110762357838898e-05,3.1255103737599903,0.34310818,1.0,1.0,0.6333333333333333,1.0,True,2.2659950209759927,100,200
5,22924,phase ii,81,42,39,-7.700250598077119e-05,2.5680788627900703e-05,-2.998447870760183,-0.373654,1.0,1.0,0.6666666666666666,1.0,True,2.2488359030701375,101,200
5,23398,presence of kras,129,65,64,-8.177245567940343e-05,2.8264240624216623e-05,-2.8931417888277284,-0.28950635,1.0,1.0,0.7,1.0,True,2.2421848863414895,102,200
5,20155,nodes up to,104,55,49,-8.797031089804666e-05,3.041324410795331e-05,-2.8925000761441857,-0.24091691,1.0,1.0,0.7,1.0,True,2.2416875590117438,103,200
5,20154,nodes up,104,55,49,-8.797031089804666e-05,3.041324410795331e-05,-2.8925000761441857,-0.24091691,1.0,1.0,0.7,1.0,True,2.2416875590117438,104,200
5,9712,current -,136,73,63,0.0001016401851125246,3.531673714258613e-05,2.877960800913383,0.2621073,1.0,1.0,0.7,1.0,True,2.2304196207078717,105,200
5,17348,m1 right,46,23,23,0.00010586225362298481,3.7063319033929524e-05,2.8562540102270244,0.33462965,1.0,1.0,0.7,1.0,True,2.2135968579259435,106,200
5,843,- normal. -,88,50,38,-7.868545805152822e-05,2.6668717960543044e-05,-2.950477715799653,-0.298969,1.0,1.0,0.6666666666666666,1.0,True,2.2128582868497397,107,200
5,16771,lobe primary nsclc,137,63,74,0.00010213123122806797,3.365821803173002e-05,3.0343623994528643,0.30712202,1.0,1.0,0.6333333333333333,1.0,True,2.1999127396033265,108,200
5,6121,and may,633,311,322,-7.10200988957084e-05,2.5046059456699337e-05,-2.8355797453284373,-0.28652328,1.0,1.0,0.7,1.0,True,2.1975743026295387,109,200
5,29241,week - lives,325,152,173,-0.00010108893374010239,3.34018786633142e-05,-3.026444552986474,-0.22023273,1.0,1.0,0.6333333333333333,1.0,True,2.1941723009151937,110,200
5,21636,or masses.,200,97,103,9.897888542895292e-05,3.313588746928874e-05,2.9870600423993263,0.3312165,1.0,1.0,0.6333333333333333,1.0,True,2.1656185307395117,111,200
5,5137,adrenal nodule,275,134,141,-0.00020906677899155065,7.00475471642395e-05,-2.98464096824625,-0.42448562,1.0,1.0,0.6333333333333333,1.0,True,2.163864701978531,112,200
5,25171,robust response,84,32,52,7.960989001669317e-05,2.7631369718902693e-05,2.8811416454042753,0.3888369,1.0,1.0,0.6666666666666666,1.0,True,2.1608562340532065,113,200
5,25172,robust response to,83,31,52,7.969510638273915e-05,2.7732186110739885e-05,2.8737405000998284,0.3900772,1.0,1.0,0.6666666666666666,1.0,True,2.1553053750748714,114,200
5,27570,therapy. 5.,175,67,108,-8.796656574288313e-05,2.9644249975823047e-05,-2.9674073661713822,-0.29588383,1.0,1.0,0.6333333333333333,1.0,True,2.151370340474252,115,200
5,12328,first hour <new,701,337,364,5.982619040608285e-05,2.0204009525982513e-05,2.961104840558796,0.4069495,1.0,1.0,0.6333333333333333,1.0,True,2.1468010094051273,116,200
5,16977,low pd-l1 expression,307,138,169,-0.00013955103273861465,4.720115191877214e-05,-2.956517522681782,-0.2797715,1.0,1.0,0.6333333333333333,1.0,True,2.143475203944292,117,200
5,13635,he reports increasing,63,27,36,-0.00010017029952494517,3.2714314420877286e-05,-3.0619715344246834,-0.34197617,1.0,1.0,0.6,1.0,True,2.143380074097278,118,200
5,5550,alk or,71,35,36,-8.530957573820104e-05,2.7926474768654664e-05,-3.054792144189804,-0.3055802,1.0,1.0,0.6,1.0,True,2.138354500932863,119,200
5,3753,60 %,87,44,43,0.00017108170934777224,5.803777914896687e-05,2.9477645743241307,0.27390936,1.0,1.0,0.6333333333333333,1.0,True,2.137129316384995,120,200
5,4165,9.8,98,53,45,-0.00012433109469193814,4.365185520799969e-05,-2.848243083816357,-0.2294048,1.0,1.0,0.6666666666666666,1.0,True,2.136182312862268,121,200
5,387,- discontinued,61,32,29,-9.36576161567275e-05,3.3073556392849376e-05,-2.83179755585573,-0.29158455,1.0,1.0,0.6666666666666666,1.0,True,2.1238481668917975,122,200
5,3960,70 100,743,364,379,-6.0208917370352266e-05,2.0565161535521962e-05,-2.927714293240737,-0.42545688,1.0,1.0,0.6333333333333333,1.0,True,2.122592862599534,123,200
5,5214,after prior,243,120,123,9.227615985884385e-05,3.155730315334409e-05,2.924082562139517,0.33082923,1.0,1.0,0.6333333333333333,1.0,True,2.11995985755115,124,200
5,16053,l - within,140,66,74,-9.538826303992039e-05,3.3099226920881265e-05,-2.88188794463181,-0.34890386,1.0,1.0,0.6333333333333333,1.0,True,2.089368759858062,125,200
5,19249,neurologic symptoms or,102,45,57,-8.411403749310591e-05,2.932172592344305e-05,-2.8686591544004507,-0.21212788,1.0,1.0,0.6333333333333333,1.0,True,2.0797778869403265,126,200
5,24796,resolution,211,115,96,0.00010067638428523748,3.5105806930641464e-05,2.8677986090490326,0.25903058,1.0,1.0,0.6333333333333333,1.0,True,2.0791539915605486,127,200
5,6226,and portal-venous phase,80,36,44,8.691042130075068e-05,2.9271201109349522e-05,2.9691443468983785,0.2725315,1.0,1.0,0.6,1.0,True,2.078401042828865,128,200
5,5551,alk or ros1,70,35,35,-8.23927518283327e-05,2.789224233624753e-05,-2.953966584510084,-0.28844786,1.0,1.0,0.6,1.0,True,2.067776609157059,129,200
5,17169,lung mass -,169,76,93,9.267703691380754e-05,3.275230618189662e-05,2.829633931702601,0.32345808,1.0,1.0,0.6333333333333333,1.0,True,2.0514846004843856,130,200
5,17179,lung no new,87,47,40,8.32091356667557e-05,2.9485273340080154e-05,2.8220574626197275,0.2709259,1.0,1.0,0.6333333333333333,1.0,True,2.0459916603993022,131,200
5,1240,- within,194,91,103,-9.349871130707386e-05,3.206205530248724e-05,-2.916179590639675,-0.33194813,1.0,1.0,0.6,1.0,True,2.0413257134477725,132,200
5,6278,and risks of,102,53,49,7.699548709491236e-05,2.6447877798424395e-05,2.9112160787244443,0.19981216,1.0,1.0,0.6,1.0,True,2.037851255107111,133,200
5,22141,pain palpitations or,717,355,362,5.572578169600697e-05,1.9874087048693703e-05,2.803941713623004,0.41008118,1.0,1.0,0.6333333333333333,1.0,True,2.032857742376678,134,200
5,5602,allergies nkda social,181,80,101,-8.861841475899147e-05,3.05375849567692e-05,-2.9019457460190416,-0.2608258,1.0,1.0,0.6,1.0,True,2.031362022213329,135,200
5,16330,left hilar and,61,33,28,-0.0001624737564545195,5.613473245521028e-05,-2.894353448360278,-0.28976846,1.0,1.0,0.6,1.0,True,2.0260474138521944,136,200
5,1470,----------------------- kras c.34g>t,201,103,98,9.718636344109879e-05,3.238758966068817e-05,3.000728503086567,0.37953007,1.0,1.0,0.5666666666666667,1.0,True,2.025491739583433,137,200
5,11045,dyspnea 25,174,104,70,-0.00012063578252204483,4.0234478664621436e-05,-2.99831851998423,-0.38520485,1.0,1.0,0.5666666666666667,1.0,True,2.0238650009893555,138,200
5,1972,1.25 mm,253,131,122,8.911948586003181e-05,3.195789996665092e-05,2.788652757316057,0.35161912,1.0,1.0,0.6333333333333333,1.0,True,2.0217732490541414,139,200
5,12903,frontal lobe,108,51,57,0.00015015807029630798,5.269942154989989e-05,2.8493305216666696,0.26157352,1.0,1.0,0.6,1.0,True,1.9945313651666685,140,200
5,1241,- within normal,177,82,95,-9.044778139395023e-05,3.185513404981521e-05,-2.8393470657667788,-0.33795398,1.0,1.0,0.6,1.0,True,1.987542946036745,141,200
5,7524,brain -,132,60,72,0.0001037836240543689,3.658464891744763e-05,2.8368079816360714,0.22798666,1.0,1.0,0.6,1.0,True,1.9857655871452498,142,200
5,26114,spinal canal,42,18,24,8.665941388565955e-05,3.0592458324311915e-05,2.832705138206924,0.26336718,1.0,1.0,0.6,1.0,True,1.9828935967448467,143,200
5,5643,alt 24 u,58,30,28,7.844542846324336e-05,2.7710629095934424e-05,2.8308786564052606,0.27334163,1.0,1.0,0.6,1.0,True,1.9816150594836823,144,200
5,20039,no vomiting abdominal,88,39,49,9.828839020446339e-05,3.612782384262008e-05,2.7205732244661895,0.35918,1.0,1.0,0.6333333333333333,1.0,True,1.9724155877379874,145,200
5,2045,10 days ago,72,34,38,-7.237320087428847e-05,2.6745261269116705e-05,-2.706019587771209,-0.2514747,1.0,1.0,0.6333333333333333,1.0,True,1.9618642011341265,146,200
5,23279,post-injection. low-dose ct,99,54,45,-7.451160013195859e-05,2.6593966065884808e-05,-2.801823539496177,-0.2836312,1.0,1.0,0.6,1.0,True,1.9612764776473237,147,200
5,23278,post-injection. low-dose,99,54,45,-7.451160013195859e-05,2.6593966065884808e-05,-2.801823539496177,-0.2836312,1.0,1.0,0.6,1.0,True,1.9612764776473237,148,200
5,5074,administration of 10,93,47,46,-8.379302146180903e-05,2.9965034786929246e-05,-2.7963598927093374,-0.24010049,1.0,1.0,0.6,1.0,True,1.957451924896536,149,200
5,11115,e.g. carboplatin +,111,61,50,-8.648376474227822e-05,2.9830621967381854e-05,-2.899160628861291,-0.2879176,1.0,1.0,0.5666666666666667,1.0,True,1.9569334244813714,150,200
5,6277,and risks,134,68,66,8.183326806680367e-05,2.733607798197396e-05,2.9935994520050175,0.20946673,1.0,1.0,0.5333333333333333,1.0,True,1.9458396438032615,151,200
5,25883,slice thickness and,167,78,89,-9.168608397170691e-05,3.2992252434263995e-05,-2.7790186242781845,-0.262264,1.0,1.0,0.6,1.0,True,1.945313036994729,152,200
5,19360,new enlarged,82,39,43,9.352376271462752e-05,3.128211867184903e-05,2.9896876134157155,0.34723702,1.0,1.0,0.5333333333333333,1.0,True,1.9432969487202152,153,200
5,4031,75 100,417,227,190,-6.993726107472517e-05,2.5254667764343992e-05,-2.7692805831905125,-0.34832835,1.0,1.0,0.6,1.0,True,1.9384964082333587,154,200
5,1683,0.2 cm 0.2,77,34,43,-8.813830265909199e-05,3.075097736550552e-05,-2.8661951654895987,-0.26268166,1.0,1.0,0.5666666666666667,1.0,True,1.9346817367054794,155,200
5,26942,systemic progression,82,35,47,-9.170132822461517e-05,3.205063462687523e-05,-2.8611392345947935,-0.2796568,1.0,1.0,0.5666666666666667,1.0,True,1.9312689833514858,156,200
5,7795,canal,46,20,26,8.551155839445619e-05,3.107524243282071e-05,2.751758367752637,0.2134169,1.0,1.0,0.6,1.0,True,1.9262308574268456,157,200
5,6124,and may contribute,152,75,77,-8.101184401741133e-05,2.850625648981368e-05,-2.8418969725596837,-0.27485114,1.0,1.0,0.5666666666666667,1.0,True,1.9182804564777867,158,200
5,25164,rna-based,325,147,178,9.358824879040711e-05,3.2936127056006745e-05,2.8415074010148045,0.31104967,1.0,1.0,0.5666666666666667,1.0,True,1.9180174956849931,159,200
5,10120,deletion exons,219,102,117,-8.558964124320057e-05,3.03425825683855e-05,-2.820776413817129,-0.19943775,1.0,1.0,0.5666666666666667,1.0,True,1.9040240793265621,160,200
5,29471,whichever,70,35,35,-8.24737999644767e-05,2.9335295996086473e-05,-2.811418707875975,-0.2907809,1.0,1.0,0.5666666666666667,1.0,True,1.8977076278162832,161,200
5,5235,after three cycles,64,33,31,0.00013247840685457477,4.538699207015421e-05,2.918862890270504,0.3888373,1.0,1.0,0.5333333333333333,1.0,True,1.8972608786758276,162,200
5,8298,chest discomfort and,62,30,32,-7.906664473173236e-05,2.8134899578143444e-05,-2.81026930670672,-0.3182851,1.0,1.0,0.5666666666666667,1.0,True,1.8969317820270362,163,200
5,14077,homozygous deletion exons,214,98,116,-8.59442587926419e-05,3.06071590514984e-05,-2.8079789649224054,-0.20051073,1.0,1.0,0.5666666666666667,1.0,True,1.8953858013226237,164,200
5,27259,the histologic and,112,56,56,-8.482855568521401e-05,2.9139721798469017e-05,-2.911096964888349,-0.2524893,1.0,1.0,0.5333333333333333,1.0,True,1.892213027177427,165,200
5,14975,indicated. -,110,54,56,9.059546901030783e-05,3.233328529858062e-05,2.8019258845399424,0.20313033,1.0,1.0,0.5666666666666667,1.0,True,1.8912999720644612,166,200
5,4092,8 of a,55,25,30,-8.665854601460172e-05,3.2375535030679904e-05,-2.6766676112837,-0.22214127,1.0,1.0,0.6,1.0,True,1.8736673278985898,167,200
5,20917,of first-line carboplatin,181,84,97,-0.0001096707834932718,3.663743203117138e-05,-2.9934080368941567,-0.24976231,1.0,1.0,0.5,1.0,True,1.8708800230588478,168,200
5,19062,nausea 20 100,119,58,61,-7.673440536936702e-05,2.6719356801503544e-05,-2.871865739112741,-0.29429916,1.0,1.0,0.5333333333333333,1.0,True,1.8667127304232816,171,200
5,2665,20 100 pain,119,58,61,-7.673440536936702e-05,2.6719356801503544e-05,-2.871865739112741,-0.29429916,1.0,1.0,0.5333333333333333,1.0,True,1.8667127304232816,169,200
5,2155,100 nausea 20,119,58,61,-7.673440536936702e-05,2.6719356801503544e-05,-2.871865739112741,-0.29429916,1.0,1.0,0.5333333333333333,1.0,True,1.8667127304232816,170,200
5,1758,1 % low,95,40,55,-9.230815339319654e-05,3.2372601396310194e-05,-2.851428350262817,-0.24852748,1.0,1.0,0.5333333333333333,1.0,True,1.853428427670831,172,200
5,22129,pain no new,84,37,47,-8.292973802681446e-05,2.925617008315478e-05,-2.834606778368575,-0.2960848,1.0,1.0,0.5333333333333333,1.0,True,1.8424944059395738,173,200
5,7894,carcinoma adenocarcinoma,513,266,247,8.93036554655693e-05,3.0446586794877066e-05,2.93312534725881,0.29463258,1.0,1.0,0.5,1.0,True,1.8332033420367564,174,200
5,19727,no dyspnea at,217,108,109,9.81656324749362e-05,3.367896043465297e-05,2.9147465126011305,0.29486164,1.0,1.0,0.5,1.0,True,1.8217165703757066,175,200
5,8823,codes - 96413,57,31,26,-9.509126217168389e-05,3.525567873520015e-05,-2.6971899445164387,-0.37956557,1.0,1.0,0.5666666666666667,1.0,True,1.8206032125485963,176,200
5,4091,8 of,58,27,31,-8.567295567252194e-05,3.2121987754207995e-05,-2.667112518941134,-0.19673884,1.0,1.0,0.5666666666666667,1.0,True,1.8003009502852656,177,200
5,18030,metastasis in the,69,33,36,8.024486285839457e-05,3.0148871252780506e-05,2.6616208011765585,0.26148358,1.0,1.0,0.5666666666666667,1.0,True,1.7965940407941772,178,200
5,9316,contrast patient james,126,55,71,0.00012836078368263628,4.4769919740354994e-05,2.8671211480179095,0.39803633,1.0,1.0,0.5,1.0,True,1.7919507175111935,179,200
5,4307,> 500,67,31,36,-8.233093275373195e-05,2.9868068249372973e-05,-2.7564866956355756,-0.3737841,1.0,1.0,0.5333333333333333,1.0,True,1.791716352163124,180,200
5,17141,lung carcinoma adenocarcinoma,511,265,246,8.622114232564796e-05,3.0329097531353593e-05,2.8428522225732014,0.2857265,1.0,1.0,0.5,1.0,True,1.7767826391082508,181,200
5,27148,testing.,189,90,99,9.6667459282231e-05,3.546395664099688e-05,2.725794537276247,0.3011096,1.0,1.0,0.5333333333333333,1.0,True,1.7717664492295606,182,200
5,22113,pain if,65,26,39,-6.908894942828897e-05,2.656257760060385e-05,-2.60098814456615,-0.24921806,1.0,1.0,0.5666666666666667,1.0,True,1.7556669975821513,183,200
5,25371,score < 1,168,73,95,-0.000120753068231114,4.301417196006372e-05,-2.807285662577128,-0.27151632,1.0,1.0,0.5,1.0,True,1.754553539110705,184,200
5,8560,clinician,83,39,44,9.049268545435366e-05,3.3585331364099806e-05,2.69441097583106,0.31180036,1.0,1.0,0.5333333333333333,1.0,True,1.751367134290189,185,200
5,22417,pathology report specimen,94,50,44,8.143163362026727e-05,2.912958427492398e-05,2.795495907243935,0.2994295,1.0,1.0,0.5,1.0,True,1.7471849420274594,186,200
5,28606,unchecked cell-cycle progression.,65,21,44,-6.598688505000025e-05,2.4572593166395296e-05,-2.685385486308455,-0.23924507,1.0,1.0,0.5333333333333333,1.0,True,1.7455005661004959,187,200
5,8852,collections,91,41,50,-6.800306687165357e-05,2.5445013166889607e-05,-2.672549879445248,-0.18208784,1.0,1.0,0.5333333333333333,1.0,True,1.7371574216394112,188,200
5,842,- normal.,99,59,40,-7.394300472383912e-05,2.76984972532612e-05,-2.6695673793325785,-0.282983,1.0,1.0,0.5333333333333333,1.0,True,1.735218796566176,189,200
5,13994,histologic and immunophenotypic,113,56,57,-7.957374557627278e-05,2.8780390311446502e-05,-2.764859847804941,-0.2329325,1.0,1.0,0.5,1.0,True,1.728037404878088,190,200
5,9414,core biopsy .,67,37,30,-7.32210366039437e-05,2.6599247603684274e-05,-2.752748412094251,-0.2438558,1.0,1.0,0.5,1.0,True,1.720467757558907,191,200
5,20285,none rash,241,120,121,-9.163194922509627e-05,3.331773372400666e-05,-2.750245559441279,-0.2745977,1.0,1.0,0.5,1.0,True,1.7189034746507994,192,200
5,22740,per recist criteria,135,74,61,8.723832356408261e-05,3.302417466507294e-05,2.641650380330252,0.30832162,1.0,1.0,0.5333333333333333,1.0,True,1.7170727472146639,193,200
5,4236,<1,320,148,172,-0.0001373138633872174,5.021442913470358e-05,-2.7345499242630784,-0.24930502,1.0,1.0,0.5,1.0,True,1.709093702664424,194,200
5,5057,administer,338,160,178,8.794134019916049e-05,3.217242710782626e-05,2.733438167547138,0.33810195,1.0,1.0,0.5,1.0,True,1.7083988547169613,195,200
5,23487,primary nsclc,161,71,90,8.864087784213518e-05,3.3786719562733404e-05,2.6235420008015713,0.22884192,1.0,1.0,0.5333333333333333,1.0,True,1.7053023005210215,196,200
5,15362,interfere,62,29,33,8.60548039456266e-05,3.160324313542495e-05,2.7229738282513605,0.31564695,1.0,1.0,0.5,1.0,True,1.7018586426571003,197,200
5,26482,stk11 loss-of-function cdkn2a,30,11,19,0.00014518533842311748,5.378021660914993e-05,2.6996049398286783,0.3162162,1.0,1.0,0.5,1.0,True,1.687253087392924,198,200
5,11567,epidural,92,42,50,0.00010041275002362672,3.875183395346961e-05,2.5911741401502457,0.20129171,1.0,1.0,0.5333333333333333,1.0,True,1.6842631910976598,199,200
5,24841,respiratory none,76,34,42,-7.777899961438595e-05,2.774029534913231e-05,-2.8038273794665565,-0.22993518,1.0,1.0,0.4666666666666667,1.0,True,1.682296427679934,200,200
5,26654,superior vena cava,112,53,59,-0.00013301605758942234,3.288447846462411e-05,-4.044949587159062,-0.5048094,1.0,1.0,1.0,1.0,True,4.044949587159062,1,400
5,28883,vena cava,113,54,59,-0.00013116424159135369,3.2813612885014535e-05,-3.997250837662388,-0.4868612,1.0,1.0,1.0,1.0,True,3.997250837662388,3,400
5,7973,cava,113,54,59,-0.00013116424159135369,3.2813612885014535e-05,-3.997250837662388,-0.4868612,1.0,1.0,1.0,1.0,True,3.997250837662388,2,400
5,13915,high pd-l1 expression,163,85,78,0.00020950584091136048,5.4713320083935176e-05,3.829156055416845,0.35605857,1.0,1.0,1.0,1.0,True,3.829156055416845,4,400
5,18510,moderate complexity <new,310,157,153,-0.00013066252974725526,3.372972530468203e-05,-3.873809483088733,-0.4752599,1.0,1.0,0.9666666666666667,1.0,True,3.7769642460115147,5,400
5,21086,of superior,85,38,47,-0.00011327092910845066,3.047604048854258e-05,-3.7167206530991024,-0.4135074,1.0,1.0,1.0,1.0,True,3.7167206530991024,6,400
5,11684,evidence of superior,85,38,47,-0.00011327092910845066,3.047604048854258e-05,-3.7167206530991024,-0.4135074,1.0,1.0,1.0,1.0,True,3.7167206530991024,7,400
5,6059,and immunophenotypic profile,84,42,42,-0.00010595373619893346,2.862232971226698e-05,-3.701785887594039,-0.27132618,1.0,1.0,1.0,1.0,True,3.701785887594039,8,400
5,14593,immunophenotypic profile,84,42,42,-0.00010595373619893346,2.862232971226698e-05,-3.701785887594039,-0.27132618,1.0,1.0,1.0,1.0,True,3.701785887594039,9,400
5,24352,recist criteria,177,96,81,0.00012695912348724598,3.4587152877492843e-05,3.670701775799044,0.40112513,1.0,1.0,1.0,1.0,True,3.670701775799044,10,400
5,26653,superior vena,113,53,60,-0.0001234621278372937,3.369618469755022e-05,-3.6639794370034315,-0.48749512,1.0,1.0,0.9666666666666667,1.0,True,3.5723799510783456,11,400
5,26911,syndromes --- physical,104,53,51,-0.00010974100658187833,3.0003933693749867e-05,-3.6575539628238323,-0.36894104,1.0,1.0,0.9666666666666667,1.0,True,3.5661151137532365,12,400
5,28882,vena,114,54,60,-0.00012164521115981605,3.361920295715573e-05,-3.6183252563970822,-0.46965805,1.0,1.0,0.9666666666666667,1.0,True,3.527867124987155,13,400
5,13914,high pd-l1,185,101,84,0.00022444918717492534,6.101932004465817e-05,3.6783298635687496,0.3366511,1.0,1.0,0.9333333333333333,1.0,True,3.494413370390312,14,400
5,8994,complexity <new,521,257,264,-0.00011295365792127296,3.12302069051752e-05,-3.616807863753066,-0.46583018,1.0,1.0,0.9333333333333333,1.0,True,3.4359674705654126,15,400
5,8995,complexity <new note>,521,257,264,-0.00011295365792127296,3.12302069051752e-05,-3.616807863753066,-0.46583018,1.0,1.0,0.9333333333333333,1.0,True,3.4359674705654126,16,400
5,14106,hour <new note>,726,349,377,6.694840401846481e-05,1.861139507617654e-05,3.597172793573219,0.43992287,1.0,1.0,0.9333333333333333,1.0,True,3.417314153894558,17,400
5,14105,hour <new,726,349,377,6.694840401846481e-05,1.861139507617654e-05,3.597172793573219,0.43992287,1.0,1.0,0.9333333333333333,1.0,True,3.417314153894558,18,400
5,30,% low,211,104,107,-0.00013019813276776883,3.6736433561501305e-05,-3.5441146607168914,-0.32046956,1.0,1.0,0.9333333333333333,1.0,True,3.3669089276810467,19,400
5,7822,cancer nsclc -,78,34,44,0.00011224910694533551,3.174234625045204e-05,3.5362574039005383,0.41107365,1.0,1.0,0.9333333333333333,1.0,True,3.359444533705511,20,400
5,28244,tps >=,64,37,27,8.74218612729919e-05,2.564132637619384e-05,3.4094126017660664,0.27966034,1.0,1.0,0.9666666666666667,1.0,True,3.324177286721915,21,400
5,6225,and portal-venous,106,48,58,0.00010751064601717668,3.163880026340238e-05,3.3980632995599938,0.3281615,1.0,1.0,0.9666666666666667,1.0,True,3.313111717070994,22,400
5,24280,reasonable,81,32,49,-9.109246325712576e-05,2.6136639061967084e-05,-3.4852401275143143,-0.35935974,1.0,1.0,0.9333333333333333,1.0,True,3.3109781211385987,23,400
5,22510,patient reports a,78,36,42,8.798106127630213e-05,2.5165748988881194e-05,3.4960636901835977,0.40539068,1.0,1.0,0.9,1.0,True,3.233858913419828,24,400
5,5780,analgesia,125,55,70,-0.00010325924257276398,3.034493571687555e-05,-3.40284927726306,-0.32314706,1.0,1.0,0.9333333333333333,1.0,True,3.232706813399907,25,400
5,14594,immunophenotypic profile is,81,41,40,-9.569996947849474e-05,2.8183844271744222e-05,-3.395561249763183,-0.23737086,1.0,1.0,0.9333333333333333,1.0,True,3.2257831872750238,26,400
5,6609,are normal in,79,36,43,0.00011100877367609775,3.209782290953713e-05,3.4584518080543725,0.40106282,1.0,1.0,0.9,1.0,True,3.1990679224502947,27,400
5,25373,score <1 %,58,32,26,-8.070170167354582e-05,2.4803354542137686e-05,-3.253660771426868,-0.3364578,1.0,1.0,0.9666666666666667,1.0,True,3.1723192521411963,28,400
5,22574,pd-l1 <1,153,70,83,-0.0001443808166520537,4.2417090121641924e-05,-3.403835959468331,-0.29917756,1.0,1.0,0.9,1.0,True,3.148548262508206,29,400
5,3962,70 100 fatigue,215,124,91,-9.78394557244106e-05,2.8841662641704824e-05,-3.3922959622631286,-0.40917835,1.0,1.0,0.9,1.0,True,3.137873765093394,30,400
5,21087,of superior vena,77,38,39,-0.00010298121244083132,3.060576556333831e-05,-3.364765120078855,-0.40547934,1.0,1.0,0.9,1.0,True,3.112407736072941,31,400
5,15656,is within,70,35,35,-9.590067503329841e-05,2.762077512051358e-05,-3.4720486523230933,-0.344532,1.0,1.0,0.8333333333333334,1.0,True,3.038042570782707,32,400
5,540,- high pd-l1,71,32,39,0.00011265423814581327,3.433187287995904e-05,3.281330981846152,0.32104146,1.0,1.0,0.9,1.0,True,3.035231158207691,33,400
5,19597,nkda social,232,105,127,-0.00010620845624113368,3.177078762888156e-05,-3.3429594973145647,-0.32651344,1.0,1.0,0.8666666666666667,1.0,True,3.008663547583108,34,400
5,19598,nkda social history,232,105,127,-0.00010620845624113368,3.177078762888156e-05,-3.3429594973145647,-0.32651344,1.0,1.0,0.8666666666666667,1.0,True,3.008663547583108,35,400
5,17177,lung no,207,109,98,0.0001124873555306304,3.4638284212712565e-05,3.2474863604631583,0.30669495,1.0,1.0,0.9,1.0,True,3.0039248834284216,36,400
5,14824,in previously,70,30,40,0.00010488194256605857,3.171101238587779e-05,3.3074296490378465,0.35629097,1.0,1.0,0.8666666666666667,1.0,True,2.976686684134062,37,400
5,3326,40 100 emotional,130,59,71,-8.839080733715728e-05,2.8285498939675163e-05,-3.1249513231380313,-0.31405568,1.0,1.0,0.9333333333333333,1.0,True,2.9687037569811294,38,400
5,18676,morphine 2.5,66,32,34,-8.577504006756321e-05,2.6170322257192738e-05,-3.2775691191188336,-0.2682117,1.0,1.0,0.8666666666666667,1.0,True,2.9498122072069504,39,400
5,18677,morphine 2.5 mg,66,32,34,-8.577504006756321e-05,2.6170322257192738e-05,-3.2775691191188336,-0.2682117,1.0,1.0,0.8666666666666667,1.0,True,2.9498122072069504,40,400
5,25970,social function 70,191,111,80,-0.00010834671012280832,3.312970917188175e-05,-3.270379150045955,-0.40084895,1.0,1.0,0.8666666666666667,1.0,True,2.9433412350413595,41,400
5,11128,e.g. new,79,40,39,9.851645446843714e-05,2.8968094125451405e-05,3.400860755346706,0.3304692,1.0,1.0,0.8,1.0,True,2.8907316420447002,42,400
5,6339,and unchanged,100,42,58,-7.604864797987015e-05,2.4367110044968342e-05,-3.120954755796891,-0.31057748,1.0,1.0,0.9,1.0,True,2.8868831491121245,43,400
5,26910,syndromes ---,142,68,74,-0.00010203315533582338,3.109997440831524e-05,-3.280811552968437,-0.342107,1.0,1.0,0.8333333333333334,1.0,True,2.8707101088473825,45,400
5,7829,cancer syndromes ---,142,68,74,-0.00010203315533582338,3.109997440831524e-05,-3.280811552968437,-0.342107,1.0,1.0,0.8333333333333334,1.0,True,2.8707101088473825,44,400
5,6608,are normal,83,37,46,0.00010478406958727295,3.2125215552682144e-05,3.261739035351764,0.3913411,1.0,1.0,0.8333333333333334,1.0,True,2.8540216559327938,46,400
5,3643,55.,92,50,42,0.00010235191166928249,3.326463848458205e-05,3.0768983621067143,0.22954236,1.0,1.0,0.9,1.0,True,2.846130984948711,47,400
5,2638,2.5 mg,78,38,40,-8.83633714798365e-05,2.723538172338534e-05,-3.2444330091384153,-0.29983386,1.0,1.0,0.8333333333333334,1.0,True,2.8388788829961134,48,400
5,15886,kidneys,731,357,374,6.147976523737484e-05,1.897701636962046e-05,3.239696063907881,0.251884,1.0,1.0,0.8333333333333334,1.0,True,2.834734055919396,49,400
5,28408,ttf-1 napsin,56,31,25,8.59617534921101e-05,2.6797625831082396e-05,3.2078122903113155,0.3732564,1.0,1.0,0.8333333333333334,1.0,True,2.806835754022401,51,400
5,28409,ttf-1 napsin a,56,31,25,8.59617534921101e-05,2.6797625831082396e-05,3.2078122903113155,0.3732564,1.0,1.0,0.8333333333333334,1.0,True,2.806835754022401,50,400
5,7770,calcium carbonate +,62,26,36,-9.068719725179731e-05,2.9196632033943228e-05,-3.1060841930797634,-0.31667385,1.0,1.0,0.8666666666666667,1.0,True,2.7954757737717872,54,400
5,7872,carbonate + vitamin,62,26,36,-9.068719725179731e-05,2.9196632033943228e-05,-3.1060841930797634,-0.31667385,1.0,1.0,0.8666666666666667,1.0,True,2.7954757737717872,53,400
5,7871,carbonate +,62,26,36,-9.068719725179731e-05,2.9196632033943228e-05,-3.1060841930797634,-0.31667385,1.0,1.0,0.8666666666666667,1.0,True,2.7954757737717872,52,400
5,25904,smarca4,57,37,20,-8.933500070479765e-05,2.718397720957164e-05,-3.28631090351791,-0.2587853,1.0,1.0,0.8,1.0,True,2.7933642679902237,55,400
5,16922,loss-of-function cdkn2a,37,14,23,0.00016654203377272379,5.379021588930095e-05,3.0961399023841722,0.3745321,1.0,1.0,0.8666666666666667,1.0,True,2.786525912145755,56,400
5,18388,minutes post-injection. low-dose,86,49,37,-8.388870679747177e-05,2.641275343299701e-05,-3.17606822061463,-0.32433337,1.0,1.0,0.8333333333333334,1.0,True,2.779059693037801,57,400
5,12519,for 3,259,142,117,0.00011535497719208546,3.656865832833897e-05,3.1544766055223534,0.28376517,1.0,1.0,0.8333333333333334,1.0,True,2.760167029832059,58,400
5,26887,symptoms or,184,90,94,-0.00010309175639460142,3.1753188752434465e-05,-3.2466583812530496,-0.280299,1.0,1.0,0.8,1.0,True,2.7596596240650926,59,400
5,25178,role function 40,129,57,72,-0.00011294577883065761,3.693506969997626e-05,-3.0579549395227,-0.29637003,1.0,1.0,0.8666666666666667,1.0,True,2.75215944557043,60,400
5,8103,cell-cycle progression.,80,31,49,-8.440490728750535e-05,2.77095374492546e-05,-3.0460597706504076,-0.23778895,1.0,1.0,0.8666666666666667,1.0,True,2.7414537935853667,61,400
5,16923,loss-of-function cdkn2a homozygous,33,12,21,0.00016754520703616963,5.538616958151505e-05,3.025036905460371,0.40762576,1.0,1.0,0.8666666666666667,1.0,True,2.722533214914334,62,400
5,26652,superior,142,63,79,-0.0001136307738254665,3.450416958639255e-05,-3.29324760420489,-0.42224205,1.0,1.0,0.7666666666666667,1.0,True,2.7169292734690345,63,400
5,13299,given molecular,76,33,43,8.821489926328061e-05,2.8433885604983723e-05,3.102456712698416,0.3658058,1.0,1.0,0.8333333333333334,1.0,True,2.714649623611114,64,400
5,15098,infusion hold chemotherapy,76,28,48,-8.854036011782182e-05,2.789880259822152e-05,-3.173625814445028,-0.36124963,1.0,1.0,0.8,1.0,True,2.697581942278274,65,400
5,24695,report specimen,101,53,48,9.452278043534007e-05,3.077142769871992e-05,3.0717710390562143,0.3217427,1.0,1.0,0.8333333333333334,1.0,True,2.6877996591741873,66,400
5,11672,evidence of acute,66,32,34,8.96638201552502e-05,2.8511223479622725e-05,3.1448604869353955,0.3108268,1.0,1.0,0.8,1.0,True,2.6731314138950864,67,400
5,4128,800,456,219,237,7.83895673074142e-05,2.5001903691708514e-05,3.1353439431658505,0.3748017,1.0,1.0,0.8,1.0,True,2.6650423516909734,68,400
5,17374,maintaining quality,140,44,96,9.947078452826135e-05,3.1767694905022775e-05,3.131193019375607,0.28163034,1.0,1.0,0.8,1.0,True,2.661514066469266,69,400
5,8990,complexity - 96413,736,359,377,5.6414653296545054e-05,1.804841156846559e-05,3.1257406272313424,0.40564358,1.0,1.0,0.8,1.0,True,2.6568795331466415,70,400
5,22576,pd-l1 <1 %.,96,39,57,-0.00010239364731005931,3.197383512017358e-05,-3.2024199450961395,-0.25228214,1.0,1.0,0.7666666666666667,1.0,True,2.6419964547043153,71,400
5,4682,abdominal pain or,407,200,207,9.46364803508962e-05,3.0464747105882166e-05,3.1064259296813166,0.33660772,1.0,1.0,0.8,1.0,True,2.6404620402291195,72,400
5,6596,are diagnostic of,81,46,35,0.0001003154870724437,3.232367900518314e-05,3.103467493794812,0.3329901,1.0,1.0,0.8,1.0,True,2.63794736972559,73,400
5,6595,are diagnostic,81,46,35,0.0001003154870724437,3.232367900518314e-05,3.103467493794812,0.3329901,1.0,1.0,0.8,1.0,True,2.63794736972559,74,400
5,27614,thickness 1.25 mm,79,41,38,8.497094938102049e-05,2.6754263994544068e-05,3.17597783285492,0.30400687,1.0,1.0,0.7666666666666667,1.0,True,2.6201817121053095,75,400
5,20038,no vomiting,542,268,274,9.833100180904832e-05,3.2032333027297336e-05,3.069742117292941,0.36249942,1.0,1.0,0.8,1.0,True,2.609280799699,76,400
5,20256,none cough,63,29,34,-8.387088788011338e-05,2.703904377303078e-05,-3.101843711047492,-0.2968314,1.0,1.0,0.7666666666666667,1.0,True,2.5590210616141813,77,400
5,24842,respiratory none cough,63,29,34,-8.387088788011338e-05,2.703904377303078e-05,-3.101843711047492,-0.2968314,1.0,1.0,0.7666666666666667,1.0,True,2.5590210616141813,78,400
5,24801,resolved .,131,64,67,0.00010281557241188918,3.335718563154911e-05,3.082261601669613,0.25841844,1.0,1.0,0.7666666666666667,1.0,True,2.542865821377431,79,400
5,17375,maintaining quality of,139,44,95,9.786306791886103e-05,3.182773773679933e-05,3.074772977210738,0.267743,1.0,1.0,0.7666666666666667,1.0,True,2.536687706198859,80,400
5,29575,with a more,67,31,36,-8.062768826466584e-05,2.623013484514709e-05,-3.07385717765698,-0.32573685,1.0,1.0,0.7666666666666667,1.0,True,2.535932171567009,81,400
5,15890,kidneys are,66,30,36,8.235296735982481e-05,2.6918213188912316e-05,3.0593771875521893,0.31858227,1.0,1.0,0.7666666666666667,1.0,True,2.5239861797305565,82,400
5,1065,- schedule next,96,43,53,8.425579280268959e-05,2.7864195863611364e-05,3.0238013404406763,0.26675233,1.0,1.0,0.7666666666666667,1.0,True,2.494636105863558,83,400
5,16514,lesions. past,165,73,92,8.516578413108615e-05,2.8373026927518833e-05,3.0016460474467164,0.3279679,1.0,1.0,0.7666666666666667,1.0,True,2.476357989143541,84,400
5,16515,lesions. past medical,165,73,92,8.516578413108615e-05,2.8373026927518833e-05,3.0016460474467164,0.3279679,1.0,1.0,0.7666666666666667,1.0,True,2.476357989143541,85,400
5,7239,benefits and risks,120,60,60,8.2074869664691e-05,2.678325730783148e-05,3.0644095571113428,0.20422462,1.0,1.0,0.7333333333333333,1.0,True,2.451527645689074,86,400
5,17908,medications current,141,74,67,0.00010314650867973278,3.4825732601937074e-05,2.9617900607780916,0.29555252,1.0,1.0,0.7666666666666667,1.0,True,2.4434768001419256,87,400
5,20257,none cough dyspnea,62,29,33,-8.248975495015323e-05,2.71168206049905e-05,-3.0420142594066526,-0.29919517,1.0,1.0,0.7333333333333333,1.0,True,2.433611407525322,88,400
5,17870,mediastinum hilar nodes,345,163,182,-9.933898408304935e-05,3.1751855209760717e-05,-3.1286040902741306,-0.28783137,1.0,1.0,0.7,1.0,True,2.424668169962451,89,400
5,18508,moderate complexity -,702,348,354,5.6224974368967504e-05,1.7998514507806103e-05,3.1238674916522844,0.29783934,1.0,1.0,0.7,1.0,True,2.4209973060305203,90,400
5,17316,m and pembrolizumab,44,25,19,-0.00011738176129957055,4.02769051563959e-05,-2.9143689378261612,-0.3626251,1.0,1.0,0.7666666666666667,1.0,True,2.404354373706583,91,400
5,10106,definitive squamous,63,30,33,7.301391505937077e-05,2.45115089915347e-05,2.9787605114228937,0.3005456,1.0,1.0,0.7333333333333333,1.0,True,2.3830084091383146,93,400
5,19712,no definitive squamous,63,30,33,7.301391505937077e-05,2.45115089915347e-05,2.9787605114228937,0.3005456,1.0,1.0,0.7333333333333333,1.0,True,2.3830084091383146,92,400
5,20190,nodules identified in,70,34,36,-8.183065700164202e-05,2.752526635232841e-05,-2.9729287976434,-0.35512808,1.0,1.0,0.7333333333333333,1.0,True,2.3783430381147195,94,400
5,3957,70,781,381,400,-7.262415137988352e-05,2.3988704076811913e-05,-3.0274312087614548,-0.37700695,1.0,1.0,0.7,1.0,True,2.3462591867901272,95,400
5,14307,identified. overall imaging,166,87,79,-9.638064783646981e-05,3.5153969409333284e-05,-2.74167183552481,-0.34341046,1.0,1.0,0.8,1.0,True,2.330421060196089,96,400
5,7769,calcium carbonate,268,111,157,-0.00011069729733227755,3.450493767029047e-05,-3.2081581595665485,-0.3184526,1.0,1.0,0.6333333333333333,1.0,True,2.3259146656857475,98,400
5,7870,carbonate,268,111,157,-0.00011069729733227755,3.450493767029047e-05,-3.2081581595665485,-0.3184526,1.0,1.0,0.6333333333333333,1.0,True,2.3259146656857475,97,400
5,8988,complexity -,758,370,388,5.2151449476267616e-05,1.7721607195397977e-05,2.9428171441363697,0.38143763,1.0,1.0,0.7,1.0,True,2.280683286705686,99,400
5,19898,no new enlarged,75,35,40,9.722720019727562e-05,3.110762357838898e-05,3.1255103737599903,0.34310818,1.0,1.0,0.6333333333333333,1.0,True,2.2659950209759927,100,400
5,22924,phase ii,81,42,39,-7.700250598077119e-05,2.5680788627900703e-05,-2.998447870760183,-0.373654,1.0,1.0,0.6666666666666666,1.0,True,2.2488359030701375,101,400
5,23398,presence of kras,129,65,64,-8.177245567940343e-05,2.8264240624216623e-05,-2.8931417888277284,-0.28950635,1.0,1.0,0.7,1.0,True,2.2421848863414895,102,400
5,20155,nodes up to,104,55,49,-8.797031089804666e-05,3.041324410795331e-05,-2.8925000761441857,-0.24091691,1.0,1.0,0.7,1.0,True,2.2416875590117438,103,400
5,20154,nodes up,104,55,49,-8.797031089804666e-05,3.041324410795331e-05,-2.8925000761441857,-0.24091691,1.0,1.0,0.7,1.0,True,2.2416875590117438,104,400
5,9712,current -,136,73,63,0.0001016401851125246,3.531673714258613e-05,2.877960800913383,0.2621073,1.0,1.0,0.7,1.0,True,2.2304196207078717,105,400
5,17348,m1 right,46,23,23,0.00010586225362298481,3.7063319033929524e-05,2.8562540102270244,0.33462965,1.0,1.0,0.7,1.0,True,2.2135968579259435,106,400
5,843,- normal. -,88,50,38,-7.868545805152822e-05,2.6668717960543044e-05,-2.950477715799653,-0.298969,1.0,1.0,0.6666666666666666,1.0,True,2.2128582868497397,107,400
5,16771,lobe primary nsclc,137,63,74,0.00010213123122806797,3.365821803173002e-05,3.0343623994528643,0.30712202,1.0,1.0,0.6333333333333333,1.0,True,2.1999127396033265,108,400
5,6121,and may,633,311,322,-7.10200988957084e-05,2.5046059456699337e-05,-2.8355797453284373,-0.28652328,1.0,1.0,0.7,1.0,True,2.1975743026295387,109,400
5,29241,week - lives,325,152,173,-0.00010108893374010239,3.34018786633142e-05,-3.026444552986474,-0.22023273,1.0,1.0,0.6333333333333333,1.0,True,2.1941723009151937,110,400
5,21636,or masses.,200,97,103,9.897888542895292e-05,3.313588746928874e-05,2.9870600423993263,0.3312165,1.0,1.0,0.6333333333333333,1.0,True,2.1656185307395117,111,400
5,5137,adrenal nodule,275,134,141,-0.00020906677899155065,7.00475471642395e-05,-2.98464096824625,-0.42448562,1.0,1.0,0.6333333333333333,1.0,True,2.163864701978531,112,400
5,25171,robust response,84,32,52,7.960989001669317e-05,2.7631369718902693e-05,2.8811416454042753,0.3888369,1.0,1.0,0.6666666666666666,1.0,True,2.1608562340532065,113,400
5,25172,robust response to,83,31,52,7.969510638273915e-05,2.7732186110739885e-05,2.8737405000998284,0.3900772,1.0,1.0,0.6666666666666666,1.0,True,2.1553053750748714,114,400
5,27570,therapy. 5.,175,67,108,-8.796656574288313e-05,2.9644249975823047e-05,-2.9674073661713822,-0.29588383,1.0,1.0,0.6333333333333333,1.0,True,2.151370340474252,115,400
5,12328,first hour <new,701,337,364,5.982619040608285e-05,2.0204009525982513e-05,2.961104840558796,0.4069495,1.0,1.0,0.6333333333333333,1.0,True,2.1468010094051273,116,400
5,16977,low pd-l1 expression,307,138,169,-0.00013955103273861465,4.720115191877214e-05,-2.956517522681782,-0.2797715,1.0,1.0,0.6333333333333333,1.0,True,2.143475203944292,117,400
5,13635,he reports increasing,63,27,36,-0.00010017029952494517,3.2714314420877286e-05,-3.0619715344246834,-0.34197617,1.0,1.0,0.6,1.0,True,2.143380074097278,118,400
5,5550,alk or,71,35,36,-8.530957573820104e-05,2.7926474768654664e-05,-3.054792144189804,-0.3055802,1.0,1.0,0.6,1.0,True,2.138354500932863,119,400
5,3753,60 %,87,44,43,0.00017108170934777224,5.803777914896687e-05,2.9477645743241307,0.27390936,1.0,1.0,0.6333333333333333,1.0,True,2.137129316384995,120,400
5,4165,9.8,98,53,45,-0.00012433109469193814,4.365185520799969e-05,-2.848243083816357,-0.2294048,1.0,1.0,0.6666666666666666,1.0,True,2.136182312862268,121,400
5,387,- discontinued,61,32,29,-9.36576161567275e-05,3.3073556392849376e-05,-2.83179755585573,-0.29158455,1.0,1.0,0.6666666666666666,1.0,True,2.1238481668917975,122,400
5,3960,70 100,743,364,379,-6.0208917370352266e-05,2.0565161535521962e-05,-2.927714293240737,-0.42545688,1.0,1.0,0.6333333333333333,1.0,True,2.122592862599534,123,400
5,5214,after prior,243,120,123,9.227615985884385e-05,3.155730315334409e-05,2.924082562139517,0.33082923,1.0,1.0,0.6333333333333333,1.0,True,2.11995985755115,124,400
5,16053,l - within,140,66,74,-9.538826303992039e-05,3.3099226920881265e-05,-2.88188794463181,-0.34890386,1.0,1.0,0.6333333333333333,1.0,True,2.089368759858062,125,400
5,19249,neurologic symptoms or,102,45,57,-8.411403749310591e-05,2.932172592344305e-05,-2.8686591544004507,-0.21212788,1.0,1.0,0.6333333333333333,1.0,True,2.0797778869403265,126,400
5,24796,resolution,211,115,96,0.00010067638428523748,3.5105806930641464e-05,2.8677986090490326,0.25903058,1.0,1.0,0.6333333333333333,1.0,True,2.0791539915605486,127,400
5,6226,and portal-venous phase,80,36,44,8.691042130075068e-05,2.9271201109349522e-05,2.9691443468983785,0.2725315,1.0,1.0,0.6,1.0,True,2.078401042828865,128,400
5,5551,alk or ros1,70,35,35,-8.23927518283327e-05,2.789224233624753e-05,-2.953966584510084,-0.28844786,1.0,1.0,0.6,1.0,True,2.067776609157059,129,400
5,17169,lung mass -,169,76,93,9.267703691380754e-05,3.275230618189662e-05,2.829633931702601,0.32345808,1.0,1.0,0.6333333333333333,1.0,True,2.0514846004843856,130,400
5,17179,lung no new,87,47,40,8.32091356667557e-05,2.9485273340080154e-05,2.8220574626197275,0.2709259,1.0,1.0,0.6333333333333333,1.0,True,2.0459916603993022,131,400
5,1240,- within,194,91,103,-9.349871130707386e-05,3.206205530248724e-05,-2.916179590639675,-0.33194813,1.0,1.0,0.6,1.0,True,2.0413257134477725,132,400
5,6278,and risks of,102,53,49,7.699548709491236e-05,2.6447877798424395e-05,2.9112160787244443,0.19981216,1.0,1.0,0.6,1.0,True,2.037851255107111,133,400
5,22141,pain palpitations or,717,355,362,5.572578169600697e-05,1.9874087048693703e-05,2.803941713623004,0.41008118,1.0,1.0,0.6333333333333333,1.0,True,2.032857742376678,134,400
5,5602,allergies nkda social,181,80,101,-8.861841475899147e-05,3.05375849567692e-05,-2.9019457460190416,-0.2608258,1.0,1.0,0.6,1.0,True,2.031362022213329,135,400
5,16330,left hilar and,61,33,28,-0.0001624737564545195,5.613473245521028e-05,-2.894353448360278,-0.28976846,1.0,1.0,0.6,1.0,True,2.0260474138521944,136,400
5,1470,----------------------- kras c.34g>t,201,103,98,9.718636344109879e-05,3.238758966068817e-05,3.000728503086567,0.37953007,1.0,1.0,0.5666666666666667,1.0,True,2.025491739583433,137,400
5,11045,dyspnea 25,174,104,70,-0.00012063578252204483,4.0234478664621436e-05,-2.99831851998423,-0.38520485,1.0,1.0,0.5666666666666667,1.0,True,2.0238650009893555,138,400
5,1972,1.25 mm,253,131,122,8.911948586003181e-05,3.195789996665092e-05,2.788652757316057,0.35161912,1.0,1.0,0.6333333333333333,1.0,True,2.0217732490541414,139,400
5,12903,frontal lobe,108,51,57,0.00015015807029630798,5.269942154989989e-05,2.8493305216666696,0.26157352,1.0,1.0,0.6,1.0,True,1.9945313651666685,140,400
5,1241,- within normal,177,82,95,-9.044778139395023e-05,3.185513404981521e-05,-2.8393470657667788,-0.33795398,1.0,1.0,0.6,1.0,True,1.987542946036745,141,400
5,7524,brain -,132,60,72,0.0001037836240543689,3.658464891744763e-05,2.8368079816360714,0.22798666,1.0,1.0,0.6,1.0,True,1.9857655871452498,142,400
5,26114,spinal canal,42,18,24,8.665941388565955e-05,3.0592458324311915e-05,2.832705138206924,0.26336718,1.0,1.0,0.6,1.0,True,1.9828935967448467,143,400
5,5643,alt 24 u,58,30,28,7.844542846324336e-05,2.7710629095934424e-05,2.8308786564052606,0.27334163,1.0,1.0,0.6,1.0,True,1.9816150594836823,144,400
5,20039,no vomiting abdominal,88,39,49,9.828839020446339e-05,3.612782384262008e-05,2.7205732244661895,0.35918,1.0,1.0,0.6333333333333333,1.0,True,1.9724155877379874,145,400
5,2045,10 days ago,72,34,38,-7.237320087428847e-05,2.6745261269116705e-05,-2.706019587771209,-0.2514747,1.0,1.0,0.6333333333333333,1.0,True,1.9618642011341265,146,400
5,23279,post-injection. low-dose ct,99,54,45,-7.451160013195859e-05,2.6593966065884808e-05,-2.801823539496177,-0.2836312,1.0,1.0,0.6,1.0,True,1.9612764776473237,147,400
5,23278,post-injection. low-dose,99,54,45,-7.451160013195859e-05,2.6593966065884808e-05,-2.801823539496177,-0.2836312,1.0,1.0,0.6,1.0,True,1.9612764776473237,148,400
5,5074,administration of 10,93,47,46,-8.379302146180903e-05,2.9965034786929246e-05,-2.7963598927093374,-0.24010049,1.0,1.0,0.6,1.0,True,1.957451924896536,149,400
5,11115,e.g. carboplatin +,111,61,50,-8.648376474227822e-05,2.9830621967381854e-05,-2.899160628861291,-0.2879176,1.0,1.0,0.5666666666666667,1.0,True,1.9569334244813714,150,400
5,6277,and risks,134,68,66,8.183326806680367e-05,2.733607798197396e-05,2.9935994520050175,0.20946673,1.0,1.0,0.5333333333333333,1.0,True,1.9458396438032615,151,400
5,25883,slice thickness and,167,78,89,-9.168608397170691e-05,3.2992252434263995e-05,-2.7790186242781845,-0.262264,1.0,1.0,0.6,1.0,True,1.945313036994729,152,400
5,19360,new enlarged,82,39,43,9.352376271462752e-05,3.128211867184903e-05,2.9896876134157155,0.34723702,1.0,1.0,0.5333333333333333,1.0,True,1.9432969487202152,153,400
5,4031,75 100,417,227,190,-6.993726107472517e-05,2.5254667764343992e-05,-2.7692805831905125,-0.34832835,1.0,1.0,0.6,1.0,True,1.9384964082333587,154,400
5,1683,0.2 cm 0.2,77,34,43,-8.813830265909199e-05,3.075097736550552e-05,-2.8661951654895987,-0.26268166,1.0,1.0,0.5666666666666667,1.0,True,1.9346817367054794,155,400
5,26942,systemic progression,82,35,47,-9.170132822461517e-05,3.205063462687523e-05,-2.8611392345947935,-0.2796568,1.0,1.0,0.5666666666666667,1.0,True,1.9312689833514858,156,400
5,7795,canal,46,20,26,8.551155839445619e-05,3.107524243282071e-05,2.751758367752637,0.2134169,1.0,1.0,0.6,1.0,True,1.9262308574268456,157,400
5,6124,and may contribute,152,75,77,-8.101184401741133e-05,2.850625648981368e-05,-2.8418969725596837,-0.27485114,1.0,1.0,0.5666666666666667,1.0,True,1.9182804564777867,158,400
5,25164,rna-based,325,147,178,9.358824879040711e-05,3.2936127056006745e-05,2.8415074010148045,0.31104967,1.0,1.0,0.5666666666666667,1.0,True,1.9180174956849931,159,400
5,10120,deletion exons,219,102,117,-8.558964124320057e-05,3.03425825683855e-05,-2.820776413817129,-0.19943775,1.0,1.0,0.5666666666666667,1.0,True,1.9040240793265621,160,400
5,29471,whichever,70,35,35,-8.24737999644767e-05,2.9335295996086473e-05,-2.811418707875975,-0.2907809,1.0,1.0,0.5666666666666667,1.0,True,1.8977076278162832,161,400
5,5235,after three cycles,64,33,31,0.00013247840685457477,4.538699207015421e-05,2.918862890270504,0.3888373,1.0,1.0,0.5333333333333333,1.0,True,1.8972608786758276,162,400
5,8298,chest discomfort and,62,30,32,-7.906664473173236e-05,2.8134899578143444e-05,-2.81026930670672,-0.3182851,1.0,1.0,0.5666666666666667,1.0,True,1.8969317820270362,163,400
5,14077,homozygous deletion exons,214,98,116,-8.59442587926419e-05,3.06071590514984e-05,-2.8079789649224054,-0.20051073,1.0,1.0,0.5666666666666667,1.0,True,1.8953858013226237,164,400
5,27259,the histologic and,112,56,56,-8.482855568521401e-05,2.9139721798469017e-05,-2.911096964888349,-0.2524893,1.0,1.0,0.5333333333333333,1.0,True,1.892213027177427,165,400
5,14975,indicated. -,110,54,56,9.059546901030783e-05,3.233328529858062e-05,2.8019258845399424,0.20313033,1.0,1.0,0.5666666666666667,1.0,True,1.8912999720644612,166,400
5,4092,8 of a,55,25,30,-8.665854601460172e-05,3.2375535030679904e-05,-2.6766676112837,-0.22214127,1.0,1.0,0.6,1.0,True,1.8736673278985898,167,400
5,20917,of first-line carboplatin,181,84,97,-0.0001096707834932718,3.663743203117138e-05,-2.9934080368941567,-0.24976231,1.0,1.0,0.5,1.0,True,1.8708800230588478,168,400
5,19062,nausea 20 100,119,58,61,-7.673440536936702e-05,2.6719356801503544e-05,-2.871865739112741,-0.29429916,1.0,1.0,0.5333333333333333,1.0,True,1.8667127304232816,171,400
5,2665,20 100 pain,119,58,61,-7.673440536936702e-05,2.6719356801503544e-05,-2.871865739112741,-0.29429916,1.0,1.0,0.5333333333333333,1.0,True,1.8667127304232816,169,400
5,2155,100 nausea 20,119,58,61,-7.673440536936702e-05,2.6719356801503544e-05,-2.871865739112741,-0.29429916,1.0,1.0,0.5333333333333333,1.0,True,1.8667127304232816,170,400
5,1758,1 % low,95,40,55,-9.230815339319654e-05,3.2372601396310194e-05,-2.851428350262817,-0.24852748,1.0,1.0,0.5333333333333333,1.0,True,1.853428427670831,172,400
5,22129,pain no new,84,37,47,-8.292973802681446e-05,2.925617008315478e-05,-2.834606778368575,-0.2960848,1.0,1.0,0.5333333333333333,1.0,True,1.8424944059395738,173,400
5,7894,carcinoma adenocarcinoma,513,266,247,8.93036554655693e-05,3.0446586794877066e-05,2.93312534725881,0.29463258,1.0,1.0,0.5,1.0,True,1.8332033420367564,174,400
5,19727,no dyspnea at,217,108,109,9.81656324749362e-05,3.367896043465297e-05,2.9147465126011305,0.29486164,1.0,1.0,0.5,1.0,True,1.8217165703757066,175,400
5,8823,codes - 96413,57,31,26,-9.509126217168389e-05,3.525567873520015e-05,-2.6971899445164387,-0.37956557,1.0,1.0,0.5666666666666667,1.0,True,1.8206032125485963,176,400
5,4091,8 of,58,27,31,-8.567295567252194e-05,3.2121987754207995e-05,-2.667112518941134,-0.19673884,1.0,1.0,0.5666666666666667,1.0,True,1.8003009502852656,177,400
5,18030,metastasis in the,69,33,36,8.024486285839457e-05,3.0148871252780506e-05,2.6616208011765585,0.26148358,1.0,1.0,0.5666666666666667,1.0,True,1.7965940407941772,178,400
5,9316,contrast patient james,126,55,71,0.00012836078368263628,4.4769919740354994e-05,2.8671211480179095,0.39803633,1.0,1.0,0.5,1.0,True,1.7919507175111935,179,400
5,4307,> 500,67,31,36,-8.233093275373195e-05,2.9868068249372973e-05,-2.7564866956355756,-0.3737841,1.0,1.0,0.5333333333333333,1.0,True,1.791716352163124,180,400
5,17141,lung carcinoma adenocarcinoma,511,265,246,8.622114232564796e-05,3.0329097531353593e-05,2.8428522225732014,0.2857265,1.0,1.0,0.5,1.0,True,1.7767826391082508,181,400
5,27148,testing.,189,90,99,9.6667459282231e-05,3.546395664099688e-05,2.725794537276247,0.3011096,1.0,1.0,0.5333333333333333,1.0,True,1.7717664492295606,182,400
5,22113,pain if,65,26,39,-6.908894942828897e-05,2.656257760060385e-05,-2.60098814456615,-0.24921806,1.0,1.0,0.5666666666666667,1.0,True,1.7556669975821513,183,400
5,25371,score < 1,168,73,95,-0.000120753068231114,4.301417196006372e-05,-2.807285662577128,-0.27151632,1.0,1.0,0.5,1.0,True,1.754553539110705,184,400
5,8560,clinician,83,39,44,9.049268545435366e-05,3.3585331364099806e-05,2.69441097583106,0.31180036,1.0,1.0,0.5333333333333333,1.0,True,1.751367134290189,185,400
5,22417,pathology report specimen,94,50,44,8.143163362026727e-05,2.912958427492398e-05,2.795495907243935,0.2994295,1.0,1.0,0.5,1.0,True,1.7471849420274594,186,400
5,28606,unchecked cell-cycle progression.,65,21,44,-6.598688505000025e-05,2.4572593166395296e-05,-2.685385486308455,-0.23924507,1.0,1.0,0.5333333333333333,1.0,True,1.7455005661004959,187,400
5,8852,collections,91,41,50,-6.800306687165357e-05,2.5445013166889607e-05,-2.672549879445248,-0.18208784,1.0,1.0,0.5333333333333333,1.0,True,1.7371574216394112,188,400
5,842,- normal.,99,59,40,-7.394300472383912e-05,2.76984972532612e-05,-2.6695673793325785,-0.282983,1.0,1.0,0.5333333333333333,1.0,True,1.735218796566176,189,400
5,13994,histologic and immunophenotypic,113,56,57,-7.957374557627278e-05,2.8780390311446502e-05,-2.764859847804941,-0.2329325,1.0,1.0,0.5,1.0,True,1.728037404878088,190,400
5,9414,core biopsy .,67,37,30,-7.32210366039437e-05,2.6599247603684274e-05,-2.752748412094251,-0.2438558,1.0,1.0,0.5,1.0,True,1.720467757558907,191,400
5,20285,none rash,241,120,121,-9.163194922509627e-05,3.331773372400666e-05,-2.750245559441279,-0.2745977,1.0,1.0,0.5,1.0,True,1.7189034746507994,192,400
5,22740,per recist criteria,135,74,61,8.723832356408261e-05,3.302417466507294e-05,2.641650380330252,0.30832162,1.0,1.0,0.5333333333333333,1.0,True,1.7170727472146639,193,400
5,4236,<1,320,148,172,-0.0001373138633872174,5.021442913470358e-05,-2.7345499242630784,-0.24930502,1.0,1.0,0.5,1.0,True,1.709093702664424,194,400
5,5057,administer,338,160,178,8.794134019916049e-05,3.217242710782626e-05,2.733438167547138,0.33810195,1.0,1.0,0.5,1.0,True,1.7083988547169613,195,400
5,23487,primary nsclc,161,71,90,8.864087784213518e-05,3.3786719562733404e-05,2.6235420008015713,0.22884192,1.0,1.0,0.5333333333333333,1.0,True,1.7053023005210215,196,400
5,15362,interfere,62,29,33,8.60548039456266e-05,3.160324313542495e-05,2.7229738282513605,0.31564695,1.0,1.0,0.5,1.0,True,1.7018586426571003,197,400
5,26482,stk11 loss-of-function cdkn2a,30,11,19,0.00014518533842311748,5.378021660914993e-05,2.6996049398286783,0.3162162,1.0,1.0,0.5,1.0,True,1.687253087392924,198,400
5,11567,epidural,92,42,50,0.00010041275002362672,3.875183395346961e-05,2.5911741401502457,0.20129171,1.0,1.0,0.5333333333333333,1.0,True,1.6842631910976598,199,400
5,24841,respiratory none,76,34,42,-7.777899961438595e-05,2.774029534913231e-05,-2.8038273794665565,-0.22993518,1.0,1.0,0.4666666666666667,1.0,True,1.682296427679934,200,400
5,23876,psychiatric mild,121,47,74,-7.05268698006907e-05,2.8331566133502095e-05,-2.489338904469973,-0.26252475,1.0,1.0,0.5666666666666667,1.0,True,1.680303760517232,201,400
5,20689,objective,421,208,213,8.811647594755274e-05,3.151953459901505e-05,2.7956147534712104,0.32319978,1.0,1.0,0.4666666666666667,1.0,True,1.6773688520827261,202,400
5,8309,chest pain no,100,43,57,7.701198666315657e-05,2.8730432760657724e-05,2.6805021457460825,0.27296123,1.0,1.0,0.5,1.0,True,1.6753138410913015,203,400
5,27697,three cycles,101,53,48,0.00014429386709904148,5.1920689455605574e-05,2.77912078233127,0.37039483,1.0,1.0,0.4666666666666667,1.0,True,1.667472469398762,204,400
5,29905,work-up.,104,55,49,-7.013519661672879e-05,2.7398193696593633e-05,-2.5598474626978263,-0.24727748,1.0,1.0,0.5333333333333333,1.0,True,1.663900850753587,205,400
5,26785,suvmax 12.5,87,50,37,0.00011596728495214021,4.3653195399943374e-05,2.6565589045582363,0.21860479,1.0,1.0,0.5,1.0,True,1.6603493153488977,206,400
5,25882,slice thickness 1.25,97,54,43,7.19915255567015e-05,2.718449203813851e-05,2.648257155428945,0.2612,1.0,1.0,0.5,1.0,True,1.6551607221430906,208,400
5,27613,thickness 1.25,97,54,43,7.19915255567015e-05,2.718449203813851e-05,2.648257155428945,0.2612,1.0,1.0,0.5,1.0,True,1.6551607221430906,207,400
5,9406,copy-number gain -,118,63,55,8.001682842726404e-05,2.7806381084007576e-05,2.877642659989456,0.28380504,1.0,1.0,0.43333333333333335,1.0,True,1.654644529493937,209,400
5,20203,nodules or masses.,154,74,80,8.898964385303271e-05,3.238188187922106e-05,2.748130704229885,0.34724912,1.0,1.0,0.4666666666666667,1.0,True,1.648878422537931,210,400
5,10659,disease progression depression,104,41,63,-7.697522312742486e-05,2.9233916996686144e-05,-2.633079348762963,-0.20758004,1.0,1.0,0.5,1.0,True,1.6456745929768517,211,400
5,8234,chemotherapy for metastatic,84,40,44,5.7981758226288904e-05,2.1229917067376902e-05,2.7311344666243174,0.2893304,1.0,1.0,0.4666666666666667,1.0,True,1.6386806799745903,212,400
5,23877,psychiatric mild anxiety,118,46,72,-7.119397243276067e-05,2.8259683723053277e-05,-2.519277042534028,-0.2708184,1.0,1.0,0.5333333333333333,1.0,True,1.6375300776471182,213,400
5,25370,score <,186,82,104,-0.0001233765725229973,4.5332206974138504e-05,-2.7216096624940893,-0.2632074,1.0,1.0,0.4666666666666667,1.0,True,1.6329657974964535,215,400
5,23821,proportion score <,186,82,104,-0.0001233765725229973,4.5332206974138504e-05,-2.7216096624940893,-0.2632074,1.0,1.0,0.4666666666666667,1.0,True,1.6329657974964535,214,400
5,10547,discomfort and,114,57,57,-8.46987665259427e-05,3.258460569683431e-05,-2.599349131733438,-0.34824154,1.0,1.0,0.5,1.0,True,1.6245932073333988,216,400
5,15620,is moderate,254,136,118,-7.682304527154722e-05,2.9714465518351667e-05,-2.585375302278322,-0.29149118,1.0,1.0,0.5,1.0,True,1.6158595639239512,217,400
5,4032,75 100 cognitive,206,118,88,-8.051581066420072e-05,2.86764511867263e-05,-2.8077327330332187,-0.36337268,1.0,1.0,0.43333333333333335,1.0,True,1.6144463214941007,218,400
5,16820,loss -,549,276,273,7.721628569480672e-05,2.8777100139934958e-05,2.6832545780959722,0.29549402,1.0,1.0,0.4666666666666667,1.0,True,1.6099527468575834,219,400
5,10993,drug allergies.,349,176,173,8.035921545487438e-05,3.0073539631075212e-05,2.6720903638439224,0.29699206,1.0,1.0,0.4666666666666667,1.0,True,1.6032542183063534,220,400
5,14595,immunoprofile,259,125,134,7.790706348618456e-05,2.9161925614596083e-05,2.6715335782624257,0.19683981,1.0,1.0,0.4666666666666667,1.0,True,1.6029201469574554,221,400
5,10410,diagnostic radiology,75,36,39,-7.340831202078216e-05,2.6334396971626665e-05,-2.787544825874468,-0.29463175,1.0,1.0,0.43333333333333335,1.0,True,1.602838274877819,222,400
5,18364,mildly tender,135,63,72,-8.401005697702446e-05,3.161954644631727e-05,-2.656902657337424,-0.24644634,1.0,1.0,0.4666666666666667,1.0,True,1.5941415944024544,223,400
5,22227,pancreas spleen,109,50,59,-0.00010060209895697236,3.78675030808843e-05,-2.6566868890744684,-0.35969028,1.0,1.0,0.4666666666666667,1.0,True,1.594012133444681,224,400
5,28645,unremarkable. - no,63,29,34,-7.178393673199483e-05,2.7061215945537945e-05,-2.652650083294986,-0.28296036,1.0,1.0,0.4666666666666667,1.0,True,1.5915900499769915,225,400
5,22623,pd-l1 tps >=,51,31,20,5.9692974390664234e-05,2.1655928027587382e-05,2.756426522780351,0.22161624,1.0,1.0,0.43333333333333335,1.0,True,1.5849452505987016,226,400
5,10770,dl - normal.,96,56,40,-7.186554434424304e-05,2.7328797533072616e-05,-2.6296636087728773,-0.29057717,1.0,1.0,0.4666666666666667,1.0,True,1.5777981652637263,227,400
5,15054,influence immunotherapy,110,69,41,8.198432226014485e-05,3.1346066771735596e-05,2.6154580367980715,0.33805245,1.0,1.0,0.4666666666666667,1.0,True,1.5692748220788428,228,400
5,16222,laboratory monitoring -,461,222,239,7.553512928984866e-05,2.901510875584387e-05,2.603303331566362,0.3599708,1.0,1.0,0.4666666666666667,1.0,True,1.5619819989398172,229,400
5,3377,45.,155,81,74,-8.511420207803574e-05,3.138357966482024e-05,-2.7120616254443854,-0.26914594,1.0,1.0,0.43333333333333335,1.0,True,1.5594354346305215,230,400
5,26209,stable adrenal,64,33,31,4.711939306927124e-05,1.7454231552081968e-05,2.6995971108020944,0.16597115,1.0,1.0,0.43333333333333335,1.0,True,1.5522683387112042,231,400
5,5564,all cores,113,60,53,8.451894995906435e-05,3.131125518716426e-05,2.6993152926591097,0.35227436,1.0,1.0,0.43333333333333335,1.0,True,1.552106293278988,232,400
5,17684,may influence immunotherapy,107,68,39,8.138311897822476e-05,3.149632245005884e-05,2.583892741994478,0.32784712,1.0,1.0,0.4666666666666667,1.0,True,1.5503356451966868,233,400
5,6325,and to discuss,115,56,59,-8.109019633497425e-05,3.1387110366699926e-05,-2.583550871283987,-0.27383482,1.0,1.0,0.4666666666666667,1.0,True,1.550130522770392,234,400
5,26426,steady no,61,31,30,7.558631240790386e-05,2.8175276797757882e-05,2.6827176517363913,0.28202718,1.0,1.0,0.43333333333333335,1.0,True,1.5425626497484248,236,400
5,13151,gait steady no,61,31,30,7.558631240790386e-05,2.8175276797757882e-05,2.6827176517363913,0.28202718,1.0,1.0,0.43333333333333335,1.0,True,1.5425626497484248,235,400
5,11803,expressed,688,350,338,-6.0727572090300944e-05,2.268996714750673e-05,-2.6764063471539203,-0.15143137,1.0,1.0,0.43333333333333335,1.0,True,1.538933649613504,237,400
5,29709,with low,136,54,82,-8.299925608021341e-05,3.103761267172856e-05,-2.67415077822063,-0.21356614,1.0,1.0,0.43333333333333335,1.0,True,1.5376366974768623,238,400
5,3959,70 -,82,31,51,-6.924542977750043e-05,2.5963812084847914e-05,-2.666997802603533,-0.2803747,1.0,1.0,0.43333333333333335,1.0,True,1.5335237364970313,239,400
5,12210,field no,626,311,315,6.656624225298507e-05,2.6049066601609364e-05,2.555417561444312,0.2534207,1.0,1.0,0.4666666666666667,1.0,True,1.5332505368665872,240,400
5,3075,324 cancer-relevant genes,80,35,45,-6.53905778386418e-05,2.5660684644376933e-05,-2.548278767494652,-0.20907806,1.0,1.0,0.4666666666666667,1.0,True,1.5289672604967912,241,400
5,27170,that is,193,89,104,9.03903960185315e-05,3.414387226414713e-05,2.6473387470303478,0.36059907,1.0,1.0,0.43333333333333335,1.0,True,1.52221977954245,242,400
5,26850,symptom burden,327,142,185,-8.176655164325042e-05,3.223684897560645e-05,-2.5364312655099446,-0.24576178,1.0,1.0,0.4666666666666667,1.0,True,1.5218587593059667,243,400
5,27816,tmb and stk11,58,23,35,-7.896100963899684e-05,2.860901666178816e-05,-2.7600043221500052,-0.2804287,1.0,1.0,0.4,1.0,True,1.518002377182503,244,400
5,22836,peripheral edema.,73,34,39,-6.81826755218907e-05,2.5885194396882774e-05,-2.634041470830198,-0.20870326,1.0,1.0,0.43333333333333335,1.0,True,1.5145738457273636,245,400
5,23274,post-hospitalization complete blood,98,49,49,7.416356642968752e-05,2.6989360676209838e-05,2.747881556715053,0.28082818,1.0,1.0,0.4,1.0,True,1.5113348561932793,246,400
5,23273,post-hospitalization complete,98,49,49,7.416356642968752e-05,2.6989360676209838e-05,2.747881556715053,0.28082818,1.0,1.0,0.4,1.0,True,1.5113348561932793,247,400
5,11438,encounter type follow-up,157,82,75,8.905652325454139e-05,3.5373901266375355e-05,2.5175770855445347,0.2872453,1.0,1.0,0.4666666666666667,1.0,True,1.5105462513267207,248,400
5,15151,inhibitors e.g. sotorasib,529,255,274,6.435971005988991e-05,2.361540699756549e-05,2.7253271589401256,0.2440535,1.0,1.0,0.4,1.0,True,1.4989299374170693,249,400
5,22210,palpitations or,718,356,362,5.20596537002948e-05,1.9989411111648082e-05,2.604361549698629,0.3998633,1.0,1.0,0.43333333333333335,1.0,True,1.4975078910767117,250,400
5,10553,discomfort. -,86,33,53,-6.849326819773917e-05,2.6389770320943864e-05,-2.5954476816109486,-0.24635899,1.0,1.0,0.43333333333333335,1.0,True,1.4923824169262954,251,400
5,1860,1-49%,87,43,44,-0.0001572086451249829,6.0936315890289276e-05,-2.579884307545338,-0.29787526,1.0,1.0,0.43333333333333335,1.0,True,1.4834334768385693,252,400
5,25540,serologies,70,36,34,7.01746702135791e-05,2.8421701236674204e-05,2.469052419811822,0.11288339,1.0,1.0,0.4666666666666667,1.0,True,1.4814314518870932,253,400
5,26792,suvmax 4.5,62,33,29,-8.313253601804372e-05,3.247818552820563e-05,-2.5596422542092876,-0.23521623,1.0,1.0,0.43333333333333335,1.0,True,1.4717942961703403,254,400
5,27257,the high pd-l1,69,34,35,7.167729775722911e-05,2.6794165057925892e-05,2.6751084649314905,0.22978088,1.0,1.0,0.4,1.0,True,1.47130965571232,255,400
5,26657,supple no cervical,131,67,64,7.632941414330231e-05,2.853906850893005e-05,2.6745587060565192,0.30372775,1.0,1.0,0.4,1.0,True,1.4710072883310856,256,400
5,13688,health 65,60,36,24,-7.874421535042716e-05,2.9466405512242216e-05,-2.6723386847341057,-0.27934292,1.0,1.0,0.4,1.0,True,1.4697862766037584,258,400
5,13371,global health 65,60,36,24,-7.874421535042716e-05,2.9466405512242216e-05,-2.6723386847341057,-0.27934292,1.0,1.0,0.4,1.0,True,1.4697862766037584,257,400
5,19232,neurologic deficits. he,144,70,74,-7.721480484619342e-05,3.0355999457509633e-05,-2.543642318688064,-0.30363682,1.0,1.0,0.43333333333333335,1.0,True,1.4625943332456368,259,400
5,1971,1.25,271,144,127,8.032276612633159e-05,3.158729585505362e-05,2.5428820021477345,0.3301141,1.0,1.0,0.43333333333333335,1.0,True,1.4621571512349472,260,400
5,13234,generated by the,95,48,47,-7.949873038780617e-05,2.9983734625486637e-05,-2.651395210796424,-0.2096648,1.0,1.0,0.4,1.0,True,1.4582673659380332,261,400
5,15911,known drug allergies.,348,175,173,7.963442080500834e-05,3.0087494025550207e-05,2.6467614995580235,0.29781976,1.0,1.0,0.4,1.0,True,1.455718824756913,262,400
5,3455,5 pemetrexed,41,22,19,-0.0001122042096226206,4.432531197661976e-05,-2.531380031387142,-0.29119,1.0,1.0,0.43333333333333335,1.0,True,1.4555435180476066,263,400
5,7003,auc 5 pemetrexed,41,22,19,-0.0001122042096226206,4.432531197661976e-05,-2.531380031387142,-0.29119,1.0,1.0,0.43333333333333335,1.0,True,1.4555435180476066,264,400
5,28020,to obtain,91,50,41,-7.139226522450539e-05,2.8309311001012852e-05,-2.521865163795442,-0.22456723,1.0,1.0,0.43333333333333335,1.0,True,1.4500724691823792,265,400
5,5234,after three,66,33,33,0.0001302335166445695,4.740696802529878e-05,2.747138702797239,0.3615796,1.0,1.0,0.36666666666666664,1.0,True,1.4422478189685504,266,400
5,20363,normal attenuation,61,39,22,5.8957948786412505e-05,2.3759567042811934e-05,2.481440368007432,0.28766063,1.0,1.0,0.43333333333333335,1.0,True,1.4268282116042734,267,400
5,25334,schedule a,292,155,137,-7.909173375818815e-05,3.0545054173845815e-05,-2.5893466519339294,-0.19094512,1.0,1.0,0.4,1.0,True,1.4241406585636613,268,400
5,4511,a more,153,72,81,-8.150868414729985e-05,3.1490552453864934e-05,-2.588353578957172,-0.31131032,1.0,1.0,0.4,1.0,True,1.4235944684264448,269,400
5,15363,interfere with,60,29,31,8.206491844116988e-05,3.171856381872756e-05,2.587283551366735,0.29496378,1.0,1.0,0.4,1.0,True,1.4230059532517045,270,400
5,11560,eortc qlq-c30 physical,763,373,390,-4.673462468530324e-05,1.807100773426482e-05,-2.586165938974655,-0.41523936,1.0,1.0,0.4,1.0,True,1.4223912664360605,271,400
5,17110,lung adenocarcinoma -,204,104,100,-9.427932167394225e-05,3.3163021191240204e-05,-2.84290508787678,-0.30367362,1.0,1.0,0.3333333333333333,1.0,True,1.42145254393839,272,400
5,5877,and 8 of,56,26,30,-8.009126789646252e-05,3.1005469805137514e-05,-2.583133505146619,-0.18809098,1.0,1.0,0.4,1.0,True,1.4207234278306404,273,400
5,20189,nodules identified,84,43,41,-7.729464030408663e-05,2.8579024216300293e-05,-2.7045934010581427,-0.31169653,1.0,1.0,0.36666666666666664,1.0,True,1.4199115355555247,274,400
5,24733,reports increasing fatigue,89,39,50,-9.109916604621796e-05,3.531540649539232e-05,-2.5795870722344327,-0.26161963,1.0,1.0,0.4,1.0,True,1.4187728897289382,275,400
5,2125,100 emotional,749,365,384,-4.218341266561291e-05,1.6363726452548147e-05,-2.577861026211676,-0.4152918,1.0,1.0,0.4,1.0,True,1.4178235644164219,277,400
5,2167,100 role,749,365,384,-4.218341266561291e-05,1.6363726452548147e-05,-2.577861026211676,-0.4152918,1.0,1.0,0.4,1.0,True,1.4178235644164219,276,400
5,1469,----------------------- kras,416,216,200,6.141838847307019e-05,2.3838953189109228e-05,2.5763878130827087,0.2743406,1.0,1.0,0.4,1.0,True,1.4170132971954899,278,400
5,9553,coverage 800,210,107,103,7.218789666699486e-05,2.9402052094180387e-05,2.4551992641793587,0.29400423,1.0,1.0,0.43333333333333335,1.0,True,1.4117395769031311,279,400
5,3042,30 s,68,28,40,7.97630884203954e-05,2.9685474326865154e-05,2.686940001097114,0.27458695,1.0,1.0,0.36666666666666664,1.0,True,1.4106435005759845,280,400
5,12101,fdg-avid suvmax,245,114,131,-0.00010146956994582808,3.968085082492995e-05,-2.5571419925824435,-0.17800865,1.0,1.0,0.4,1.0,True,1.4064280959203441,281,400
5,13207,gene alteration,698,347,351,3.0994573654665527e-05,1.2733777076235629e-05,2.434043997244859,0.25460717,1.0,1.0,0.43333333333333335,1.0,True,1.3995752984157939,282,400
5,5642,alt 24,73,36,37,7.005303767748101e-05,2.754065496360549e-05,2.5436227921977497,0.24634084,1.0,1.0,0.4,1.0,True,1.3989925357087625,283,400
5,589,- intermediate,78,45,33,7.126295922958626e-05,2.8036522249936338e-05,2.5417902617985395,0.2470224,1.0,1.0,0.4,1.0,True,1.3979846439891968,284,400
5,11172,earlier visit,106,53,53,7.250451000417189e-05,2.7286731253855343e-05,2.6571343166627086,0.29853746,1.0,1.0,0.36666666666666664,1.0,True,1.3949955162479217,285,400
5,11173,earlier visit if,106,53,53,7.250451000417189e-05,2.7286731253855343e-05,2.6571343166627086,0.29853746,1.0,1.0,0.36666666666666664,1.0,True,1.3949955162479217,286,400
5,15880,ki-67,281,151,130,0.0001237431216557192,4.669091217581832e-05,2.6502613868359366,0.20743024,1.0,1.0,0.36666666666666664,1.0,True,1.3913872280888664,287,400
5,9894,daily allergies -,198,105,93,-7.854304846888076e-05,3.1050227763170265e-05,-2.5295482232192628,-0.22345798,1.0,1.0,0.4,1.0,True,1.3912515227705946,288,400
5,3289,4.3 cm,40,21,19,-0.00012547657400601597,4.974313081687967e-05,-2.522490481508598,-0.3174017,1.0,1.0,0.4,1.0,True,1.387369764829729,289,400
5,28255,tract,312,164,148,8.829359731058998e-05,3.348417589126957e-05,2.6368753287313558,0.215344,1.0,1.0,0.36666666666666664,1.0,True,1.3843595475839616,290,400
5,8244,chemotherapy iv,725,348,377,4.717065615049667e-05,1.789661424003895e-05,2.6357307319596117,0.26315245,1.0,1.0,0.36666666666666664,1.0,True,1.383758634278796,291,400
5,16611,limits. - cmp,155,79,76,-8.374398043892663e-05,3.337455241236591e-05,-2.5092165852656616,-0.2827914,1.0,1.0,0.4,1.0,True,1.380069121896114,292,400
5,912,- pd-l1 ihc,248,131,117,8.459251681994325e-05,3.220961626434525e-05,2.6263124690989805,0.28698137,1.0,1.0,0.36666666666666664,1.0,True,1.3788140462769645,293,400
5,4667,abdomen soft mildly,125,59,66,-7.95164649760962e-05,3.173317187093327e-05,-2.505783704809261,-0.2495072,1.0,1.0,0.4,1.0,True,1.3781810376450936,294,400
5,2824,3 months,408,194,214,0.00010810584665241076,4.1245728724266086e-05,2.6210191938931335,0.2781744,1.0,1.0,0.36666666666666664,1.0,True,1.376035076793895,295,400
5,27121,tender,145,69,76,-7.94228710137268e-05,3.178225777969493e-05,-2.498968813489032,-0.23927264,1.0,1.0,0.4,1.0,True,1.3744328474189678,296,400
5,25979,soft mildly,125,59,66,-7.929081360333445e-05,3.174042626764362e-05,-2.4981017247447617,-0.24797912,1.0,1.0,0.4,1.0,True,1.3739559486096191,297,400
5,24136,radiographic findings,68,35,33,-6.246200371374204e-05,2.502659449896058e-05,-2.4958251397862483,-0.18590038,1.0,1.0,0.4,1.0,True,1.3727038268824368,298,400
5,22559,pd-l1 1-49%,38,18,20,-0.0001386122460744381,5.317323276187682e-05,-2.606804944419663,-0.2853459,1.0,1.0,0.36666666666666664,1.0,True,1.3685725958203228,299,400
5,24589,related to,316,163,153,8.549005102455758e-05,3.4425254645218726e-05,2.4833527567364317,0.2103455,1.0,1.0,0.4,1.0,True,1.3658440162050376,300,400
5,1409,---------- constitutional fatigue,544,252,292,-6.690132312071199e-05,2.5763258902955593e-05,-2.5967725345894417,-0.24785694,1.0,1.0,0.36666666666666664,1.0,True,1.3633055806594567,301,400
5,17762,measures -,183,78,105,-7.479292800563715e-05,2.895399600115105e-05,-2.5831642721323784,-0.18971589,1.0,1.0,0.36666666666666664,1.0,True,1.3561612428694985,302,400
5,8245,chemotherapy iv infusion,725,348,377,4.6109473397181104e-05,1.7853373150703882e-05,2.582675722282946,0.2632028,1.0,1.0,0.36666666666666664,1.0,True,1.3559047541985465,303,400
5,25458,seizures dermatologic,177,91,86,-7.657188391875515e-05,2.9695348633382644e-05,-2.578581745717418,-0.30723605,1.0,1.0,0.36666666666666664,1.0,True,1.353755416501644,304,400
5,8178,changes,778,383,395,4.767963934637786e-05,1.937561966143982e-05,2.4608059086371816,0.26902395,1.0,1.0,0.4,1.0,True,1.35344324975045,305,400
5,167,- age,118,53,65,-6.904485760739527e-05,2.8077687077473135e-05,-2.4590650012190745,-0.15491876,1.0,1.0,0.4,1.0,True,1.352485750670491,306,400
5,690,- mediastinal lymph,274,129,145,-8.997337696909193e-05,3.5012348743761465e-05,-2.5697612470264075,-0.30871278,1.0,1.0,0.36666666666666664,1.0,True,1.3491246546888638,307,400
5,24016,qlq-c30 physical,764,374,390,-4.6355227399389404e-05,1.8046687088423974e-05,-2.5686280906994785,-0.41673088,1.0,1.0,0.36666666666666664,1.0,True,1.348529747617226,308,400
5,24870,response to current,61,25,36,-6.642136260189403e-05,2.7109179540729906e-05,-2.450142856669636,-0.24162866,1.0,1.0,0.4,1.0,True,1.3475785711683,309,400
5,28809,vaccine if seasonally,76,35,41,8.445562213767938e-05,3.312753958748833e-05,2.5494082322243075,0.33117542,1.0,1.0,0.36666666666666664,1.0,True,1.3384393219177613,310,400
5,17592,mass now,441,218,223,-7.887571467805374e-05,3.0963194178178035e-05,-2.547402384397507,-0.2188417,1.0,1.0,0.36666666666666664,1.0,True,1.337386251808691,311,400
5,21980,overall functional status,114,57,57,7.523832545386861e-05,3.094246451160682e-05,2.4315556837964856,0.1947535,1.0,1.0,0.4,1.0,True,1.3373556260880672,312,400
5,21014,of oral prednisone,58,28,30,-6.145059750627233e-05,2.2985445188304255e-05,-2.6734569203619514,-0.25715706,1.0,1.0,0.3333333333333333,1.0,True,1.3367284601809757,313,400
5,3456,5 pemetrexed 500,38,21,17,-0.00011209901375204133,4.4041522718418504e-05,-2.545302860410879,-0.3233759,1.0,1.0,0.36666666666666664,1.0,True,1.3362840017157112,314,400
5,4195,96413 chemotherapy,739,358,381,4.2136976950249124e-05,1.6572073342052466e-05,2.542649678198348,0.3168945,1.0,1.0,0.36666666666666664,1.0,True,1.3348910810541326,315,400
5,24797,resolution of,190,105,85,8.88376520886244e-05,3.496291165151989e-05,2.5409111510529043,0.19573702,1.0,1.0,0.36666666666666664,1.0,True,1.3339783543027746,316,400
5,4807,actionable alteration,88,42,46,-7.945962075553335e-05,3.129680240750973e-05,-2.538905403846204,-0.27249706,1.0,1.0,0.36666666666666664,1.0,True,1.3329253370192569,317,400
5,27264,the immunophenotype ttf-1+,94,43,51,-6.658090531408588e-05,2.628592181676899e-05,-2.5329492257566892,-0.18316725,1.0,1.0,0.36666666666666664,1.0,True,1.3297983435222616,318,400
5,15816,joint swelling neurologic,90,44,46,-7.475063548241273e-05,2.815566865425915e-05,-2.6549053549507904,-0.32737678,1.0,1.0,0.3333333333333333,1.0,True,1.3274526774753952,319,400
5,5969,and consider low-dose,92,49,43,8.59246126618287e-05,3.412976692447141e-05,2.517585685597514,0.3189236,1.0,1.0,0.36666666666666664,1.0,True,1.3217324849386944,320,400
5,28991,visit if new,67,30,37,6.861095114733946e-05,2.6125444328951163e-05,2.626211837144051,0.29130852,1.0,1.0,0.3333333333333333,1.0,True,1.3131059185720255,321,400
5,21583,or gemcitabine,81,39,42,-8.64920278279095e-05,3.6236656010961776e-05,-2.3868656037617053,-0.26536435,1.0,1.0,0.4,1.0,True,1.312776082068938,322,400
5,133,- 96413 chemotherapy,739,358,381,4.136999170627522e-05,1.655824035648704e-05,2.498453387292911,0.30553183,1.0,1.0,0.36666666666666664,1.0,True,1.3116880283287782,323,400
5,17909,medications current -,127,67,60,8.829616720016541e-05,3.541534100083317e-05,2.4931615708031214,0.21659786,1.0,1.0,0.36666666666666664,1.0,True,1.3089098246716384,324,400
5,7660,but he,66,32,34,7.631134319895581e-05,3.0625671980143126e-05,2.4917442872252424,0.24900281,1.0,1.0,0.36666666666666664,1.0,True,1.308165750793252,325,400
5,24802,resolved . -,80,48,32,8.598452838416579e-05,3.2924297392447005e-05,2.611582788214368,0.22209643,1.0,1.0,0.3333333333333333,1.0,True,1.305791394107184,326,400
5,20396,normal limits. -,224,112,112,-8.648801811413613e-05,3.479681545793949e-05,-2.485515325926252,-0.2563567,1.0,1.0,0.36666666666666664,1.0,True,1.3048955461112821,327,400
5,24080,r273h cdkn2a homozygous,71,33,38,-0.00013637996723439883,5.232877329737436e-05,-2.6062137260389746,-0.2551722,1.0,1.0,0.3333333333333333,1.0,True,1.3031068630194873,328,400
5,20603,nuclear medicine diagnostic,69,35,34,-6.816511694225659e-05,2.7540802615002093e-05,-2.4750592019829343,-0.23220576,1.0,1.0,0.36666666666666664,1.0,True,1.2994060810410404,329,400
5,17915,medicine diagnostic,69,35,34,-6.816511694225659e-05,2.7540802615002093e-05,-2.4750592019829343,-0.23220576,1.0,1.0,0.36666666666666664,1.0,True,1.2994060810410404,330,400
5,22007,p.r273c missense,148,75,73,8.071570688663012e-05,3.110646539305196e-05,2.5948209115606895,0.31632212,1.0,1.0,0.3333333333333333,1.0,True,1.2974104557803448,331,400
5,29299,weeks earlier,97,45,52,-6.936480313290998e-05,2.820554217051574e-05,-2.459261471152272,-0.2164763,1.0,1.0,0.36666666666666664,1.0,True,1.2911122723549426,332,400
5,22856,peritoneal,128,66,62,8.597799203313147e-05,3.165538067810563e-05,2.7160624889467195,0.28582743,1.0,1.0,0.3,1.0,True,1.2901296822496917,333,400
5,21450,open to,69,33,36,-6.8529020411856e-05,2.658032847183091e-05,-2.5781856113810306,-0.1705012,1.0,1.0,0.3333333333333333,1.0,True,1.2890928056905153,334,400
5,1701,0.6,328,165,163,0.00010267415913158517,4.191796152009255e-05,2.449407256657038,0.247928,1.0,1.0,0.36666666666666664,1.0,True,1.285938809744945,335,400
5,4239,<1 %.,156,67,89,-0.00011684662081898902,4.5462255879528814e-05,-2.5701896784141733,-0.23336732,1.0,1.0,0.3333333333333333,1.0,True,1.2850948392070867,336,400
5,5058,administer if,98,55,43,7.836810773558742e-05,2.9000735625259448e-05,2.7022799955229178,0.27611166,1.0,1.0,0.3,1.0,True,1.283582997873386,337,400
5,16508,lesions. laboratory data,232,118,114,7.55272662407858e-05,3.089151824273211e-05,2.444919205567218,0.27272302,1.0,1.0,0.36666666666666664,1.0,True,1.2835825829227892,338,400
5,2144,100 instrument,639,312,327,-5.9590336057513994e-05,2.43931980556357e-05,-2.442907892667501,-0.4022778,1.0,1.0,0.36666666666666664,1.0,True,1.282526643650438,339,400
5,2145,100 instrument pro-ctcae,639,312,327,-5.9590336057513994e-05,2.43931980556357e-05,-2.442907892667501,-0.4022778,1.0,1.0,0.36666666666666664,1.0,True,1.282526643650438,340,400
5,1660,. technique -,88,50,38,7.01934171715483e-05,2.88685030179272e-05,2.4314879482305867,0.28524336,1.0,1.0,0.36666666666666664,1.0,True,1.2765311728210578,341,400
5,2169,100 social,749,365,384,-3.978526628039181e-05,1.6372467004939814e-05,-2.4300104723611913,-0.39960283,1.0,1.0,0.36666666666666664,1.0,True,1.2757554979896253,342,400
5,2103,100 cognitive,749,365,384,-3.978526628039181e-05,1.6372467004939814e-05,-2.4300104723611913,-0.39960283,1.0,1.0,0.36666666666666664,1.0,True,1.2757554979896253,343,400
5,6892,at bases,145,46,99,-7.49797544100349e-05,3.091527693488586e-05,-2.4253301876595894,-0.24117984,1.0,1.0,0.36666666666666664,1.0,True,1.2732983485212843,344,400
5,12087,fdg-avid lymphadenopathy in,66,27,39,-6.761355503591544e-05,2.6569815292653948e-05,-2.544750661274236,-0.30712572,1.0,1.0,0.3333333333333333,1.0,True,1.272375330637118,345,400
5,16557,likely multifactorial disease,66,38,28,-6.0316801538344625e-05,2.379254407512032e-05,-2.5351135779303835,-0.30835152,1.0,1.0,0.3333333333333333,1.0,True,1.2675567889651917,346,400
5,22300,paroxysmal nocturnal,76,37,39,7.198567142945968e-05,2.853533038702004e-05,2.5226857531743887,0.16138977,1.0,1.0,0.3333333333333333,1.0,True,1.2613428765871944,347,400
5,22299,paroxysmal,76,37,39,7.198567142945968e-05,2.853533038702004e-05,2.5226857531743887,0.16138977,1.0,1.0,0.3333333333333333,1.0,True,1.2613428765871944,348,400
5,618,- left lung,130,70,60,9.436000455531413e-05,3.7516075962589454e-05,2.515188546089114,0.25711223,1.0,1.0,0.3333333333333333,1.0,True,1.257594273044557,349,400
5,9501,cough is,104,60,44,6.811408620687872e-05,2.8453627363712114e-05,2.393863015643023,0.24067783,1.0,1.0,0.36666666666666664,1.0,True,1.2567780832125868,350,400
5,26880,symptoms develop. 5.,70,37,33,7.205746549836292e-05,2.870920693690515e-05,2.5099079071297643,0.29231906,1.0,1.0,0.3333333333333333,1.0,True,1.2549539535648822,351,400
5,18622,monitoring - cbc,433,197,236,7.858590214312668e-05,3.13128874567601e-05,2.509698355082896,0.37619215,1.0,1.0,0.3333333333333333,1.0,True,1.254849177541448,352,400
5,18834,multifactorial disease,78,44,34,-6.604167046251773e-05,2.5001838720538496e-05,-2.641472541308166,-0.3004988,1.0,1.0,0.3,1.0,True,1.2546994571213788,353,400
5,11072,dyspnea hemoptysis,206,110,96,-7.953478301332691e-05,3.1870007131538895e-05,-2.4955997871308426,-0.2620918,1.0,1.0,0.3333333333333333,1.0,True,1.2477998935654213,354,400
5,20412,normal. - tumor,87,47,40,-6.61862365146732e-05,2.786544025183991e-05,-2.375208714325015,-0.264311,1.0,1.0,0.36666666666666664,1.0,True,1.2469845750206325,355,400
5,6201,and patient,351,173,178,8.093176282201449e-05,3.4086044232882146e-05,2.3743371999717464,0.21308002,1.0,1.0,0.36666666666666664,1.0,True,1.2465270299851667,356,400
5,20952,of kras g12c,262,126,136,-6.956483699818944e-05,3.080283473698776e-05,-2.258390748519539,-0.21073475,1.0,1.0,0.4,1.0,True,1.2421149116857466,357,400
5,6527,appointment,519,260,259,-6.932937603974904e-05,2.7923034007867774e-05,-2.4828740322493017,-0.25732115,1.0,1.0,0.3333333333333333,1.0,True,1.2414370161246508,358,400
5,13910,high expression,104,52,52,8.151420913145306e-05,3.121304940265837e-05,2.611542630131826,0.26780286,1.0,1.0,0.3,1.0,True,1.2404827493126172,359,400
5,28990,visit if,140,66,74,8.406531760401563e-05,3.2229432050010866e-05,2.6083400251537254,0.31061038,1.0,1.0,0.3,1.0,True,1.2389615119480195,360,400
5,13993,histologic and,126,63,63,-7.780663527550751e-05,2.9889131859000655e-05,-2.6031748142620352,-0.23247825,1.0,1.0,0.3,1.0,True,1.2365080367744667,361,400
5,28357,trial enrollment,440,215,225,-7.18947078936557e-05,2.9159160916541722e-05,-2.4655959099587976,-0.24863118,1.0,1.0,0.3333333333333333,1.0,True,1.2327979549793988,362,400
5,24732,reports increasing,105,45,60,-8.691196299230613e-05,3.5385040899869416e-05,-2.4561781131819145,-0.27877384,1.0,1.0,0.3333333333333333,1.0,True,1.2280890565909572,363,400
5,8684,cm segment,60,33,27,9.290319369335523e-05,3.782873764121201e-05,2.455889344616752,0.19912231,1.0,1.0,0.3333333333333333,1.0,True,1.227944672308376,364,400
5,17023,low-grade uptake,87,46,41,-6.884096648064048e-05,2.8032415218453087e-05,-2.455762942442579,-0.2032316,1.0,1.0,0.3333333333333333,1.0,True,1.2278814712212895,365,400
5,2687,200 mg q3,54,25,29,-9.566379619753808e-05,4.0931962301354234e-05,-2.3371417058686443,-0.25074327,1.0,1.0,0.36666666666666664,1.0,True,1.226999395581038,366,400
5,20726,obtained for,431,223,208,-6.462788919622651e-05,2.765496516419784e-05,-2.336936199792935,-0.17359515,1.0,1.0,0.36666666666666664,1.0,True,1.2268915048912907,367,400
5,17704,mb - -,149,72,77,7.191415776402482e-05,2.9318937371116237e-05,2.4528227900534882,0.19277653,1.0,1.0,0.3333333333333333,1.0,True,1.2264113950267441,368,400
5,21230,on exertion mild,83,31,52,-7.331816969471954e-05,2.996754665057187e-05,-2.4465856531275447,-0.25025803,1.0,1.0,0.3333333333333333,1.0,True,1.2232928265637724,369,400
5,29021,visual changes,552,279,273,7.189193419174629e-05,3.096092778010666e-05,2.322021313519521,0.3398981,1.0,1.0,0.36666666666666664,1.0,True,1.2190611895977483,370,400
5,800,- no lytic,168,81,87,9.338462120538618e-05,3.643857303103639e-05,2.562795780335477,0.31178167,1.0,1.0,0.3,1.0,True,1.2173279956593515,371,400
5,12520,for 3 days,185,95,90,8.847667831710813e-05,3.461848449678536e-05,2.5557640550476433,0.2603359,1.0,1.0,0.3,1.0,True,1.2139879261476305,372,400
5,15168,initial oncology consultation,98,48,50,-7.532122861787044e-05,2.9495893654512903e-05,-2.5536174458761045,-0.20860624,1.0,1.0,0.3,1.0,True,1.2129682867911495,373,400
5,16499,lesions. assessment,72,40,32,6.413263699051494e-05,2.5118326489778412e-05,2.5532209327963358,0.3169717,1.0,1.0,0.3,1.0,True,1.2127799430782595,374,400
5,12708,for snvs,253,120,133,7.516056247737855e-05,3.0988529018052484e-05,2.4254317600423527,0.18043242,1.0,1.0,0.3333333333333333,1.0,True,1.2127158800211764,375,400
5,13534,has not,441,229,212,8.448269573275406e-05,3.485244460266695e-05,2.4240106166409157,0.28876373,1.0,1.0,0.3333333333333333,1.0,True,1.2120053083204578,376,400
5,8963,completed 4 cycles,180,84,96,-9.325783620104945e-05,3.656812705764863e-05,-2.5502491843246737,-0.20188485,1.0,1.0,0.3,1.0,True,1.21136836255422,377,400
5,10490,difficulty,95,54,41,-7.470659145821739e-05,2.931774247134022e-05,-2.548169987209874,-0.24935289,1.0,1.0,0.3,1.0,True,1.21038074392469,378,400
5,15568,is advised,111,56,55,-8.036745207570197e-05,3.162417746576026e-05,-2.5413294041470778,-0.2012746,1.0,1.0,0.3,1.0,True,1.2071314669698618,379,400
5,27222,the cough is,76,51,25,6.784510087206627e-05,2.8118537567529405e-05,2.4128246609244757,0.27061725,1.0,1.0,0.3333333333333333,1.0,True,1.2064123304622378,380,400
5,24,% high expression,77,43,34,6.582459017875747e-05,2.5957183265389967e-05,2.535891105970837,0.24657777,1.0,1.0,0.3,1.0,True,1.2045482753361474,381,400
5,8297,chest discomfort,220,103,117,-0.00010531411037496451,4.15880526035944e-05,-2.5323164654712,-0.23384145,1.0,1.0,0.3,1.0,True,1.20285032109882,382,400
5,7141,baseline study,80,41,39,-7.426271867911154e-05,2.7805447058948325e-05,-2.6707975067501164,-0.20970279,1.0,1.0,0.26666666666666666,1.0,True,1.2018588780375523,383,400
5,5601,allergies nkda medications,351,152,199,6.885844097771522e-05,3.0085821359480512e-05,2.2887339572671115,0.32060724,1.0,1.0,0.36666666666666664,1.0,True,1.2015853275652333,384,400
5,11461,end,373,189,184,-7.187808991554095e-05,2.99874126682279e-05,-2.396942034005382,-0.19822267,1.0,1.0,0.3333333333333333,1.0,True,1.198471017002691,385,400
5,23723,progression depression,106,43,63,-7.046597643163985e-05,2.94106198596959e-05,-2.395936459952206,-0.18588367,1.0,1.0,0.3333333333333333,1.0,True,1.197968229976103,386,400
5,6162,and multiple bilateral,89,37,52,-6.586475501506499e-05,2.7566121883089487e-05,-2.3893370019331557,-0.17283683,1.0,1.0,0.3333333333333333,1.0,True,1.1946685009665778,387,400
5,18032,metastasis management,78,40,38,6.662583039043757e-05,2.929857285742481e-05,2.2740298892597197,0.21975906,1.0,1.0,0.36666666666666664,1.0,True,1.1938656918613526,388,400
5,17662,may be,756,372,384,-4.41832747393649e-05,1.8524340328571305e-05,-2.3851469987958565,-0.25514445,1.0,1.0,0.3333333333333333,1.0,True,1.1925734993979282,389,400
5,15463,intravenous contrast patient,238,118,120,8.296294998192369e-05,3.488152796675906e-05,2.3784207521237213,0.24441731,1.0,1.0,0.3333333333333333,1.0,True,1.1892103760618606,390,400
5,6524,applicable core biopsy,65,33,32,-7.273405601141069e-05,2.911882005867219e-05,-2.497836652201468,-0.23254953,1.0,1.0,0.3,1.0,True,1.1864724097956971,391,400
5,25335,schedule a dedicated,71,38,33,-6.482366053573296e-05,2.5976345630614664e-05,-2.4954880666252928,-0.28141505,1.0,1.0,0.3,1.0,True,1.185356831647014,392,400
5,26270,stable. --- assessment,59,29,30,-6.895736288931056e-05,2.768571459792908e-05,-2.490719993713604,-0.25709733,1.0,1.0,0.3,1.0,True,1.183091997013962,393,400
5,7420,bone metastasis.,81,39,42,-7.245902070402106e-05,2.9098967182506357e-05,-2.4900890897454873,-0.23974438,1.0,1.0,0.3,1.0,True,1.1827923176291064,394,400
5,4720,about disease,475,227,248,-7.133830941678347e-05,2.8778537859491294e-05,-2.478871920633583,-0.18643956,1.0,1.0,0.3,1.0,True,1.1774641623009519,395,400
5,12224,fields.,188,92,96,-8.921442985518057e-05,3.224125363866875e-05,-2.767089358714659,-0.2987009,1.0,1.0,0.23333333333333334,1.0,True,1.1760129774537302,396,400
5,10074,deficits,642,309,333,6.036111467429275e-05,2.567692661002156e-05,2.3507920395244715,0.26974294,1.0,1.0,0.3333333333333333,1.0,True,1.1753960197622357,397,400
5,28517,type initial,69,37,32,-7.458000738715653e-05,3.1734986209517816e-05,-2.350087909122482,-0.24877736,1.0,1.0,0.3333333333333333,1.0,True,1.175043954561241,398,400
5,8231,chemotherapy e.g. carboplatin,105,59,46,-7.0250665671054e-05,2.8454171878565216e-05,-2.4689056483831275,-0.23373519,1.0,1.0,0.3,1.0,True,1.1727301829819856,399,400
5,19491,next chemotherapy infusion,201,113,88,8.688598776687199e-05,3.522107555928262e-05,2.466874914726246,0.22815429,1.0,1.0,0.3,1.0,True,1.1717655844949668,400,400
